date_id,full_date,year,month,month_name,day_of_month,day_of_week,iso_week,is_weekend
20150808,2015-08-08,2015,8,August,8,Saturday,32,1
20150809,2015-08-09,2015,8,August,9,Sunday,32,1
20150810,2015-08-10,2015,8,August,10,Monday,33,0
20150811,2015-08-11,2015,8,August,11,Tuesday,33,0
20150812,2015-08-12,2015,8,August,12,Wednesday,33,0
20150813,2015-08-13,2015,8,August,13,Thursday,33,0
20150814,2015-08-14,2015,8,August,14,Friday,33,0
20150815,2015-08-15,2015,8,August,15,Saturday,33,1
20150816,2015-08-16,2015,8,August,16,Sunday,33,1
20150817,2015-08-17,2015,8,August,17,Monday,34,0
20150818,2015-08-18,2015,8,August,18,Tuesday,34,0
20150819,2015-08-19,2015,8,August,19,Wednesday,34,0
20150820,2015-08-20,2015,8,August,20,Thursday,34,0
20150821,2015-08-21,2015,8,August,21,Friday,34,0
20150822,2015-08-22,2015,8,August,22,Saturday,34,1
20150823,2015-08-23,2015,8,August,23,Sunday,34,1
20150824,2015-08-24,2015,8,August,24,Monday,35,0
20150825,2015-08-25,2015,8,August,25,Tuesday,35,0
20150826,2015-08-26,2015,8,August,26,Wednesday,35,0
20150827,2015-08-27,2015,8,August,27,Thursday,35,0
20150828,2015-08-28,2015,8,August,28,Friday,35,0
20150829,2015-08-29,2015,8,August,29,Saturday,35,1
20150830,2015-08-30,2015,8,August,30,Sunday,35,1
20150831,2015-08-31,2015,8,August,31,Monday,36,0
20150901,2015-09-01,2015,9,September,1,Tuesday,36,0
20150902,2015-09-02,2015,9,September,2,Wednesday,36,0
20150903,2015-09-03,2015,9,September,3,Thursday,36,0
20150904,2015-09-04,2015,9,September,4,Friday,36,0
20150905,2015-09-05,2015,9,September,5,Saturday,36,1
20150906,2015-09-06,2015,9,September,6,Sunday,36,1
20150907,2015-09-07,2015,9,September,7,Monday,37,0
20150908,2015-09-08,2015,9,September,8,Tuesday,37,0
20150909,2015-09-09,2015,9,September,9,Wednesday,37,0
20150910,2015-09-10,2015,9,September,10,Thursday,37,0
20150911,2015-09-11,2015,9,September,11,Friday,37,0
20150912,2015-09-12,2015,9,September,12,Saturday,37,1
20150913,2015-09-13,2015,9,September,13,Sunday,37,1
20150914,2015-09-14,2015,9,September,14,Monday,38,0
20150915,2015-09-15,2015,9,September,15,Tuesday,38,0
20150916,2015-09-16,2015,9,September,16,Wednesday,38,0
20150917,2015-09-17,2015,9,September,17,Thursday,38,0
20150918,2015-09-18,2015,9,September,18,Friday,38,0
20150919,2015-09-19,2015,9,September,19,Saturday,38,1
20150920,2015-09-20,2015,9,September,20,Sunday,38,1
20150921,2015-09-21,2015,9,September,21,Monday,39,0
20150922,2015-09-22,2015,9,September,22,Tuesday,39,0
20150923,2015-09-23,2015,9,September,23,Wednesday,39,0
20150924,2015-09-24,2015,9,September,24,Thursday,39,0
20150925,2015-09-25,2015,9,September,25,Friday,39,0
20150926,2015-09-26,2015,9,September,26,Saturday,39,1
20150927,2015-09-27,2015,9,September,27,Sunday,39,1
20150928,2015-09-28,2015,9,September,28,Monday,40,0
20150929,2015-09-29,2015,9,September,29,Tuesday,40,0
20150930,2015-09-30,2015,9,September,30,Wednesday,40,0
20151001,2015-10-01,2015,10,October,1,Thursday,40,0
20151002,2015-10-02,2015,10,October,2,Friday,40,0
20151003,2015-10-03,2015,10,October,3,Saturday,40,1
20151004,2015-10-04,2015,10,October,4,Sunday,40,1
20151005,2015-10-05,2015,10,October,5,Monday,41,0
20151006,2015-10-06,2015,10,October,6,Tuesday,41,0
20151007,2015-10-07,2015,10,October,7,Wednesday,41,0
20151008,2015-10-08,2015,10,October,8,Thursday,41,0
20151009,2015-10-09,2015,10,October,9,Friday,41,0
20151010,2015-10-10,2015,10,October,10,Saturday,41,1
20151011,2015-10-11,2015,10,October,11,Sunday,41,1
20151012,2015-10-12,2015,10,October,12,Monday,42,0
20151013,2015-10-13,2015,10,October,13,Tuesday,42,0
20151014,2015-10-14,2015,10,October,14,Wednesday,42,0
20151015,2015-10-15,2015,10,October,15,Thursday,42,0
20151016,2015-10-16,2015,10,October,16,Friday,42,0
20151017,2015-10-17,2015,10,October,17,Saturday,42,1
20151018,2015-10-18,2015,10,October,18,Sunday,42,1
20151019,2015-10-19,2015,10,October,19,Monday,43,0
20151020,2015-10-20,2015,10,October,20,Tuesday,43,0
20151021,2015-10-21,2015,10,October,21,Wednesday,43,0
20151022,2015-10-22,2015,10,October,22,Thursday,43,0
20151023,2015-10-23,2015,10,October,23,Friday,43,0
20151024,2015-10-24,2015,10,October,24,Saturday,43,1
20151025,2015-10-25,2015,10,October,25,Sunday,43,1
20151026,2015-10-26,2015,10,October,26,Monday,44,0
20151027,2015-10-27,2015,10,October,27,Tuesday,44,0
20151028,2015-10-28,2015,10,October,28,Wednesday,44,0
20151029,2015-10-29,2015,10,October,29,Thursday,44,0
20151030,2015-10-30,2015,10,October,30,Friday,44,0
20151031,2015-10-31,2015,10,October,31,Saturday,44,1
20151101,2015-11-01,2015,11,November,1,Sunday,44,1
20151102,2015-11-02,2015,11,November,2,Monday,45,0
20151103,2015-11-03,2015,11,November,3,Tuesday,45,0
20151104,2015-11-04,2015,11,November,4,Wednesday,45,0
20151105,2015-11-05,2015,11,November,5,Thursday,45,0
20151106,2015-11-06,2015,11,November,6,Friday,45,0
20151107,2015-11-07,2015,11,November,7,Saturday,45,1
20151108,2015-11-08,2015,11,November,8,Sunday,45,1
20151109,2015-11-09,2015,11,November,9,Monday,46,0
20151110,2015-11-10,2015,11,November,10,Tuesday,46,0
20151111,2015-11-11,2015,11,November,11,Wednesday,46,0
20151112,2015-11-12,2015,11,November,12,Thursday,46,0
20151113,2015-11-13,2015,11,November,13,Friday,46,0
20151114,2015-11-14,2015,11,November,14,Saturday,46,1
20151115,2015-11-15,2015,11,November,15,Sunday,46,1
20151116,2015-11-16,2015,11,November,16,Monday,47,0
20151117,2015-11-17,2015,11,November,17,Tuesday,47,0
20151118,2015-11-18,2015,11,November,18,Wednesday,47,0
20151119,2015-11-19,2015,11,November,19,Thursday,47,0
20151120,2015-11-20,2015,11,November,20,Friday,47,0
20151121,2015-11-21,2015,11,November,21,Saturday,47,1
20151122,2015-11-22,2015,11,November,22,Sunday,47,1
20151123,2015-11-23,2015,11,November,23,Monday,48,0
20151124,2015-11-24,2015,11,November,24,Tuesday,48,0
20151125,2015-11-25,2015,11,November,25,Wednesday,48,0
20151126,2015-11-26,2015,11,November,26,Thursday,48,0
20151127,2015-11-27,2015,11,November,27,Friday,48,0
20151128,2015-11-28,2015,11,November,28,Saturday,48,1
20151129,2015-11-29,2015,11,November,29,Sunday,48,1
20151130,2015-11-30,2015,11,November,30,Monday,49,0
20151201,2015-12-01,2015,12,December,1,Tuesday,49,0
20151202,2015-12-02,2015,12,December,2,Wednesday,49,0
20151203,2015-12-03,2015,12,December,3,Thursday,49,0
20151204,2015-12-04,2015,12,December,4,Friday,49,0
20151205,2015-12-05,2015,12,December,5,Saturday,49,1
20151206,2015-12-06,2015,12,December,6,Sunday,49,1
20151207,2015-12-07,2015,12,December,7,Monday,50,0
20151208,2015-12-08,2015,12,December,8,Tuesday,50,0
20151209,2015-12-09,2015,12,December,9,Wednesday,50,0
20151210,2015-12-10,2015,12,December,10,Thursday,50,0
20151211,2015-12-11,2015,12,December,11,Friday,50,0
20151212,2015-12-12,2015,12,December,12,Saturday,50,1
20151213,2015-12-13,2015,12,December,13,Sunday,50,1
20151214,2015-12-14,2015,12,December,14,Monday,51,0
20151215,2015-12-15,2015,12,December,15,Tuesday,51,0
20151216,2015-12-16,2015,12,December,16,Wednesday,51,0
20151217,2015-12-17,2015,12,December,17,Thursday,51,0
20151218,2015-12-18,2015,12,December,18,Friday,51,0
20151219,2015-12-19,2015,12,December,19,Saturday,51,1
20151220,2015-12-20,2015,12,December,20,Sunday,51,1
20151221,2015-12-21,2015,12,December,21,Monday,52,0
20151222,2015-12-22,2015,12,December,22,Tuesday,52,0
20151223,2015-12-23,2015,12,December,23,Wednesday,52,0
20151224,2015-12-24,2015,12,December,24,Thursday,52,0
20151225,2015-12-25,2015,12,December,25,Friday,52,0
20151226,2015-12-26,2015,12,December,26,Saturday,52,1
20151227,2015-12-27,2015,12,December,27,Sunday,52,1
20151228,2015-12-28,2015,12,December,28,Monday,53,0
20151229,2015-12-29,2015,12,December,29,Tuesday,53,0
20151230,2015-12-30,2015,12,December,30,Wednesday,53,0
20151231,2015-12-31,2015,12,December,31,Thursday,53,0
20160101,2016-01-01,2016,1,January,1,Friday,53,0
20160102,2016-01-02,2016,1,January,2,Saturday,53,1
20160103,2016-01-03,2016,1,January,3,Sunday,53,1
20160104,2016-01-04,2016,1,January,4,Monday,1,0
20160105,2016-01-05,2016,1,January,5,Tuesday,1,0
20160106,2016-01-06,2016,1,January,6,Wednesday,1,0
20160107,2016-01-07,2016,1,January,7,Thursday,1,0
20160108,2016-01-08,2016,1,January,8,Friday,1,0
20160109,2016-01-09,2016,1,January,9,Saturday,1,1
20160110,2016-01-10,2016,1,January,10,Sunday,1,1
20160111,2016-01-11,2016,1,January,11,Monday,2,0
20160112,2016-01-12,2016,1,January,12,Tuesday,2,0
20160113,2016-01-13,2016,1,January,13,Wednesday,2,0
20160114,2016-01-14,2016,1,January,14,Thursday,2,0
20160115,2016-01-15,2016,1,January,15,Friday,2,0
20160116,2016-01-16,2016,1,January,16,Saturday,2,1
20160117,2016-01-17,2016,1,January,17,Sunday,2,1
20160118,2016-01-18,2016,1,January,18,Monday,3,0
20160119,2016-01-19,2016,1,January,19,Tuesday,3,0
20160120,2016-01-20,2016,1,January,20,Wednesday,3,0
20160121,2016-01-21,2016,1,January,21,Thursday,3,0
20160122,2016-01-22,2016,1,January,22,Friday,3,0
20160123,2016-01-23,2016,1,January,23,Saturday,3,1
20160124,2016-01-24,2016,1,January,24,Sunday,3,1
20160125,2016-01-25,2016,1,January,25,Monday,4,0
20160126,2016-01-26,2016,1,January,26,Tuesday,4,0
20160127,2016-01-27,2016,1,January,27,Wednesday,4,0
20160128,2016-01-28,2016,1,January,28,Thursday,4,0
20160129,2016-01-29,2016,1,January,29,Friday,4,0
20160130,2016-01-30,2016,1,January,30,Saturday,4,1
20160131,2016-01-31,2016,1,January,31,Sunday,4,1
20160201,2016-02-01,2016,2,February,1,Monday,5,0
20160202,2016-02-02,2016,2,February,2,Tuesday,5,0
20160203,2016-02-03,2016,2,February,3,Wednesday,5,0
20160204,2016-02-04,2016,2,February,4,Thursday,5,0
20160205,2016-02-05,2016,2,February,5,Friday,5,0
20160206,2016-02-06,2016,2,February,6,Saturday,5,1
20160207,2016-02-07,2016,2,February,7,Sunday,5,1
20160208,2016-02-08,2016,2,February,8,Monday,6,0
20160209,2016-02-09,2016,2,February,9,Tuesday,6,0
20160210,2016-02-10,2016,2,February,10,Wednesday,6,0
20160211,2016-02-11,2016,2,February,11,Thursday,6,0
20160212,2016-02-12,2016,2,February,12,Friday,6,0
20160213,2016-02-13,2016,2,February,13,Saturday,6,1
20160214,2016-02-14,2016,2,February,14,Sunday,6,1
20160215,2016-02-15,2016,2,February,15,Monday,7,0
20160216,2016-02-16,2016,2,February,16,Tuesday,7,0
20160217,2016-02-17,2016,2,February,17,Wednesday,7,0
20160218,2016-02-18,2016,2,February,18,Thursday,7,0
20160219,2016-02-19,2016,2,February,19,Friday,7,0
20160220,2016-02-20,2016,2,February,20,Saturday,7,1
20160221,2016-02-21,2016,2,February,21,Sunday,7,1
20160222,2016-02-22,2016,2,February,22,Monday,8,0
20160223,2016-02-23,2016,2,February,23,Tuesday,8,0
20160224,2016-02-24,2016,2,February,24,Wednesday,8,0
20160225,2016-02-25,2016,2,February,25,Thursday,8,0
20160226,2016-02-26,2016,2,February,26,Friday,8,0
20160227,2016-02-27,2016,2,February,27,Saturday,8,1
20160228,2016-02-28,2016,2,February,28,Sunday,8,1
20160229,2016-02-29,2016,2,February,29,Monday,9,0
20160301,2016-03-01,2016,3,March,1,Tuesday,9,0
20160302,2016-03-02,2016,3,March,2,Wednesday,9,0
20160303,2016-03-03,2016,3,March,3,Thursday,9,0
20160304,2016-03-04,2016,3,March,4,Friday,9,0
20160305,2016-03-05,2016,3,March,5,Saturday,9,1
20160306,2016-03-06,2016,3,March,6,Sunday,9,1
20160307,2016-03-07,2016,3,March,7,Monday,10,0
20160308,2016-03-08,2016,3,March,8,Tuesday,10,0
20160309,2016-03-09,2016,3,March,9,Wednesday,10,0
20160310,2016-03-10,2016,3,March,10,Thursday,10,0
20160311,2016-03-11,2016,3,March,11,Friday,10,0
20160312,2016-03-12,2016,3,March,12,Saturday,10,1
20160313,2016-03-13,2016,3,March,13,Sunday,10,1
20160314,2016-03-14,2016,3,March,14,Monday,11,0
20160315,2016-03-15,2016,3,March,15,Tuesday,11,0
20160316,2016-03-16,2016,3,March,16,Wednesday,11,0
20160317,2016-03-17,2016,3,March,17,Thursday,11,0
20160318,2016-03-18,2016,3,March,18,Friday,11,0
20160319,2016-03-19,2016,3,March,19,Saturday,11,1
20160320,2016-03-20,2016,3,March,20,Sunday,11,1
20160321,2016-03-21,2016,3,March,21,Monday,12,0
20160322,2016-03-22,2016,3,March,22,Tuesday,12,0
20160323,2016-03-23,2016,3,March,23,Wednesday,12,0
20160324,2016-03-24,2016,3,March,24,Thursday,12,0
20160325,2016-03-25,2016,3,March,25,Friday,12,0
20160326,2016-03-26,2016,3,March,26,Saturday,12,1
20160327,2016-03-27,2016,3,March,27,Sunday,12,1
20160328,2016-03-28,2016,3,March,28,Monday,13,0
20160329,2016-03-29,2016,3,March,29,Tuesday,13,0
20160330,2016-03-30,2016,3,March,30,Wednesday,13,0
20160331,2016-03-31,2016,3,March,31,Thursday,13,0
20160401,2016-04-01,2016,4,April,1,Friday,13,0
20160402,2016-04-02,2016,4,April,2,Saturday,13,1
20160403,2016-04-03,2016,4,April,3,Sunday,13,1
20160404,2016-04-04,2016,4,April,4,Monday,14,0
20160405,2016-04-05,2016,4,April,5,Tuesday,14,0
20160406,2016-04-06,2016,4,April,6,Wednesday,14,0
20160407,2016-04-07,2016,4,April,7,Thursday,14,0
20160408,2016-04-08,2016,4,April,8,Friday,14,0
20160409,2016-04-09,2016,4,April,9,Saturday,14,1
20160410,2016-04-10,2016,4,April,10,Sunday,14,1
20160411,2016-04-11,2016,4,April,11,Monday,15,0
20160412,2016-04-12,2016,4,April,12,Tuesday,15,0
20160413,2016-04-13,2016,4,April,13,Wednesday,15,0
20160414,2016-04-14,2016,4,April,14,Thursday,15,0
20160415,2016-04-15,2016,4,April,15,Friday,15,0
20160416,2016-04-16,2016,4,April,16,Saturday,15,1
20160417,2016-04-17,2016,4,April,17,Sunday,15,1
20160418,2016-04-18,2016,4,April,18,Monday,16,0
20160419,2016-04-19,2016,4,April,19,Tuesday,16,0
20160420,2016-04-20,2016,4,April,20,Wednesday,16,0
20160421,2016-04-21,2016,4,April,21,Thursday,16,0
20160422,2016-04-22,2016,4,April,22,Friday,16,0
20160423,2016-04-23,2016,4,April,23,Saturday,16,1
20160424,2016-04-24,2016,4,April,24,Sunday,16,1
20160425,2016-04-25,2016,4,April,25,Monday,17,0
20160426,2016-04-26,2016,4,April,26,Tuesday,17,0
20160427,2016-04-27,2016,4,April,27,Wednesday,17,0
20160428,2016-04-28,2016,4,April,28,Thursday,17,0
20160429,2016-04-29,2016,4,April,29,Friday,17,0
20160430,2016-04-30,2016,4,April,30,Saturday,17,1
20160501,2016-05-01,2016,5,May,1,Sunday,17,1
20160502,2016-05-02,2016,5,May,2,Monday,18,0
20160503,2016-05-03,2016,5,May,3,Tuesday,18,0
20160504,2016-05-04,2016,5,May,4,Wednesday,18,0
20160505,2016-05-05,2016,5,May,5,Thursday,18,0
20160506,2016-05-06,2016,5,May,6,Friday,18,0
20160507,2016-05-07,2016,5,May,7,Saturday,18,1
20160508,2016-05-08,2016,5,May,8,Sunday,18,1
20160509,2016-05-09,2016,5,May,9,Monday,19,0
20160510,2016-05-10,2016,5,May,10,Tuesday,19,0
20160511,2016-05-11,2016,5,May,11,Wednesday,19,0
20160512,2016-05-12,2016,5,May,12,Thursday,19,0
20160513,2016-05-13,2016,5,May,13,Friday,19,0
20160514,2016-05-14,2016,5,May,14,Saturday,19,1
20160515,2016-05-15,2016,5,May,15,Sunday,19,1
20160516,2016-05-16,2016,5,May,16,Monday,20,0
20160517,2016-05-17,2016,5,May,17,Tuesday,20,0
20160518,2016-05-18,2016,5,May,18,Wednesday,20,0
20160519,2016-05-19,2016,5,May,19,Thursday,20,0
20160520,2016-05-20,2016,5,May,20,Friday,20,0
20160521,2016-05-21,2016,5,May,21,Saturday,20,1
20160522,2016-05-22,2016,5,May,22,Sunday,20,1
20160523,2016-05-23,2016,5,May,23,Monday,21,0
20160524,2016-05-24,2016,5,May,24,Tuesday,21,0
20160525,2016-05-25,2016,5,May,25,Wednesday,21,0
20160526,2016-05-26,2016,5,May,26,Thursday,21,0
20160527,2016-05-27,2016,5,May,27,Friday,21,0
20160528,2016-05-28,2016,5,May,28,Saturday,21,1
20160529,2016-05-29,2016,5,May,29,Sunday,21,1
20160530,2016-05-30,2016,5,May,30,Monday,22,0
20160531,2016-05-31,2016,5,May,31,Tuesday,22,0
20160601,2016-06-01,2016,6,June,1,Wednesday,22,0
20160602,2016-06-02,2016,6,June,2,Thursday,22,0
20160603,2016-06-03,2016,6,June,3,Friday,22,0
20160604,2016-06-04,2016,6,June,4,Saturday,22,1
20160605,2016-06-05,2016,6,June,5,Sunday,22,1
20160606,2016-06-06,2016,6,June,6,Monday,23,0
20160607,2016-06-07,2016,6,June,7,Tuesday,23,0
20160608,2016-06-08,2016,6,June,8,Wednesday,23,0
20160609,2016-06-09,2016,6,June,9,Thursday,23,0
20160610,2016-06-10,2016,6,June,10,Friday,23,0
20160611,2016-06-11,2016,6,June,11,Saturday,23,1
20160612,2016-06-12,2016,6,June,12,Sunday,23,1
20160613,2016-06-13,2016,6,June,13,Monday,24,0
20160614,2016-06-14,2016,6,June,14,Tuesday,24,0
20160615,2016-06-15,2016,6,June,15,Wednesday,24,0
20160616,2016-06-16,2016,6,June,16,Thursday,24,0
20160617,2016-06-17,2016,6,June,17,Friday,24,0
20160618,2016-06-18,2016,6,June,18,Saturday,24,1
20160619,2016-06-19,2016,6,June,19,Sunday,24,1
20160620,2016-06-20,2016,6,June,20,Monday,25,0
20160621,2016-06-21,2016,6,June,21,Tuesday,25,0
20160622,2016-06-22,2016,6,June,22,Wednesday,25,0
20160623,2016-06-23,2016,6,June,23,Thursday,25,0
20160624,2016-06-24,2016,6,June,24,Friday,25,0
20160625,2016-06-25,2016,6,June,25,Saturday,25,1
20160626,2016-06-26,2016,6,June,26,Sunday,25,1
20160627,2016-06-27,2016,6,June,27,Monday,26,0
20160628,2016-06-28,2016,6,June,28,Tuesday,26,0
20160629,2016-06-29,2016,6,June,29,Wednesday,26,0
20160630,2016-06-30,2016,6,June,30,Thursday,26,0
20160701,2016-07-01,2016,7,July,1,Friday,26,0
20160702,2016-07-02,2016,7,July,2,Saturday,26,1
20160703,2016-07-03,2016,7,July,3,Sunday,26,1
20160704,2016-07-04,2016,7,July,4,Monday,27,0
20160705,2016-07-05,2016,7,July,5,Tuesday,27,0
20160706,2016-07-06,2016,7,July,6,Wednesday,27,0
20160707,2016-07-07,2016,7,July,7,Thursday,27,0
20160708,2016-07-08,2016,7,July,8,Friday,27,0
20160709,2016-07-09,2016,7,July,9,Saturday,27,1
20160710,2016-07-10,2016,7,July,10,Sunday,27,1
20160711,2016-07-11,2016,7,July,11,Monday,28,0
20160712,2016-07-12,2016,7,July,12,Tuesday,28,0
20160713,2016-07-13,2016,7,July,13,Wednesday,28,0
20160714,2016-07-14,2016,7,July,14,Thursday,28,0
20160715,2016-07-15,2016,7,July,15,Friday,28,0
20160716,2016-07-16,2016,7,July,16,Saturday,28,1
20160717,2016-07-17,2016,7,July,17,Sunday,28,1
20160718,2016-07-18,2016,7,July,18,Monday,29,0
20160719,2016-07-19,2016,7,July,19,Tuesday,29,0
20160720,2016-07-20,2016,7,July,20,Wednesday,29,0
20160721,2016-07-21,2016,7,July,21,Thursday,29,0
20160722,2016-07-22,2016,7,July,22,Friday,29,0
20160723,2016-07-23,2016,7,July,23,Saturday,29,1
20160724,2016-07-24,2016,7,July,24,Sunday,29,1
20160725,2016-07-25,2016,7,July,25,Monday,30,0
20160726,2016-07-26,2016,7,July,26,Tuesday,30,0
20160727,2016-07-27,2016,7,July,27,Wednesday,30,0
20160728,2016-07-28,2016,7,July,28,Thursday,30,0
20160729,2016-07-29,2016,7,July,29,Friday,30,0
20160730,2016-07-30,2016,7,July,30,Saturday,30,1
20160731,2016-07-31,2016,7,July,31,Sunday,30,1
20160801,2016-08-01,2016,8,August,1,Monday,31,0
20160802,2016-08-02,2016,8,August,2,Tuesday,31,0
20160803,2016-08-03,2016,8,August,3,Wednesday,31,0
20160804,2016-08-04,2016,8,August,4,Thursday,31,0
20160805,2016-08-05,2016,8,August,5,Friday,31,0
20160806,2016-08-06,2016,8,August,6,Saturday,31,1
20160807,2016-08-07,2016,8,August,7,Sunday,31,1
20160808,2016-08-08,2016,8,August,8,Monday,32,0
20160809,2016-08-09,2016,8,August,9,Tuesday,32,0
20160810,2016-08-10,2016,8,August,10,Wednesday,32,0
20160811,2016-08-11,2016,8,August,11,Thursday,32,0
20160812,2016-08-12,2016,8,August,12,Friday,32,0
20160813,2016-08-13,2016,8,August,13,Saturday,32,1
20160814,2016-08-14,2016,8,August,14,Sunday,32,1
20160815,2016-08-15,2016,8,August,15,Monday,33,0
20160816,2016-08-16,2016,8,August,16,Tuesday,33,0
20160817,2016-08-17,2016,8,August,17,Wednesday,33,0
20160818,2016-08-18,2016,8,August,18,Thursday,33,0
20160819,2016-08-19,2016,8,August,19,Friday,33,0
20160820,2016-08-20,2016,8,August,20,Saturday,33,1
20160821,2016-08-21,2016,8,August,21,Sunday,33,1
20160822,2016-08-22,2016,8,August,22,Monday,34,0
20160823,2016-08-23,2016,8,August,23,Tuesday,34,0
20160824,2016-08-24,2016,8,August,24,Wednesday,34,0
20160825,2016-08-25,2016,8,August,25,Thursday,34,0
20160826,2016-08-26,2016,8,August,26,Friday,34,0
20160827,2016-08-27,2016,8,August,27,Saturday,34,1
20160828,2016-08-28,2016,8,August,28,Sunday,34,1
20160829,2016-08-29,2016,8,August,29,Monday,35,0
20160830,2016-08-30,2016,8,August,30,Tuesday,35,0
20160831,2016-08-31,2016,8,August,31,Wednesday,35,0
20160901,2016-09-01,2016,9,September,1,Thursday,35,0
20160902,2016-09-02,2016,9,September,2,Friday,35,0
20160903,2016-09-03,2016,9,September,3,Saturday,35,1
20160904,2016-09-04,2016,9,September,4,Sunday,35,1
20160905,2016-09-05,2016,9,September,5,Monday,36,0
20160906,2016-09-06,2016,9,September,6,Tuesday,36,0
20160907,2016-09-07,2016,9,September,7,Wednesday,36,0
20160908,2016-09-08,2016,9,September,8,Thursday,36,0
20160909,2016-09-09,2016,9,September,9,Friday,36,0
20160910,2016-09-10,2016,9,September,10,Saturday,36,1
20160911,2016-09-11,2016,9,September,11,Sunday,36,1
20160912,2016-09-12,2016,9,September,12,Monday,37,0
20160913,2016-09-13,2016,9,September,13,Tuesday,37,0
20160914,2016-09-14,2016,9,September,14,Wednesday,37,0
20160915,2016-09-15,2016,9,September,15,Thursday,37,0
20160916,2016-09-16,2016,9,September,16,Friday,37,0
20160917,2016-09-17,2016,9,September,17,Saturday,37,1
20160918,2016-09-18,2016,9,September,18,Sunday,37,1
20160919,2016-09-19,2016,9,September,19,Monday,38,0
20160920,2016-09-20,2016,9,September,20,Tuesday,38,0
20160921,2016-09-21,2016,9,September,21,Wednesday,38,0
20160922,2016-09-22,2016,9,September,22,Thursday,38,0
20160923,2016-09-23,2016,9,September,23,Friday,38,0
20160924,2016-09-24,2016,9,September,24,Saturday,38,1
20160925,2016-09-25,2016,9,September,25,Sunday,38,1
20160926,2016-09-26,2016,9,September,26,Monday,39,0
20160927,2016-09-27,2016,9,September,27,Tuesday,39,0
20160928,2016-09-28,2016,9,September,28,Wednesday,39,0
20160929,2016-09-29,2016,9,September,29,Thursday,39,0
20160930,2016-09-30,2016,9,September,30,Friday,39,0
20161001,2016-10-01,2016,10,October,1,Saturday,39,1
20161002,2016-10-02,2016,10,October,2,Sunday,39,1
20161003,2016-10-03,2016,10,October,3,Monday,40,0
20161004,2016-10-04,2016,10,October,4,Tuesday,40,0
20161005,2016-10-05,2016,10,October,5,Wednesday,40,0
20161006,2016-10-06,2016,10,October,6,Thursday,40,0
20161007,2016-10-07,2016,10,October,7,Friday,40,0
20161008,2016-10-08,2016,10,October,8,Saturday,40,1
20161009,2016-10-09,2016,10,October,9,Sunday,40,1
20161010,2016-10-10,2016,10,October,10,Monday,41,0
20161011,2016-10-11,2016,10,October,11,Tuesday,41,0
20161012,2016-10-12,2016,10,October,12,Wednesday,41,0
20161013,2016-10-13,2016,10,October,13,Thursday,41,0
20161014,2016-10-14,2016,10,October,14,Friday,41,0
20161015,2016-10-15,2016,10,October,15,Saturday,41,1
20161016,2016-10-16,2016,10,October,16,Sunday,41,1
20161017,2016-10-17,2016,10,October,17,Monday,42,0
20161018,2016-10-18,2016,10,October,18,Tuesday,42,0
20161019,2016-10-19,2016,10,October,19,Wednesday,42,0
20161020,2016-10-20,2016,10,October,20,Thursday,42,0
20161021,2016-10-21,2016,10,October,21,Friday,42,0
20161022,2016-10-22,2016,10,October,22,Saturday,42,1
20161023,2016-10-23,2016,10,October,23,Sunday,42,1
20161024,2016-10-24,2016,10,October,24,Monday,43,0
20161025,2016-10-25,2016,10,October,25,Tuesday,43,0
20161026,2016-10-26,2016,10,October,26,Wednesday,43,0
20161027,2016-10-27,2016,10,October,27,Thursday,43,0
20161028,2016-10-28,2016,10,October,28,Friday,43,0
20161029,2016-10-29,2016,10,October,29,Saturday,43,1
20161030,2016-10-30,2016,10,October,30,Sunday,43,1
20161031,2016-10-31,2016,10,October,31,Monday,44,0
20161101,2016-11-01,2016,11,November,1,Tuesday,44,0
20161102,2016-11-02,2016,11,November,2,Wednesday,44,0
20161103,2016-11-03,2016,11,November,3,Thursday,44,0
20161104,2016-11-04,2016,11,November,4,Friday,44,0
20161105,2016-11-05,2016,11,November,5,Saturday,44,1
20161106,2016-11-06,2016,11,November,6,Sunday,44,1
20161107,2016-11-07,2016,11,November,7,Monday,45,0
20161108,2016-11-08,2016,11,November,8,Tuesday,45,0
20161109,2016-11-09,2016,11,November,9,Wednesday,45,0
20161110,2016-11-10,2016,11,November,10,Thursday,45,0
20161111,2016-11-11,2016,11,November,11,Friday,45,0
20161112,2016-11-12,2016,11,November,12,Saturday,45,1
20161113,2016-11-13,2016,11,November,13,Sunday,45,1
20161114,2016-11-14,2016,11,November,14,Monday,46,0
20161115,2016-11-15,2016,11,November,15,Tuesday,46,0
20161116,2016-11-16,2016,11,November,16,Wednesday,46,0
20161117,2016-11-17,2016,11,November,17,Thursday,46,0
20161118,2016-11-18,2016,11,November,18,Friday,46,0
20161119,2016-11-19,2016,11,November,19,Saturday,46,1
20161120,2016-11-20,2016,11,November,20,Sunday,46,1
20161121,2016-11-21,2016,11,November,21,Monday,47,0
20161122,2016-11-22,2016,11,November,22,Tuesday,47,0
20161123,2016-11-23,2016,11,November,23,Wednesday,47,0
20161124,2016-11-24,2016,11,November,24,Thursday,47,0
20161125,2016-11-25,2016,11,November,25,Friday,47,0
20161126,2016-11-26,2016,11,November,26,Saturday,47,1
20161127,2016-11-27,2016,11,November,27,Sunday,47,1
20161128,2016-11-28,2016,11,November,28,Monday,48,0
20161129,2016-11-29,2016,11,November,29,Tuesday,48,0
20161130,2016-11-30,2016,11,November,30,Wednesday,48,0
20161201,2016-12-01,2016,12,December,1,Thursday,48,0
20161202,2016-12-02,2016,12,December,2,Friday,48,0
20161203,2016-12-03,2016,12,December,3,Saturday,48,1
20161204,2016-12-04,2016,12,December,4,Sunday,48,1
20161205,2016-12-05,2016,12,December,5,Monday,49,0
20161206,2016-12-06,2016,12,December,6,Tuesday,49,0
20161207,2016-12-07,2016,12,December,7,Wednesday,49,0
20161208,2016-12-08,2016,12,December,8,Thursday,49,0
20161209,2016-12-09,2016,12,December,9,Friday,49,0
20161210,2016-12-10,2016,12,December,10,Saturday,49,1
20161211,2016-12-11,2016,12,December,11,Sunday,49,1
20161212,2016-12-12,2016,12,December,12,Monday,50,0
20161213,2016-12-13,2016,12,December,13,Tuesday,50,0
20161214,2016-12-14,2016,12,December,14,Wednesday,50,0
20161215,2016-12-15,2016,12,December,15,Thursday,50,0
20161216,2016-12-16,2016,12,December,16,Friday,50,0
20161217,2016-12-17,2016,12,December,17,Saturday,50,1
20161218,2016-12-18,2016,12,December,18,Sunday,50,1
20161219,2016-12-19,2016,12,December,19,Monday,51,0
20161220,2016-12-20,2016,12,December,20,Tuesday,51,0
20161221,2016-12-21,2016,12,December,21,Wednesday,51,0
20161222,2016-12-22,2016,12,December,22,Thursday,51,0
20161223,2016-12-23,2016,12,December,23,Friday,51,0
20161224,2016-12-24,2016,12,December,24,Saturday,51,1
20161225,2016-12-25,2016,12,December,25,Sunday,51,1
20161226,2016-12-26,2016,12,December,26,Monday,52,0
20161227,2016-12-27,2016,12,December,27,Tuesday,52,0
20161228,2016-12-28,2016,12,December,28,Wednesday,52,0
20161229,2016-12-29,2016,12,December,29,Thursday,52,0
20161230,2016-12-30,2016,12,December,30,Friday,52,0
20161231,2016-12-31,2016,12,December,31,Saturday,52,1
20170101,2017-01-01,2017,1,January,1,Sunday,52,1
20170102,2017-01-02,2017,1,January,2,Monday,1,0
20170103,2017-01-03,2017,1,January,3,Tuesday,1,0
20170104,2017-01-04,2017,1,January,4,Wednesday,1,0
20170105,2017-01-05,2017,1,January,5,Thursday,1,0
20170106,2017-01-06,2017,1,January,6,Friday,1,0
20170107,2017-01-07,2017,1,January,7,Saturday,1,1
20170108,2017-01-08,2017,1,January,8,Sunday,1,1
20170109,2017-01-09,2017,1,January,9,Monday,2,0
20170110,2017-01-10,2017,1,January,10,Tuesday,2,0
20170111,2017-01-11,2017,1,January,11,Wednesday,2,0
20170112,2017-01-12,2017,1,January,12,Thursday,2,0
20170113,2017-01-13,2017,1,January,13,Friday,2,0
20170114,2017-01-14,2017,1,January,14,Saturday,2,1
20170115,2017-01-15,2017,1,January,15,Sunday,2,1
20170116,2017-01-16,2017,1,January,16,Monday,3,0
20170117,2017-01-17,2017,1,January,17,Tuesday,3,0
20170118,2017-01-18,2017,1,January,18,Wednesday,3,0
20170119,2017-01-19,2017,1,January,19,Thursday,3,0
20170120,2017-01-20,2017,1,January,20,Friday,3,0
20170121,2017-01-21,2017,1,January,21,Saturday,3,1
20170122,2017-01-22,2017,1,January,22,Sunday,3,1
20170123,2017-01-23,2017,1,January,23,Monday,4,0
20170124,2017-01-24,2017,1,January,24,Tuesday,4,0
20170125,2017-01-25,2017,1,January,25,Wednesday,4,0
20170126,2017-01-26,2017,1,January,26,Thursday,4,0
20170127,2017-01-27,2017,1,January,27,Friday,4,0
20170128,2017-01-28,2017,1,January,28,Saturday,4,1
20170129,2017-01-29,2017,1,January,29,Sunday,4,1
20170130,2017-01-30,2017,1,January,30,Monday,5,0
20170131,2017-01-31,2017,1,January,31,Tuesday,5,0
20170201,2017-02-01,2017,2,February,1,Wednesday,5,0
20170202,2017-02-02,2017,2,February,2,Thursday,5,0
20170203,2017-02-03,2017,2,February,3,Friday,5,0
20170204,2017-02-04,2017,2,February,4,Saturday,5,1
20170205,2017-02-05,2017,2,February,5,Sunday,5,1
20170206,2017-02-06,2017,2,February,6,Monday,6,0
20170207,2017-02-07,2017,2,February,7,Tuesday,6,0
20170208,2017-02-08,2017,2,February,8,Wednesday,6,0
20170209,2017-02-09,2017,2,February,9,Thursday,6,0
20170210,2017-02-10,2017,2,February,10,Friday,6,0
20170211,2017-02-11,2017,2,February,11,Saturday,6,1
20170212,2017-02-12,2017,2,February,12,Sunday,6,1
20170213,2017-02-13,2017,2,February,13,Monday,7,0
20170214,2017-02-14,2017,2,February,14,Tuesday,7,0
20170215,2017-02-15,2017,2,February,15,Wednesday,7,0
20170216,2017-02-16,2017,2,February,16,Thursday,7,0
20170217,2017-02-17,2017,2,February,17,Friday,7,0
20170218,2017-02-18,2017,2,February,18,Saturday,7,1
20170219,2017-02-19,2017,2,February,19,Sunday,7,1
20170220,2017-02-20,2017,2,February,20,Monday,8,0
20170221,2017-02-21,2017,2,February,21,Tuesday,8,0
20170222,2017-02-22,2017,2,February,22,Wednesday,8,0
20170223,2017-02-23,2017,2,February,23,Thursday,8,0
20170224,2017-02-24,2017,2,February,24,Friday,8,0
20170225,2017-02-25,2017,2,February,25,Saturday,8,1
20170226,2017-02-26,2017,2,February,26,Sunday,8,1
20170227,2017-02-27,2017,2,February,27,Monday,9,0
20170228,2017-02-28,2017,2,February,28,Tuesday,9,0
20170301,2017-03-01,2017,3,March,1,Wednesday,9,0
20170302,2017-03-02,2017,3,March,2,Thursday,9,0
20170303,2017-03-03,2017,3,March,3,Friday,9,0
20170304,2017-03-04,2017,3,March,4,Saturday,9,1
20170305,2017-03-05,2017,3,March,5,Sunday,9,1
20170306,2017-03-06,2017,3,March,6,Monday,10,0
20170307,2017-03-07,2017,3,March,7,Tuesday,10,0
20170308,2017-03-08,2017,3,March,8,Wednesday,10,0
20170309,2017-03-09,2017,3,March,9,Thursday,10,0
20170310,2017-03-10,2017,3,March,10,Friday,10,0
20170311,2017-03-11,2017,3,March,11,Saturday,10,1
20170312,2017-03-12,2017,3,March,12,Sunday,10,1
20170313,2017-03-13,2017,3,March,13,Monday,11,0
20170314,2017-03-14,2017,3,March,14,Tuesday,11,0
20170315,2017-03-15,2017,3,March,15,Wednesday,11,0
20170316,2017-03-16,2017,3,March,16,Thursday,11,0
20170317,2017-03-17,2017,3,March,17,Friday,11,0
20170318,2017-03-18,2017,3,March,18,Saturday,11,1
20170319,2017-03-19,2017,3,March,19,Sunday,11,1
20170320,2017-03-20,2017,3,March,20,Monday,12,0
20170321,2017-03-21,2017,3,March,21,Tuesday,12,0
20170322,2017-03-22,2017,3,March,22,Wednesday,12,0
20170323,2017-03-23,2017,3,March,23,Thursday,12,0
20170324,2017-03-24,2017,3,March,24,Friday,12,0
20170325,2017-03-25,2017,3,March,25,Saturday,12,1
20170326,2017-03-26,2017,3,March,26,Sunday,12,1
20170327,2017-03-27,2017,3,March,27,Monday,13,0
20170328,2017-03-28,2017,3,March,28,Tuesday,13,0
20170329,2017-03-29,2017,3,March,29,Wednesday,13,0
20170330,2017-03-30,2017,3,March,30,Thursday,13,0
20170331,2017-03-31,2017,3,March,31,Friday,13,0
20170401,2017-04-01,2017,4,April,1,Saturday,13,1
20170402,2017-04-02,2017,4,April,2,Sunday,13,1
20170403,2017-04-03,2017,4,April,3,Monday,14,0
20170404,2017-04-04,2017,4,April,4,Tuesday,14,0
20170405,2017-04-05,2017,4,April,5,Wednesday,14,0
20170406,2017-04-06,2017,4,April,6,Thursday,14,0
20170407,2017-04-07,2017,4,April,7,Friday,14,0
20170408,2017-04-08,2017,4,April,8,Saturday,14,1
20170409,2017-04-09,2017,4,April,9,Sunday,14,1
20170410,2017-04-10,2017,4,April,10,Monday,15,0
20170411,2017-04-11,2017,4,April,11,Tuesday,15,0
20170412,2017-04-12,2017,4,April,12,Wednesday,15,0
20170413,2017-04-13,2017,4,April,13,Thursday,15,0
20170414,2017-04-14,2017,4,April,14,Friday,15,0
20170415,2017-04-15,2017,4,April,15,Saturday,15,1
20170416,2017-04-16,2017,4,April,16,Sunday,15,1
20170417,2017-04-17,2017,4,April,17,Monday,16,0
20170418,2017-04-18,2017,4,April,18,Tuesday,16,0
20170419,2017-04-19,2017,4,April,19,Wednesday,16,0
20170420,2017-04-20,2017,4,April,20,Thursday,16,0
20170421,2017-04-21,2017,4,April,21,Friday,16,0
20170422,2017-04-22,2017,4,April,22,Saturday,16,1
20170423,2017-04-23,2017,4,April,23,Sunday,16,1
20170424,2017-04-24,2017,4,April,24,Monday,17,0
20170425,2017-04-25,2017,4,April,25,Tuesday,17,0
20170426,2017-04-26,2017,4,April,26,Wednesday,17,0
20170427,2017-04-27,2017,4,April,27,Thursday,17,0
20170428,2017-04-28,2017,4,April,28,Friday,17,0
20170429,2017-04-29,2017,4,April,29,Saturday,17,1
20170430,2017-04-30,2017,4,April,30,Sunday,17,1
20170501,2017-05-01,2017,5,May,1,Monday,18,0
20170502,2017-05-02,2017,5,May,2,Tuesday,18,0
20170503,2017-05-03,2017,5,May,3,Wednesday,18,0
20170504,2017-05-04,2017,5,May,4,Thursday,18,0
20170505,2017-05-05,2017,5,May,5,Friday,18,0
20170506,2017-05-06,2017,5,May,6,Saturday,18,1
20170507,2017-05-07,2017,5,May,7,Sunday,18,1
20170508,2017-05-08,2017,5,May,8,Monday,19,0
20170509,2017-05-09,2017,5,May,9,Tuesday,19,0
20170510,2017-05-10,2017,5,May,10,Wednesday,19,0
20170511,2017-05-11,2017,5,May,11,Thursday,19,0
20170512,2017-05-12,2017,5,May,12,Friday,19,0
20170513,2017-05-13,2017,5,May,13,Saturday,19,1
20170514,2017-05-14,2017,5,May,14,Sunday,19,1
20170515,2017-05-15,2017,5,May,15,Monday,20,0
20170516,2017-05-16,2017,5,May,16,Tuesday,20,0
20170517,2017-05-17,2017,5,May,17,Wednesday,20,0
20170518,2017-05-18,2017,5,May,18,Thursday,20,0
20170519,2017-05-19,2017,5,May,19,Friday,20,0
20170520,2017-05-20,2017,5,May,20,Saturday,20,1
20170521,2017-05-21,2017,5,May,21,Sunday,20,1
20170522,2017-05-22,2017,5,May,22,Monday,21,0
20170523,2017-05-23,2017,5,May,23,Tuesday,21,0
20170524,2017-05-24,2017,5,May,24,Wednesday,21,0
20170525,2017-05-25,2017,5,May,25,Thursday,21,0
20170526,2017-05-26,2017,5,May,26,Friday,21,0
20170527,2017-05-27,2017,5,May,27,Saturday,21,1
20170528,2017-05-28,2017,5,May,28,Sunday,21,1
20170529,2017-05-29,2017,5,May,29,Monday,22,0
20170530,2017-05-30,2017,5,May,30,Tuesday,22,0
20170531,2017-05-31,2017,5,May,31,Wednesday,22,0
20170601,2017-06-01,2017,6,June,1,Thursday,22,0
20170602,2017-06-02,2017,6,June,2,Friday,22,0
20170603,2017-06-03,2017,6,June,3,Saturday,22,1
20170604,2017-06-04,2017,6,June,4,Sunday,22,1
20170605,2017-06-05,2017,6,June,5,Monday,23,0
20170606,2017-06-06,2017,6,June,6,Tuesday,23,0
20170607,2017-06-07,2017,6,June,7,Wednesday,23,0
20170608,2017-06-08,2017,6,June,8,Thursday,23,0
20170609,2017-06-09,2017,6,June,9,Friday,23,0
20170610,2017-06-10,2017,6,June,10,Saturday,23,1
20170611,2017-06-11,2017,6,June,11,Sunday,23,1
20170612,2017-06-12,2017,6,June,12,Monday,24,0
20170613,2017-06-13,2017,6,June,13,Tuesday,24,0
20170614,2017-06-14,2017,6,June,14,Wednesday,24,0
20170615,2017-06-15,2017,6,June,15,Thursday,24,0
20170616,2017-06-16,2017,6,June,16,Friday,24,0
20170617,2017-06-17,2017,6,June,17,Saturday,24,1
20170618,2017-06-18,2017,6,June,18,Sunday,24,1
20170619,2017-06-19,2017,6,June,19,Monday,25,0
20170620,2017-06-20,2017,6,June,20,Tuesday,25,0
20170621,2017-06-21,2017,6,June,21,Wednesday,25,0
20170622,2017-06-22,2017,6,June,22,Thursday,25,0
20170623,2017-06-23,2017,6,June,23,Friday,25,0
20170624,2017-06-24,2017,6,June,24,Saturday,25,1
20170625,2017-06-25,2017,6,June,25,Sunday,25,1
20170626,2017-06-26,2017,6,June,26,Monday,26,0
20170627,2017-06-27,2017,6,June,27,Tuesday,26,0
20170628,2017-06-28,2017,6,June,28,Wednesday,26,0
20170629,2017-06-29,2017,6,June,29,Thursday,26,0
20170630,2017-06-30,2017,6,June,30,Friday,26,0
20170701,2017-07-01,2017,7,July,1,Saturday,26,1
20170702,2017-07-02,2017,7,July,2,Sunday,26,1
20170703,2017-07-03,2017,7,July,3,Monday,27,0
20170704,2017-07-04,2017,7,July,4,Tuesday,27,0
20170705,2017-07-05,2017,7,July,5,Wednesday,27,0
20170706,2017-07-06,2017,7,July,6,Thursday,27,0
20170707,2017-07-07,2017,7,July,7,Friday,27,0
20170708,2017-07-08,2017,7,July,8,Saturday,27,1
20170709,2017-07-09,2017,7,July,9,Sunday,27,1
20170710,2017-07-10,2017,7,July,10,Monday,28,0
20170711,2017-07-11,2017,7,July,11,Tuesday,28,0
20170712,2017-07-12,2017,7,July,12,Wednesday,28,0
20170713,2017-07-13,2017,7,July,13,Thursday,28,0
20170714,2017-07-14,2017,7,July,14,Friday,28,0
20170715,2017-07-15,2017,7,July,15,Saturday,28,1
20170716,2017-07-16,2017,7,July,16,Sunday,28,1
20170717,2017-07-17,2017,7,July,17,Monday,29,0
20170718,2017-07-18,2017,7,July,18,Tuesday,29,0
20170719,2017-07-19,2017,7,July,19,Wednesday,29,0
20170720,2017-07-20,2017,7,July,20,Thursday,29,0
20170721,2017-07-21,2017,7,July,21,Friday,29,0
20170722,2017-07-22,2017,7,July,22,Saturday,29,1
20170723,2017-07-23,2017,7,July,23,Sunday,29,1
20170724,2017-07-24,2017,7,July,24,Monday,30,0
20170725,2017-07-25,2017,7,July,25,Tuesday,30,0
20170726,2017-07-26,2017,7,July,26,Wednesday,30,0
20170727,2017-07-27,2017,7,July,27,Thursday,30,0
20170728,2017-07-28,2017,7,July,28,Friday,30,0
20170729,2017-07-29,2017,7,July,29,Saturday,30,1
20170730,2017-07-30,2017,7,July,30,Sunday,30,1
20170731,2017-07-31,2017,7,July,31,Monday,31,0
20170801,2017-08-01,2017,8,August,1,Tuesday,31,0
20170802,2017-08-02,2017,8,August,2,Wednesday,31,0
20170803,2017-08-03,2017,8,August,3,Thursday,31,0
20170804,2017-08-04,2017,8,August,4,Friday,31,0
20170805,2017-08-05,2017,8,August,5,Saturday,31,1
20170806,2017-08-06,2017,8,August,6,Sunday,31,1
20170807,2017-08-07,2017,8,August,7,Monday,32,0
20170808,2017-08-08,2017,8,August,8,Tuesday,32,0
20170809,2017-08-09,2017,8,August,9,Wednesday,32,0
20170810,2017-08-10,2017,8,August,10,Thursday,32,0
20170811,2017-08-11,2017,8,August,11,Friday,32,0
20170812,2017-08-12,2017,8,August,12,Saturday,32,1
20170813,2017-08-13,2017,8,August,13,Sunday,32,1
20170814,2017-08-14,2017,8,August,14,Monday,33,0
20170815,2017-08-15,2017,8,August,15,Tuesday,33,0
20170816,2017-08-16,2017,8,August,16,Wednesday,33,0
20170817,2017-08-17,2017,8,August,17,Thursday,33,0
20170818,2017-08-18,2017,8,August,18,Friday,33,0
20170819,2017-08-19,2017,8,August,19,Saturday,33,1
20170820,2017-08-20,2017,8,August,20,Sunday,33,1
20170821,2017-08-21,2017,8,August,21,Monday,34,0
20170822,2017-08-22,2017,8,August,22,Tuesday,34,0
20170823,2017-08-23,2017,8,August,23,Wednesday,34,0
20170824,2017-08-24,2017,8,August,24,Thursday,34,0
20170825,2017-08-25,2017,8,August,25,Friday,34,0
20170826,2017-08-26,2017,8,August,26,Saturday,34,1
20170827,2017-08-27,2017,8,August,27,Sunday,34,1
20170828,2017-08-28,2017,8,August,28,Monday,35,0
20170829,2017-08-29,2017,8,August,29,Tuesday,35,0
20170830,2017-08-30,2017,8,August,30,Wednesday,35,0
20170831,2017-08-31,2017,8,August,31,Thursday,35,0
20170901,2017-09-01,2017,9,September,1,Friday,35,0
20170902,2017-09-02,2017,9,September,2,Saturday,35,1
20170903,2017-09-03,2017,9,September,3,Sunday,35,1
20170904,2017-09-04,2017,9,September,4,Monday,36,0
20170905,2017-09-05,2017,9,September,5,Tuesday,36,0
20170906,2017-09-06,2017,9,September,6,Wednesday,36,0
20170907,2017-09-07,2017,9,September,7,Thursday,36,0
20170908,2017-09-08,2017,9,September,8,Friday,36,0
20170909,2017-09-09,2017,9,September,9,Saturday,36,1
20170910,2017-09-10,2017,9,September,10,Sunday,36,1
20170911,2017-09-11,2017,9,September,11,Monday,37,0
20170912,2017-09-12,2017,9,September,12,Tuesday,37,0
20170913,2017-09-13,2017,9,September,13,Wednesday,37,0
20170914,2017-09-14,2017,9,September,14,Thursday,37,0
20170915,2017-09-15,2017,9,September,15,Friday,37,0
20170916,2017-09-16,2017,9,September,16,Saturday,37,1
20170917,2017-09-17,2017,9,September,17,Sunday,37,1
20170918,2017-09-18,2017,9,September,18,Monday,38,0
20170919,2017-09-19,2017,9,September,19,Tuesday,38,0
20170920,2017-09-20,2017,9,September,20,Wednesday,38,0
20170921,2017-09-21,2017,9,September,21,Thursday,38,0
20170922,2017-09-22,2017,9,September,22,Friday,38,0
20170923,2017-09-23,2017,9,September,23,Saturday,38,1
20170924,2017-09-24,2017,9,September,24,Sunday,38,1
20170925,2017-09-25,2017,9,September,25,Monday,39,0
20170926,2017-09-26,2017,9,September,26,Tuesday,39,0
20170927,2017-09-27,2017,9,September,27,Wednesday,39,0
20170928,2017-09-28,2017,9,September,28,Thursday,39,0
20170929,2017-09-29,2017,9,September,29,Friday,39,0
20170930,2017-09-30,2017,9,September,30,Saturday,39,1
20171001,2017-10-01,2017,10,October,1,Sunday,39,1
20171002,2017-10-02,2017,10,October,2,Monday,40,0
20171003,2017-10-03,2017,10,October,3,Tuesday,40,0
20171004,2017-10-04,2017,10,October,4,Wednesday,40,0
20171005,2017-10-05,2017,10,October,5,Thursday,40,0
20171006,2017-10-06,2017,10,October,6,Friday,40,0
20171007,2017-10-07,2017,10,October,7,Saturday,40,1
20171008,2017-10-08,2017,10,October,8,Sunday,40,1
20171009,2017-10-09,2017,10,October,9,Monday,41,0
20171010,2017-10-10,2017,10,October,10,Tuesday,41,0
20171011,2017-10-11,2017,10,October,11,Wednesday,41,0
20171012,2017-10-12,2017,10,October,12,Thursday,41,0
20171013,2017-10-13,2017,10,October,13,Friday,41,0
20171014,2017-10-14,2017,10,October,14,Saturday,41,1
20171015,2017-10-15,2017,10,October,15,Sunday,41,1
20171016,2017-10-16,2017,10,October,16,Monday,42,0
20171017,2017-10-17,2017,10,October,17,Tuesday,42,0
20171018,2017-10-18,2017,10,October,18,Wednesday,42,0
20171019,2017-10-19,2017,10,October,19,Thursday,42,0
20171020,2017-10-20,2017,10,October,20,Friday,42,0
20171021,2017-10-21,2017,10,October,21,Saturday,42,1
20171022,2017-10-22,2017,10,October,22,Sunday,42,1
20171023,2017-10-23,2017,10,October,23,Monday,43,0
20171024,2017-10-24,2017,10,October,24,Tuesday,43,0
20171025,2017-10-25,2017,10,October,25,Wednesday,43,0
20171026,2017-10-26,2017,10,October,26,Thursday,43,0
20171027,2017-10-27,2017,10,October,27,Friday,43,0
20171028,2017-10-28,2017,10,October,28,Saturday,43,1
20171029,2017-10-29,2017,10,October,29,Sunday,43,1
20171030,2017-10-30,2017,10,October,30,Monday,44,0
20171031,2017-10-31,2017,10,October,31,Tuesday,44,0
20171101,2017-11-01,2017,11,November,1,Wednesday,44,0
20171102,2017-11-02,2017,11,November,2,Thursday,44,0
20171103,2017-11-03,2017,11,November,3,Friday,44,0
20171104,2017-11-04,2017,11,November,4,Saturday,44,1
20171105,2017-11-05,2017,11,November,5,Sunday,44,1
20171106,2017-11-06,2017,11,November,6,Monday,45,0
20171107,2017-11-07,2017,11,November,7,Tuesday,45,0
20171108,2017-11-08,2017,11,November,8,Wednesday,45,0
20171109,2017-11-09,2017,11,November,9,Thursday,45,0
20171110,2017-11-10,2017,11,November,10,Friday,45,0
20171111,2017-11-11,2017,11,November,11,Saturday,45,1
20171112,2017-11-12,2017,11,November,12,Sunday,45,1
20171113,2017-11-13,2017,11,November,13,Monday,46,0
20171114,2017-11-14,2017,11,November,14,Tuesday,46,0
20171115,2017-11-15,2017,11,November,15,Wednesday,46,0
20171116,2017-11-16,2017,11,November,16,Thursday,46,0
20171117,2017-11-17,2017,11,November,17,Friday,46,0
20171118,2017-11-18,2017,11,November,18,Saturday,46,1
20171119,2017-11-19,2017,11,November,19,Sunday,46,1
20171120,2017-11-20,2017,11,November,20,Monday,47,0
20171121,2017-11-21,2017,11,November,21,Tuesday,47,0
20171122,2017-11-22,2017,11,November,22,Wednesday,47,0
20171123,2017-11-23,2017,11,November,23,Thursday,47,0
20171124,2017-11-24,2017,11,November,24,Friday,47,0
20171125,2017-11-25,2017,11,November,25,Saturday,47,1
20171126,2017-11-26,2017,11,November,26,Sunday,47,1
20171127,2017-11-27,2017,11,November,27,Monday,48,0
20171128,2017-11-28,2017,11,November,28,Tuesday,48,0
20171129,2017-11-29,2017,11,November,29,Wednesday,48,0
20171130,2017-11-30,2017,11,November,30,Thursday,48,0
20171201,2017-12-01,2017,12,December,1,Friday,48,0
20171202,2017-12-02,2017,12,December,2,Saturday,48,1
20171203,2017-12-03,2017,12,December,3,Sunday,48,1
20171204,2017-12-04,2017,12,December,4,Monday,49,0
20171205,2017-12-05,2017,12,December,5,Tuesday,49,0
20171206,2017-12-06,2017,12,December,6,Wednesday,49,0
20171207,2017-12-07,2017,12,December,7,Thursday,49,0
20171208,2017-12-08,2017,12,December,8,Friday,49,0
20171209,2017-12-09,2017,12,December,9,Saturday,49,1
20171210,2017-12-10,2017,12,December,10,Sunday,49,1
20171211,2017-12-11,2017,12,December,11,Monday,50,0
20171212,2017-12-12,2017,12,December,12,Tuesday,50,0
20171213,2017-12-13,2017,12,December,13,Wednesday,50,0
20171214,2017-12-14,2017,12,December,14,Thursday,50,0
20171215,2017-12-15,2017,12,December,15,Friday,50,0
20171216,2017-12-16,2017,12,December,16,Saturday,50,1
20171217,2017-12-17,2017,12,December,17,Sunday,50,1
20171218,2017-12-18,2017,12,December,18,Monday,51,0
20171219,2017-12-19,2017,12,December,19,Tuesday,51,0
20171220,2017-12-20,2017,12,December,20,Wednesday,51,0
20171221,2017-12-21,2017,12,December,21,Thursday,51,0
20171222,2017-12-22,2017,12,December,22,Friday,51,0
20171223,2017-12-23,2017,12,December,23,Saturday,51,1
20171224,2017-12-24,2017,12,December,24,Sunday,51,1
20171225,2017-12-25,2017,12,December,25,Monday,52,0
20171226,2017-12-26,2017,12,December,26,Tuesday,52,0
20171227,2017-12-27,2017,12,December,27,Wednesday,52,0
20171228,2017-12-28,2017,12,December,28,Thursday,52,0
20171229,2017-12-29,2017,12,December,29,Friday,52,0
20171230,2017-12-30,2017,12,December,30,Saturday,52,1
20171231,2017-12-31,2017,12,December,31,Sunday,52,1
20180101,2018-01-01,2018,1,January,1,Monday,1,0
20180102,2018-01-02,2018,1,January,2,Tuesday,1,0
20180103,2018-01-03,2018,1,January,3,Wednesday,1,0
20180104,2018-01-04,2018,1,January,4,Thursday,1,0
20180105,2018-01-05,2018,1,January,5,Friday,1,0
20180106,2018-01-06,2018,1,January,6,Saturday,1,1
20180107,2018-01-07,2018,1,January,7,Sunday,1,1
20180108,2018-01-08,2018,1,January,8,Monday,2,0
20180109,2018-01-09,2018,1,January,9,Tuesday,2,0
20180110,2018-01-10,2018,1,January,10,Wednesday,2,0
20180111,2018-01-11,2018,1,January,11,Thursday,2,0
20180112,2018-01-12,2018,1,January,12,Friday,2,0
20180113,2018-01-13,2018,1,January,13,Saturday,2,1
20180114,2018-01-14,2018,1,January,14,Sunday,2,1
20180115,2018-01-15,2018,1,January,15,Monday,3,0
20180116,2018-01-16,2018,1,January,16,Tuesday,3,0
20180117,2018-01-17,2018,1,January,17,Wednesday,3,0
20180118,2018-01-18,2018,1,January,18,Thursday,3,0
20180119,2018-01-19,2018,1,January,19,Friday,3,0
20180120,2018-01-20,2018,1,January,20,Saturday,3,1
20180121,2018-01-21,2018,1,January,21,Sunday,3,1
20180122,2018-01-22,2018,1,January,22,Monday,4,0
20180123,2018-01-23,2018,1,January,23,Tuesday,4,0
20180124,2018-01-24,2018,1,January,24,Wednesday,4,0
20180125,2018-01-25,2018,1,January,25,Thursday,4,0
20180126,2018-01-26,2018,1,January,26,Friday,4,0
20180127,2018-01-27,2018,1,January,27,Saturday,4,1
20180128,2018-01-28,2018,1,January,28,Sunday,4,1
20180129,2018-01-29,2018,1,January,29,Monday,5,0
20180130,2018-01-30,2018,1,January,30,Tuesday,5,0
20180131,2018-01-31,2018,1,January,31,Wednesday,5,0
20180201,2018-02-01,2018,2,February,1,Thursday,5,0
20180202,2018-02-02,2018,2,February,2,Friday,5,0
20180203,2018-02-03,2018,2,February,3,Saturday,5,1
20180204,2018-02-04,2018,2,February,4,Sunday,5,1
20180205,2018-02-05,2018,2,February,5,Monday,6,0
20180206,2018-02-06,2018,2,February,6,Tuesday,6,0
20180207,2018-02-07,2018,2,February,7,Wednesday,6,0
20180208,2018-02-08,2018,2,February,8,Thursday,6,0
20180209,2018-02-09,2018,2,February,9,Friday,6,0
20180210,2018-02-10,2018,2,February,10,Saturday,6,1
20180211,2018-02-11,2018,2,February,11,Sunday,6,1
20180212,2018-02-12,2018,2,February,12,Monday,7,0
20180213,2018-02-13,2018,2,February,13,Tuesday,7,0
20180214,2018-02-14,2018,2,February,14,Wednesday,7,0
20180215,2018-02-15,2018,2,February,15,Thursday,7,0
20180216,2018-02-16,2018,2,February,16,Friday,7,0
20180217,2018-02-17,2018,2,February,17,Saturday,7,1
20180218,2018-02-18,2018,2,February,18,Sunday,7,1
20180219,2018-02-19,2018,2,February,19,Monday,8,0
20180220,2018-02-20,2018,2,February,20,Tuesday,8,0
20180221,2018-02-21,2018,2,February,21,Wednesday,8,0
20180222,2018-02-22,2018,2,February,22,Thursday,8,0
20180223,2018-02-23,2018,2,February,23,Friday,8,0
20180224,2018-02-24,2018,2,February,24,Saturday,8,1
20180225,2018-02-25,2018,2,February,25,Sunday,8,1
20180226,2018-02-26,2018,2,February,26,Monday,9,0
20180227,2018-02-27,2018,2,February,27,Tuesday,9,0
20180228,2018-02-28,2018,2,February,28,Wednesday,9,0
20180301,2018-03-01,2018,3,March,1,Thursday,9,0
20180302,2018-03-02,2018,3,March,2,Friday,9,0
20180303,2018-03-03,2018,3,March,3,Saturday,9,1
20180304,2018-03-04,2018,3,March,4,Sunday,9,1
20180305,2018-03-05,2018,3,March,5,Monday,10,0
20180306,2018-03-06,2018,3,March,6,Tuesday,10,0
20180307,2018-03-07,2018,3,March,7,Wednesday,10,0
20180308,2018-03-08,2018,3,March,8,Thursday,10,0
20180309,2018-03-09,2018,3,March,9,Friday,10,0
20180310,2018-03-10,2018,3,March,10,Saturday,10,1
20180311,2018-03-11,2018,3,March,11,Sunday,10,1
20180312,2018-03-12,2018,3,March,12,Monday,11,0
20180313,2018-03-13,2018,3,March,13,Tuesday,11,0
20180314,2018-03-14,2018,3,March,14,Wednesday,11,0
20180315,2018-03-15,2018,3,March,15,Thursday,11,0
20180316,2018-03-16,2018,3,March,16,Friday,11,0
20180317,2018-03-17,2018,3,March,17,Saturday,11,1
20180318,2018-03-18,2018,3,March,18,Sunday,11,1
20180319,2018-03-19,2018,3,March,19,Monday,12,0
20180320,2018-03-20,2018,3,March,20,Tuesday,12,0
20180321,2018-03-21,2018,3,March,21,Wednesday,12,0
20180322,2018-03-22,2018,3,March,22,Thursday,12,0
20180323,2018-03-23,2018,3,March,23,Friday,12,0
20180324,2018-03-24,2018,3,March,24,Saturday,12,1
20180325,2018-03-25,2018,3,March,25,Sunday,12,1
20180326,2018-03-26,2018,3,March,26,Monday,13,0
20180327,2018-03-27,2018,3,March,27,Tuesday,13,0
20180328,2018-03-28,2018,3,March,28,Wednesday,13,0
20180329,2018-03-29,2018,3,March,29,Thursday,13,0
20180330,2018-03-30,2018,3,March,30,Friday,13,0
20180331,2018-03-31,2018,3,March,31,Saturday,13,1
20180401,2018-04-01,2018,4,April,1,Sunday,13,1
20180402,2018-04-02,2018,4,April,2,Monday,14,0
20180403,2018-04-03,2018,4,April,3,Tuesday,14,0
20180404,2018-04-04,2018,4,April,4,Wednesday,14,0
20180405,2018-04-05,2018,4,April,5,Thursday,14,0
20180406,2018-04-06,2018,4,April,6,Friday,14,0
20180407,2018-04-07,2018,4,April,7,Saturday,14,1
20180408,2018-04-08,2018,4,April,8,Sunday,14,1
20180409,2018-04-09,2018,4,April,9,Monday,15,0
20180410,2018-04-10,2018,4,April,10,Tuesday,15,0
20180411,2018-04-11,2018,4,April,11,Wednesday,15,0
20180412,2018-04-12,2018,4,April,12,Thursday,15,0
20180413,2018-04-13,2018,4,April,13,Friday,15,0
20180414,2018-04-14,2018,4,April,14,Saturday,15,1
20180415,2018-04-15,2018,4,April,15,Sunday,15,1
20180416,2018-04-16,2018,4,April,16,Monday,16,0
20180417,2018-04-17,2018,4,April,17,Tuesday,16,0
20180418,2018-04-18,2018,4,April,18,Wednesday,16,0
20180419,2018-04-19,2018,4,April,19,Thursday,16,0
20180420,2018-04-20,2018,4,April,20,Friday,16,0
20180421,2018-04-21,2018,4,April,21,Saturday,16,1
20180422,2018-04-22,2018,4,April,22,Sunday,16,1
20180423,2018-04-23,2018,4,April,23,Monday,17,0
20180424,2018-04-24,2018,4,April,24,Tuesday,17,0
20180425,2018-04-25,2018,4,April,25,Wednesday,17,0
20180426,2018-04-26,2018,4,April,26,Thursday,17,0
20180427,2018-04-27,2018,4,April,27,Friday,17,0
20180428,2018-04-28,2018,4,April,28,Saturday,17,1
20180429,2018-04-29,2018,4,April,29,Sunday,17,1
20180430,2018-04-30,2018,4,April,30,Monday,18,0
20180501,2018-05-01,2018,5,May,1,Tuesday,18,0
20180502,2018-05-02,2018,5,May,2,Wednesday,18,0
20180503,2018-05-03,2018,5,May,3,Thursday,18,0
20180504,2018-05-04,2018,5,May,4,Friday,18,0
20180505,2018-05-05,2018,5,May,5,Saturday,18,1
20180506,2018-05-06,2018,5,May,6,Sunday,18,1
20180507,2018-05-07,2018,5,May,7,Monday,19,0
20180508,2018-05-08,2018,5,May,8,Tuesday,19,0
20180509,2018-05-09,2018,5,May,9,Wednesday,19,0
20180510,2018-05-10,2018,5,May,10,Thursday,19,0
20180511,2018-05-11,2018,5,May,11,Friday,19,0
20180512,2018-05-12,2018,5,May,12,Saturday,19,1
20180513,2018-05-13,2018,5,May,13,Sunday,19,1
20180514,2018-05-14,2018,5,May,14,Monday,20,0
20180515,2018-05-15,2018,5,May,15,Tuesday,20,0
20180516,2018-05-16,2018,5,May,16,Wednesday,20,0
20180517,2018-05-17,2018,5,May,17,Thursday,20,0
20180518,2018-05-18,2018,5,May,18,Friday,20,0
20180519,2018-05-19,2018,5,May,19,Saturday,20,1
20180520,2018-05-20,2018,5,May,20,Sunday,20,1
20180521,2018-05-21,2018,5,May,21,Monday,21,0
20180522,2018-05-22,2018,5,May,22,Tuesday,21,0
20180523,2018-05-23,2018,5,May,23,Wednesday,21,0
20180524,2018-05-24,2018,5,May,24,Thursday,21,0
20180525,2018-05-25,2018,5,May,25,Friday,21,0
20180526,2018-05-26,2018,5,May,26,Saturday,21,1
20180527,2018-05-27,2018,5,May,27,Sunday,21,1
20180528,2018-05-28,2018,5,May,28,Monday,22,0
20180529,2018-05-29,2018,5,May,29,Tuesday,22,0
20180530,2018-05-30,2018,5,May,30,Wednesday,22,0
20180531,2018-05-31,2018,5,May,31,Thursday,22,0
20180601,2018-06-01,2018,6,June,1,Friday,22,0
20180602,2018-06-02,2018,6,June,2,Saturday,22,1
20180603,2018-06-03,2018,6,June,3,Sunday,22,1
20180604,2018-06-04,2018,6,June,4,Monday,23,0
20180605,2018-06-05,2018,6,June,5,Tuesday,23,0
20180606,2018-06-06,2018,6,June,6,Wednesday,23,0
20180607,2018-06-07,2018,6,June,7,Thursday,23,0
20180608,2018-06-08,2018,6,June,8,Friday,23,0
20180609,2018-06-09,2018,6,June,9,Saturday,23,1
20180610,2018-06-10,2018,6,June,10,Sunday,23,1
20180611,2018-06-11,2018,6,June,11,Monday,24,0
20180612,2018-06-12,2018,6,June,12,Tuesday,24,0
20180613,2018-06-13,2018,6,June,13,Wednesday,24,0
20180614,2018-06-14,2018,6,June,14,Thursday,24,0
20180615,2018-06-15,2018,6,June,15,Friday,24,0
20180616,2018-06-16,2018,6,June,16,Saturday,24,1
20180617,2018-06-17,2018,6,June,17,Sunday,24,1
20180618,2018-06-18,2018,6,June,18,Monday,25,0
20180619,2018-06-19,2018,6,June,19,Tuesday,25,0
20180620,2018-06-20,2018,6,June,20,Wednesday,25,0
20180621,2018-06-21,2018,6,June,21,Thursday,25,0
20180622,2018-06-22,2018,6,June,22,Friday,25,0
20180623,2018-06-23,2018,6,June,23,Saturday,25,1
20180624,2018-06-24,2018,6,June,24,Sunday,25,1
20180625,2018-06-25,2018,6,June,25,Monday,26,0
20180626,2018-06-26,2018,6,June,26,Tuesday,26,0
20180627,2018-06-27,2018,6,June,27,Wednesday,26,0
20180628,2018-06-28,2018,6,June,28,Thursday,26,0
20180629,2018-06-29,2018,6,June,29,Friday,26,0
20180630,2018-06-30,2018,6,June,30,Saturday,26,1
20180701,2018-07-01,2018,7,July,1,Sunday,26,1
20180702,2018-07-02,2018,7,July,2,Monday,27,0
20180703,2018-07-03,2018,7,July,3,Tuesday,27,0
20180704,2018-07-04,2018,7,July,4,Wednesday,27,0
20180705,2018-07-05,2018,7,July,5,Thursday,27,0
20180706,2018-07-06,2018,7,July,6,Friday,27,0
20180707,2018-07-07,2018,7,July,7,Saturday,27,1
20180708,2018-07-08,2018,7,July,8,Sunday,27,1
20180709,2018-07-09,2018,7,July,9,Monday,28,0
20180710,2018-07-10,2018,7,July,10,Tuesday,28,0
20180711,2018-07-11,2018,7,July,11,Wednesday,28,0
20180712,2018-07-12,2018,7,July,12,Thursday,28,0
20180713,2018-07-13,2018,7,July,13,Friday,28,0
20180714,2018-07-14,2018,7,July,14,Saturday,28,1
20180715,2018-07-15,2018,7,July,15,Sunday,28,1
20180716,2018-07-16,2018,7,July,16,Monday,29,0
20180717,2018-07-17,2018,7,July,17,Tuesday,29,0
20180718,2018-07-18,2018,7,July,18,Wednesday,29,0
20180719,2018-07-19,2018,7,July,19,Thursday,29,0
20180720,2018-07-20,2018,7,July,20,Friday,29,0
20180721,2018-07-21,2018,7,July,21,Saturday,29,1
20180722,2018-07-22,2018,7,July,22,Sunday,29,1
20180723,2018-07-23,2018,7,July,23,Monday,30,0
20180724,2018-07-24,2018,7,July,24,Tuesday,30,0
20180725,2018-07-25,2018,7,July,25,Wednesday,30,0
20180726,2018-07-26,2018,7,July,26,Thursday,30,0
20180727,2018-07-27,2018,7,July,27,Friday,30,0
20180728,2018-07-28,2018,7,July,28,Saturday,30,1
20180729,2018-07-29,2018,7,July,29,Sunday,30,1
20180730,2018-07-30,2018,7,July,30,Monday,31,0
20180731,2018-07-31,2018,7,July,31,Tuesday,31,0
20180801,2018-08-01,2018,8,August,1,Wednesday,31,0
20180802,2018-08-02,2018,8,August,2,Thursday,31,0
20180803,2018-08-03,2018,8,August,3,Friday,31,0
20180804,2018-08-04,2018,8,August,4,Saturday,31,1
20180805,2018-08-05,2018,8,August,5,Sunday,31,1
20180806,2018-08-06,2018,8,August,6,Monday,32,0
20180807,2018-08-07,2018,8,August,7,Tuesday,32,0
20180808,2018-08-08,2018,8,August,8,Wednesday,32,0
20180809,2018-08-09,2018,8,August,9,Thursday,32,0
20180810,2018-08-10,2018,8,August,10,Friday,32,0
20180811,2018-08-11,2018,8,August,11,Saturday,32,1
20180812,2018-08-12,2018,8,August,12,Sunday,32,1
20180813,2018-08-13,2018,8,August,13,Monday,33,0
20180814,2018-08-14,2018,8,August,14,Tuesday,33,0
20180815,2018-08-15,2018,8,August,15,Wednesday,33,0
20180816,2018-08-16,2018,8,August,16,Thursday,33,0
20180817,2018-08-17,2018,8,August,17,Friday,33,0
20180818,2018-08-18,2018,8,August,18,Saturday,33,1
20180819,2018-08-19,2018,8,August,19,Sunday,33,1
20180820,2018-08-20,2018,8,August,20,Monday,34,0
20180821,2018-08-21,2018,8,August,21,Tuesday,34,0
20180822,2018-08-22,2018,8,August,22,Wednesday,34,0
20180823,2018-08-23,2018,8,August,23,Thursday,34,0
20180824,2018-08-24,2018,8,August,24,Friday,34,0
20180825,2018-08-25,2018,8,August,25,Saturday,34,1
20180826,2018-08-26,2018,8,August,26,Sunday,34,1
20180827,2018-08-27,2018,8,August,27,Monday,35,0
20180828,2018-08-28,2018,8,August,28,Tuesday,35,0
20180829,2018-08-29,2018,8,August,29,Wednesday,35,0
20180830,2018-08-30,2018,8,August,30,Thursday,35,0
20180831,2018-08-31,2018,8,August,31,Friday,35,0
20180901,2018-09-01,2018,9,September,1,Saturday,35,1
20180902,2018-09-02,2018,9,September,2,Sunday,35,1
20180903,2018-09-03,2018,9,September,3,Monday,36,0
20180904,2018-09-04,2018,9,September,4,Tuesday,36,0
20180905,2018-09-05,2018,9,September,5,Wednesday,36,0
20180906,2018-09-06,2018,9,September,6,Thursday,36,0
20180907,2018-09-07,2018,9,September,7,Friday,36,0
20180908,2018-09-08,2018,9,September,8,Saturday,36,1
20180909,2018-09-09,2018,9,September,9,Sunday,36,1
20180910,2018-09-10,2018,9,September,10,Monday,37,0
20180911,2018-09-11,2018,9,September,11,Tuesday,37,0
20180912,2018-09-12,2018,9,September,12,Wednesday,37,0
20180913,2018-09-13,2018,9,September,13,Thursday,37,0
20180914,2018-09-14,2018,9,September,14,Friday,37,0
20180915,2018-09-15,2018,9,September,15,Saturday,37,1
20180916,2018-09-16,2018,9,September,16,Sunday,37,1
20180917,2018-09-17,2018,9,September,17,Monday,38,0
20180918,2018-09-18,2018,9,September,18,Tuesday,38,0
20180919,2018-09-19,2018,9,September,19,Wednesday,38,0
20180920,2018-09-20,2018,9,September,20,Thursday,38,0
20180921,2018-09-21,2018,9,September,21,Friday,38,0
20180922,2018-09-22,2018,9,September,22,Saturday,38,1
20180923,2018-09-23,2018,9,September,23,Sunday,38,1
20180924,2018-09-24,2018,9,September,24,Monday,39,0
20180925,2018-09-25,2018,9,September,25,Tuesday,39,0
20180926,2018-09-26,2018,9,September,26,Wednesday,39,0
20180927,2018-09-27,2018,9,September,27,Thursday,39,0
20180928,2018-09-28,2018,9,September,28,Friday,39,0
20180929,2018-09-29,2018,9,September,29,Saturday,39,1
20180930,2018-09-30,2018,9,September,30,Sunday,39,1
20181001,2018-10-01,2018,10,October,1,Monday,40,0
20181002,2018-10-02,2018,10,October,2,Tuesday,40,0
20181003,2018-10-03,2018,10,October,3,Wednesday,40,0
20181004,2018-10-04,2018,10,October,4,Thursday,40,0
20181005,2018-10-05,2018,10,October,5,Friday,40,0
20181006,2018-10-06,2018,10,October,6,Saturday,40,1
20181007,2018-10-07,2018,10,October,7,Sunday,40,1
20181008,2018-10-08,2018,10,October,8,Monday,41,0
20181009,2018-10-09,2018,10,October,9,Tuesday,41,0
20181010,2018-10-10,2018,10,October,10,Wednesday,41,0
20181011,2018-10-11,2018,10,October,11,Thursday,41,0
20181012,2018-10-12,2018,10,October,12,Friday,41,0
20181013,2018-10-13,2018,10,October,13,Saturday,41,1
20181014,2018-10-14,2018,10,October,14,Sunday,41,1
20181015,2018-10-15,2018,10,October,15,Monday,42,0
20181016,2018-10-16,2018,10,October,16,Tuesday,42,0
20181017,2018-10-17,2018,10,October,17,Wednesday,42,0
20181018,2018-10-18,2018,10,October,18,Thursday,42,0
20181019,2018-10-19,2018,10,October,19,Friday,42,0
20181020,2018-10-20,2018,10,October,20,Saturday,42,1
20181021,2018-10-21,2018,10,October,21,Sunday,42,1
20181022,2018-10-22,2018,10,October,22,Monday,43,0
20181023,2018-10-23,2018,10,October,23,Tuesday,43,0
20181024,2018-10-24,2018,10,October,24,Wednesday,43,0
20181025,2018-10-25,2018,10,October,25,Thursday,43,0
20181026,2018-10-26,2018,10,October,26,Friday,43,0
20181027,2018-10-27,2018,10,October,27,Saturday,43,1
20181028,2018-10-28,2018,10,October,28,Sunday,43,1
20181029,2018-10-29,2018,10,October,29,Monday,44,0
20181030,2018-10-30,2018,10,October,30,Tuesday,44,0
20181031,2018-10-31,2018,10,October,31,Wednesday,44,0
20181101,2018-11-01,2018,11,November,1,Thursday,44,0
20181102,2018-11-02,2018,11,November,2,Friday,44,0
20181103,2018-11-03,2018,11,November,3,Saturday,44,1
20181104,2018-11-04,2018,11,November,4,Sunday,44,1
20181105,2018-11-05,2018,11,November,5,Monday,45,0
20181106,2018-11-06,2018,11,November,6,Tuesday,45,0
20181107,2018-11-07,2018,11,November,7,Wednesday,45,0
20181108,2018-11-08,2018,11,November,8,Thursday,45,0
20181109,2018-11-09,2018,11,November,9,Friday,45,0
20181110,2018-11-10,2018,11,November,10,Saturday,45,1
20181111,2018-11-11,2018,11,November,11,Sunday,45,1
20181112,2018-11-12,2018,11,November,12,Monday,46,0
20181113,2018-11-13,2018,11,November,13,Tuesday,46,0
20181114,2018-11-14,2018,11,November,14,Wednesday,46,0
20181115,2018-11-15,2018,11,November,15,Thursday,46,0
20181116,2018-11-16,2018,11,November,16,Friday,46,0
20181117,2018-11-17,2018,11,November,17,Saturday,46,1
20181118,2018-11-18,2018,11,November,18,Sunday,46,1
20181119,2018-11-19,2018,11,November,19,Monday,47,0
20181120,2018-11-20,2018,11,November,20,Tuesday,47,0
20181121,2018-11-21,2018,11,November,21,Wednesday,47,0
20181122,2018-11-22,2018,11,November,22,Thursday,47,0
20181123,2018-11-23,2018,11,November,23,Friday,47,0
20181124,2018-11-24,2018,11,November,24,Saturday,47,1
20181125,2018-11-25,2018,11,November,25,Sunday,47,1
20181126,2018-11-26,2018,11,November,26,Monday,48,0
20181127,2018-11-27,2018,11,November,27,Tuesday,48,0
20181128,2018-11-28,2018,11,November,28,Wednesday,48,0
20181129,2018-11-29,2018,11,November,29,Thursday,48,0
20181130,2018-11-30,2018,11,November,30,Friday,48,0
20181201,2018-12-01,2018,12,December,1,Saturday,48,1
20181202,2018-12-02,2018,12,December,2,Sunday,48,1
20181203,2018-12-03,2018,12,December,3,Monday,49,0
20181204,2018-12-04,2018,12,December,4,Tuesday,49,0
20181205,2018-12-05,2018,12,December,5,Wednesday,49,0
20181206,2018-12-06,2018,12,December,6,Thursday,49,0
20181207,2018-12-07,2018,12,December,7,Friday,49,0
20181208,2018-12-08,2018,12,December,8,Saturday,49,1
20181209,2018-12-09,2018,12,December,9,Sunday,49,1
20181210,2018-12-10,2018,12,December,10,Monday,50,0
20181211,2018-12-11,2018,12,December,11,Tuesday,50,0
20181212,2018-12-12,2018,12,December,12,Wednesday,50,0
20181213,2018-12-13,2018,12,December,13,Thursday,50,0
20181214,2018-12-14,2018,12,December,14,Friday,50,0
20181215,2018-12-15,2018,12,December,15,Saturday,50,1
20181216,2018-12-16,2018,12,December,16,Sunday,50,1
20181217,2018-12-17,2018,12,December,17,Monday,51,0
20181218,2018-12-18,2018,12,December,18,Tuesday,51,0
20181219,2018-12-19,2018,12,December,19,Wednesday,51,0
20181220,2018-12-20,2018,12,December,20,Thursday,51,0
20181221,2018-12-21,2018,12,December,21,Friday,51,0
20181222,2018-12-22,2018,12,December,22,Saturday,51,1
20181223,2018-12-23,2018,12,December,23,Sunday,51,1
20181224,2018-12-24,2018,12,December,24,Monday,52,0
20181225,2018-12-25,2018,12,December,25,Tuesday,52,0
20181226,2018-12-26,2018,12,December,26,Wednesday,52,0
20181227,2018-12-27,2018,12,December,27,Thursday,52,0
20181228,2018-12-28,2018,12,December,28,Friday,52,0
20181229,2018-12-29,2018,12,December,29,Saturday,52,1
20181230,2018-12-30,2018,12,December,30,Sunday,52,1
20181231,2018-12-31,2018,12,December,31,Monday,1,0
20190101,2019-01-01,2019,1,January,1,Tuesday,1,0
20190102,2019-01-02,2019,1,January,2,Wednesday,1,0
20190103,2019-01-03,2019,1,January,3,Thursday,1,0
20190104,2019-01-04,2019,1,January,4,Friday,1,0
20190105,2019-01-05,2019,1,January,5,Saturday,1,1
20190106,2019-01-06,2019,1,January,6,Sunday,1,1
20190107,2019-01-07,2019,1,January,7,Monday,2,0
20190108,2019-01-08,2019,1,January,8,Tuesday,2,0
20190109,2019-01-09,2019,1,January,9,Wednesday,2,0
20190110,2019-01-10,2019,1,January,10,Thursday,2,0
20190111,2019-01-11,2019,1,January,11,Friday,2,0
20190112,2019-01-12,2019,1,January,12,Saturday,2,1
20190113,2019-01-13,2019,1,January,13,Sunday,2,1
20190114,2019-01-14,2019,1,January,14,Monday,3,0
20190115,2019-01-15,2019,1,January,15,Tuesday,3,0
20190116,2019-01-16,2019,1,January,16,Wednesday,3,0
20190117,2019-01-17,2019,1,January,17,Thursday,3,0
20190118,2019-01-18,2019,1,January,18,Friday,3,0
20190119,2019-01-19,2019,1,January,19,Saturday,3,1
20190120,2019-01-20,2019,1,January,20,Sunday,3,1
20190121,2019-01-21,2019,1,January,21,Monday,4,0
20190122,2019-01-22,2019,1,January,22,Tuesday,4,0
20190123,2019-01-23,2019,1,January,23,Wednesday,4,0
20190124,2019-01-24,2019,1,January,24,Thursday,4,0
20190125,2019-01-25,2019,1,January,25,Friday,4,0
20190126,2019-01-26,2019,1,January,26,Saturday,4,1
20190127,2019-01-27,2019,1,January,27,Sunday,4,1
20190128,2019-01-28,2019,1,January,28,Monday,5,0
20190129,2019-01-29,2019,1,January,29,Tuesday,5,0
20190130,2019-01-30,2019,1,January,30,Wednesday,5,0
20190131,2019-01-31,2019,1,January,31,Thursday,5,0
20190201,2019-02-01,2019,2,February,1,Friday,5,0
20190202,2019-02-02,2019,2,February,2,Saturday,5,1
20190203,2019-02-03,2019,2,February,3,Sunday,5,1
20190204,2019-02-04,2019,2,February,4,Monday,6,0
20190205,2019-02-05,2019,2,February,5,Tuesday,6,0
20190206,2019-02-06,2019,2,February,6,Wednesday,6,0
20190207,2019-02-07,2019,2,February,7,Thursday,6,0
20190208,2019-02-08,2019,2,February,8,Friday,6,0
20190209,2019-02-09,2019,2,February,9,Saturday,6,1
20190210,2019-02-10,2019,2,February,10,Sunday,6,1
20190211,2019-02-11,2019,2,February,11,Monday,7,0
20190212,2019-02-12,2019,2,February,12,Tuesday,7,0
20190213,2019-02-13,2019,2,February,13,Wednesday,7,0
20190214,2019-02-14,2019,2,February,14,Thursday,7,0
20190215,2019-02-15,2019,2,February,15,Friday,7,0
20190216,2019-02-16,2019,2,February,16,Saturday,7,1
20190217,2019-02-17,2019,2,February,17,Sunday,7,1
20190218,2019-02-18,2019,2,February,18,Monday,8,0
20190219,2019-02-19,2019,2,February,19,Tuesday,8,0
20190220,2019-02-20,2019,2,February,20,Wednesday,8,0
20190221,2019-02-21,2019,2,February,21,Thursday,8,0
20190222,2019-02-22,2019,2,February,22,Friday,8,0
20190223,2019-02-23,2019,2,February,23,Saturday,8,1
20190224,2019-02-24,2019,2,February,24,Sunday,8,1
20190225,2019-02-25,2019,2,February,25,Monday,9,0
20190226,2019-02-26,2019,2,February,26,Tuesday,9,0
20190227,2019-02-27,2019,2,February,27,Wednesday,9,0
20190228,2019-02-28,2019,2,February,28,Thursday,9,0
20190301,2019-03-01,2019,3,March,1,Friday,9,0
20190302,2019-03-02,2019,3,March,2,Saturday,9,1
20190303,2019-03-03,2019,3,March,3,Sunday,9,1
20190304,2019-03-04,2019,3,March,4,Monday,10,0
20190305,2019-03-05,2019,3,March,5,Tuesday,10,0
20190306,2019-03-06,2019,3,March,6,Wednesday,10,0
20190307,2019-03-07,2019,3,March,7,Thursday,10,0
20190308,2019-03-08,2019,3,March,8,Friday,10,0
20190309,2019-03-09,2019,3,March,9,Saturday,10,1
20190310,2019-03-10,2019,3,March,10,Sunday,10,1
20190311,2019-03-11,2019,3,March,11,Monday,11,0
20190312,2019-03-12,2019,3,March,12,Tuesday,11,0
20190313,2019-03-13,2019,3,March,13,Wednesday,11,0
20190314,2019-03-14,2019,3,March,14,Thursday,11,0
20190315,2019-03-15,2019,3,March,15,Friday,11,0
20190316,2019-03-16,2019,3,March,16,Saturday,11,1
20190317,2019-03-17,2019,3,March,17,Sunday,11,1
20190318,2019-03-18,2019,3,March,18,Monday,12,0
20190319,2019-03-19,2019,3,March,19,Tuesday,12,0
20190320,2019-03-20,2019,3,March,20,Wednesday,12,0
20190321,2019-03-21,2019,3,March,21,Thursday,12,0
20190322,2019-03-22,2019,3,March,22,Friday,12,0
20190323,2019-03-23,2019,3,March,23,Saturday,12,1
20190324,2019-03-24,2019,3,March,24,Sunday,12,1
20190325,2019-03-25,2019,3,March,25,Monday,13,0
20190326,2019-03-26,2019,3,March,26,Tuesday,13,0
20190327,2019-03-27,2019,3,March,27,Wednesday,13,0
20190328,2019-03-28,2019,3,March,28,Thursday,13,0
20190329,2019-03-29,2019,3,March,29,Friday,13,0
20190330,2019-03-30,2019,3,March,30,Saturday,13,1
20190331,2019-03-31,2019,3,March,31,Sunday,13,1
20190401,2019-04-01,2019,4,April,1,Monday,14,0
20190402,2019-04-02,2019,4,April,2,Tuesday,14,0
20190403,2019-04-03,2019,4,April,3,Wednesday,14,0
20190404,2019-04-04,2019,4,April,4,Thursday,14,0
20190405,2019-04-05,2019,4,April,5,Friday,14,0
20190406,2019-04-06,2019,4,April,6,Saturday,14,1
20190407,2019-04-07,2019,4,April,7,Sunday,14,1
20190408,2019-04-08,2019,4,April,8,Monday,15,0
20190409,2019-04-09,2019,4,April,9,Tuesday,15,0
20190410,2019-04-10,2019,4,April,10,Wednesday,15,0
20190411,2019-04-11,2019,4,April,11,Thursday,15,0
20190412,2019-04-12,2019,4,April,12,Friday,15,0
20190413,2019-04-13,2019,4,April,13,Saturday,15,1
20190414,2019-04-14,2019,4,April,14,Sunday,15,1
20190415,2019-04-15,2019,4,April,15,Monday,16,0
20190416,2019-04-16,2019,4,April,16,Tuesday,16,0
20190417,2019-04-17,2019,4,April,17,Wednesday,16,0
20190418,2019-04-18,2019,4,April,18,Thursday,16,0
20190419,2019-04-19,2019,4,April,19,Friday,16,0
20190420,2019-04-20,2019,4,April,20,Saturday,16,1
20190421,2019-04-21,2019,4,April,21,Sunday,16,1
20190422,2019-04-22,2019,4,April,22,Monday,17,0
20190423,2019-04-23,2019,4,April,23,Tuesday,17,0
20190424,2019-04-24,2019,4,April,24,Wednesday,17,0
20190425,2019-04-25,2019,4,April,25,Thursday,17,0
20190426,2019-04-26,2019,4,April,26,Friday,17,0
20190427,2019-04-27,2019,4,April,27,Saturday,17,1
20190428,2019-04-28,2019,4,April,28,Sunday,17,1
20190429,2019-04-29,2019,4,April,29,Monday,18,0
20190430,2019-04-30,2019,4,April,30,Tuesday,18,0
20190501,2019-05-01,2019,5,May,1,Wednesday,18,0
20190502,2019-05-02,2019,5,May,2,Thursday,18,0
20190503,2019-05-03,2019,5,May,3,Friday,18,0
20190504,2019-05-04,2019,5,May,4,Saturday,18,1
20190505,2019-05-05,2019,5,May,5,Sunday,18,1
20190506,2019-05-06,2019,5,May,6,Monday,19,0
20190507,2019-05-07,2019,5,May,7,Tuesday,19,0
20190508,2019-05-08,2019,5,May,8,Wednesday,19,0
20190509,2019-05-09,2019,5,May,9,Thursday,19,0
20190510,2019-05-10,2019,5,May,10,Friday,19,0
20190511,2019-05-11,2019,5,May,11,Saturday,19,1
20190512,2019-05-12,2019,5,May,12,Sunday,19,1
20190513,2019-05-13,2019,5,May,13,Monday,20,0
20190514,2019-05-14,2019,5,May,14,Tuesday,20,0
20190515,2019-05-15,2019,5,May,15,Wednesday,20,0
20190516,2019-05-16,2019,5,May,16,Thursday,20,0
20190517,2019-05-17,2019,5,May,17,Friday,20,0
20190518,2019-05-18,2019,5,May,18,Saturday,20,1
20190519,2019-05-19,2019,5,May,19,Sunday,20,1
20190520,2019-05-20,2019,5,May,20,Monday,21,0
20190521,2019-05-21,2019,5,May,21,Tuesday,21,0
20190522,2019-05-22,2019,5,May,22,Wednesday,21,0
20190523,2019-05-23,2019,5,May,23,Thursday,21,0
20190524,2019-05-24,2019,5,May,24,Friday,21,0
20190525,2019-05-25,2019,5,May,25,Saturday,21,1
20190526,2019-05-26,2019,5,May,26,Sunday,21,1
20190527,2019-05-27,2019,5,May,27,Monday,22,0
20190528,2019-05-28,2019,5,May,28,Tuesday,22,0
20190529,2019-05-29,2019,5,May,29,Wednesday,22,0
20190530,2019-05-30,2019,5,May,30,Thursday,22,0
20190531,2019-05-31,2019,5,May,31,Friday,22,0
20190601,2019-06-01,2019,6,June,1,Saturday,22,1
20190602,2019-06-02,2019,6,June,2,Sunday,22,1
20190603,2019-06-03,2019,6,June,3,Monday,23,0
20190604,2019-06-04,2019,6,June,4,Tuesday,23,0
20190605,2019-06-05,2019,6,June,5,Wednesday,23,0
20190606,2019-06-06,2019,6,June,6,Thursday,23,0
20190607,2019-06-07,2019,6,June,7,Friday,23,0
20190608,2019-06-08,2019,6,June,8,Saturday,23,1
20190609,2019-06-09,2019,6,June,9,Sunday,23,1
20190610,2019-06-10,2019,6,June,10,Monday,24,0
20190611,2019-06-11,2019,6,June,11,Tuesday,24,0
20190612,2019-06-12,2019,6,June,12,Wednesday,24,0
20190613,2019-06-13,2019,6,June,13,Thursday,24,0
20190614,2019-06-14,2019,6,June,14,Friday,24,0
20190615,2019-06-15,2019,6,June,15,Saturday,24,1
20190616,2019-06-16,2019,6,June,16,Sunday,24,1
20190617,2019-06-17,2019,6,June,17,Monday,25,0
20190618,2019-06-18,2019,6,June,18,Tuesday,25,0
20190619,2019-06-19,2019,6,June,19,Wednesday,25,0
20190620,2019-06-20,2019,6,June,20,Thursday,25,0
20190621,2019-06-21,2019,6,June,21,Friday,25,0
20190622,2019-06-22,2019,6,June,22,Saturday,25,1
20190623,2019-06-23,2019,6,June,23,Sunday,25,1
20190624,2019-06-24,2019,6,June,24,Monday,26,0
20190625,2019-06-25,2019,6,June,25,Tuesday,26,0
20190626,2019-06-26,2019,6,June,26,Wednesday,26,0
20190627,2019-06-27,2019,6,June,27,Thursday,26,0
20190628,2019-06-28,2019,6,June,28,Friday,26,0
20190629,2019-06-29,2019,6,June,29,Saturday,26,1
20190630,2019-06-30,2019,6,June,30,Sunday,26,1
20190701,2019-07-01,2019,7,July,1,Monday,27,0
20190702,2019-07-02,2019,7,July,2,Tuesday,27,0
20190703,2019-07-03,2019,7,July,3,Wednesday,27,0
20190704,2019-07-04,2019,7,July,4,Thursday,27,0
20190705,2019-07-05,2019,7,July,5,Friday,27,0
20190706,2019-07-06,2019,7,July,6,Saturday,27,1
20190707,2019-07-07,2019,7,July,7,Sunday,27,1
20190708,2019-07-08,2019,7,July,8,Monday,28,0
20190709,2019-07-09,2019,7,July,9,Tuesday,28,0
20190710,2019-07-10,2019,7,July,10,Wednesday,28,0
20190711,2019-07-11,2019,7,July,11,Thursday,28,0
20190712,2019-07-12,2019,7,July,12,Friday,28,0
20190713,2019-07-13,2019,7,July,13,Saturday,28,1
20190714,2019-07-14,2019,7,July,14,Sunday,28,1
20190715,2019-07-15,2019,7,July,15,Monday,29,0
20190716,2019-07-16,2019,7,July,16,Tuesday,29,0
20190717,2019-07-17,2019,7,July,17,Wednesday,29,0
20190718,2019-07-18,2019,7,July,18,Thursday,29,0
20190719,2019-07-19,2019,7,July,19,Friday,29,0
20190720,2019-07-20,2019,7,July,20,Saturday,29,1
20190721,2019-07-21,2019,7,July,21,Sunday,29,1
20190722,2019-07-22,2019,7,July,22,Monday,30,0
20190723,2019-07-23,2019,7,July,23,Tuesday,30,0
20190724,2019-07-24,2019,7,July,24,Wednesday,30,0
20190725,2019-07-25,2019,7,July,25,Thursday,30,0
20190726,2019-07-26,2019,7,July,26,Friday,30,0
20190727,2019-07-27,2019,7,July,27,Saturday,30,1
20190728,2019-07-28,2019,7,July,28,Sunday,30,1
20190729,2019-07-29,2019,7,July,29,Monday,31,0
20190730,2019-07-30,2019,7,July,30,Tuesday,31,0
20190731,2019-07-31,2019,7,July,31,Wednesday,31,0
20190801,2019-08-01,2019,8,August,1,Thursday,31,0
20190802,2019-08-02,2019,8,August,2,Friday,31,0
20190803,2019-08-03,2019,8,August,3,Saturday,31,1
20190804,2019-08-04,2019,8,August,4,Sunday,31,1
20190805,2019-08-05,2019,8,August,5,Monday,32,0
20190806,2019-08-06,2019,8,August,6,Tuesday,32,0
20190807,2019-08-07,2019,8,August,7,Wednesday,32,0
20190808,2019-08-08,2019,8,August,8,Thursday,32,0
20190809,2019-08-09,2019,8,August,9,Friday,32,0
20190810,2019-08-10,2019,8,August,10,Saturday,32,1
20190811,2019-08-11,2019,8,August,11,Sunday,32,1
20190812,2019-08-12,2019,8,August,12,Monday,33,0
20190813,2019-08-13,2019,8,August,13,Tuesday,33,0
20190814,2019-08-14,2019,8,August,14,Wednesday,33,0
20190815,2019-08-15,2019,8,August,15,Thursday,33,0
20190816,2019-08-16,2019,8,August,16,Friday,33,0
20190817,2019-08-17,2019,8,August,17,Saturday,33,1
20190818,2019-08-18,2019,8,August,18,Sunday,33,1
20190819,2019-08-19,2019,8,August,19,Monday,34,0
20190820,2019-08-20,2019,8,August,20,Tuesday,34,0
20190821,2019-08-21,2019,8,August,21,Wednesday,34,0
20190822,2019-08-22,2019,8,August,22,Thursday,34,0
20190823,2019-08-23,2019,8,August,23,Friday,34,0
20190824,2019-08-24,2019,8,August,24,Saturday,34,1
20190825,2019-08-25,2019,8,August,25,Sunday,34,1
20190826,2019-08-26,2019,8,August,26,Monday,35,0
20190827,2019-08-27,2019,8,August,27,Tuesday,35,0
20190828,2019-08-28,2019,8,August,28,Wednesday,35,0
20190829,2019-08-29,2019,8,August,29,Thursday,35,0
20190830,2019-08-30,2019,8,August,30,Friday,35,0
20190831,2019-08-31,2019,8,August,31,Saturday,35,1
20190901,2019-09-01,2019,9,September,1,Sunday,35,1
20190902,2019-09-02,2019,9,September,2,Monday,36,0
20190903,2019-09-03,2019,9,September,3,Tuesday,36,0
20190904,2019-09-04,2019,9,September,4,Wednesday,36,0
20190905,2019-09-05,2019,9,September,5,Thursday,36,0
20190906,2019-09-06,2019,9,September,6,Friday,36,0
20190907,2019-09-07,2019,9,September,7,Saturday,36,1
20190908,2019-09-08,2019,9,September,8,Sunday,36,1
20190909,2019-09-09,2019,9,September,9,Monday,37,0
20190910,2019-09-10,2019,9,September,10,Tuesday,37,0
20190911,2019-09-11,2019,9,September,11,Wednesday,37,0
20190912,2019-09-12,2019,9,September,12,Thursday,37,0
20190913,2019-09-13,2019,9,September,13,Friday,37,0
20190914,2019-09-14,2019,9,September,14,Saturday,37,1
20190915,2019-09-15,2019,9,September,15,Sunday,37,1
20190916,2019-09-16,2019,9,September,16,Monday,38,0
20190917,2019-09-17,2019,9,September,17,Tuesday,38,0
20190918,2019-09-18,2019,9,September,18,Wednesday,38,0
20190919,2019-09-19,2019,9,September,19,Thursday,38,0
20190920,2019-09-20,2019,9,September,20,Friday,38,0
20190921,2019-09-21,2019,9,September,21,Saturday,38,1
20190922,2019-09-22,2019,9,September,22,Sunday,38,1
20190923,2019-09-23,2019,9,September,23,Monday,39,0
20190924,2019-09-24,2019,9,September,24,Tuesday,39,0
20190925,2019-09-25,2019,9,September,25,Wednesday,39,0
20190926,2019-09-26,2019,9,September,26,Thursday,39,0
20190927,2019-09-27,2019,9,September,27,Friday,39,0
20190928,2019-09-28,2019,9,September,28,Saturday,39,1
20190929,2019-09-29,2019,9,September,29,Sunday,39,1
20190930,2019-09-30,2019,9,September,30,Monday,40,0
20191001,2019-10-01,2019,10,October,1,Tuesday,40,0
20191002,2019-10-02,2019,10,October,2,Wednesday,40,0
20191003,2019-10-03,2019,10,October,3,Thursday,40,0
20191004,2019-10-04,2019,10,October,4,Friday,40,0
20191005,2019-10-05,2019,10,October,5,Saturday,40,1
20191006,2019-10-06,2019,10,October,6,Sunday,40,1
20191007,2019-10-07,2019,10,October,7,Monday,41,0
20191008,2019-10-08,2019,10,October,8,Tuesday,41,0
20191009,2019-10-09,2019,10,October,9,Wednesday,41,0
20191010,2019-10-10,2019,10,October,10,Thursday,41,0
20191011,2019-10-11,2019,10,October,11,Friday,41,0
20191012,2019-10-12,2019,10,October,12,Saturday,41,1
20191013,2019-10-13,2019,10,October,13,Sunday,41,1
20191014,2019-10-14,2019,10,October,14,Monday,42,0
20191015,2019-10-15,2019,10,October,15,Tuesday,42,0
20191016,2019-10-16,2019,10,October,16,Wednesday,42,0
20191017,2019-10-17,2019,10,October,17,Thursday,42,0
20191018,2019-10-18,2019,10,October,18,Friday,42,0
20191019,2019-10-19,2019,10,October,19,Saturday,42,1
20191020,2019-10-20,2019,10,October,20,Sunday,42,1
20191021,2019-10-21,2019,10,October,21,Monday,43,0
20191022,2019-10-22,2019,10,October,22,Tuesday,43,0
20191023,2019-10-23,2019,10,October,23,Wednesday,43,0
20191024,2019-10-24,2019,10,October,24,Thursday,43,0
20191025,2019-10-25,2019,10,October,25,Friday,43,0
20191026,2019-10-26,2019,10,October,26,Saturday,43,1
20191027,2019-10-27,2019,10,October,27,Sunday,43,1
20191028,2019-10-28,2019,10,October,28,Monday,44,0
20191029,2019-10-29,2019,10,October,29,Tuesday,44,0
20191030,2019-10-30,2019,10,October,30,Wednesday,44,0
20191031,2019-10-31,2019,10,October,31,Thursday,44,0
20191101,2019-11-01,2019,11,November,1,Friday,44,0
20191102,2019-11-02,2019,11,November,2,Saturday,44,1
20191103,2019-11-03,2019,11,November,3,Sunday,44,1
20191104,2019-11-04,2019,11,November,4,Monday,45,0
20191105,2019-11-05,2019,11,November,5,Tuesday,45,0
20191106,2019-11-06,2019,11,November,6,Wednesday,45,0
20191107,2019-11-07,2019,11,November,7,Thursday,45,0
20191108,2019-11-08,2019,11,November,8,Friday,45,0
20191109,2019-11-09,2019,11,November,9,Saturday,45,1
20191110,2019-11-10,2019,11,November,10,Sunday,45,1
20191111,2019-11-11,2019,11,November,11,Monday,46,0
20191112,2019-11-12,2019,11,November,12,Tuesday,46,0
20191113,2019-11-13,2019,11,November,13,Wednesday,46,0
20191114,2019-11-14,2019,11,November,14,Thursday,46,0
20191115,2019-11-15,2019,11,November,15,Friday,46,0
20191116,2019-11-16,2019,11,November,16,Saturday,46,1
20191117,2019-11-17,2019,11,November,17,Sunday,46,1
20191118,2019-11-18,2019,11,November,18,Monday,47,0
20191119,2019-11-19,2019,11,November,19,Tuesday,47,0
20191120,2019-11-20,2019,11,November,20,Wednesday,47,0
20191121,2019-11-21,2019,11,November,21,Thursday,47,0
20191122,2019-11-22,2019,11,November,22,Friday,47,0
20191123,2019-11-23,2019,11,November,23,Saturday,47,1
20191124,2019-11-24,2019,11,November,24,Sunday,47,1
20191125,2019-11-25,2019,11,November,25,Monday,48,0
20191126,2019-11-26,2019,11,November,26,Tuesday,48,0
20191127,2019-11-27,2019,11,November,27,Wednesday,48,0
20191128,2019-11-28,2019,11,November,28,Thursday,48,0
20191129,2019-11-29,2019,11,November,29,Friday,48,0
20191130,2019-11-30,2019,11,November,30,Saturday,48,1
20191201,2019-12-01,2019,12,December,1,Sunday,48,1
20191202,2019-12-02,2019,12,December,2,Monday,49,0
20191203,2019-12-03,2019,12,December,3,Tuesday,49,0
20191204,2019-12-04,2019,12,December,4,Wednesday,49,0
20191205,2019-12-05,2019,12,December,5,Thursday,49,0
20191206,2019-12-06,2019,12,December,6,Friday,49,0
20191207,2019-12-07,2019,12,December,7,Saturday,49,1
20191208,2019-12-08,2019,12,December,8,Sunday,49,1
20191209,2019-12-09,2019,12,December,9,Monday,50,0
20191210,2019-12-10,2019,12,December,10,Tuesday,50,0
20191211,2019-12-11,2019,12,December,11,Wednesday,50,0
20191212,2019-12-12,2019,12,December,12,Thursday,50,0
20191213,2019-12-13,2019,12,December,13,Friday,50,0
20191214,2019-12-14,2019,12,December,14,Saturday,50,1
20191215,2019-12-15,2019,12,December,15,Sunday,50,1
20191216,2019-12-16,2019,12,December,16,Monday,51,0
20191217,2019-12-17,2019,12,December,17,Tuesday,51,0
20191218,2019-12-18,2019,12,December,18,Wednesday,51,0
20191219,2019-12-19,2019,12,December,19,Thursday,51,0
20191220,2019-12-20,2019,12,December,20,Friday,51,0
20191221,2019-12-21,2019,12,December,21,Saturday,51,1
20191222,2019-12-22,2019,12,December,22,Sunday,51,1
20191223,2019-12-23,2019,12,December,23,Monday,52,0
20191224,2019-12-24,2019,12,December,24,Tuesday,52,0
20191225,2019-12-25,2019,12,December,25,Wednesday,52,0
20191226,2019-12-26,2019,12,December,26,Thursday,52,0
20191227,2019-12-27,2019,12,December,27,Friday,52,0
20191228,2019-12-28,2019,12,December,28,Saturday,52,1
20191229,2019-12-29,2019,12,December,29,Sunday,52,1
20191230,2019-12-30,2019,12,December,30,Monday,1,0
20191231,2019-12-31,2019,12,December,31,Tuesday,1,0
20200101,2020-01-01,2020,1,January,1,Wednesday,1,0
20200102,2020-01-02,2020,1,January,2,Thursday,1,0
20200103,2020-01-03,2020,1,January,3,Friday,1,0
20200104,2020-01-04,2020,1,January,4,Saturday,1,1
20200105,2020-01-05,2020,1,January,5,Sunday,1,1
20200106,2020-01-06,2020,1,January,6,Monday,2,0
20200107,2020-01-07,2020,1,January,7,Tuesday,2,0
20200108,2020-01-08,2020,1,January,8,Wednesday,2,0
20200109,2020-01-09,2020,1,January,9,Thursday,2,0
20200110,2020-01-10,2020,1,January,10,Friday,2,0
20200111,2020-01-11,2020,1,January,11,Saturday,2,1
20200112,2020-01-12,2020,1,January,12,Sunday,2,1
20200113,2020-01-13,2020,1,January,13,Monday,3,0
20200114,2020-01-14,2020,1,January,14,Tuesday,3,0
20200115,2020-01-15,2020,1,January,15,Wednesday,3,0
20200116,2020-01-16,2020,1,January,16,Thursday,3,0
20200117,2020-01-17,2020,1,January,17,Friday,3,0
20200118,2020-01-18,2020,1,January,18,Saturday,3,1
20200119,2020-01-19,2020,1,January,19,Sunday,3,1
20200120,2020-01-20,2020,1,January,20,Monday,4,0
20200121,2020-01-21,2020,1,January,21,Tuesday,4,0
20200122,2020-01-22,2020,1,January,22,Wednesday,4,0
20200123,2020-01-23,2020,1,January,23,Thursday,4,0
20200124,2020-01-24,2020,1,January,24,Friday,4,0
20200125,2020-01-25,2020,1,January,25,Saturday,4,1
20200126,2020-01-26,2020,1,January,26,Sunday,4,1
20200127,2020-01-27,2020,1,January,27,Monday,5,0
20200128,2020-01-28,2020,1,January,28,Tuesday,5,0
20200129,2020-01-29,2020,1,January,29,Wednesday,5,0
20200130,2020-01-30,2020,1,January,30,Thursday,5,0
20200131,2020-01-31,2020,1,January,31,Friday,5,0
20200201,2020-02-01,2020,2,February,1,Saturday,5,1
20200202,2020-02-02,2020,2,February,2,Sunday,5,1
20200203,2020-02-03,2020,2,February,3,Monday,6,0
20200204,2020-02-04,2020,2,February,4,Tuesday,6,0
20200205,2020-02-05,2020,2,February,5,Wednesday,6,0
20200206,2020-02-06,2020,2,February,6,Thursday,6,0
20200207,2020-02-07,2020,2,February,7,Friday,6,0
20200208,2020-02-08,2020,2,February,8,Saturday,6,1
20200209,2020-02-09,2020,2,February,9,Sunday,6,1
20200210,2020-02-10,2020,2,February,10,Monday,7,0
20200211,2020-02-11,2020,2,February,11,Tuesday,7,0
20200212,2020-02-12,2020,2,February,12,Wednesday,7,0
20200213,2020-02-13,2020,2,February,13,Thursday,7,0
20200214,2020-02-14,2020,2,February,14,Friday,7,0
20200215,2020-02-15,2020,2,February,15,Saturday,7,1
20200216,2020-02-16,2020,2,February,16,Sunday,7,1
20200217,2020-02-17,2020,2,February,17,Monday,8,0
20200218,2020-02-18,2020,2,February,18,Tuesday,8,0
20200219,2020-02-19,2020,2,February,19,Wednesday,8,0
20200220,2020-02-20,2020,2,February,20,Thursday,8,0
20200221,2020-02-21,2020,2,February,21,Friday,8,0
20200222,2020-02-22,2020,2,February,22,Saturday,8,1
20200223,2020-02-23,2020,2,February,23,Sunday,8,1
20200224,2020-02-24,2020,2,February,24,Monday,9,0
20200225,2020-02-25,2020,2,February,25,Tuesday,9,0
20200226,2020-02-26,2020,2,February,26,Wednesday,9,0
20200227,2020-02-27,2020,2,February,27,Thursday,9,0
20200228,2020-02-28,2020,2,February,28,Friday,9,0
20200229,2020-02-29,2020,2,February,29,Saturday,9,1
20200301,2020-03-01,2020,3,March,1,Sunday,9,1
20200302,2020-03-02,2020,3,March,2,Monday,10,0
20200303,2020-03-03,2020,3,March,3,Tuesday,10,0
20200304,2020-03-04,2020,3,March,4,Wednesday,10,0
20200305,2020-03-05,2020,3,March,5,Thursday,10,0
20200306,2020-03-06,2020,3,March,6,Friday,10,0
20200307,2020-03-07,2020,3,March,7,Saturday,10,1
20200308,2020-03-08,2020,3,March,8,Sunday,10,1
20200309,2020-03-09,2020,3,March,9,Monday,11,0
20200310,2020-03-10,2020,3,March,10,Tuesday,11,0
20200311,2020-03-11,2020,3,March,11,Wednesday,11,0
20200312,2020-03-12,2020,3,March,12,Thursday,11,0
20200313,2020-03-13,2020,3,March,13,Friday,11,0
20200314,2020-03-14,2020,3,March,14,Saturday,11,1
20200315,2020-03-15,2020,3,March,15,Sunday,11,1
20200316,2020-03-16,2020,3,March,16,Monday,12,0
20200317,2020-03-17,2020,3,March,17,Tuesday,12,0
20200318,2020-03-18,2020,3,March,18,Wednesday,12,0
20200319,2020-03-19,2020,3,March,19,Thursday,12,0
20200320,2020-03-20,2020,3,March,20,Friday,12,0
20200321,2020-03-21,2020,3,March,21,Saturday,12,1
20200322,2020-03-22,2020,3,March,22,Sunday,12,1
20200323,2020-03-23,2020,3,March,23,Monday,13,0
20200324,2020-03-24,2020,3,March,24,Tuesday,13,0
20200325,2020-03-25,2020,3,March,25,Wednesday,13,0
20200326,2020-03-26,2020,3,March,26,Thursday,13,0
20200327,2020-03-27,2020,3,March,27,Friday,13,0
20200328,2020-03-28,2020,3,March,28,Saturday,13,1
20200329,2020-03-29,2020,3,March,29,Sunday,13,1
20200330,2020-03-30,2020,3,March,30,Monday,14,0
20200331,2020-03-31,2020,3,March,31,Tuesday,14,0
20200401,2020-04-01,2020,4,April,1,Wednesday,14,0
20200402,2020-04-02,2020,4,April,2,Thursday,14,0
20200403,2020-04-03,2020,4,April,3,Friday,14,0
20200404,2020-04-04,2020,4,April,4,Saturday,14,1
20200405,2020-04-05,2020,4,April,5,Sunday,14,1
20200406,2020-04-06,2020,4,April,6,Monday,15,0
20200407,2020-04-07,2020,4,April,7,Tuesday,15,0
20200408,2020-04-08,2020,4,April,8,Wednesday,15,0
20200409,2020-04-09,2020,4,April,9,Thursday,15,0
20200410,2020-04-10,2020,4,April,10,Friday,15,0
20200411,2020-04-11,2020,4,April,11,Saturday,15,1
20200412,2020-04-12,2020,4,April,12,Sunday,15,1
20200413,2020-04-13,2020,4,April,13,Monday,16,0
20200414,2020-04-14,2020,4,April,14,Tuesday,16,0
20200415,2020-04-15,2020,4,April,15,Wednesday,16,0
20200416,2020-04-16,2020,4,April,16,Thursday,16,0
20200417,2020-04-17,2020,4,April,17,Friday,16,0
20200418,2020-04-18,2020,4,April,18,Saturday,16,1
20200419,2020-04-19,2020,4,April,19,Sunday,16,1
20200420,2020-04-20,2020,4,April,20,Monday,17,0
20200421,2020-04-21,2020,4,April,21,Tuesday,17,0
20200422,2020-04-22,2020,4,April,22,Wednesday,17,0
20200423,2020-04-23,2020,4,April,23,Thursday,17,0
20200424,2020-04-24,2020,4,April,24,Friday,17,0
20200425,2020-04-25,2020,4,April,25,Saturday,17,1
20200426,2020-04-26,2020,4,April,26,Sunday,17,1
20200427,2020-04-27,2020,4,April,27,Monday,18,0
20200428,2020-04-28,2020,4,April,28,Tuesday,18,0
20200429,2020-04-29,2020,4,April,29,Wednesday,18,0
20200430,2020-04-30,2020,4,April,30,Thursday,18,0
20200501,2020-05-01,2020,5,May,1,Friday,18,0
20200502,2020-05-02,2020,5,May,2,Saturday,18,1
20200503,2020-05-03,2020,5,May,3,Sunday,18,1
20200504,2020-05-04,2020,5,May,4,Monday,19,0
20200505,2020-05-05,2020,5,May,5,Tuesday,19,0
20200506,2020-05-06,2020,5,May,6,Wednesday,19,0
20200507,2020-05-07,2020,5,May,7,Thursday,19,0
20200508,2020-05-08,2020,5,May,8,Friday,19,0
20200509,2020-05-09,2020,5,May,9,Saturday,19,1
20200510,2020-05-10,2020,5,May,10,Sunday,19,1
20200511,2020-05-11,2020,5,May,11,Monday,20,0
20200512,2020-05-12,2020,5,May,12,Tuesday,20,0
20200513,2020-05-13,2020,5,May,13,Wednesday,20,0
20200514,2020-05-14,2020,5,May,14,Thursday,20,0
20200515,2020-05-15,2020,5,May,15,Friday,20,0
20200516,2020-05-16,2020,5,May,16,Saturday,20,1
20200517,2020-05-17,2020,5,May,17,Sunday,20,1
20200518,2020-05-18,2020,5,May,18,Monday,21,0
20200519,2020-05-19,2020,5,May,19,Tuesday,21,0
20200520,2020-05-20,2020,5,May,20,Wednesday,21,0
20200521,2020-05-21,2020,5,May,21,Thursday,21,0
20200522,2020-05-22,2020,5,May,22,Friday,21,0
20200523,2020-05-23,2020,5,May,23,Saturday,21,1
20200524,2020-05-24,2020,5,May,24,Sunday,21,1
20200525,2020-05-25,2020,5,May,25,Monday,22,0
20200526,2020-05-26,2020,5,May,26,Tuesday,22,0
20200527,2020-05-27,2020,5,May,27,Wednesday,22,0
20200528,2020-05-28,2020,5,May,28,Thursday,22,0
20200529,2020-05-29,2020,5,May,29,Friday,22,0
20200530,2020-05-30,2020,5,May,30,Saturday,22,1
20200531,2020-05-31,2020,5,May,31,Sunday,22,1
20200601,2020-06-01,2020,6,June,1,Monday,23,0
20200602,2020-06-02,2020,6,June,2,Tuesday,23,0
20200603,2020-06-03,2020,6,June,3,Wednesday,23,0
20200604,2020-06-04,2020,6,June,4,Thursday,23,0
20200605,2020-06-05,2020,6,June,5,Friday,23,0
20200606,2020-06-06,2020,6,June,6,Saturday,23,1
20200607,2020-06-07,2020,6,June,7,Sunday,23,1
20200608,2020-06-08,2020,6,June,8,Monday,24,0
20200609,2020-06-09,2020,6,June,9,Tuesday,24,0
20200610,2020-06-10,2020,6,June,10,Wednesday,24,0
20200611,2020-06-11,2020,6,June,11,Thursday,24,0
20200612,2020-06-12,2020,6,June,12,Friday,24,0
20200613,2020-06-13,2020,6,June,13,Saturday,24,1
20200614,2020-06-14,2020,6,June,14,Sunday,24,1
20200615,2020-06-15,2020,6,June,15,Monday,25,0
20200616,2020-06-16,2020,6,June,16,Tuesday,25,0
20200617,2020-06-17,2020,6,June,17,Wednesday,25,0
20200618,2020-06-18,2020,6,June,18,Thursday,25,0
20200619,2020-06-19,2020,6,June,19,Friday,25,0
20200620,2020-06-20,2020,6,June,20,Saturday,25,1
20200621,2020-06-21,2020,6,June,21,Sunday,25,1
20200622,2020-06-22,2020,6,June,22,Monday,26,0
20200623,2020-06-23,2020,6,June,23,Tuesday,26,0
20200624,2020-06-24,2020,6,June,24,Wednesday,26,0
20200625,2020-06-25,2020,6,June,25,Thursday,26,0
20200626,2020-06-26,2020,6,June,26,Friday,26,0
20200627,2020-06-27,2020,6,June,27,Saturday,26,1
20200628,2020-06-28,2020,6,June,28,Sunday,26,1
20200629,2020-06-29,2020,6,June,29,Monday,27,0
20200630,2020-06-30,2020,6,June,30,Tuesday,27,0
20200701,2020-07-01,2020,7,July,1,Wednesday,27,0
20200702,2020-07-02,2020,7,July,2,Thursday,27,0
20200703,2020-07-03,2020,7,July,3,Friday,27,0
20200704,2020-07-04,2020,7,July,4,Saturday,27,1
20200705,2020-07-05,2020,7,July,5,Sunday,27,1
20200706,2020-07-06,2020,7,July,6,Monday,28,0
20200707,2020-07-07,2020,7,July,7,Tuesday,28,0
20200708,2020-07-08,2020,7,July,8,Wednesday,28,0
20200709,2020-07-09,2020,7,July,9,Thursday,28,0
20200710,2020-07-10,2020,7,July,10,Friday,28,0
20200711,2020-07-11,2020,7,July,11,Saturday,28,1
20200712,2020-07-12,2020,7,July,12,Sunday,28,1
20200713,2020-07-13,2020,7,July,13,Monday,29,0
20200714,2020-07-14,2020,7,July,14,Tuesday,29,0
20200715,2020-07-15,2020,7,July,15,Wednesday,29,0
20200716,2020-07-16,2020,7,July,16,Thursday,29,0
20200717,2020-07-17,2020,7,July,17,Friday,29,0
20200718,2020-07-18,2020,7,July,18,Saturday,29,1
20200719,2020-07-19,2020,7,July,19,Sunday,29,1
20200720,2020-07-20,2020,7,July,20,Monday,30,0
20200721,2020-07-21,2020,7,July,21,Tuesday,30,0
20200722,2020-07-22,2020,7,July,22,Wednesday,30,0
20200723,2020-07-23,2020,7,July,23,Thursday,30,0
20200724,2020-07-24,2020,7,July,24,Friday,30,0
20200725,2020-07-25,2020,7,July,25,Saturday,30,1
20200726,2020-07-26,2020,7,July,26,Sunday,30,1
20200727,2020-07-27,2020,7,July,27,Monday,31,0
20200728,2020-07-28,2020,7,July,28,Tuesday,31,0
20200729,2020-07-29,2020,7,July,29,Wednesday,31,0
20200730,2020-07-30,2020,7,July,30,Thursday,31,0
20200731,2020-07-31,2020,7,July,31,Friday,31,0
20200801,2020-08-01,2020,8,August,1,Saturday,31,1
20200802,2020-08-02,2020,8,August,2,Sunday,31,1
20200803,2020-08-03,2020,8,August,3,Monday,32,0
20200804,2020-08-04,2020,8,August,4,Tuesday,32,0
20200805,2020-08-05,2020,8,August,5,Wednesday,32,0
20200806,2020-08-06,2020,8,August,6,Thursday,32,0
20200807,2020-08-07,2020,8,August,7,Friday,32,0
20200808,2020-08-08,2020,8,August,8,Saturday,32,1
20200809,2020-08-09,2020,8,August,9,Sunday,32,1
20200810,2020-08-10,2020,8,August,10,Monday,33,0
20200811,2020-08-11,2020,8,August,11,Tuesday,33,0
20200812,2020-08-12,2020,8,August,12,Wednesday,33,0
20200813,2020-08-13,2020,8,August,13,Thursday,33,0
20200814,2020-08-14,2020,8,August,14,Friday,33,0
20200815,2020-08-15,2020,8,August,15,Saturday,33,1
20200816,2020-08-16,2020,8,August,16,Sunday,33,1
20200817,2020-08-17,2020,8,August,17,Monday,34,0
20200818,2020-08-18,2020,8,August,18,Tuesday,34,0
20200819,2020-08-19,2020,8,August,19,Wednesday,34,0
20200820,2020-08-20,2020,8,August,20,Thursday,34,0
20200821,2020-08-21,2020,8,August,21,Friday,34,0
20200822,2020-08-22,2020,8,August,22,Saturday,34,1
20200823,2020-08-23,2020,8,August,23,Sunday,34,1
20200824,2020-08-24,2020,8,August,24,Monday,35,0
20200825,2020-08-25,2020,8,August,25,Tuesday,35,0
20200826,2020-08-26,2020,8,August,26,Wednesday,35,0
20200827,2020-08-27,2020,8,August,27,Thursday,35,0
20200828,2020-08-28,2020,8,August,28,Friday,35,0
20200829,2020-08-29,2020,8,August,29,Saturday,35,1
20200830,2020-08-30,2020,8,August,30,Sunday,35,1
20200831,2020-08-31,2020,8,August,31,Monday,36,0
20200901,2020-09-01,2020,9,September,1,Tuesday,36,0
20200902,2020-09-02,2020,9,September,2,Wednesday,36,0
20200903,2020-09-03,2020,9,September,3,Thursday,36,0
20200904,2020-09-04,2020,9,September,4,Friday,36,0
20200905,2020-09-05,2020,9,September,5,Saturday,36,1
20200906,2020-09-06,2020,9,September,6,Sunday,36,1
20200907,2020-09-07,2020,9,September,7,Monday,37,0
20200908,2020-09-08,2020,9,September,8,Tuesday,37,0
20200909,2020-09-09,2020,9,September,9,Wednesday,37,0
20200910,2020-09-10,2020,9,September,10,Thursday,37,0
20200911,2020-09-11,2020,9,September,11,Friday,37,0
20200912,2020-09-12,2020,9,September,12,Saturday,37,1
20200913,2020-09-13,2020,9,September,13,Sunday,37,1
20200914,2020-09-14,2020,9,September,14,Monday,38,0
20200915,2020-09-15,2020,9,September,15,Tuesday,38,0
20200916,2020-09-16,2020,9,September,16,Wednesday,38,0
20200917,2020-09-17,2020,9,September,17,Thursday,38,0
20200918,2020-09-18,2020,9,September,18,Friday,38,0
20200919,2020-09-19,2020,9,September,19,Saturday,38,1
20200920,2020-09-20,2020,9,September,20,Sunday,38,1
20200921,2020-09-21,2020,9,September,21,Monday,39,0
20200922,2020-09-22,2020,9,September,22,Tuesday,39,0
20200923,2020-09-23,2020,9,September,23,Wednesday,39,0
20200924,2020-09-24,2020,9,September,24,Thursday,39,0
20200925,2020-09-25,2020,9,September,25,Friday,39,0
20200926,2020-09-26,2020,9,September,26,Saturday,39,1
20200927,2020-09-27,2020,9,September,27,Sunday,39,1
20200928,2020-09-28,2020,9,September,28,Monday,40,0
20200929,2020-09-29,2020,9,September,29,Tuesday,40,0
20200930,2020-09-30,2020,9,September,30,Wednesday,40,0
20201001,2020-10-01,2020,10,October,1,Thursday,40,0
20201002,2020-10-02,2020,10,October,2,Friday,40,0
20201003,2020-10-03,2020,10,October,3,Saturday,40,1
20201004,2020-10-04,2020,10,October,4,Sunday,40,1
20201005,2020-10-05,2020,10,October,5,Monday,41,0
20201006,2020-10-06,2020,10,October,6,Tuesday,41,0
20201007,2020-10-07,2020,10,October,7,Wednesday,41,0
20201008,2020-10-08,2020,10,October,8,Thursday,41,0
20201009,2020-10-09,2020,10,October,9,Friday,41,0
20201010,2020-10-10,2020,10,October,10,Saturday,41,1
20201011,2020-10-11,2020,10,October,11,Sunday,41,1
20201012,2020-10-12,2020,10,October,12,Monday,42,0
20201013,2020-10-13,2020,10,October,13,Tuesday,42,0
20201014,2020-10-14,2020,10,October,14,Wednesday,42,0
20201015,2020-10-15,2020,10,October,15,Thursday,42,0
20201016,2020-10-16,2020,10,October,16,Friday,42,0
20201017,2020-10-17,2020,10,October,17,Saturday,42,1
20201018,2020-10-18,2020,10,October,18,Sunday,42,1
20201019,2020-10-19,2020,10,October,19,Monday,43,0
20201020,2020-10-20,2020,10,October,20,Tuesday,43,0
20201021,2020-10-21,2020,10,October,21,Wednesday,43,0
20201022,2020-10-22,2020,10,October,22,Thursday,43,0
20201023,2020-10-23,2020,10,October,23,Friday,43,0
20201024,2020-10-24,2020,10,October,24,Saturday,43,1
20201025,2020-10-25,2020,10,October,25,Sunday,43,1
20201026,2020-10-26,2020,10,October,26,Monday,44,0
20201027,2020-10-27,2020,10,October,27,Tuesday,44,0
20201028,2020-10-28,2020,10,October,28,Wednesday,44,0
20201029,2020-10-29,2020,10,October,29,Thursday,44,0
20201030,2020-10-30,2020,10,October,30,Friday,44,0
20201031,2020-10-31,2020,10,October,31,Saturday,44,1
20201101,2020-11-01,2020,11,November,1,Sunday,44,1
20201102,2020-11-02,2020,11,November,2,Monday,45,0
20201103,2020-11-03,2020,11,November,3,Tuesday,45,0
20201104,2020-11-04,2020,11,November,4,Wednesday,45,0
20201105,2020-11-05,2020,11,November,5,Thursday,45,0
20201106,2020-11-06,2020,11,November,6,Friday,45,0
20201107,2020-11-07,2020,11,November,7,Saturday,45,1
20201108,2020-11-08,2020,11,November,8,Sunday,45,1
20201109,2020-11-09,2020,11,November,9,Monday,46,0
20201110,2020-11-10,2020,11,November,10,Tuesday,46,0
20201111,2020-11-11,2020,11,November,11,Wednesday,46,0
20201112,2020-11-12,2020,11,November,12,Thursday,46,0
20201113,2020-11-13,2020,11,November,13,Friday,46,0
20201114,2020-11-14,2020,11,November,14,Saturday,46,1
20201115,2020-11-15,2020,11,November,15,Sunday,46,1
20201116,2020-11-16,2020,11,November,16,Monday,47,0
20201117,2020-11-17,2020,11,November,17,Tuesday,47,0
20201118,2020-11-18,2020,11,November,18,Wednesday,47,0
20201119,2020-11-19,2020,11,November,19,Thursday,47,0
20201120,2020-11-20,2020,11,November,20,Friday,47,0
20201121,2020-11-21,2020,11,November,21,Saturday,47,1
20201122,2020-11-22,2020,11,November,22,Sunday,47,1
20201123,2020-11-23,2020,11,November,23,Monday,48,0
20201124,2020-11-24,2020,11,November,24,Tuesday,48,0
20201125,2020-11-25,2020,11,November,25,Wednesday,48,0
20201126,2020-11-26,2020,11,November,26,Thursday,48,0
20201127,2020-11-27,2020,11,November,27,Friday,48,0
20201128,2020-11-28,2020,11,November,28,Saturday,48,1
20201129,2020-11-29,2020,11,November,29,Sunday,48,1
20201130,2020-11-30,2020,11,November,30,Monday,49,0
20201201,2020-12-01,2020,12,December,1,Tuesday,49,0
20201202,2020-12-02,2020,12,December,2,Wednesday,49,0
20201203,2020-12-03,2020,12,December,3,Thursday,49,0
20201204,2020-12-04,2020,12,December,4,Friday,49,0
20201205,2020-12-05,2020,12,December,5,Saturday,49,1
20201206,2020-12-06,2020,12,December,6,Sunday,49,1
20201207,2020-12-07,2020,12,December,7,Monday,50,0
20201208,2020-12-08,2020,12,December,8,Tuesday,50,0
20201209,2020-12-09,2020,12,December,9,Wednesday,50,0
20201210,2020-12-10,2020,12,December,10,Thursday,50,0
20201211,2020-12-11,2020,12,December,11,Friday,50,0
20201212,2020-12-12,2020,12,December,12,Saturday,50,1
20201213,2020-12-13,2020,12,December,13,Sunday,50,1
20201214,2020-12-14,2020,12,December,14,Monday,51,0
20201215,2020-12-15,2020,12,December,15,Tuesday,51,0
20201216,2020-12-16,2020,12,December,16,Wednesday,51,0
20201217,2020-12-17,2020,12,December,17,Thursday,51,0
20201218,2020-12-18,2020,12,December,18,Friday,51,0
20201219,2020-12-19,2020,12,December,19,Saturday,51,1
20201220,2020-12-20,2020,12,December,20,Sunday,51,1
20201221,2020-12-21,2020,12,December,21,Monday,52,0
20201222,2020-12-22,2020,12,December,22,Tuesday,52,0
20201223,2020-12-23,2020,12,December,23,Wednesday,52,0
20201224,2020-12-24,2020,12,December,24,Thursday,52,0
20201225,2020-12-25,2020,12,December,25,Friday,52,0
20201226,2020-12-26,2020,12,December,26,Saturday,52,1
20201227,2020-12-27,2020,12,December,27,Sunday,52,1
20201228,2020-12-28,2020,12,December,28,Monday,53,0
20201229,2020-12-29,2020,12,December,29,Tuesday,53,0
20201230,2020-12-30,2020,12,December,30,Wednesday,53,0
20201231,2020-12-31,2020,12,December,31,Thursday,53,0
20210101,2021-01-01,2021,1,January,1,Friday,53,0
20210102,2021-01-02,2021,1,January,2,Saturday,53,1
20210103,2021-01-03,2021,1,January,3,Sunday,53,1
20210104,2021-01-04,2021,1,January,4,Monday,1,0
20210105,2021-01-05,2021,1,January,5,Tuesday,1,0
20210106,2021-01-06,2021,1,January,6,Wednesday,1,0
20210107,2021-01-07,2021,1,January,7,Thursday,1,0
20210108,2021-01-08,2021,1,January,8,Friday,1,0
20210109,2021-01-09,2021,1,January,9,Saturday,1,1
20210110,2021-01-10,2021,1,January,10,Sunday,1,1
20210111,2021-01-11,2021,1,January,11,Monday,2,0
20210112,2021-01-12,2021,1,January,12,Tuesday,2,0
20210113,2021-01-13,2021,1,January,13,Wednesday,2,0
20210114,2021-01-14,2021,1,January,14,Thursday,2,0
20210115,2021-01-15,2021,1,January,15,Friday,2,0
20210116,2021-01-16,2021,1,January,16,Saturday,2,1
20210117,2021-01-17,2021,1,January,17,Sunday,2,1
20210118,2021-01-18,2021,1,January,18,Monday,3,0
20210119,2021-01-19,2021,1,January,19,Tuesday,3,0
20210120,2021-01-20,2021,1,January,20,Wednesday,3,0
20210121,2021-01-21,2021,1,January,21,Thursday,3,0
20210122,2021-01-22,2021,1,January,22,Friday,3,0
20210123,2021-01-23,2021,1,January,23,Saturday,3,1
20210124,2021-01-24,2021,1,January,24,Sunday,3,1
20210125,2021-01-25,2021,1,January,25,Monday,4,0
20210126,2021-01-26,2021,1,January,26,Tuesday,4,0
20210127,2021-01-27,2021,1,January,27,Wednesday,4,0
20210128,2021-01-28,2021,1,January,28,Thursday,4,0
20210129,2021-01-29,2021,1,January,29,Friday,4,0
20210130,2021-01-30,2021,1,January,30,Saturday,4,1
20210131,2021-01-31,2021,1,January,31,Sunday,4,1
20210201,2021-02-01,2021,2,February,1,Monday,5,0
20210202,2021-02-02,2021,2,February,2,Tuesday,5,0
20210203,2021-02-03,2021,2,February,3,Wednesday,5,0
20210204,2021-02-04,2021,2,February,4,Thursday,5,0
20210205,2021-02-05,2021,2,February,5,Friday,5,0
20210206,2021-02-06,2021,2,February,6,Saturday,5,1
20210207,2021-02-07,2021,2,February,7,Sunday,5,1
20210208,2021-02-08,2021,2,February,8,Monday,6,0
20210209,2021-02-09,2021,2,February,9,Tuesday,6,0
20210210,2021-02-10,2021,2,February,10,Wednesday,6,0
20210211,2021-02-11,2021,2,February,11,Thursday,6,0
20210212,2021-02-12,2021,2,February,12,Friday,6,0
20210213,2021-02-13,2021,2,February,13,Saturday,6,1
20210214,2021-02-14,2021,2,February,14,Sunday,6,1
20210215,2021-02-15,2021,2,February,15,Monday,7,0
20210216,2021-02-16,2021,2,February,16,Tuesday,7,0
20210217,2021-02-17,2021,2,February,17,Wednesday,7,0
20210218,2021-02-18,2021,2,February,18,Thursday,7,0
20210219,2021-02-19,2021,2,February,19,Friday,7,0
20210220,2021-02-20,2021,2,February,20,Saturday,7,1
20210221,2021-02-21,2021,2,February,21,Sunday,7,1
20210222,2021-02-22,2021,2,February,22,Monday,8,0
20210223,2021-02-23,2021,2,February,23,Tuesday,8,0
20210224,2021-02-24,2021,2,February,24,Wednesday,8,0
20210225,2021-02-25,2021,2,February,25,Thursday,8,0
20210226,2021-02-26,2021,2,February,26,Friday,8,0
20210227,2021-02-27,2021,2,February,27,Saturday,8,1
20210228,2021-02-28,2021,2,February,28,Sunday,8,1
20210301,2021-03-01,2021,3,March,1,Monday,9,0
20210302,2021-03-02,2021,3,March,2,Tuesday,9,0
20210303,2021-03-03,2021,3,March,3,Wednesday,9,0
20210304,2021-03-04,2021,3,March,4,Thursday,9,0
20210305,2021-03-05,2021,3,March,5,Friday,9,0
20210306,2021-03-06,2021,3,March,6,Saturday,9,1
20210307,2021-03-07,2021,3,March,7,Sunday,9,1
20210308,2021-03-08,2021,3,March,8,Monday,10,0
20210309,2021-03-09,2021,3,March,9,Tuesday,10,0
20210310,2021-03-10,2021,3,March,10,Wednesday,10,0
20210311,2021-03-11,2021,3,March,11,Thursday,10,0
20210312,2021-03-12,2021,3,March,12,Friday,10,0
20210313,2021-03-13,2021,3,March,13,Saturday,10,1
20210314,2021-03-14,2021,3,March,14,Sunday,10,1
20210315,2021-03-15,2021,3,March,15,Monday,11,0
20210316,2021-03-16,2021,3,March,16,Tuesday,11,0
20210317,2021-03-17,2021,3,March,17,Wednesday,11,0
20210318,2021-03-18,2021,3,March,18,Thursday,11,0
20210319,2021-03-19,2021,3,March,19,Friday,11,0
20210320,2021-03-20,2021,3,March,20,Saturday,11,1
20210321,2021-03-21,2021,3,March,21,Sunday,11,1
20210322,2021-03-22,2021,3,March,22,Monday,12,0
20210323,2021-03-23,2021,3,March,23,Tuesday,12,0
20210324,2021-03-24,2021,3,March,24,Wednesday,12,0
20210325,2021-03-25,2021,3,March,25,Thursday,12,0
20210326,2021-03-26,2021,3,March,26,Friday,12,0
20210327,2021-03-27,2021,3,March,27,Saturday,12,1
20210328,2021-03-28,2021,3,March,28,Sunday,12,1
20210329,2021-03-29,2021,3,March,29,Monday,13,0
20210330,2021-03-30,2021,3,March,30,Tuesday,13,0
20210331,2021-03-31,2021,3,March,31,Wednesday,13,0
20210401,2021-04-01,2021,4,April,1,Thursday,13,0
20210402,2021-04-02,2021,4,April,2,Friday,13,0
20210403,2021-04-03,2021,4,April,3,Saturday,13,1
20210404,2021-04-04,2021,4,April,4,Sunday,13,1
20210405,2021-04-05,2021,4,April,5,Monday,14,0
20210406,2021-04-06,2021,4,April,6,Tuesday,14,0
20210407,2021-04-07,2021,4,April,7,Wednesday,14,0
20210408,2021-04-08,2021,4,April,8,Thursday,14,0
20210409,2021-04-09,2021,4,April,9,Friday,14,0
20210410,2021-04-10,2021,4,April,10,Saturday,14,1
20210411,2021-04-11,2021,4,April,11,Sunday,14,1
20210412,2021-04-12,2021,4,April,12,Monday,15,0
20210413,2021-04-13,2021,4,April,13,Tuesday,15,0
20210414,2021-04-14,2021,4,April,14,Wednesday,15,0
20210415,2021-04-15,2021,4,April,15,Thursday,15,0
20210416,2021-04-16,2021,4,April,16,Friday,15,0
20210417,2021-04-17,2021,4,April,17,Saturday,15,1
20210418,2021-04-18,2021,4,April,18,Sunday,15,1
20210419,2021-04-19,2021,4,April,19,Monday,16,0
20210420,2021-04-20,2021,4,April,20,Tuesday,16,0
20210421,2021-04-21,2021,4,April,21,Wednesday,16,0
20210422,2021-04-22,2021,4,April,22,Thursday,16,0
20210423,2021-04-23,2021,4,April,23,Friday,16,0
20210424,2021-04-24,2021,4,April,24,Saturday,16,1
20210425,2021-04-25,2021,4,April,25,Sunday,16,1
20210426,2021-04-26,2021,4,April,26,Monday,17,0
20210427,2021-04-27,2021,4,April,27,Tuesday,17,0
20210428,2021-04-28,2021,4,April,28,Wednesday,17,0
20210429,2021-04-29,2021,4,April,29,Thursday,17,0
20210430,2021-04-30,2021,4,April,30,Friday,17,0
20210501,2021-05-01,2021,5,May,1,Saturday,17,1
20210502,2021-05-02,2021,5,May,2,Sunday,17,1
20210503,2021-05-03,2021,5,May,3,Monday,18,0
20210504,2021-05-04,2021,5,May,4,Tuesday,18,0
20210505,2021-05-05,2021,5,May,5,Wednesday,18,0
20210506,2021-05-06,2021,5,May,6,Thursday,18,0
20210507,2021-05-07,2021,5,May,7,Friday,18,0
20210508,2021-05-08,2021,5,May,8,Saturday,18,1
20210509,2021-05-09,2021,5,May,9,Sunday,18,1
20210510,2021-05-10,2021,5,May,10,Monday,19,0
20210511,2021-05-11,2021,5,May,11,Tuesday,19,0
20210512,2021-05-12,2021,5,May,12,Wednesday,19,0
20210513,2021-05-13,2021,5,May,13,Thursday,19,0
20210514,2021-05-14,2021,5,May,14,Friday,19,0
20210515,2021-05-15,2021,5,May,15,Saturday,19,1
20210516,2021-05-16,2021,5,May,16,Sunday,19,1
20210517,2021-05-17,2021,5,May,17,Monday,20,0
20210518,2021-05-18,2021,5,May,18,Tuesday,20,0
20210519,2021-05-19,2021,5,May,19,Wednesday,20,0
20210520,2021-05-20,2021,5,May,20,Thursday,20,0
20210521,2021-05-21,2021,5,May,21,Friday,20,0
20210522,2021-05-22,2021,5,May,22,Saturday,20,1
20210523,2021-05-23,2021,5,May,23,Sunday,20,1
20210524,2021-05-24,2021,5,May,24,Monday,21,0
20210525,2021-05-25,2021,5,May,25,Tuesday,21,0
20210526,2021-05-26,2021,5,May,26,Wednesday,21,0
20210527,2021-05-27,2021,5,May,27,Thursday,21,0
20210528,2021-05-28,2021,5,May,28,Friday,21,0
20210529,2021-05-29,2021,5,May,29,Saturday,21,1
20210530,2021-05-30,2021,5,May,30,Sunday,21,1
20210531,2021-05-31,2021,5,May,31,Monday,22,0
20210601,2021-06-01,2021,6,June,1,Tuesday,22,0
20210602,2021-06-02,2021,6,June,2,Wednesday,22,0
20210603,2021-06-03,2021,6,June,3,Thursday,22,0
20210604,2021-06-04,2021,6,June,4,Friday,22,0
20210605,2021-06-05,2021,6,June,5,Saturday,22,1
20210606,2021-06-06,2021,6,June,6,Sunday,22,1
20210607,2021-06-07,2021,6,June,7,Monday,23,0
20210608,2021-06-08,2021,6,June,8,Tuesday,23,0
20210609,2021-06-09,2021,6,June,9,Wednesday,23,0
20210610,2021-06-10,2021,6,June,10,Thursday,23,0
20210611,2021-06-11,2021,6,June,11,Friday,23,0
20210612,2021-06-12,2021,6,June,12,Saturday,23,1
20210613,2021-06-13,2021,6,June,13,Sunday,23,1
20210614,2021-06-14,2021,6,June,14,Monday,24,0
20210615,2021-06-15,2021,6,June,15,Tuesday,24,0
20210616,2021-06-16,2021,6,June,16,Wednesday,24,0
20210617,2021-06-17,2021,6,June,17,Thursday,24,0
20210618,2021-06-18,2021,6,June,18,Friday,24,0
20210619,2021-06-19,2021,6,June,19,Saturday,24,1
20210620,2021-06-20,2021,6,June,20,Sunday,24,1
20210621,2021-06-21,2021,6,June,21,Monday,25,0
20210622,2021-06-22,2021,6,June,22,Tuesday,25,0
20210623,2021-06-23,2021,6,June,23,Wednesday,25,0
20210624,2021-06-24,2021,6,June,24,Thursday,25,0
20210625,2021-06-25,2021,6,June,25,Friday,25,0
20210626,2021-06-26,2021,6,June,26,Saturday,25,1
20210627,2021-06-27,2021,6,June,27,Sunday,25,1
20210628,2021-06-28,2021,6,June,28,Monday,26,0
20210629,2021-06-29,2021,6,June,29,Tuesday,26,0
20210630,2021-06-30,2021,6,June,30,Wednesday,26,0
20210701,2021-07-01,2021,7,July,1,Thursday,26,0
20210702,2021-07-02,2021,7,July,2,Friday,26,0
20210703,2021-07-03,2021,7,July,3,Saturday,26,1
20210704,2021-07-04,2021,7,July,4,Sunday,26,1
20210705,2021-07-05,2021,7,July,5,Monday,27,0
20210706,2021-07-06,2021,7,July,6,Tuesday,27,0
20210707,2021-07-07,2021,7,July,7,Wednesday,27,0
20210708,2021-07-08,2021,7,July,8,Thursday,27,0
20210709,2021-07-09,2021,7,July,9,Friday,27,0
20210710,2021-07-10,2021,7,July,10,Saturday,27,1
20210711,2021-07-11,2021,7,July,11,Sunday,27,1
20210712,2021-07-12,2021,7,July,12,Monday,28,0
20210713,2021-07-13,2021,7,July,13,Tuesday,28,0
20210714,2021-07-14,2021,7,July,14,Wednesday,28,0
20210715,2021-07-15,2021,7,July,15,Thursday,28,0
20210716,2021-07-16,2021,7,July,16,Friday,28,0
20210717,2021-07-17,2021,7,July,17,Saturday,28,1
20210718,2021-07-18,2021,7,July,18,Sunday,28,1
20210719,2021-07-19,2021,7,July,19,Monday,29,0
20210720,2021-07-20,2021,7,July,20,Tuesday,29,0
20210721,2021-07-21,2021,7,July,21,Wednesday,29,0
20210722,2021-07-22,2021,7,July,22,Thursday,29,0
20210723,2021-07-23,2021,7,July,23,Friday,29,0
20210724,2021-07-24,2021,7,July,24,Saturday,29,1
20210725,2021-07-25,2021,7,July,25,Sunday,29,1
20210726,2021-07-26,2021,7,July,26,Monday,30,0
20210727,2021-07-27,2021,7,July,27,Tuesday,30,0
20210728,2021-07-28,2021,7,July,28,Wednesday,30,0
20210729,2021-07-29,2021,7,July,29,Thursday,30,0
20210730,2021-07-30,2021,7,July,30,Friday,30,0
20210731,2021-07-31,2021,7,July,31,Saturday,30,1
20210801,2021-08-01,2021,8,August,1,Sunday,30,1
20210802,2021-08-02,2021,8,August,2,Monday,31,0
20210803,2021-08-03,2021,8,August,3,Tuesday,31,0
20210804,2021-08-04,2021,8,August,4,Wednesday,31,0
20210805,2021-08-05,2021,8,August,5,Thursday,31,0
20210806,2021-08-06,2021,8,August,6,Friday,31,0
20210807,2021-08-07,2021,8,August,7,Saturday,31,1
20210808,2021-08-08,2021,8,August,8,Sunday,31,1
20210809,2021-08-09,2021,8,August,9,Monday,32,0
20210810,2021-08-10,2021,8,August,10,Tuesday,32,0
20210811,2021-08-11,2021,8,August,11,Wednesday,32,0
20210812,2021-08-12,2021,8,August,12,Thursday,32,0
20210813,2021-08-13,2021,8,August,13,Friday,32,0
20210814,2021-08-14,2021,8,August,14,Saturday,32,1
20210815,2021-08-15,2021,8,August,15,Sunday,32,1
20210816,2021-08-16,2021,8,August,16,Monday,33,0
20210817,2021-08-17,2021,8,August,17,Tuesday,33,0
20210818,2021-08-18,2021,8,August,18,Wednesday,33,0
20210819,2021-08-19,2021,8,August,19,Thursday,33,0
20210820,2021-08-20,2021,8,August,20,Friday,33,0
20210821,2021-08-21,2021,8,August,21,Saturday,33,1
20210822,2021-08-22,2021,8,August,22,Sunday,33,1
20210823,2021-08-23,2021,8,August,23,Monday,34,0
20210824,2021-08-24,2021,8,August,24,Tuesday,34,0
20210825,2021-08-25,2021,8,August,25,Wednesday,34,0
20210826,2021-08-26,2021,8,August,26,Thursday,34,0
20210827,2021-08-27,2021,8,August,27,Friday,34,0
20210828,2021-08-28,2021,8,August,28,Saturday,34,1
20210829,2021-08-29,2021,8,August,29,Sunday,34,1
20210830,2021-08-30,2021,8,August,30,Monday,35,0
20210831,2021-08-31,2021,8,August,31,Tuesday,35,0
20210901,2021-09-01,2021,9,September,1,Wednesday,35,0
20210902,2021-09-02,2021,9,September,2,Thursday,35,0
20210903,2021-09-03,2021,9,September,3,Friday,35,0
20210904,2021-09-04,2021,9,September,4,Saturday,35,1
20210905,2021-09-05,2021,9,September,5,Sunday,35,1
20210906,2021-09-06,2021,9,September,6,Monday,36,0
20210907,2021-09-07,2021,9,September,7,Tuesday,36,0
20210908,2021-09-08,2021,9,September,8,Wednesday,36,0
20210909,2021-09-09,2021,9,September,9,Thursday,36,0
20210910,2021-09-10,2021,9,September,10,Friday,36,0
20210911,2021-09-11,2021,9,September,11,Saturday,36,1
20210912,2021-09-12,2021,9,September,12,Sunday,36,1
20210913,2021-09-13,2021,9,September,13,Monday,37,0
20210914,2021-09-14,2021,9,September,14,Tuesday,37,0
20210915,2021-09-15,2021,9,September,15,Wednesday,37,0
20210916,2021-09-16,2021,9,September,16,Thursday,37,0
20210917,2021-09-17,2021,9,September,17,Friday,37,0
20210918,2021-09-18,2021,9,September,18,Saturday,37,1
20210919,2021-09-19,2021,9,September,19,Sunday,37,1
20210920,2021-09-20,2021,9,September,20,Monday,38,0
20210921,2021-09-21,2021,9,September,21,Tuesday,38,0
20210922,2021-09-22,2021,9,September,22,Wednesday,38,0
20210923,2021-09-23,2021,9,September,23,Thursday,38,0
20210924,2021-09-24,2021,9,September,24,Friday,38,0
20210925,2021-09-25,2021,9,September,25,Saturday,38,1
20210926,2021-09-26,2021,9,September,26,Sunday,38,1
20210927,2021-09-27,2021,9,September,27,Monday,39,0
20210928,2021-09-28,2021,9,September,28,Tuesday,39,0
20210929,2021-09-29,2021,9,September,29,Wednesday,39,0
20210930,2021-09-30,2021,9,September,30,Thursday,39,0
20211001,2021-10-01,2021,10,October,1,Friday,39,0
20211002,2021-10-02,2021,10,October,2,Saturday,39,1
20211003,2021-10-03,2021,10,October,3,Sunday,39,1
20211004,2021-10-04,2021,10,October,4,Monday,40,0
20211005,2021-10-05,2021,10,October,5,Tuesday,40,0
20211006,2021-10-06,2021,10,October,6,Wednesday,40,0
20211007,2021-10-07,2021,10,October,7,Thursday,40,0
20211008,2021-10-08,2021,10,October,8,Friday,40,0
20211009,2021-10-09,2021,10,October,9,Saturday,40,1
20211010,2021-10-10,2021,10,October,10,Sunday,40,1
20211011,2021-10-11,2021,10,October,11,Monday,41,0
20211012,2021-10-12,2021,10,October,12,Tuesday,41,0
20211013,2021-10-13,2021,10,October,13,Wednesday,41,0
20211014,2021-10-14,2021,10,October,14,Thursday,41,0
20211015,2021-10-15,2021,10,October,15,Friday,41,0
20211016,2021-10-16,2021,10,October,16,Saturday,41,1
20211017,2021-10-17,2021,10,October,17,Sunday,41,1
20211018,2021-10-18,2021,10,October,18,Monday,42,0
20211019,2021-10-19,2021,10,October,19,Tuesday,42,0
20211020,2021-10-20,2021,10,October,20,Wednesday,42,0
20211021,2021-10-21,2021,10,October,21,Thursday,42,0
20211022,2021-10-22,2021,10,October,22,Friday,42,0
20211023,2021-10-23,2021,10,October,23,Saturday,42,1
20211024,2021-10-24,2021,10,October,24,Sunday,42,1
20211025,2021-10-25,2021,10,October,25,Monday,43,0
20211026,2021-10-26,2021,10,October,26,Tuesday,43,0
20211027,2021-10-27,2021,10,October,27,Wednesday,43,0
20211028,2021-10-28,2021,10,October,28,Thursday,43,0
20211029,2021-10-29,2021,10,October,29,Friday,43,0
20211030,2021-10-30,2021,10,October,30,Saturday,43,1
20211031,2021-10-31,2021,10,October,31,Sunday,43,1
20211101,2021-11-01,2021,11,November,1,Monday,44,0
20211102,2021-11-02,2021,11,November,2,Tuesday,44,0
20211103,2021-11-03,2021,11,November,3,Wednesday,44,0
20211104,2021-11-04,2021,11,November,4,Thursday,44,0
20211105,2021-11-05,2021,11,November,5,Friday,44,0
20211106,2021-11-06,2021,11,November,6,Saturday,44,1
20211107,2021-11-07,2021,11,November,7,Sunday,44,1
20211108,2021-11-08,2021,11,November,8,Monday,45,0
20211109,2021-11-09,2021,11,November,9,Tuesday,45,0
20211110,2021-11-10,2021,11,November,10,Wednesday,45,0
20211111,2021-11-11,2021,11,November,11,Thursday,45,0
20211112,2021-11-12,2021,11,November,12,Friday,45,0
20211113,2021-11-13,2021,11,November,13,Saturday,45,1
20211114,2021-11-14,2021,11,November,14,Sunday,45,1
20211115,2021-11-15,2021,11,November,15,Monday,46,0
20211116,2021-11-16,2021,11,November,16,Tuesday,46,0
20211117,2021-11-17,2021,11,November,17,Wednesday,46,0
20211118,2021-11-18,2021,11,November,18,Thursday,46,0
20211119,2021-11-19,2021,11,November,19,Friday,46,0
20211120,2021-11-20,2021,11,November,20,Saturday,46,1
20211121,2021-11-21,2021,11,November,21,Sunday,46,1
20211122,2021-11-22,2021,11,November,22,Monday,47,0
20211123,2021-11-23,2021,11,November,23,Tuesday,47,0
20211124,2021-11-24,2021,11,November,24,Wednesday,47,0
20211125,2021-11-25,2021,11,November,25,Thursday,47,0
20211126,2021-11-26,2021,11,November,26,Friday,47,0
20211127,2021-11-27,2021,11,November,27,Saturday,47,1
20211128,2021-11-28,2021,11,November,28,Sunday,47,1
20211129,2021-11-29,2021,11,November,29,Monday,48,0
20211130,2021-11-30,2021,11,November,30,Tuesday,48,0
20211201,2021-12-01,2021,12,December,1,Wednesday,48,0
20211202,2021-12-02,2021,12,December,2,Thursday,48,0
20211203,2021-12-03,2021,12,December,3,Friday,48,0
20211204,2021-12-04,2021,12,December,4,Saturday,48,1
20211205,2021-12-05,2021,12,December,5,Sunday,48,1
20211206,2021-12-06,2021,12,December,6,Monday,49,0
20211207,2021-12-07,2021,12,December,7,Tuesday,49,0
20211208,2021-12-08,2021,12,December,8,Wednesday,49,0
20211209,2021-12-09,2021,12,December,9,Thursday,49,0
20211210,2021-12-10,2021,12,December,10,Friday,49,0
20211211,2021-12-11,2021,12,December,11,Saturday,49,1
20211212,2021-12-12,2021,12,December,12,Sunday,49,1
20211213,2021-12-13,2021,12,December,13,Monday,50,0
20211214,2021-12-14,2021,12,December,14,Tuesday,50,0
20211215,2021-12-15,2021,12,December,15,Wednesday,50,0
20211216,2021-12-16,2021,12,December,16,Thursday,50,0
20211217,2021-12-17,2021,12,December,17,Friday,50,0
20211218,2021-12-18,2021,12,December,18,Saturday,50,1
20211219,2021-12-19,2021,12,December,19,Sunday,50,1
20211220,2021-12-20,2021,12,December,20,Monday,51,0
20211221,2021-12-21,2021,12,December,21,Tuesday,51,0
20211222,2021-12-22,2021,12,December,22,Wednesday,51,0
20211223,2021-12-23,2021,12,December,23,Thursday,51,0
20211224,2021-12-24,2021,12,December,24,Friday,51,0
20211225,2021-12-25,2021,12,December,25,Saturday,51,1
20211226,2021-12-26,2021,12,December,26,Sunday,51,1
20211227,2021-12-27,2021,12,December,27,Monday,52,0
20211228,2021-12-28,2021,12,December,28,Tuesday,52,0
20211229,2021-12-29,2021,12,December,29,Wednesday,52,0
20211230,2021-12-30,2021,12,December,30,Thursday,52,0
20211231,2021-12-31,2021,12,December,31,Friday,52,0
20220101,2022-01-01,2022,1,January,1,Saturday,52,1
20220102,2022-01-02,2022,1,January,2,Sunday,52,1
20220103,2022-01-03,2022,1,January,3,Monday,1,0
20220104,2022-01-04,2022,1,January,4,Tuesday,1,0
20220105,2022-01-05,2022,1,January,5,Wednesday,1,0
20220106,2022-01-06,2022,1,January,6,Thursday,1,0
20220107,2022-01-07,2022,1,January,7,Friday,1,0
20220108,2022-01-08,2022,1,January,8,Saturday,1,1
20220109,2022-01-09,2022,1,January,9,Sunday,1,1
20220110,2022-01-10,2022,1,January,10,Monday,2,0
20220111,2022-01-11,2022,1,January,11,Tuesday,2,0
20220112,2022-01-12,2022,1,January,12,Wednesday,2,0
20220113,2022-01-13,2022,1,January,13,Thursday,2,0
20220114,2022-01-14,2022,1,January,14,Friday,2,0
20220115,2022-01-15,2022,1,January,15,Saturday,2,1
20220116,2022-01-16,2022,1,January,16,Sunday,2,1
20220117,2022-01-17,2022,1,January,17,Monday,3,0
20220118,2022-01-18,2022,1,January,18,Tuesday,3,0
20220119,2022-01-19,2022,1,January,19,Wednesday,3,0
20220120,2022-01-20,2022,1,January,20,Thursday,3,0
20220121,2022-01-21,2022,1,January,21,Friday,3,0
20220122,2022-01-22,2022,1,January,22,Saturday,3,1
20220123,2022-01-23,2022,1,January,23,Sunday,3,1
20220124,2022-01-24,2022,1,January,24,Monday,4,0
20220125,2022-01-25,2022,1,January,25,Tuesday,4,0
20220126,2022-01-26,2022,1,January,26,Wednesday,4,0
20220127,2022-01-27,2022,1,January,27,Thursday,4,0
20220128,2022-01-28,2022,1,January,28,Friday,4,0
20220129,2022-01-29,2022,1,January,29,Saturday,4,1
20220130,2022-01-30,2022,1,January,30,Sunday,4,1
20220131,2022-01-31,2022,1,January,31,Monday,5,0
20220201,2022-02-01,2022,2,February,1,Tuesday,5,0
20220202,2022-02-02,2022,2,February,2,Wednesday,5,0
20220203,2022-02-03,2022,2,February,3,Thursday,5,0
20220204,2022-02-04,2022,2,February,4,Friday,5,0
20220205,2022-02-05,2022,2,February,5,Saturday,5,1
20220206,2022-02-06,2022,2,February,6,Sunday,5,1
20220207,2022-02-07,2022,2,February,7,Monday,6,0
20220208,2022-02-08,2022,2,February,8,Tuesday,6,0
20220209,2022-02-09,2022,2,February,9,Wednesday,6,0
20220210,2022-02-10,2022,2,February,10,Thursday,6,0
20220211,2022-02-11,2022,2,February,11,Friday,6,0
20220212,2022-02-12,2022,2,February,12,Saturday,6,1
20220213,2022-02-13,2022,2,February,13,Sunday,6,1
20220214,2022-02-14,2022,2,February,14,Monday,7,0
20220215,2022-02-15,2022,2,February,15,Tuesday,7,0
20220216,2022-02-16,2022,2,February,16,Wednesday,7,0
20220217,2022-02-17,2022,2,February,17,Thursday,7,0
20220218,2022-02-18,2022,2,February,18,Friday,7,0
20220219,2022-02-19,2022,2,February,19,Saturday,7,1
20220220,2022-02-20,2022,2,February,20,Sunday,7,1
20220221,2022-02-21,2022,2,February,21,Monday,8,0
20220222,2022-02-22,2022,2,February,22,Tuesday,8,0
20220223,2022-02-23,2022,2,February,23,Wednesday,8,0
20220224,2022-02-24,2022,2,February,24,Thursday,8,0
20220225,2022-02-25,2022,2,February,25,Friday,8,0
20220226,2022-02-26,2022,2,February,26,Saturday,8,1
20220227,2022-02-27,2022,2,February,27,Sunday,8,1
20220228,2022-02-28,2022,2,February,28,Monday,9,0
20220301,2022-03-01,2022,3,March,1,Tuesday,9,0
20220302,2022-03-02,2022,3,March,2,Wednesday,9,0
20220303,2022-03-03,2022,3,March,3,Thursday,9,0
20220304,2022-03-04,2022,3,March,4,Friday,9,0
20220305,2022-03-05,2022,3,March,5,Saturday,9,1
20220306,2022-03-06,2022,3,March,6,Sunday,9,1
20220307,2022-03-07,2022,3,March,7,Monday,10,0
20220308,2022-03-08,2022,3,March,8,Tuesday,10,0
20220309,2022-03-09,2022,3,March,9,Wednesday,10,0
20220310,2022-03-10,2022,3,March,10,Thursday,10,0
20220311,2022-03-11,2022,3,March,11,Friday,10,0
20220312,2022-03-12,2022,3,March,12,Saturday,10,1
20220313,2022-03-13,2022,3,March,13,Sunday,10,1
20220314,2022-03-14,2022,3,March,14,Monday,11,0
20220315,2022-03-15,2022,3,March,15,Tuesday,11,0
20220316,2022-03-16,2022,3,March,16,Wednesday,11,0
20220317,2022-03-17,2022,3,March,17,Thursday,11,0
20220318,2022-03-18,2022,3,March,18,Friday,11,0
20220319,2022-03-19,2022,3,March,19,Saturday,11,1
20220320,2022-03-20,2022,3,March,20,Sunday,11,1
20220321,2022-03-21,2022,3,March,21,Monday,12,0
20220322,2022-03-22,2022,3,March,22,Tuesday,12,0
20220323,2022-03-23,2022,3,March,23,Wednesday,12,0
20220324,2022-03-24,2022,3,March,24,Thursday,12,0
20220325,2022-03-25,2022,3,March,25,Friday,12,0
20220326,2022-03-26,2022,3,March,26,Saturday,12,1
20220327,2022-03-27,2022,3,March,27,Sunday,12,1
20220328,2022-03-28,2022,3,March,28,Monday,13,0
20220329,2022-03-29,2022,3,March,29,Tuesday,13,0
20220330,2022-03-30,2022,3,March,30,Wednesday,13,0
20220331,2022-03-31,2022,3,March,31,Thursday,13,0
20220401,2022-04-01,2022,4,April,1,Friday,13,0
20220402,2022-04-02,2022,4,April,2,Saturday,13,1
20220403,2022-04-03,2022,4,April,3,Sunday,13,1
20220404,2022-04-04,2022,4,April,4,Monday,14,0
20220405,2022-04-05,2022,4,April,5,Tuesday,14,0
20220406,2022-04-06,2022,4,April,6,Wednesday,14,0
20220407,2022-04-07,2022,4,April,7,Thursday,14,0
20220408,2022-04-08,2022,4,April,8,Friday,14,0
20220409,2022-04-09,2022,4,April,9,Saturday,14,1
20220410,2022-04-10,2022,4,April,10,Sunday,14,1
20220411,2022-04-11,2022,4,April,11,Monday,15,0
20220412,2022-04-12,2022,4,April,12,Tuesday,15,0
20220413,2022-04-13,2022,4,April,13,Wednesday,15,0
20220414,2022-04-14,2022,4,April,14,Thursday,15,0
20220415,2022-04-15,2022,4,April,15,Friday,15,0
20220416,2022-04-16,2022,4,April,16,Saturday,15,1
20220417,2022-04-17,2022,4,April,17,Sunday,15,1
20220418,2022-04-18,2022,4,April,18,Monday,16,0
20220419,2022-04-19,2022,4,April,19,Tuesday,16,0
20220420,2022-04-20,2022,4,April,20,Wednesday,16,0
20220421,2022-04-21,2022,4,April,21,Thursday,16,0
20220422,2022-04-22,2022,4,April,22,Friday,16,0
20220423,2022-04-23,2022,4,April,23,Saturday,16,1
20220424,2022-04-24,2022,4,April,24,Sunday,16,1
20220425,2022-04-25,2022,4,April,25,Monday,17,0
20220426,2022-04-26,2022,4,April,26,Tuesday,17,0
20220427,2022-04-27,2022,4,April,27,Wednesday,17,0
20220428,2022-04-28,2022,4,April,28,Thursday,17,0
20220429,2022-04-29,2022,4,April,29,Friday,17,0
20220430,2022-04-30,2022,4,April,30,Saturday,17,1
20220501,2022-05-01,2022,5,May,1,Sunday,17,1
20220502,2022-05-02,2022,5,May,2,Monday,18,0
20220503,2022-05-03,2022,5,May,3,Tuesday,18,0
20220504,2022-05-04,2022,5,May,4,Wednesday,18,0
20220505,2022-05-05,2022,5,May,5,Thursday,18,0
20220506,2022-05-06,2022,5,May,6,Friday,18,0
20220507,2022-05-07,2022,5,May,7,Saturday,18,1
20220508,2022-05-08,2022,5,May,8,Sunday,18,1
20220509,2022-05-09,2022,5,May,9,Monday,19,0
20220510,2022-05-10,2022,5,May,10,Tuesday,19,0
20220511,2022-05-11,2022,5,May,11,Wednesday,19,0
20220512,2022-05-12,2022,5,May,12,Thursday,19,0
20220513,2022-05-13,2022,5,May,13,Friday,19,0
20220514,2022-05-14,2022,5,May,14,Saturday,19,1
20220515,2022-05-15,2022,5,May,15,Sunday,19,1
20220516,2022-05-16,2022,5,May,16,Monday,20,0
20220517,2022-05-17,2022,5,May,17,Tuesday,20,0
20220518,2022-05-18,2022,5,May,18,Wednesday,20,0
20220519,2022-05-19,2022,5,May,19,Thursday,20,0
20220520,2022-05-20,2022,5,May,20,Friday,20,0
20220521,2022-05-21,2022,5,May,21,Saturday,20,1
20220522,2022-05-22,2022,5,May,22,Sunday,20,1
20220523,2022-05-23,2022,5,May,23,Monday,21,0
20220524,2022-05-24,2022,5,May,24,Tuesday,21,0
20220525,2022-05-25,2022,5,May,25,Wednesday,21,0
20220526,2022-05-26,2022,5,May,26,Thursday,21,0
20220527,2022-05-27,2022,5,May,27,Friday,21,0
20220528,2022-05-28,2022,5,May,28,Saturday,21,1
20220529,2022-05-29,2022,5,May,29,Sunday,21,1
20220530,2022-05-30,2022,5,May,30,Monday,22,0
20220531,2022-05-31,2022,5,May,31,Tuesday,22,0
20220601,2022-06-01,2022,6,June,1,Wednesday,22,0
20220602,2022-06-02,2022,6,June,2,Thursday,22,0
20220603,2022-06-03,2022,6,June,3,Friday,22,0
20220604,2022-06-04,2022,6,June,4,Saturday,22,1
20220605,2022-06-05,2022,6,June,5,Sunday,22,1
20220606,2022-06-06,2022,6,June,6,Monday,23,0
20220607,2022-06-07,2022,6,June,7,Tuesday,23,0
20220608,2022-06-08,2022,6,June,8,Wednesday,23,0
20220609,2022-06-09,2022,6,June,9,Thursday,23,0
20220610,2022-06-10,2022,6,June,10,Friday,23,0
20220611,2022-06-11,2022,6,June,11,Saturday,23,1
20220612,2022-06-12,2022,6,June,12,Sunday,23,1
20220613,2022-06-13,2022,6,June,13,Monday,24,0
20220614,2022-06-14,2022,6,June,14,Tuesday,24,0
20220615,2022-06-15,2022,6,June,15,Wednesday,24,0
20220616,2022-06-16,2022,6,June,16,Thursday,24,0
20220617,2022-06-17,2022,6,June,17,Friday,24,0
20220618,2022-06-18,2022,6,June,18,Saturday,24,1
20220619,2022-06-19,2022,6,June,19,Sunday,24,1
20220620,2022-06-20,2022,6,June,20,Monday,25,0
20220621,2022-06-21,2022,6,June,21,Tuesday,25,0
20220622,2022-06-22,2022,6,June,22,Wednesday,25,0
20220623,2022-06-23,2022,6,June,23,Thursday,25,0
20220624,2022-06-24,2022,6,June,24,Friday,25,0
20220625,2022-06-25,2022,6,June,25,Saturday,25,1
20220626,2022-06-26,2022,6,June,26,Sunday,25,1
20220627,2022-06-27,2022,6,June,27,Monday,26,0
20220628,2022-06-28,2022,6,June,28,Tuesday,26,0
20220629,2022-06-29,2022,6,June,29,Wednesday,26,0
20220630,2022-06-30,2022,6,June,30,Thursday,26,0
20220701,2022-07-01,2022,7,July,1,Friday,26,0
20220702,2022-07-02,2022,7,July,2,Saturday,26,1
20220703,2022-07-03,2022,7,July,3,Sunday,26,1
20220704,2022-07-04,2022,7,July,4,Monday,27,0
20220705,2022-07-05,2022,7,July,5,Tuesday,27,0
20220706,2022-07-06,2022,7,July,6,Wednesday,27,0
20220707,2022-07-07,2022,7,July,7,Thursday,27,0
20220708,2022-07-08,2022,7,July,8,Friday,27,0
20220709,2022-07-09,2022,7,July,9,Saturday,27,1
20220710,2022-07-10,2022,7,July,10,Sunday,27,1
20220711,2022-07-11,2022,7,July,11,Monday,28,0
20220712,2022-07-12,2022,7,July,12,Tuesday,28,0
20220713,2022-07-13,2022,7,July,13,Wednesday,28,0
20220714,2022-07-14,2022,7,July,14,Thursday,28,0
20220715,2022-07-15,2022,7,July,15,Friday,28,0
20220716,2022-07-16,2022,7,July,16,Saturday,28,1
20220717,2022-07-17,2022,7,July,17,Sunday,28,1
20220718,2022-07-18,2022,7,July,18,Monday,29,0
20220719,2022-07-19,2022,7,July,19,Tuesday,29,0
20220720,2022-07-20,2022,7,July,20,Wednesday,29,0
20220721,2022-07-21,2022,7,July,21,Thursday,29,0
20220722,2022-07-22,2022,7,July,22,Friday,29,0
20220723,2022-07-23,2022,7,July,23,Saturday,29,1
20220724,2022-07-24,2022,7,July,24,Sunday,29,1
20220725,2022-07-25,2022,7,July,25,Monday,30,0
20220726,2022-07-26,2022,7,July,26,Tuesday,30,0
20220727,2022-07-27,2022,7,July,27,Wednesday,30,0
20220728,2022-07-28,2022,7,July,28,Thursday,30,0
20220729,2022-07-29,2022,7,July,29,Friday,30,0
20220730,2022-07-30,2022,7,July,30,Saturday,30,1
20220731,2022-07-31,2022,7,July,31,Sunday,30,1
20220801,2022-08-01,2022,8,August,1,Monday,31,0
20220802,2022-08-02,2022,8,August,2,Tuesday,31,0
20220803,2022-08-03,2022,8,August,3,Wednesday,31,0
20220804,2022-08-04,2022,8,August,4,Thursday,31,0
20220805,2022-08-05,2022,8,August,5,Friday,31,0
20220806,2022-08-06,2022,8,August,6,Saturday,31,1
20220807,2022-08-07,2022,8,August,7,Sunday,31,1
20220808,2022-08-08,2022,8,August,8,Monday,32,0
20220809,2022-08-09,2022,8,August,9,Tuesday,32,0
20220810,2022-08-10,2022,8,August,10,Wednesday,32,0
20220811,2022-08-11,2022,8,August,11,Thursday,32,0
20220812,2022-08-12,2022,8,August,12,Friday,32,0
20220813,2022-08-13,2022,8,August,13,Saturday,32,1
20220814,2022-08-14,2022,8,August,14,Sunday,32,1
20220815,2022-08-15,2022,8,August,15,Monday,33,0
20220816,2022-08-16,2022,8,August,16,Tuesday,33,0
20220817,2022-08-17,2022,8,August,17,Wednesday,33,0
20220818,2022-08-18,2022,8,August,18,Thursday,33,0
20220819,2022-08-19,2022,8,August,19,Friday,33,0
20220820,2022-08-20,2022,8,August,20,Saturday,33,1
20220821,2022-08-21,2022,8,August,21,Sunday,33,1
20220822,2022-08-22,2022,8,August,22,Monday,34,0
20220823,2022-08-23,2022,8,August,23,Tuesday,34,0
20220824,2022-08-24,2022,8,August,24,Wednesday,34,0
20220825,2022-08-25,2022,8,August,25,Thursday,34,0
20220826,2022-08-26,2022,8,August,26,Friday,34,0
20220827,2022-08-27,2022,8,August,27,Saturday,34,1
20220828,2022-08-28,2022,8,August,28,Sunday,34,1
20220829,2022-08-29,2022,8,August,29,Monday,35,0
20220830,2022-08-30,2022,8,August,30,Tuesday,35,0
20220831,2022-08-31,2022,8,August,31,Wednesday,35,0
20220901,2022-09-01,2022,9,September,1,Thursday,35,0
20220902,2022-09-02,2022,9,September,2,Friday,35,0
20220903,2022-09-03,2022,9,September,3,Saturday,35,1
20220904,2022-09-04,2022,9,September,4,Sunday,35,1
20220905,2022-09-05,2022,9,September,5,Monday,36,0
20220906,2022-09-06,2022,9,September,6,Tuesday,36,0
20220907,2022-09-07,2022,9,September,7,Wednesday,36,0
20220908,2022-09-08,2022,9,September,8,Thursday,36,0
20220909,2022-09-09,2022,9,September,9,Friday,36,0
20220910,2022-09-10,2022,9,September,10,Saturday,36,1
20220911,2022-09-11,2022,9,September,11,Sunday,36,1
20220912,2022-09-12,2022,9,September,12,Monday,37,0
20220913,2022-09-13,2022,9,September,13,Tuesday,37,0
20220914,2022-09-14,2022,9,September,14,Wednesday,37,0
20220915,2022-09-15,2022,9,September,15,Thursday,37,0
20220916,2022-09-16,2022,9,September,16,Friday,37,0
20220917,2022-09-17,2022,9,September,17,Saturday,37,1
20220918,2022-09-18,2022,9,September,18,Sunday,37,1
20220919,2022-09-19,2022,9,September,19,Monday,38,0
20220920,2022-09-20,2022,9,September,20,Tuesday,38,0
20220921,2022-09-21,2022,9,September,21,Wednesday,38,0
20220922,2022-09-22,2022,9,September,22,Thursday,38,0
20220923,2022-09-23,2022,9,September,23,Friday,38,0
20220924,2022-09-24,2022,9,September,24,Saturday,38,1
20220925,2022-09-25,2022,9,September,25,Sunday,38,1
20220926,2022-09-26,2022,9,September,26,Monday,39,0
20220927,2022-09-27,2022,9,September,27,Tuesday,39,0
20220928,2022-09-28,2022,9,September,28,Wednesday,39,0
20220929,2022-09-29,2022,9,September,29,Thursday,39,0
20220930,2022-09-30,2022,9,September,30,Friday,39,0
20221001,2022-10-01,2022,10,October,1,Saturday,39,1
20221002,2022-10-02,2022,10,October,2,Sunday,39,1
20221003,2022-10-03,2022,10,October,3,Monday,40,0
20221004,2022-10-04,2022,10,October,4,Tuesday,40,0
20221005,2022-10-05,2022,10,October,5,Wednesday,40,0
20221006,2022-10-06,2022,10,October,6,Thursday,40,0
20221007,2022-10-07,2022,10,October,7,Friday,40,0
20221008,2022-10-08,2022,10,October,8,Saturday,40,1
20221009,2022-10-09,2022,10,October,9,Sunday,40,1
20221010,2022-10-10,2022,10,October,10,Monday,41,0
20221011,2022-10-11,2022,10,October,11,Tuesday,41,0
20221012,2022-10-12,2022,10,October,12,Wednesday,41,0
20221013,2022-10-13,2022,10,October,13,Thursday,41,0
20221014,2022-10-14,2022,10,October,14,Friday,41,0
20221015,2022-10-15,2022,10,October,15,Saturday,41,1
20221016,2022-10-16,2022,10,October,16,Sunday,41,1
20221017,2022-10-17,2022,10,October,17,Monday,42,0
20221018,2022-10-18,2022,10,October,18,Tuesday,42,0
20221019,2022-10-19,2022,10,October,19,Wednesday,42,0
20221020,2022-10-20,2022,10,October,20,Thursday,42,0
20221021,2022-10-21,2022,10,October,21,Friday,42,0
20221022,2022-10-22,2022,10,October,22,Saturday,42,1
20221023,2022-10-23,2022,10,October,23,Sunday,42,1
20221024,2022-10-24,2022,10,October,24,Monday,43,0
20221025,2022-10-25,2022,10,October,25,Tuesday,43,0
20221026,2022-10-26,2022,10,October,26,Wednesday,43,0
20221027,2022-10-27,2022,10,October,27,Thursday,43,0
20221028,2022-10-28,2022,10,October,28,Friday,43,0
20221029,2022-10-29,2022,10,October,29,Saturday,43,1
20221030,2022-10-30,2022,10,October,30,Sunday,43,1
20221031,2022-10-31,2022,10,October,31,Monday,44,0
20221101,2022-11-01,2022,11,November,1,Tuesday,44,0
20221102,2022-11-02,2022,11,November,2,Wednesday,44,0
20221103,2022-11-03,2022,11,November,3,Thursday,44,0
20221104,2022-11-04,2022,11,November,4,Friday,44,0
20221105,2022-11-05,2022,11,November,5,Saturday,44,1
20221106,2022-11-06,2022,11,November,6,Sunday,44,1
20221107,2022-11-07,2022,11,November,7,Monday,45,0
20221108,2022-11-08,2022,11,November,8,Tuesday,45,0
20221109,2022-11-09,2022,11,November,9,Wednesday,45,0
20221110,2022-11-10,2022,11,November,10,Thursday,45,0
20221111,2022-11-11,2022,11,November,11,Friday,45,0
20221112,2022-11-12,2022,11,November,12,Saturday,45,1
20221113,2022-11-13,2022,11,November,13,Sunday,45,1
20221114,2022-11-14,2022,11,November,14,Monday,46,0
20221115,2022-11-15,2022,11,November,15,Tuesday,46,0
20221116,2022-11-16,2022,11,November,16,Wednesday,46,0
20221117,2022-11-17,2022,11,November,17,Thursday,46,0
20221118,2022-11-18,2022,11,November,18,Friday,46,0
20221119,2022-11-19,2022,11,November,19,Saturday,46,1
20221120,2022-11-20,2022,11,November,20,Sunday,46,1
20221121,2022-11-21,2022,11,November,21,Monday,47,0
20221122,2022-11-22,2022,11,November,22,Tuesday,47,0
20221123,2022-11-23,2022,11,November,23,Wednesday,47,0
20221124,2022-11-24,2022,11,November,24,Thursday,47,0
20221125,2022-11-25,2022,11,November,25,Friday,47,0
20221126,2022-11-26,2022,11,November,26,Saturday,47,1
20221127,2022-11-27,2022,11,November,27,Sunday,47,1
20221128,2022-11-28,2022,11,November,28,Monday,48,0
20221129,2022-11-29,2022,11,November,29,Tuesday,48,0
20221130,2022-11-30,2022,11,November,30,Wednesday,48,0
20221201,2022-12-01,2022,12,December,1,Thursday,48,0
20221202,2022-12-02,2022,12,December,2,Friday,48,0
20221203,2022-12-03,2022,12,December,3,Saturday,48,1
20221204,2022-12-04,2022,12,December,4,Sunday,48,1
20221205,2022-12-05,2022,12,December,5,Monday,49,0
20221206,2022-12-06,2022,12,December,6,Tuesday,49,0
20221207,2022-12-07,2022,12,December,7,Wednesday,49,0
20221208,2022-12-08,2022,12,December,8,Thursday,49,0
20221209,2022-12-09,2022,12,December,9,Friday,49,0
20221210,2022-12-10,2022,12,December,10,Saturday,49,1
20221211,2022-12-11,2022,12,December,11,Sunday,49,1
20221212,2022-12-12,2022,12,December,12,Monday,50,0
20221213,2022-12-13,2022,12,December,13,Tuesday,50,0
20221214,2022-12-14,2022,12,December,14,Wednesday,50,0
20221215,2022-12-15,2022,12,December,15,Thursday,50,0
20221216,2022-12-16,2022,12,December,16,Friday,50,0
20221217,2022-12-17,2022,12,December,17,Saturday,50,1
20221218,2022-12-18,2022,12,December,18,Sunday,50,1
20221219,2022-12-19,2022,12,December,19,Monday,51,0
20221220,2022-12-20,2022,12,December,20,Tuesday,51,0
20221221,2022-12-21,2022,12,December,21,Wednesday,51,0
20221222,2022-12-22,2022,12,December,22,Thursday,51,0
20221223,2022-12-23,2022,12,December,23,Friday,51,0
20221224,2022-12-24,2022,12,December,24,Saturday,51,1
20221225,2022-12-25,2022,12,December,25,Sunday,51,1
20221226,2022-12-26,2022,12,December,26,Monday,52,0
20221227,2022-12-27,2022,12,December,27,Tuesday,52,0
20221228,2022-12-28,2022,12,December,28,Wednesday,52,0
20221229,2022-12-29,2022,12,December,29,Thursday,52,0
20221230,2022-12-30,2022,12,December,30,Friday,52,0
20221231,2022-12-31,2022,12,December,31,Saturday,52,1
20230101,2023-01-01,2023,1,January,1,Sunday,52,1
20230102,2023-01-02,2023,1,January,2,Monday,1,0
20230103,2023-01-03,2023,1,January,3,Tuesday,1,0
20230104,2023-01-04,2023,1,January,4,Wednesday,1,0
20230105,2023-01-05,2023,1,January,5,Thursday,1,0
20230106,2023-01-06,2023,1,January,6,Friday,1,0
20230107,2023-01-07,2023,1,January,7,Saturday,1,1
20230108,2023-01-08,2023,1,January,8,Sunday,1,1
20230109,2023-01-09,2023,1,January,9,Monday,2,0
20230110,2023-01-10,2023,1,January,10,Tuesday,2,0
20230111,2023-01-11,2023,1,January,11,Wednesday,2,0
20230112,2023-01-12,2023,1,January,12,Thursday,2,0
20230113,2023-01-13,2023,1,January,13,Friday,2,0
20230114,2023-01-14,2023,1,January,14,Saturday,2,1
20230115,2023-01-15,2023,1,January,15,Sunday,2,1
20230116,2023-01-16,2023,1,January,16,Monday,3,0
20230117,2023-01-17,2023,1,January,17,Tuesday,3,0
20230118,2023-01-18,2023,1,January,18,Wednesday,3,0
20230119,2023-01-19,2023,1,January,19,Thursday,3,0
20230120,2023-01-20,2023,1,January,20,Friday,3,0
20230121,2023-01-21,2023,1,January,21,Saturday,3,1
20230122,2023-01-22,2023,1,January,22,Sunday,3,1
20230123,2023-01-23,2023,1,January,23,Monday,4,0
20230124,2023-01-24,2023,1,January,24,Tuesday,4,0
20230125,2023-01-25,2023,1,January,25,Wednesday,4,0
20230126,2023-01-26,2023,1,January,26,Thursday,4,0
20230127,2023-01-27,2023,1,January,27,Friday,4,0
20230128,2023-01-28,2023,1,January,28,Saturday,4,1
20230129,2023-01-29,2023,1,January,29,Sunday,4,1
20230130,2023-01-30,2023,1,January,30,Monday,5,0
20230131,2023-01-31,2023,1,January,31,Tuesday,5,0
20230201,2023-02-01,2023,2,February,1,Wednesday,5,0
20230202,2023-02-02,2023,2,February,2,Thursday,5,0
20230203,2023-02-03,2023,2,February,3,Friday,5,0
20230204,2023-02-04,2023,2,February,4,Saturday,5,1
20230205,2023-02-05,2023,2,February,5,Sunday,5,1
20230206,2023-02-06,2023,2,February,6,Monday,6,0
20230207,2023-02-07,2023,2,February,7,Tuesday,6,0
20230208,2023-02-08,2023,2,February,8,Wednesday,6,0
20230209,2023-02-09,2023,2,February,9,Thursday,6,0
20230210,2023-02-10,2023,2,February,10,Friday,6,0
20230211,2023-02-11,2023,2,February,11,Saturday,6,1
20230212,2023-02-12,2023,2,February,12,Sunday,6,1
20230213,2023-02-13,2023,2,February,13,Monday,7,0
20230214,2023-02-14,2023,2,February,14,Tuesday,7,0
20230215,2023-02-15,2023,2,February,15,Wednesday,7,0
20230216,2023-02-16,2023,2,February,16,Thursday,7,0
20230217,2023-02-17,2023,2,February,17,Friday,7,0
20230218,2023-02-18,2023,2,February,18,Saturday,7,1
20230219,2023-02-19,2023,2,February,19,Sunday,7,1
20230220,2023-02-20,2023,2,February,20,Monday,8,0
20230221,2023-02-21,2023,2,February,21,Tuesday,8,0
20230222,2023-02-22,2023,2,February,22,Wednesday,8,0
20230223,2023-02-23,2023,2,February,23,Thursday,8,0
20230224,2023-02-24,2023,2,February,24,Friday,8,0
20230225,2023-02-25,2023,2,February,25,Saturday,8,1
20230226,2023-02-26,2023,2,February,26,Sunday,8,1
20230227,2023-02-27,2023,2,February,27,Monday,9,0
20230228,2023-02-28,2023,2,February,28,Tuesday,9,0
20230301,2023-03-01,2023,3,March,1,Wednesday,9,0
20230302,2023-03-02,2023,3,March,2,Thursday,9,0
20230303,2023-03-03,2023,3,March,3,Friday,9,0
20230304,2023-03-04,2023,3,March,4,Saturday,9,1
20230305,2023-03-05,2023,3,March,5,Sunday,9,1
20230306,2023-03-06,2023,3,March,6,Monday,10,0
20230307,2023-03-07,2023,3,March,7,Tuesday,10,0
20230308,2023-03-08,2023,3,March,8,Wednesday,10,0
20230309,2023-03-09,2023,3,March,9,Thursday,10,0
20230310,2023-03-10,2023,3,March,10,Friday,10,0
20230311,2023-03-11,2023,3,March,11,Saturday,10,1
20230312,2023-03-12,2023,3,March,12,Sunday,10,1
20230313,2023-03-13,2023,3,March,13,Monday,11,0
20230314,2023-03-14,2023,3,March,14,Tuesday,11,0
20230315,2023-03-15,2023,3,March,15,Wednesday,11,0
20230316,2023-03-16,2023,3,March,16,Thursday,11,0
20230317,2023-03-17,2023,3,March,17,Friday,11,0
20230318,2023-03-18,2023,3,March,18,Saturday,11,1
20230319,2023-03-19,2023,3,March,19,Sunday,11,1
20230320,2023-03-20,2023,3,March,20,Monday,12,0
20230321,2023-03-21,2023,3,March,21,Tuesday,12,0
20230322,2023-03-22,2023,3,March,22,Wednesday,12,0
20230323,2023-03-23,2023,3,March,23,Thursday,12,0
20230324,2023-03-24,2023,3,March,24,Friday,12,0
20230325,2023-03-25,2023,3,March,25,Saturday,12,1
20230326,2023-03-26,2023,3,March,26,Sunday,12,1
20230327,2023-03-27,2023,3,March,27,Monday,13,0
20230328,2023-03-28,2023,3,March,28,Tuesday,13,0
20230329,2023-03-29,2023,3,March,29,Wednesday,13,0
20230330,2023-03-30,2023,3,March,30,Thursday,13,0
20230331,2023-03-31,2023,3,March,31,Friday,13,0
20230401,2023-04-01,2023,4,April,1,Saturday,13,1
20230402,2023-04-02,2023,4,April,2,Sunday,13,1
20230403,2023-04-03,2023,4,April,3,Monday,14,0
20230404,2023-04-04,2023,4,April,4,Tuesday,14,0
20230405,2023-04-05,2023,4,April,5,Wednesday,14,0
20230406,2023-04-06,2023,4,April,6,Thursday,14,0
20230407,2023-04-07,2023,4,April,7,Friday,14,0
20230408,2023-04-08,2023,4,April,8,Saturday,14,1
20230409,2023-04-09,2023,4,April,9,Sunday,14,1
20230410,2023-04-10,2023,4,April,10,Monday,15,0
20230411,2023-04-11,2023,4,April,11,Tuesday,15,0
20230412,2023-04-12,2023,4,April,12,Wednesday,15,0
20230413,2023-04-13,2023,4,April,13,Thursday,15,0
20230414,2023-04-14,2023,4,April,14,Friday,15,0
20230415,2023-04-15,2023,4,April,15,Saturday,15,1
20230416,2023-04-16,2023,4,April,16,Sunday,15,1
20230417,2023-04-17,2023,4,April,17,Monday,16,0
20230418,2023-04-18,2023,4,April,18,Tuesday,16,0
20230419,2023-04-19,2023,4,April,19,Wednesday,16,0
20230420,2023-04-20,2023,4,April,20,Thursday,16,0
20230421,2023-04-21,2023,4,April,21,Friday,16,0
20230422,2023-04-22,2023,4,April,22,Saturday,16,1
20230423,2023-04-23,2023,4,April,23,Sunday,16,1
20230424,2023-04-24,2023,4,April,24,Monday,17,0
20230425,2023-04-25,2023,4,April,25,Tuesday,17,0
20230426,2023-04-26,2023,4,April,26,Wednesday,17,0
20230427,2023-04-27,2023,4,April,27,Thursday,17,0
20230428,2023-04-28,2023,4,April,28,Friday,17,0
20230429,2023-04-29,2023,4,April,29,Saturday,17,1
20230430,2023-04-30,2023,4,April,30,Sunday,17,1
20230501,2023-05-01,2023,5,May,1,Monday,18,0
20230502,2023-05-02,2023,5,May,2,Tuesday,18,0
20230503,2023-05-03,2023,5,May,3,Wednesday,18,0
20230504,2023-05-04,2023,5,May,4,Thursday,18,0
20230505,2023-05-05,2023,5,May,5,Friday,18,0
20230506,2023-05-06,2023,5,May,6,Saturday,18,1
20230507,2023-05-07,2023,5,May,7,Sunday,18,1
20230508,2023-05-08,2023,5,May,8,Monday,19,0
20230509,2023-05-09,2023,5,May,9,Tuesday,19,0
20230510,2023-05-10,2023,5,May,10,Wednesday,19,0
20230511,2023-05-11,2023,5,May,11,Thursday,19,0
20230512,2023-05-12,2023,5,May,12,Friday,19,0
20230513,2023-05-13,2023,5,May,13,Saturday,19,1
20230514,2023-05-14,2023,5,May,14,Sunday,19,1
20230515,2023-05-15,2023,5,May,15,Monday,20,0
20230516,2023-05-16,2023,5,May,16,Tuesday,20,0
20230517,2023-05-17,2023,5,May,17,Wednesday,20,0
20230518,2023-05-18,2023,5,May,18,Thursday,20,0
20230519,2023-05-19,2023,5,May,19,Friday,20,0
20230520,2023-05-20,2023,5,May,20,Saturday,20,1
20230521,2023-05-21,2023,5,May,21,Sunday,20,1
20230522,2023-05-22,2023,5,May,22,Monday,21,0
20230523,2023-05-23,2023,5,May,23,Tuesday,21,0
20230524,2023-05-24,2023,5,May,24,Wednesday,21,0
20230525,2023-05-25,2023,5,May,25,Thursday,21,0
20230526,2023-05-26,2023,5,May,26,Friday,21,0
20230527,2023-05-27,2023,5,May,27,Saturday,21,1
20230528,2023-05-28,2023,5,May,28,Sunday,21,1
20230529,2023-05-29,2023,5,May,29,Monday,22,0
20230530,2023-05-30,2023,5,May,30,Tuesday,22,0
20230531,2023-05-31,2023,5,May,31,Wednesday,22,0
20230601,2023-06-01,2023,6,June,1,Thursday,22,0
20230602,2023-06-02,2023,6,June,2,Friday,22,0
20230603,2023-06-03,2023,6,June,3,Saturday,22,1
20230604,2023-06-04,2023,6,June,4,Sunday,22,1
20230605,2023-06-05,2023,6,June,5,Monday,23,0
20230606,2023-06-06,2023,6,June,6,Tuesday,23,0
20230607,2023-06-07,2023,6,June,7,Wednesday,23,0
20230608,2023-06-08,2023,6,June,8,Thursday,23,0
20230609,2023-06-09,2023,6,June,9,Friday,23,0
20230610,2023-06-10,2023,6,June,10,Saturday,23,1
20230611,2023-06-11,2023,6,June,11,Sunday,23,1
20230612,2023-06-12,2023,6,June,12,Monday,24,0
20230613,2023-06-13,2023,6,June,13,Tuesday,24,0
20230614,2023-06-14,2023,6,June,14,Wednesday,24,0
20230615,2023-06-15,2023,6,June,15,Thursday,24,0
20230616,2023-06-16,2023,6,June,16,Friday,24,0
20230617,2023-06-17,2023,6,June,17,Saturday,24,1
20230618,2023-06-18,2023,6,June,18,Sunday,24,1
20230619,2023-06-19,2023,6,June,19,Monday,25,0
20230620,2023-06-20,2023,6,June,20,Tuesday,25,0
20230621,2023-06-21,2023,6,June,21,Wednesday,25,0
20230622,2023-06-22,2023,6,June,22,Thursday,25,0
20230623,2023-06-23,2023,6,June,23,Friday,25,0
20230624,2023-06-24,2023,6,June,24,Saturday,25,1
20230625,2023-06-25,2023,6,June,25,Sunday,25,1
20230626,2023-06-26,2023,6,June,26,Monday,26,0
20230627,2023-06-27,2023,6,June,27,Tuesday,26,0
20230628,2023-06-28,2023,6,June,28,Wednesday,26,0
20230629,2023-06-29,2023,6,June,29,Thursday,26,0
20230630,2023-06-30,2023,6,June,30,Friday,26,0
20230701,2023-07-01,2023,7,July,1,Saturday,26,1
20230702,2023-07-02,2023,7,July,2,Sunday,26,1
20230703,2023-07-03,2023,7,July,3,Monday,27,0
20230704,2023-07-04,2023,7,July,4,Tuesday,27,0
20230705,2023-07-05,2023,7,July,5,Wednesday,27,0
20230706,2023-07-06,2023,7,July,6,Thursday,27,0
20230707,2023-07-07,2023,7,July,7,Friday,27,0
20230708,2023-07-08,2023,7,July,8,Saturday,27,1
20230709,2023-07-09,2023,7,July,9,Sunday,27,1
20230710,2023-07-10,2023,7,July,10,Monday,28,0
20230711,2023-07-11,2023,7,July,11,Tuesday,28,0
20230712,2023-07-12,2023,7,July,12,Wednesday,28,0
20230713,2023-07-13,2023,7,July,13,Thursday,28,0
20230714,2023-07-14,2023,7,July,14,Friday,28,0
20230715,2023-07-15,2023,7,July,15,Saturday,28,1
20230716,2023-07-16,2023,7,July,16,Sunday,28,1
20230717,2023-07-17,2023,7,July,17,Monday,29,0
20230718,2023-07-18,2023,7,July,18,Tuesday,29,0
20230719,2023-07-19,2023,7,July,19,Wednesday,29,0
20230720,2023-07-20,2023,7,July,20,Thursday,29,0
20230721,2023-07-21,2023,7,July,21,Friday,29,0
20230722,2023-07-22,2023,7,July,22,Saturday,29,1
20230723,2023-07-23,2023,7,July,23,Sunday,29,1
20230724,2023-07-24,2023,7,July,24,Monday,30,0
20230725,2023-07-25,2023,7,July,25,Tuesday,30,0
20230726,2023-07-26,2023,7,July,26,Wednesday,30,0
20230727,2023-07-27,2023,7,July,27,Thursday,30,0
20230728,2023-07-28,2023,7,July,28,Friday,30,0
20230729,2023-07-29,2023,7,July,29,Saturday,30,1
20230730,2023-07-30,2023,7,July,30,Sunday,30,1
20230731,2023-07-31,2023,7,July,31,Monday,31,0
20230801,2023-08-01,2023,8,August,1,Tuesday,31,0
20230802,2023-08-02,2023,8,August,2,Wednesday,31,0
20230803,2023-08-03,2023,8,August,3,Thursday,31,0
20230804,2023-08-04,2023,8,August,4,Friday,31,0
20230805,2023-08-05,2023,8,August,5,Saturday,31,1
20230806,2023-08-06,2023,8,August,6,Sunday,31,1
20230807,2023-08-07,2023,8,August,7,Monday,32,0
20230808,2023-08-08,2023,8,August,8,Tuesday,32,0
20230809,2023-08-09,2023,8,August,9,Wednesday,32,0
20230810,2023-08-10,2023,8,August,10,Thursday,32,0
20230811,2023-08-11,2023,8,August,11,Friday,32,0
20230812,2023-08-12,2023,8,August,12,Saturday,32,1
20230813,2023-08-13,2023,8,August,13,Sunday,32,1
20230814,2023-08-14,2023,8,August,14,Monday,33,0
20230815,2023-08-15,2023,8,August,15,Tuesday,33,0
20230816,2023-08-16,2023,8,August,16,Wednesday,33,0
20230817,2023-08-17,2023,8,August,17,Thursday,33,0
20230818,2023-08-18,2023,8,August,18,Friday,33,0
20230819,2023-08-19,2023,8,August,19,Saturday,33,1
20230820,2023-08-20,2023,8,August,20,Sunday,33,1
20230821,2023-08-21,2023,8,August,21,Monday,34,0
20230822,2023-08-22,2023,8,August,22,Tuesday,34,0
20230823,2023-08-23,2023,8,August,23,Wednesday,34,0
20230824,2023-08-24,2023,8,August,24,Thursday,34,0
20230825,2023-08-25,2023,8,August,25,Friday,34,0
20230826,2023-08-26,2023,8,August,26,Saturday,34,1
20230827,2023-08-27,2023,8,August,27,Sunday,34,1
20230828,2023-08-28,2023,8,August,28,Monday,35,0
20230829,2023-08-29,2023,8,August,29,Tuesday,35,0
20230830,2023-08-30,2023,8,August,30,Wednesday,35,0
20230831,2023-08-31,2023,8,August,31,Thursday,35,0
20230901,2023-09-01,2023,9,September,1,Friday,35,0
20230902,2023-09-02,2023,9,September,2,Saturday,35,1
20230903,2023-09-03,2023,9,September,3,Sunday,35,1
20230904,2023-09-04,2023,9,September,4,Monday,36,0
20230905,2023-09-05,2023,9,September,5,Tuesday,36,0
20230906,2023-09-06,2023,9,September,6,Wednesday,36,0
20230907,2023-09-07,2023,9,September,7,Thursday,36,0
20230908,2023-09-08,2023,9,September,8,Friday,36,0
20230909,2023-09-09,2023,9,September,9,Saturday,36,1
20230910,2023-09-10,2023,9,September,10,Sunday,36,1
20230911,2023-09-11,2023,9,September,11,Monday,37,0
20230912,2023-09-12,2023,9,September,12,Tuesday,37,0
20230913,2023-09-13,2023,9,September,13,Wednesday,37,0
20230914,2023-09-14,2023,9,September,14,Thursday,37,0
20230915,2023-09-15,2023,9,September,15,Friday,37,0
20230916,2023-09-16,2023,9,September,16,Saturday,37,1
20230917,2023-09-17,2023,9,September,17,Sunday,37,1
20230918,2023-09-18,2023,9,September,18,Monday,38,0
20230919,2023-09-19,2023,9,September,19,Tuesday,38,0
20230920,2023-09-20,2023,9,September,20,Wednesday,38,0
20230921,2023-09-21,2023,9,September,21,Thursday,38,0
20230922,2023-09-22,2023,9,September,22,Friday,38,0
20230923,2023-09-23,2023,9,September,23,Saturday,38,1
20230924,2023-09-24,2023,9,September,24,Sunday,38,1
20230925,2023-09-25,2023,9,September,25,Monday,39,0
20230926,2023-09-26,2023,9,September,26,Tuesday,39,0
20230927,2023-09-27,2023,9,September,27,Wednesday,39,0
20230928,2023-09-28,2023,9,September,28,Thursday,39,0
20230929,2023-09-29,2023,9,September,29,Friday,39,0
20230930,2023-09-30,2023,9,September,30,Saturday,39,1
20231001,2023-10-01,2023,10,October,1,Sunday,39,1
20231002,2023-10-02,2023,10,October,2,Monday,40,0
20231003,2023-10-03,2023,10,October,3,Tuesday,40,0
20231004,2023-10-04,2023,10,October,4,Wednesday,40,0
20231005,2023-10-05,2023,10,October,5,Thursday,40,0
20231006,2023-10-06,2023,10,October,6,Friday,40,0
20231007,2023-10-07,2023,10,October,7,Saturday,40,1
20231008,2023-10-08,2023,10,October,8,Sunday,40,1
20231009,2023-10-09,2023,10,October,9,Monday,41,0
20231010,2023-10-10,2023,10,October,10,Tuesday,41,0
20231011,2023-10-11,2023,10,October,11,Wednesday,41,0
20231012,2023-10-12,2023,10,October,12,Thursday,41,0
20231013,2023-10-13,2023,10,October,13,Friday,41,0
20231014,2023-10-14,2023,10,October,14,Saturday,41,1
20231015,2023-10-15,2023,10,October,15,Sunday,41,1
20231016,2023-10-16,2023,10,October,16,Monday,42,0
20231017,2023-10-17,2023,10,October,17,Tuesday,42,0
20231018,2023-10-18,2023,10,October,18,Wednesday,42,0
20231019,2023-10-19,2023,10,October,19,Thursday,42,0
20231020,2023-10-20,2023,10,October,20,Friday,42,0
20231021,2023-10-21,2023,10,October,21,Saturday,42,1
20231022,2023-10-22,2023,10,October,22,Sunday,42,1
20231023,2023-10-23,2023,10,October,23,Monday,43,0
20231024,2023-10-24,2023,10,October,24,Tuesday,43,0
20231025,2023-10-25,2023,10,October,25,Wednesday,43,0
20231026,2023-10-26,2023,10,October,26,Thursday,43,0
20231027,2023-10-27,2023,10,October,27,Friday,43,0
20231028,2023-10-28,2023,10,October,28,Saturday,43,1
20231029,2023-10-29,2023,10,October,29,Sunday,43,1
20231030,2023-10-30,2023,10,October,30,Monday,44,0
20231031,2023-10-31,2023,10,October,31,Tuesday,44,0
20231101,2023-11-01,2023,11,November,1,Wednesday,44,0
20231102,2023-11-02,2023,11,November,2,Thursday,44,0
20231103,2023-11-03,2023,11,November,3,Friday,44,0
20231104,2023-11-04,2023,11,November,4,Saturday,44,1
20231105,2023-11-05,2023,11,November,5,Sunday,44,1
20231106,2023-11-06,2023,11,November,6,Monday,45,0
20231107,2023-11-07,2023,11,November,7,Tuesday,45,0
20231108,2023-11-08,2023,11,November,8,Wednesday,45,0
20231109,2023-11-09,2023,11,November,9,Thursday,45,0
20231110,2023-11-10,2023,11,November,10,Friday,45,0
20231111,2023-11-11,2023,11,November,11,Saturday,45,1
20231112,2023-11-12,2023,11,November,12,Sunday,45,1
20231113,2023-11-13,2023,11,November,13,Monday,46,0
20231114,2023-11-14,2023,11,November,14,Tuesday,46,0
20231115,2023-11-15,2023,11,November,15,Wednesday,46,0
20231116,2023-11-16,2023,11,November,16,Thursday,46,0
20231117,2023-11-17,2023,11,November,17,Friday,46,0
20231118,2023-11-18,2023,11,November,18,Saturday,46,1
20231119,2023-11-19,2023,11,November,19,Sunday,46,1
20231120,2023-11-20,2023,11,November,20,Monday,47,0
20231121,2023-11-21,2023,11,November,21,Tuesday,47,0
20231122,2023-11-22,2023,11,November,22,Wednesday,47,0
20231123,2023-11-23,2023,11,November,23,Thursday,47,0
20231124,2023-11-24,2023,11,November,24,Friday,47,0
20231125,2023-11-25,2023,11,November,25,Saturday,47,1
20231126,2023-11-26,2023,11,November,26,Sunday,47,1
20231127,2023-11-27,2023,11,November,27,Monday,48,0
20231128,2023-11-28,2023,11,November,28,Tuesday,48,0
20231129,2023-11-29,2023,11,November,29,Wednesday,48,0
20231130,2023-11-30,2023,11,November,30,Thursday,48,0
20231201,2023-12-01,2023,12,December,1,Friday,48,0
20231202,2023-12-02,2023,12,December,2,Saturday,48,1
20231203,2023-12-03,2023,12,December,3,Sunday,48,1
20231204,2023-12-04,2023,12,December,4,Monday,49,0
20231205,2023-12-05,2023,12,December,5,Tuesday,49,0
20231206,2023-12-06,2023,12,December,6,Wednesday,49,0
20231207,2023-12-07,2023,12,December,7,Thursday,49,0
20231208,2023-12-08,2023,12,December,8,Friday,49,0
20231209,2023-12-09,2023,12,December,9,Saturday,49,1
20231210,2023-12-10,2023,12,December,10,Sunday,49,1
20231211,2023-12-11,2023,12,December,11,Monday,50,0
20231212,2023-12-12,2023,12,December,12,Tuesday,50,0
20231213,2023-12-13,2023,12,December,13,Wednesday,50,0
20231214,2023-12-14,2023,12,December,14,Thursday,50,0
20231215,2023-12-15,2023,12,December,15,Friday,50,0
20231216,2023-12-16,2023,12,December,16,Saturday,50,1
20231217,2023-12-17,2023,12,December,17,Sunday,50,1
20231218,2023-12-18,2023,12,December,18,Monday,51,0
20231219,2023-12-19,2023,12,December,19,Tuesday,51,0
20231220,2023-12-20,2023,12,December,20,Wednesday,51,0
20231221,2023-12-21,2023,12,December,21,Thursday,51,0
20231222,2023-12-22,2023,12,December,22,Friday,51,0
20231223,2023-12-23,2023,12,December,23,Saturday,51,1
20231224,2023-12-24,2023,12,December,24,Sunday,51,1
20231225,2023-12-25,2023,12,December,25,Monday,52,0
20231226,2023-12-26,2023,12,December,26,Tuesday,52,0
20231227,2023-12-27,2023,12,December,27,Wednesday,52,0
20231228,2023-12-28,2023,12,December,28,Thursday,52,0
20231229,2023-12-29,2023,12,December,29,Friday,52,0
20231230,2023-12-30,2023,12,December,30,Saturday,52,1
20231231,2023-12-31,2023,12,December,31,Sunday,52,1
20240101,2024-01-01,2024,1,January,1,Monday,1,0
20240102,2024-01-02,2024,1,January,2,Tuesday,1,0
20240103,2024-01-03,2024,1,January,3,Wednesday,1,0
20240104,2024-01-04,2024,1,January,4,Thursday,1,0
20240105,2024-01-05,2024,1,January,5,Friday,1,0
20240106,2024-01-06,2024,1,January,6,Saturday,1,1
20240107,2024-01-07,2024,1,January,7,Sunday,1,1
20240108,2024-01-08,2024,1,January,8,Monday,2,0
20240109,2024-01-09,2024,1,January,9,Tuesday,2,0
20240110,2024-01-10,2024,1,January,10,Wednesday,2,0
20240111,2024-01-11,2024,1,January,11,Thursday,2,0
20240112,2024-01-12,2024,1,January,12,Friday,2,0
20240113,2024-01-13,2024,1,January,13,Saturday,2,1
20240114,2024-01-14,2024,1,January,14,Sunday,2,1
20240115,2024-01-15,2024,1,January,15,Monday,3,0
20240116,2024-01-16,2024,1,January,16,Tuesday,3,0
20240117,2024-01-17,2024,1,January,17,Wednesday,3,0
20240118,2024-01-18,2024,1,January,18,Thursday,3,0
20240119,2024-01-19,2024,1,January,19,Friday,3,0
20240120,2024-01-20,2024,1,January,20,Saturday,3,1
20240121,2024-01-21,2024,1,January,21,Sunday,3,1
20240122,2024-01-22,2024,1,January,22,Monday,4,0
20240123,2024-01-23,2024,1,January,23,Tuesday,4,0
20240124,2024-01-24,2024,1,January,24,Wednesday,4,0
20240125,2024-01-25,2024,1,January,25,Thursday,4,0
20240126,2024-01-26,2024,1,January,26,Friday,4,0
20240127,2024-01-27,2024,1,January,27,Saturday,4,1
20240128,2024-01-28,2024,1,January,28,Sunday,4,1
20240129,2024-01-29,2024,1,January,29,Monday,5,0
20240130,2024-01-30,2024,1,January,30,Tuesday,5,0
20240131,2024-01-31,2024,1,January,31,Wednesday,5,0
20240201,2024-02-01,2024,2,February,1,Thursday,5,0
20240202,2024-02-02,2024,2,February,2,Friday,5,0
20240203,2024-02-03,2024,2,February,3,Saturday,5,1
20240204,2024-02-04,2024,2,February,4,Sunday,5,1
20240205,2024-02-05,2024,2,February,5,Monday,6,0
20240206,2024-02-06,2024,2,February,6,Tuesday,6,0
20240207,2024-02-07,2024,2,February,7,Wednesday,6,0
20240208,2024-02-08,2024,2,February,8,Thursday,6,0
20240209,2024-02-09,2024,2,February,9,Friday,6,0
20240210,2024-02-10,2024,2,February,10,Saturday,6,1
20240211,2024-02-11,2024,2,February,11,Sunday,6,1
20240212,2024-02-12,2024,2,February,12,Monday,7,0
20240213,2024-02-13,2024,2,February,13,Tuesday,7,0
20240214,2024-02-14,2024,2,February,14,Wednesday,7,0
20240215,2024-02-15,2024,2,February,15,Thursday,7,0
20240216,2024-02-16,2024,2,February,16,Friday,7,0
20240217,2024-02-17,2024,2,February,17,Saturday,7,1
20240218,2024-02-18,2024,2,February,18,Sunday,7,1
20240219,2024-02-19,2024,2,February,19,Monday,8,0
20240220,2024-02-20,2024,2,February,20,Tuesday,8,0
20240221,2024-02-21,2024,2,February,21,Wednesday,8,0
20240222,2024-02-22,2024,2,February,22,Thursday,8,0
20240223,2024-02-23,2024,2,February,23,Friday,8,0
20240224,2024-02-24,2024,2,February,24,Saturday,8,1
20240225,2024-02-25,2024,2,February,25,Sunday,8,1
20240226,2024-02-26,2024,2,February,26,Monday,9,0
20240227,2024-02-27,2024,2,February,27,Tuesday,9,0
20240228,2024-02-28,2024,2,February,28,Wednesday,9,0
20240229,2024-02-29,2024,2,February,29,Thursday,9,0
20240301,2024-03-01,2024,3,March,1,Friday,9,0
20240302,2024-03-02,2024,3,March,2,Saturday,9,1
20240303,2024-03-03,2024,3,March,3,Sunday,9,1
20240304,2024-03-04,2024,3,March,4,Monday,10,0
20240305,2024-03-05,2024,3,March,5,Tuesday,10,0
20240306,2024-03-06,2024,3,March,6,Wednesday,10,0
20240307,2024-03-07,2024,3,March,7,Thursday,10,0
20240308,2024-03-08,2024,3,March,8,Friday,10,0
20240309,2024-03-09,2024,3,March,9,Saturday,10,1
20240310,2024-03-10,2024,3,March,10,Sunday,10,1
20240311,2024-03-11,2024,3,March,11,Monday,11,0
20240312,2024-03-12,2024,3,March,12,Tuesday,11,0
20240313,2024-03-13,2024,3,March,13,Wednesday,11,0
20240314,2024-03-14,2024,3,March,14,Thursday,11,0
20240315,2024-03-15,2024,3,March,15,Friday,11,0
20240316,2024-03-16,2024,3,March,16,Saturday,11,1
20240317,2024-03-17,2024,3,March,17,Sunday,11,1
20240318,2024-03-18,2024,3,March,18,Monday,12,0
20240319,2024-03-19,2024,3,March,19,Tuesday,12,0
20240320,2024-03-20,2024,3,March,20,Wednesday,12,0
20240321,2024-03-21,2024,3,March,21,Thursday,12,0
20240322,2024-03-22,2024,3,March,22,Friday,12,0
20240323,2024-03-23,2024,3,March,23,Saturday,12,1
20240324,2024-03-24,2024,3,March,24,Sunday,12,1
20240325,2024-03-25,2024,3,March,25,Monday,13,0
20240326,2024-03-26,2024,3,March,26,Tuesday,13,0
20240327,2024-03-27,2024,3,March,27,Wednesday,13,0
20240328,2024-03-28,2024,3,March,28,Thursday,13,0
20240329,2024-03-29,2024,3,March,29,Friday,13,0
20240330,2024-03-30,2024,3,March,30,Saturday,13,1
20240331,2024-03-31,2024,3,March,31,Sunday,13,1
20240401,2024-04-01,2024,4,April,1,Monday,14,0
20240402,2024-04-02,2024,4,April,2,Tuesday,14,0
20240403,2024-04-03,2024,4,April,3,Wednesday,14,0
20240404,2024-04-04,2024,4,April,4,Thursday,14,0
20240405,2024-04-05,2024,4,April,5,Friday,14,0
20240406,2024-04-06,2024,4,April,6,Saturday,14,1
20240407,2024-04-07,2024,4,April,7,Sunday,14,1
20240408,2024-04-08,2024,4,April,8,Monday,15,0
20240409,2024-04-09,2024,4,April,9,Tuesday,15,0
20240410,2024-04-10,2024,4,April,10,Wednesday,15,0
20240411,2024-04-11,2024,4,April,11,Thursday,15,0
20240412,2024-04-12,2024,4,April,12,Friday,15,0
20240413,2024-04-13,2024,4,April,13,Saturday,15,1
20240414,2024-04-14,2024,4,April,14,Sunday,15,1
20240415,2024-04-15,2024,4,April,15,Monday,16,0
20240416,2024-04-16,2024,4,April,16,Tuesday,16,0
20240417,2024-04-17,2024,4,April,17,Wednesday,16,0
20240418,2024-04-18,2024,4,April,18,Thursday,16,0
20240419,2024-04-19,2024,4,April,19,Friday,16,0
20240420,2024-04-20,2024,4,April,20,Saturday,16,1
20240421,2024-04-21,2024,4,April,21,Sunday,16,1
20240422,2024-04-22,2024,4,April,22,Monday,17,0
20240423,2024-04-23,2024,4,April,23,Tuesday,17,0
20240424,2024-04-24,2024,4,April,24,Wednesday,17,0
20240425,2024-04-25,2024,4,April,25,Thursday,17,0
20240426,2024-04-26,2024,4,April,26,Friday,17,0
20240427,2024-04-27,2024,4,April,27,Saturday,17,1
20240428,2024-04-28,2024,4,April,28,Sunday,17,1
20240429,2024-04-29,2024,4,April,29,Monday,18,0
20240430,2024-04-30,2024,4,April,30,Tuesday,18,0
20240501,2024-05-01,2024,5,May,1,Wednesday,18,0
20240502,2024-05-02,2024,5,May,2,Thursday,18,0
20240503,2024-05-03,2024,5,May,3,Friday,18,0
20240504,2024-05-04,2024,5,May,4,Saturday,18,1
20240505,2024-05-05,2024,5,May,5,Sunday,18,1
20240506,2024-05-06,2024,5,May,6,Monday,19,0
20240507,2024-05-07,2024,5,May,7,Tuesday,19,0
20240508,2024-05-08,2024,5,May,8,Wednesday,19,0
20240509,2024-05-09,2024,5,May,9,Thursday,19,0
20240510,2024-05-10,2024,5,May,10,Friday,19,0
20240511,2024-05-11,2024,5,May,11,Saturday,19,1
20240512,2024-05-12,2024,5,May,12,Sunday,19,1
20240513,2024-05-13,2024,5,May,13,Monday,20,0
20240514,2024-05-14,2024,5,May,14,Tuesday,20,0
20240515,2024-05-15,2024,5,May,15,Wednesday,20,0
20240516,2024-05-16,2024,5,May,16,Thursday,20,0
20240517,2024-05-17,2024,5,May,17,Friday,20,0
20240518,2024-05-18,2024,5,May,18,Saturday,20,1
20240519,2024-05-19,2024,5,May,19,Sunday,20,1
20240520,2024-05-20,2024,5,May,20,Monday,21,0
20240521,2024-05-21,2024,5,May,21,Tuesday,21,0
20240522,2024-05-22,2024,5,May,22,Wednesday,21,0
20240523,2024-05-23,2024,5,May,23,Thursday,21,0
20240524,2024-05-24,2024,5,May,24,Friday,21,0
20240525,2024-05-25,2024,5,May,25,Saturday,21,1
20240526,2024-05-26,2024,5,May,26,Sunday,21,1
20240527,2024-05-27,2024,5,May,27,Monday,22,0
20240528,2024-05-28,2024,5,May,28,Tuesday,22,0
20240529,2024-05-29,2024,5,May,29,Wednesday,22,0
20240530,2024-05-30,2024,5,May,30,Thursday,22,0
20240531,2024-05-31,2024,5,May,31,Friday,22,0
20240601,2024-06-01,2024,6,June,1,Saturday,22,1
20240602,2024-06-02,2024,6,June,2,Sunday,22,1
20240603,2024-06-03,2024,6,June,3,Monday,23,0
20240604,2024-06-04,2024,6,June,4,Tuesday,23,0
20240605,2024-06-05,2024,6,June,5,Wednesday,23,0
20240606,2024-06-06,2024,6,June,6,Thursday,23,0
20240607,2024-06-07,2024,6,June,7,Friday,23,0
20240608,2024-06-08,2024,6,June,8,Saturday,23,1
20240609,2024-06-09,2024,6,June,9,Sunday,23,1
20240610,2024-06-10,2024,6,June,10,Monday,24,0
20240611,2024-06-11,2024,6,June,11,Tuesday,24,0
20240612,2024-06-12,2024,6,June,12,Wednesday,24,0
20240613,2024-06-13,2024,6,June,13,Thursday,24,0
20240614,2024-06-14,2024,6,June,14,Friday,24,0
20240615,2024-06-15,2024,6,June,15,Saturday,24,1
20240616,2024-06-16,2024,6,June,16,Sunday,24,1
20240617,2024-06-17,2024,6,June,17,Monday,25,0
20240618,2024-06-18,2024,6,June,18,Tuesday,25,0
20240619,2024-06-19,2024,6,June,19,Wednesday,25,0
20240620,2024-06-20,2024,6,June,20,Thursday,25,0
20240621,2024-06-21,2024,6,June,21,Friday,25,0
20240622,2024-06-22,2024,6,June,22,Saturday,25,1
20240623,2024-06-23,2024,6,June,23,Sunday,25,1
20240624,2024-06-24,2024,6,June,24,Monday,26,0
20240625,2024-06-25,2024,6,June,25,Tuesday,26,0
20240626,2024-06-26,2024,6,June,26,Wednesday,26,0
20240627,2024-06-27,2024,6,June,27,Thursday,26,0
20240628,2024-06-28,2024,6,June,28,Friday,26,0
20240629,2024-06-29,2024,6,June,29,Saturday,26,1
20240630,2024-06-30,2024,6,June,30,Sunday,26,1
20240701,2024-07-01,2024,7,July,1,Monday,27,0
20240702,2024-07-02,2024,7,July,2,Tuesday,27,0
20240703,2024-07-03,2024,7,July,3,Wednesday,27,0
20240704,2024-07-04,2024,7,July,4,Thursday,27,0
20240705,2024-07-05,2024,7,July,5,Friday,27,0
20240706,2024-07-06,2024,7,July,6,Saturday,27,1
20240707,2024-07-07,2024,7,July,7,Sunday,27,1
20240708,2024-07-08,2024,7,July,8,Monday,28,0
20240709,2024-07-09,2024,7,July,9,Tuesday,28,0
20240710,2024-07-10,2024,7,July,10,Wednesday,28,0
20240711,2024-07-11,2024,7,July,11,Thursday,28,0
20240712,2024-07-12,2024,7,July,12,Friday,28,0
20240713,2024-07-13,2024,7,July,13,Saturday,28,1
20240714,2024-07-14,2024,7,July,14,Sunday,28,1
20240715,2024-07-15,2024,7,July,15,Monday,29,0
20240716,2024-07-16,2024,7,July,16,Tuesday,29,0
20240717,2024-07-17,2024,7,July,17,Wednesday,29,0
20240718,2024-07-18,2024,7,July,18,Thursday,29,0
20240719,2024-07-19,2024,7,July,19,Friday,29,0
20240720,2024-07-20,2024,7,July,20,Saturday,29,1
20240721,2024-07-21,2024,7,July,21,Sunday,29,1
20240722,2024-07-22,2024,7,July,22,Monday,30,0
20240723,2024-07-23,2024,7,July,23,Tuesday,30,0
20240724,2024-07-24,2024,7,July,24,Wednesday,30,0
20240725,2024-07-25,2024,7,July,25,Thursday,30,0
20240726,2024-07-26,2024,7,July,26,Friday,30,0
20240727,2024-07-27,2024,7,July,27,Saturday,30,1
20240728,2024-07-28,2024,7,July,28,Sunday,30,1
20240729,2024-07-29,2024,7,July,29,Monday,31,0
20240730,2024-07-30,2024,7,July,30,Tuesday,31,0
20240731,2024-07-31,2024,7,July,31,Wednesday,31,0
20240801,2024-08-01,2024,8,August,1,Thursday,31,0
20240802,2024-08-02,2024,8,August,2,Friday,31,0
20240803,2024-08-03,2024,8,August,3,Saturday,31,1
20240804,2024-08-04,2024,8,August,4,Sunday,31,1
20240805,2024-08-05,2024,8,August,5,Monday,32,0
20240806,2024-08-06,2024,8,August,6,Tuesday,32,0
20240807,2024-08-07,2024,8,August,7,Wednesday,32,0
20240808,2024-08-08,2024,8,August,8,Thursday,32,0
20240809,2024-08-09,2024,8,August,9,Friday,32,0
20240810,2024-08-10,2024,8,August,10,Saturday,32,1
20240811,2024-08-11,2024,8,August,11,Sunday,32,1
20240812,2024-08-12,2024,8,August,12,Monday,33,0
20240813,2024-08-13,2024,8,August,13,Tuesday,33,0
20240814,2024-08-14,2024,8,August,14,Wednesday,33,0
20240815,2024-08-15,2024,8,August,15,Thursday,33,0
20240816,2024-08-16,2024,8,August,16,Friday,33,0
20240817,2024-08-17,2024,8,August,17,Saturday,33,1
20240818,2024-08-18,2024,8,August,18,Sunday,33,1
20240819,2024-08-19,2024,8,August,19,Monday,34,0
20240820,2024-08-20,2024,8,August,20,Tuesday,34,0
20240821,2024-08-21,2024,8,August,21,Wednesday,34,0
20240822,2024-08-22,2024,8,August,22,Thursday,34,0
20240823,2024-08-23,2024,8,August,23,Friday,34,0
20240824,2024-08-24,2024,8,August,24,Saturday,34,1
20240825,2024-08-25,2024,8,August,25,Sunday,34,1
20240826,2024-08-26,2024,8,August,26,Monday,35,0
20240827,2024-08-27,2024,8,August,27,Tuesday,35,0
20240828,2024-08-28,2024,8,August,28,Wednesday,35,0
20240829,2024-08-29,2024,8,August,29,Thursday,35,0
20240830,2024-08-30,2024,8,August,30,Friday,35,0
20240831,2024-08-31,2024,8,August,31,Saturday,35,1
20240901,2024-09-01,2024,9,September,1,Sunday,35,1
20240902,2024-09-02,2024,9,September,2,Monday,36,0
20240903,2024-09-03,2024,9,September,3,Tuesday,36,0
20240904,2024-09-04,2024,9,September,4,Wednesday,36,0
20240905,2024-09-05,2024,9,September,5,Thursday,36,0
20240906,2024-09-06,2024,9,September,6,Friday,36,0
20240907,2024-09-07,2024,9,September,7,Saturday,36,1
20240908,2024-09-08,2024,9,September,8,Sunday,36,1
20240909,2024-09-09,2024,9,September,9,Monday,37,0
20240910,2024-09-10,2024,9,September,10,Tuesday,37,0
20240911,2024-09-11,2024,9,September,11,Wednesday,37,0
20240912,2024-09-12,2024,9,September,12,Thursday,37,0
20240913,2024-09-13,2024,9,September,13,Friday,37,0
20240914,2024-09-14,2024,9,September,14,Saturday,37,1
20240915,2024-09-15,2024,9,September,15,Sunday,37,1
20240916,2024-09-16,2024,9,September,16,Monday,38,0
20240917,2024-09-17,2024,9,September,17,Tuesday,38,0
20240918,2024-09-18,2024,9,September,18,Wednesday,38,0
20240919,2024-09-19,2024,9,September,19,Thursday,38,0
20240920,2024-09-20,2024,9,September,20,Friday,38,0
20240921,2024-09-21,2024,9,September,21,Saturday,38,1
20240922,2024-09-22,2024,9,September,22,Sunday,38,1
20240923,2024-09-23,2024,9,September,23,Monday,39,0
20240924,2024-09-24,2024,9,September,24,Tuesday,39,0
20240925,2024-09-25,2024,9,September,25,Wednesday,39,0
20240926,2024-09-26,2024,9,September,26,Thursday,39,0
20240927,2024-09-27,2024,9,September,27,Friday,39,0
20240928,2024-09-28,2024,9,September,28,Saturday,39,1
20240929,2024-09-29,2024,9,September,29,Sunday,39,1
20240930,2024-09-30,2024,9,September,30,Monday,40,0
20241001,2024-10-01,2024,10,October,1,Tuesday,40,0
20241002,2024-10-02,2024,10,October,2,Wednesday,40,0
20241003,2024-10-03,2024,10,October,3,Thursday,40,0
20241004,2024-10-04,2024,10,October,4,Friday,40,0
20241005,2024-10-05,2024,10,October,5,Saturday,40,1
20241006,2024-10-06,2024,10,October,6,Sunday,40,1
20241007,2024-10-07,2024,10,October,7,Monday,41,0
20241008,2024-10-08,2024,10,October,8,Tuesday,41,0
20241009,2024-10-09,2024,10,October,9,Wednesday,41,0
20241010,2024-10-10,2024,10,October,10,Thursday,41,0
20241011,2024-10-11,2024,10,October,11,Friday,41,0
20241012,2024-10-12,2024,10,October,12,Saturday,41,1
20241013,2024-10-13,2024,10,October,13,Sunday,41,1
20241014,2024-10-14,2024,10,October,14,Monday,42,0
20241015,2024-10-15,2024,10,October,15,Tuesday,42,0
20241016,2024-10-16,2024,10,October,16,Wednesday,42,0
20241017,2024-10-17,2024,10,October,17,Thursday,42,0
20241018,2024-10-18,2024,10,October,18,Friday,42,0
20241019,2024-10-19,2024,10,October,19,Saturday,42,1
20241020,2024-10-20,2024,10,October,20,Sunday,42,1
20241021,2024-10-21,2024,10,October,21,Monday,43,0
20241022,2024-10-22,2024,10,October,22,Tuesday,43,0
20241023,2024-10-23,2024,10,October,23,Wednesday,43,0
20241024,2024-10-24,2024,10,October,24,Thursday,43,0
20241025,2024-10-25,2024,10,October,25,Friday,43,0
20241026,2024-10-26,2024,10,October,26,Saturday,43,1
20241027,2024-10-27,2024,10,October,27,Sunday,43,1
20241028,2024-10-28,2024,10,October,28,Monday,44,0
20241029,2024-10-29,2024,10,October,29,Tuesday,44,0
20241030,2024-10-30,2024,10,October,30,Wednesday,44,0
20241031,2024-10-31,2024,10,October,31,Thursday,44,0
20241101,2024-11-01,2024,11,November,1,Friday,44,0
20241102,2024-11-02,2024,11,November,2,Saturday,44,1
20241103,2024-11-03,2024,11,November,3,Sunday,44,1
20241104,2024-11-04,2024,11,November,4,Monday,45,0
20241105,2024-11-05,2024,11,November,5,Tuesday,45,0
20241106,2024-11-06,2024,11,November,6,Wednesday,45,0
20241107,2024-11-07,2024,11,November,7,Thursday,45,0
20241108,2024-11-08,2024,11,November,8,Friday,45,0
20241109,2024-11-09,2024,11,November,9,Saturday,45,1
20241110,2024-11-10,2024,11,November,10,Sunday,45,1
20241111,2024-11-11,2024,11,November,11,Monday,46,0
20241112,2024-11-12,2024,11,November,12,Tuesday,46,0
20241113,2024-11-13,2024,11,November,13,Wednesday,46,0
20241114,2024-11-14,2024,11,November,14,Thursday,46,0
20241115,2024-11-15,2024,11,November,15,Friday,46,0
20241116,2024-11-16,2024,11,November,16,Saturday,46,1
20241117,2024-11-17,2024,11,November,17,Sunday,46,1
20241118,2024-11-18,2024,11,November,18,Monday,47,0
20241119,2024-11-19,2024,11,November,19,Tuesday,47,0
20241120,2024-11-20,2024,11,November,20,Wednesday,47,0
20241121,2024-11-21,2024,11,November,21,Thursday,47,0
20241122,2024-11-22,2024,11,November,22,Friday,47,0
20241123,2024-11-23,2024,11,November,23,Saturday,47,1
20241124,2024-11-24,2024,11,November,24,Sunday,47,1
20241125,2024-11-25,2024,11,November,25,Monday,48,0
20241126,2024-11-26,2024,11,November,26,Tuesday,48,0
20241127,2024-11-27,2024,11,November,27,Wednesday,48,0
20241128,2024-11-28,2024,11,November,28,Thursday,48,0
20241129,2024-11-29,2024,11,November,29,Friday,48,0
20241130,2024-11-30,2024,11,November,30,Saturday,48,1
20241201,2024-12-01,2024,12,December,1,Sunday,48,1
20241202,2024-12-02,2024,12,December,2,Monday,49,0
20241203,2024-12-03,2024,12,December,3,Tuesday,49,0
20241204,2024-12-04,2024,12,December,4,Wednesday,49,0
20241205,2024-12-05,2024,12,December,5,Thursday,49,0
20241206,2024-12-06,2024,12,December,6,Friday,49,0
20241207,2024-12-07,2024,12,December,7,Saturday,49,1
20241208,2024-12-08,2024,12,December,8,Sunday,49,1
20241209,2024-12-09,2024,12,December,9,Monday,50,0
20241210,2024-12-10,2024,12,December,10,Tuesday,50,0
20241211,2024-12-11,2024,12,December,11,Wednesday,50,0
20241212,2024-12-12,2024,12,December,12,Thursday,50,0
20241213,2024-12-13,2024,12,December,13,Friday,50,0
20241214,2024-12-14,2024,12,December,14,Saturday,50,1
20241215,2024-12-15,2024,12,December,15,Sunday,50,1
20241216,2024-12-16,2024,12,December,16,Monday,51,0
20241217,2024-12-17,2024,12,December,17,Tuesday,51,0
20241218,2024-12-18,2024,12,December,18,Wednesday,51,0
20241219,2024-12-19,2024,12,December,19,Thursday,51,0
20241220,2024-12-20,2024,12,December,20,Friday,51,0
20241221,2024-12-21,2024,12,December,21,Saturday,51,1
20241222,2024-12-22,2024,12,December,22,Sunday,51,1
20241223,2024-12-23,2024,12,December,23,Monday,52,0
20241224,2024-12-24,2024,12,December,24,Tuesday,52,0
20241225,2024-12-25,2024,12,December,25,Wednesday,52,0
20241226,2024-12-26,2024,12,December,26,Thursday,52,0
20241227,2024-12-27,2024,12,December,27,Friday,52,0
20241228,2024-12-28,2024,12,December,28,Saturday,52,1
20241229,2024-12-29,2024,12,December,29,Sunday,52,1
20241230,2024-12-30,2024,12,December,30,Monday,1,0
20241231,2024-12-31,2024,12,December,31,Tuesday,1,0
20250101,2025-01-01,2025,1,January,1,Wednesday,1,0
20250102,2025-01-02,2025,1,January,2,Thursday,1,0
20250103,2025-01-03,2025,1,January,3,Friday,1,0
20250104,2025-01-04,2025,1,January,4,Saturday,1,1
20250105,2025-01-05,2025,1,January,5,Sunday,1,1
20250106,2025-01-06,2025,1,January,6,Monday,2,0
20250107,2025-01-07,2025,1,January,7,Tuesday,2,0
20250108,2025-01-08,2025,1,January,8,Wednesday,2,0
20250109,2025-01-09,2025,1,January,9,Thursday,2,0
20250110,2025-01-10,2025,1,January,10,Friday,2,0
20250111,2025-01-11,2025,1,January,11,Saturday,2,1
20250112,2025-01-12,2025,1,January,12,Sunday,2,1
20250113,2025-01-13,2025,1,January,13,Monday,3,0
20250114,2025-01-14,2025,1,January,14,Tuesday,3,0
20250115,2025-01-15,2025,1,January,15,Wednesday,3,0
20250116,2025-01-16,2025,1,January,16,Thursday,3,0
20250117,2025-01-17,2025,1,January,17,Friday,3,0
20250118,2025-01-18,2025,1,January,18,Saturday,3,1
20250119,2025-01-19,2025,1,January,19,Sunday,3,1
20250120,2025-01-20,2025,1,January,20,Monday,4,0
20250121,2025-01-21,2025,1,January,21,Tuesday,4,0
20250122,2025-01-22,2025,1,January,22,Wednesday,4,0
20250123,2025-01-23,2025,1,January,23,Thursday,4,0
20250124,2025-01-24,2025,1,January,24,Friday,4,0
20250125,2025-01-25,2025,1,January,25,Saturday,4,1
20250126,2025-01-26,2025,1,January,26,Sunday,4,1
20250127,2025-01-27,2025,1,January,27,Monday,5,0
20250128,2025-01-28,2025,1,January,28,Tuesday,5,0
20250129,2025-01-29,2025,1,January,29,Wednesday,5,0
20250130,2025-01-30,2025,1,January,30,Thursday,5,0
20250131,2025-01-31,2025,1,January,31,Friday,5,0
20250201,2025-02-01,2025,2,February,1,Saturday,5,1
20250202,2025-02-02,2025,2,February,2,Sunday,5,1
20250203,2025-02-03,2025,2,February,3,Monday,6,0
20250204,2025-02-04,2025,2,February,4,Tuesday,6,0
20250205,2025-02-05,2025,2,February,5,Wednesday,6,0
20250206,2025-02-06,2025,2,February,6,Thursday,6,0
20250207,2025-02-07,2025,2,February,7,Friday,6,0
20250208,2025-02-08,2025,2,February,8,Saturday,6,1
20250209,2025-02-09,2025,2,February,9,Sunday,6,1
20250210,2025-02-10,2025,2,February,10,Monday,7,0
20250211,2025-02-11,2025,2,February,11,Tuesday,7,0
20250212,2025-02-12,2025,2,February,12,Wednesday,7,0
20250213,2025-02-13,2025,2,February,13,Thursday,7,0
20250214,2025-02-14,2025,2,February,14,Friday,7,0
20250215,2025-02-15,2025,2,February,15,Saturday,7,1
20250216,2025-02-16,2025,2,February,16,Sunday,7,1
20250217,2025-02-17,2025,2,February,17,Monday,8,0
20250218,2025-02-18,2025,2,February,18,Tuesday,8,0
20250219,2025-02-19,2025,2,February,19,Wednesday,8,0
20250220,2025-02-20,2025,2,February,20,Thursday,8,0
20250221,2025-02-21,2025,2,February,21,Friday,8,0
20250222,2025-02-22,2025,2,February,22,Saturday,8,1
20250223,2025-02-23,2025,2,February,23,Sunday,8,1
20250224,2025-02-24,2025,2,February,24,Monday,9,0
20250225,2025-02-25,2025,2,February,25,Tuesday,9,0
20250226,2025-02-26,2025,2,February,26,Wednesday,9,0
20250227,2025-02-27,2025,2,February,27,Thursday,9,0
20250228,2025-02-28,2025,2,February,28,Friday,9,0
20250301,2025-03-01,2025,3,March,1,Saturday,9,1
20250302,2025-03-02,2025,3,March,2,Sunday,9,1
20250303,2025-03-03,2025,3,March,3,Monday,10,0
20250304,2025-03-04,2025,3,March,4,Tuesday,10,0
20250305,2025-03-05,2025,3,March,5,Wednesday,10,0
20250306,2025-03-06,2025,3,March,6,Thursday,10,0
20250307,2025-03-07,2025,3,March,7,Friday,10,0
20250308,2025-03-08,2025,3,March,8,Saturday,10,1
20250309,2025-03-09,2025,3,March,9,Sunday,10,1
20250310,2025-03-10,2025,3,March,10,Monday,11,0
20250311,2025-03-11,2025,3,March,11,Tuesday,11,0
20250312,2025-03-12,2025,3,March,12,Wednesday,11,0
20250313,2025-03-13,2025,3,March,13,Thursday,11,0
20250314,2025-03-14,2025,3,March,14,Friday,11,0
20250315,2025-03-15,2025,3,March,15,Saturday,11,1
20250316,2025-03-16,2025,3,March,16,Sunday,11,1
20250317,2025-03-17,2025,3,March,17,Monday,12,0
20250318,2025-03-18,2025,3,March,18,Tuesday,12,0
20250319,2025-03-19,2025,3,March,19,Wednesday,12,0
20250320,2025-03-20,2025,3,March,20,Thursday,12,0
20250321,2025-03-21,2025,3,March,21,Friday,12,0
20250322,2025-03-22,2025,3,March,22,Saturday,12,1
20250323,2025-03-23,2025,3,March,23,Sunday,12,1
20250324,2025-03-24,2025,3,March,24,Monday,13,0
20250325,2025-03-25,2025,3,March,25,Tuesday,13,0
20250326,2025-03-26,2025,3,March,26,Wednesday,13,0
20250327,2025-03-27,2025,3,March,27,Thursday,13,0
20250328,2025-03-28,2025,3,March,28,Friday,13,0
20250329,2025-03-29,2025,3,March,29,Saturday,13,1
20250330,2025-03-30,2025,3,March,30,Sunday,13,1
20250331,2025-03-31,2025,3,March,31,Monday,14,0
20250401,2025-04-01,2025,4,April,1,Tuesday,14,0
20250402,2025-04-02,2025,4,April,2,Wednesday,14,0
20250403,2025-04-03,2025,4,April,3,Thursday,14,0
20250404,2025-04-04,2025,4,April,4,Friday,14,0
20250405,2025-04-05,2025,4,April,5,Saturday,14,1
20250406,2025-04-06,2025,4,April,6,Sunday,14,1
20250407,2025-04-07,2025,4,April,7,Monday,15,0
20250408,2025-04-08,2025,4,April,8,Tuesday,15,0
20250409,2025-04-09,2025,4,April,9,Wednesday,15,0
20250410,2025-04-10,2025,4,April,10,Thursday,15,0
20250411,2025-04-11,2025,4,April,11,Friday,15,0
20250412,2025-04-12,2025,4,April,12,Saturday,15,1
20250413,2025-04-13,2025,4,April,13,Sunday,15,1
20250414,2025-04-14,2025,4,April,14,Monday,16,0
20250415,2025-04-15,2025,4,April,15,Tuesday,16,0
20250416,2025-04-16,2025,4,April,16,Wednesday,16,0
20250417,2025-04-17,2025,4,April,17,Thursday,16,0
20250418,2025-04-18,2025,4,April,18,Friday,16,0
20250419,2025-04-19,2025,4,April,19,Saturday,16,1
20250420,2025-04-20,2025,4,April,20,Sunday,16,1
20250421,2025-04-21,2025,4,April,21,Monday,17,0
20250422,2025-04-22,2025,4,April,22,Tuesday,17,0
20250423,2025-04-23,2025,4,April,23,Wednesday,17,0
20250424,2025-04-24,2025,4,April,24,Thursday,17,0
20250425,2025-04-25,2025,4,April,25,Friday,17,0
20250426,2025-04-26,2025,4,April,26,Saturday,17,1
20250427,2025-04-27,2025,4,April,27,Sunday,17,1
20250428,2025-04-28,2025,4,April,28,Monday,18,0
20250429,2025-04-29,2025,4,April,29,Tuesday,18,0
20250430,2025-04-30,2025,4,April,30,Wednesday,18,0
20250501,2025-05-01,2025,5,May,1,Thursday,18,0
20250502,2025-05-02,2025,5,May,2,Friday,18,0
20250503,2025-05-03,2025,5,May,3,Saturday,18,1
20250504,2025-05-04,2025,5,May,4,Sunday,18,1
20250505,2025-05-05,2025,5,May,5,Monday,19,0
20250506,2025-05-06,2025,5,May,6,Tuesday,19,0
20250507,2025-05-07,2025,5,May,7,Wednesday,19,0
20250508,2025-05-08,2025,5,May,8,Thursday,19,0
20250509,2025-05-09,2025,5,May,9,Friday,19,0
20250510,2025-05-10,2025,5,May,10,Saturday,19,1
20250511,2025-05-11,2025,5,May,11,Sunday,19,1
20250512,2025-05-12,2025,5,May,12,Monday,20,0
20250513,2025-05-13,2025,5,May,13,Tuesday,20,0
20250514,2025-05-14,2025,5,May,14,Wednesday,20,0
20250515,2025-05-15,2025,5,May,15,Thursday,20,0
20250516,2025-05-16,2025,5,May,16,Friday,20,0
20250517,2025-05-17,2025,5,May,17,Saturday,20,1
20250518,2025-05-18,2025,5,May,18,Sunday,20,1
20250519,2025-05-19,2025,5,May,19,Monday,21,0
20250520,2025-05-20,2025,5,May,20,Tuesday,21,0
20250521,2025-05-21,2025,5,May,21,Wednesday,21,0
20250522,2025-05-22,2025,5,May,22,Thursday,21,0
20250523,2025-05-23,2025,5,May,23,Friday,21,0
20250524,2025-05-24,2025,5,May,24,Saturday,21,1
20250525,2025-05-25,2025,5,May,25,Sunday,21,1
20250526,2025-05-26,2025,5,May,26,Monday,22,0
20250527,2025-05-27,2025,5,May,27,Tuesday,22,0
20250528,2025-05-28,2025,5,May,28,Wednesday,22,0
20250529,2025-05-29,2025,5,May,29,Thursday,22,0
20250530,2025-05-30,2025,5,May,30,Friday,22,0
20250531,2025-05-31,2025,5,May,31,Saturday,22,1
20250601,2025-06-01,2025,6,June,1,Sunday,22,1
20250602,2025-06-02,2025,6,June,2,Monday,23,0
20250603,2025-06-03,2025,6,June,3,Tuesday,23,0
20250604,2025-06-04,2025,6,June,4,Wednesday,23,0
20250605,2025-06-05,2025,6,June,5,Thursday,23,0
20250606,2025-06-06,2025,6,June,6,Friday,23,0
20250607,2025-06-07,2025,6,June,7,Saturday,23,1
20250608,2025-06-08,2025,6,June,8,Sunday,23,1
20250609,2025-06-09,2025,6,June,9,Monday,24,0
20250610,2025-06-10,2025,6,June,10,Tuesday,24,0
20250611,2025-06-11,2025,6,June,11,Wednesday,24,0
20250612,2025-06-12,2025,6,June,12,Thursday,24,0
20250613,2025-06-13,2025,6,June,13,Friday,24,0
20250614,2025-06-14,2025,6,June,14,Saturday,24,1
20250615,2025-06-15,2025,6,June,15,Sunday,24,1
20250616,2025-06-16,2025,6,June,16,Monday,25,0
20250617,2025-06-17,2025,6,June,17,Tuesday,25,0
20250618,2025-06-18,2025,6,June,18,Wednesday,25,0
20250619,2025-06-19,2025,6,June,19,Thursday,25,0
20250620,2025-06-20,2025,6,June,20,Friday,25,0
20250621,2025-06-21,2025,6,June,21,Saturday,25,1
20250622,2025-06-22,2025,6,June,22,Sunday,25,1
20250623,2025-06-23,2025,6,June,23,Monday,26,0
20250624,2025-06-24,2025,6,June,24,Tuesday,26,0
20250625,2025-06-25,2025,6,June,25,Wednesday,26,0
20250626,2025-06-26,2025,6,June,26,Thursday,26,0
20250627,2025-06-27,2025,6,June,27,Friday,26,0
20250628,2025-06-28,2025,6,June,28,Saturday,26,1
20250629,2025-06-29,2025,6,June,29,Sunday,26,1
20250630,2025-06-30,2025,6,June,30,Monday,27,0
20250701,2025-07-01,2025,7,July,1,Tuesday,27,0
20250702,2025-07-02,2025,7,July,2,Wednesday,27,0
20250703,2025-07-03,2025,7,July,3,Thursday,27,0
20250704,2025-07-04,2025,7,July,4,Friday,27,0
20250705,2025-07-05,2025,7,July,5,Saturday,27,1
20250706,2025-07-06,2025,7,July,6,Sunday,27,1
20250707,2025-07-07,2025,7,July,7,Monday,28,0
20250708,2025-07-08,2025,7,July,8,Tuesday,28,0
20250709,2025-07-09,2025,7,July,9,Wednesday,28,0
20250710,2025-07-10,2025,7,July,10,Thursday,28,0
20250711,2025-07-11,2025,7,July,11,Friday,28,0
20250712,2025-07-12,2025,7,July,12,Saturday,28,1
20250713,2025-07-13,2025,7,July,13,Sunday,28,1
20250714,2025-07-14,2025,7,July,14,Monday,29,0
20250715,2025-07-15,2025,7,July,15,Tuesday,29,0
20250716,2025-07-16,2025,7,July,16,Wednesday,29,0
20250717,2025-07-17,2025,7,July,17,Thursday,29,0
20250718,2025-07-18,2025,7,July,18,Friday,29,0
20250719,2025-07-19,2025,7,July,19,Saturday,29,1
20250720,2025-07-20,2025,7,July,20,Sunday,29,1
20250721,2025-07-21,2025,7,July,21,Monday,30,0
20250722,2025-07-22,2025,7,July,22,Tuesday,30,0
20250723,2025-07-23,2025,7,July,23,Wednesday,30,0
20250724,2025-07-24,2025,7,July,24,Thursday,30,0
20250725,2025-07-25,2025,7,July,25,Friday,30,0
20250726,2025-07-26,2025,7,July,26,Saturday,30,1
20250727,2025-07-27,2025,7,July,27,Sunday,30,1
20250728,2025-07-28,2025,7,July,28,Monday,31,0
20250729,2025-07-29,2025,7,July,29,Tuesday,31,0
20250730,2025-07-30,2025,7,July,30,Wednesday,31,0
20250731,2025-07-31,2025,7,July,31,Thursday,31,0
20250801,2025-08-01,2025,8,August,1,Friday,31,0
20250802,2025-08-02,2025,8,August,2,Saturday,31,1
20250803,2025-08-03,2025,8,August,3,Sunday,31,1
20250804,2025-08-04,2025,8,August,4,Monday,32,0
20250805,2025-08-05,2025,8,August,5,Tuesday,32,0
20250806,2025-08-06,2025,8,August,6,Wednesday,32,0
20250807,2025-08-07,2025,8,August,7,Thursday,32,0
20250808,2025-08-08,2025,8,August,8,Friday,32,0
20250809,2025-08-09,2025,8,August,9,Saturday,32,1
20250810,2025-08-10,2025,8,August,10,Sunday,32,1
20250811,2025-08-11,2025,8,August,11,Monday,33,0
20250812,2025-08-12,2025,8,August,12,Tuesday,33,0
20250813,2025-08-13,2025,8,August,13,Wednesday,33,0
20250814,2025-08-14,2025,8,August,14,Thursday,33,0
20250815,2025-08-15,2025,8,August,15,Friday,33,0
20250816,2025-08-16,2025,8,August,16,Saturday,33,1
20250817,2025-08-17,2025,8,August,17,Sunday,33,1
20250818,2025-08-18,2025,8,August,18,Monday,34,0
20250819,2025-08-19,2025,8,August,19,Tuesday,34,0
20250820,2025-08-20,2025,8,August,20,Wednesday,34,0
20250821,2025-08-21,2025,8,August,21,Thursday,34,0
20250822,2025-08-22,2025,8,August,22,Friday,34,0
20250823,2025-08-23,2025,8,August,23,Saturday,34,1
20250824,2025-08-24,2025,8,August,24,Sunday,34,1
20250825,2025-08-25,2025,8,August,25,Monday,35,0
20250826,2025-08-26,2025,8,August,26,Tuesday,35,0
20250827,2025-08-27,2025,8,August,27,Wednesday,35,0
20250828,2025-08-28,2025,8,August,28,Thursday,35,0
20250829,2025-08-29,2025,8,August,29,Friday,35,0
20250830,2025-08-30,2025,8,August,30,Saturday,35,1
20250831,2025-08-31,2025,8,August,31,Sunday,35,1
20250901,2025-09-01,2025,9,September,1,Monday,36,0
20250902,2025-09-02,2025,9,September,2,Tuesday,36,0
20250903,2025-09-03,2025,9,September,3,Wednesday,36,0
20250904,2025-09-04,2025,9,September,4,Thursday,36,0
20250905,2025-09-05,2025,9,September,5,Friday,36,0
20250906,2025-09-06,2025,9,September,6,Saturday,36,1
20250907,2025-09-07,2025,9,September,7,Sunday,36,1
20250908,2025-09-08,2025,9,September,8,Monday,37,0
20250909,2025-09-09,2025,9,September,9,Tuesday,37,0
20250910,2025-09-10,2025,9,September,10,Wednesday,37,0
20250911,2025-09-11,2025,9,September,11,Thursday,37,0
20250912,2025-09-12,2025,9,September,12,Friday,37,0
20250913,2025-09-13,2025,9,September,13,Saturday,37,1
20250914,2025-09-14,2025,9,September,14,Sunday,37,1
20250915,2025-09-15,2025,9,September,15,Monday,38,0
20250916,2025-09-16,2025,9,September,16,Tuesday,38,0
20250917,2025-09-17,2025,9,September,17,Wednesday,38,0
20250918,2025-09-18,2025,9,September,18,Thursday,38,0
20250919,2025-09-19,2025,9,September,19,Friday,38,0
20250920,2025-09-20,2025,9,September,20,Saturday,38,1
20250921,2025-09-21,2025,9,September,21,Sunday,38,1
20250922,2025-09-22,2025,9,September,22,Monday,39,0
20250923,2025-09-23,2025,9,September,23,Tuesday,39,0
20250924,2025-09-24,2025,9,September,24,Wednesday,39,0
20250925,2025-09-25,2025,9,September,25,Thursday,39,0
20250926,2025-09-26,2025,9,September,26,Friday,39,0
20250927,2025-09-27,2025,9,September,27,Saturday,39,1
20250928,2025-09-28,2025,9,September,28,Sunday,39,1
20250929,2025-09-29,2025,9,September,29,Monday,40,0
20250930,2025-09-30,2025,9,September,30,Tuesday,40,0
20251001,2025-10-01,2025,10,October,1,Wednesday,40,0
20251002,2025-10-02,2025,10,October,2,Thursday,40,0
20251003,2025-10-03,2025,10,October,3,Friday,40,0
20251004,2025-10-04,2025,10,October,4,Saturday,40,1
20251005,2025-10-05,2025,10,October,5,Sunday,40,1
20251006,2025-10-06,2025,10,October,6,Monday,41,0
20251007,2025-10-07,2025,10,October,7,Tuesday,41,0
20251008,2025-10-08,2025,10,October,8,Wednesday,41,0
20251009,2025-10-09,2025,10,October,9,Thursday,41,0
20251010,2025-10-10,2025,10,October,10,Friday,41,0
20251011,2025-10-11,2025,10,October,11,Saturday,41,1
20251012,2025-10-12,2025,10,October,12,Sunday,41,1
20251013,2025-10-13,2025,10,October,13,Monday,42,0
20251014,2025-10-14,2025,10,October,14,Tuesday,42,0
20251015,2025-10-15,2025,10,October,15,Wednesday,42,0
20251016,2025-10-16,2025,10,October,16,Thursday,42,0
20251017,2025-10-17,2025,10,October,17,Friday,42,0
20251018,2025-10-18,2025,10,October,18,Saturday,42,1
20251019,2025-10-19,2025,10,October,19,Sunday,42,1
20251020,2025-10-20,2025,10,October,20,Monday,43,0
20251021,2025-10-21,2025,10,October,21,Tuesday,43,0
20251022,2025-10-22,2025,10,October,22,Wednesday,43,0
20251023,2025-10-23,2025,10,October,23,Thursday,43,0
20251024,2025-10-24,2025,10,October,24,Friday,43,0
20251025,2025-10-25,2025,10,October,25,Saturday,43,1
20251026,2025-10-26,2025,10,October,26,Sunday,43,1
20251027,2025-10-27,2025,10,October,27,Monday,44,0
20251028,2025-10-28,2025,10,October,28,Tuesday,44,0
20251029,2025-10-29,2025,10,October,29,Wednesday,44,0
20251030,2025-10-30,2025,10,October,30,Thursday,44,0
20251031,2025-10-31,2025,10,October,31,Friday,44,0
20251101,2025-11-01,2025,11,November,1,Saturday,44,1
20251102,2025-11-02,2025,11,November,2,Sunday,44,1
20251103,2025-11-03,2025,11,November,3,Monday,45,0
20251104,2025-11-04,2025,11,November,4,Tuesday,45,0
20251105,2025-11-05,2025,11,November,5,Wednesday,45,0
20251106,2025-11-06,2025,11,November,6,Thursday,45,0
20251107,2025-11-07,2025,11,November,7,Friday,45,0
20251108,2025-11-08,2025,11,November,8,Saturday,45,1
20251109,2025-11-09,2025,11,November,9,Sunday,45,1
20251110,2025-11-10,2025,11,November,10,Monday,46,0
20251111,2025-11-11,2025,11,November,11,Tuesday,46,0
20251112,2025-11-12,2025,11,November,12,Wednesday,46,0
20251113,2025-11-13,2025,11,November,13,Thursday,46,0
20251114,2025-11-14,2025,11,November,14,Friday,46,0
20251115,2025-11-15,2025,11,November,15,Saturday,46,1
20251116,2025-11-16,2025,11,November,16,Sunday,46,1
20251117,2025-11-17,2025,11,November,17,Monday,47,0
20251118,2025-11-18,2025,11,November,18,Tuesday,47,0
20251119,2025-11-19,2025,11,November,19,Wednesday,47,0
20251120,2025-11-20,2025,11,November,20,Thursday,47,0
20251121,2025-11-21,2025,11,November,21,Friday,47,0
20251122,2025-11-22,2025,11,November,22,Saturday,47,1
20251123,2025-11-23,2025,11,November,23,Sunday,47,1
20251124,2025-11-24,2025,11,November,24,Monday,48,0
20251125,2025-11-25,2025,11,November,25,Tuesday,48,0
20251126,2025-11-26,2025,11,November,26,Wednesday,48,0
20251127,2025-11-27,2025,11,November,27,Thursday,48,0
20251128,2025-11-28,2025,11,November,28,Friday,48,0
20251129,2025-11-29,2025,11,November,29,Saturday,48,1
20251130,2025-11-30,2025,11,November,30,Sunday,48,1
20251201,2025-12-01,2025,12,December,1,Monday,49,0
20251202,2025-12-02,2025,12,December,2,Tuesday,49,0
20251203,2025-12-03,2025,12,December,3,Wednesday,49,0
20251204,2025-12-04,2025,12,December,4,Thursday,49,0
20251205,2025-12-05,2025,12,December,5,Friday,49,0
20251206,2025-12-06,2025,12,December,6,Saturday,49,1
20251207,2025-12-07,2025,12,December,7,Sunday,49,1
20251208,2025-12-08,2025,12,December,8,Monday,50,0
20251209,2025-12-09,2025,12,December,9,Tuesday,50,0
20251210,2025-12-10,2025,12,December,10,Wednesday,50,0
20251211,2025-12-11,2025,12,December,11,Thursday,50,0
20251212,2025-12-12,2025,12,December,12,Friday,50,0
20251213,2025-12-13,2025,12,December,13,Saturday,50,1
20251214,2025-12-14,2025,12,December,14,Sunday,50,1
20251215,2025-12-15,2025,12,December,15,Monday,51,0
20251216,2025-12-16,2025,12,December,16,Tuesday,51,0
20251217,2025-12-17,2025,12,December,17,Wednesday,51,0
20251218,2025-12-18,2025,12,December,18,Thursday,51,0
20251219,2025-12-19,2025,12,December,19,Friday,51,0
20251220,2025-12-20,2025,12,December,20,Saturday,51,1
20251221,2025-12-21,2025,12,December,21,Sunday,51,1
20251222,2025-12-22,2025,12,December,22,Monday,52,0
20251223,2025-12-23,2025,12,December,23,Tuesday,52,0
20251224,2025-12-24,2025,12,December,24,Wednesday,52,0
20251225,2025-12-25,2025,12,December,25,Thursday,52,0
20251226,2025-12-26,2025,12,December,26,Friday,52,0
20251227,2025-12-27,2025,12,December,27,Saturday,52,1
20251228,2025-12-28,2025,12,December,28,Sunday,52,1
20251229,2025-12-29,2025,12,December,29,Monday,1,0
20251230,2025-12-30,2025,12,December,30,Tuesday,1,0
20251231,2025-12-31,2025,12,December,31,Wednesday,1,0
20260101,2026-01-01,2026,1,January,1,Thursday,1,0
20260102,2026-01-02,2026,1,January,2,Friday,1,0
20260103,2026-01-03,2026,1,January,3,Saturday,1,1
20260104,2026-01-04,2026,1,January,4,Sunday,1,1
20260105,2026-01-05,2026,1,January,5,Monday,2,0
20260106,2026-01-06,2026,1,January,6,Tuesday,2,0
20260107,2026-01-07,2026,1,January,7,Wednesday,2,0
20260108,2026-01-08,2026,1,January,8,Thursday,2,0
20260109,2026-01-09,2026,1,January,9,Friday,2,0
20260110,2026-01-10,2026,1,January,10,Saturday,2,1
20260111,2026-01-11,2026,1,January,11,Sunday,2,1
20260112,2026-01-12,2026,1,January,12,Monday,3,0
20260113,2026-01-13,2026,1,January,13,Tuesday,3,0
20260114,2026-01-14,2026,1,January,14,Wednesday,3,0
20260115,2026-01-15,2026,1,January,15,Thursday,3,0
20260116,2026-01-16,2026,1,January,16,Friday,3,0
20260117,2026-01-17,2026,1,January,17,Saturday,3,1
20260118,2026-01-18,2026,1,January,18,Sunday,3,1
20260119,2026-01-19,2026,1,January,19,Monday,4,0
20260120,2026-01-20,2026,1,January,20,Tuesday,4,0
20260121,2026-01-21,2026,1,January,21,Wednesday,4,0
20260122,2026-01-22,2026,1,January,22,Thursday,4,0
20260123,2026-01-23,2026,1,January,23,Friday,4,0
20260124,2026-01-24,2026,1,January,24,Saturday,4,1
20260125,2026-01-25,2026,1,January,25,Sunday,4,1
20260126,2026-01-26,2026,1,January,26,Monday,5,0
20260127,2026-01-27,2026,1,January,27,Tuesday,5,0
20260128,2026-01-28,2026,1,January,28,Wednesday,5,0
20260129,2026-01-29,2026,1,January,29,Thursday,5,0
20260130,2026-01-30,2026,1,January,30,Friday,5,0
20260131,2026-01-31,2026,1,January,31,Saturday,5,1
20260201,2026-02-01,2026,2,February,1,Sunday,5,1
20260202,2026-02-02,2026,2,February,2,Monday,6,0
20260203,2026-02-03,2026,2,February,3,Tuesday,6,0
20260204,2026-02-04,2026,2,February,4,Wednesday,6,0
20260205,2026-02-05,2026,2,February,5,Thursday,6,0
20260206,2026-02-06,2026,2,February,6,Friday,6,0
20260207,2026-02-07,2026,2,February,7,Saturday,6,1
20260208,2026-02-08,2026,2,February,8,Sunday,6,1
20260209,2026-02-09,2026,2,February,9,Monday,7,0
20260210,2026-02-10,2026,2,February,10,Tuesday,7,0
20260211,2026-02-11,2026,2,February,11,Wednesday,7,0
20260212,2026-02-12,2026,2,February,12,Thursday,7,0
20260213,2026-02-13,2026,2,February,13,Friday,7,0
20260214,2026-02-14,2026,2,February,14,Saturday,7,1
20260215,2026-02-15,2026,2,February,15,Sunday,7,1
20260216,2026-02-16,2026,2,February,16,Monday,8,0
20260217,2026-02-17,2026,2,February,17,Tuesday,8,0
20260218,2026-02-18,2026,2,February,18,Wednesday,8,0
20260219,2026-02-19,2026,2,February,19,Thursday,8,0
20260220,2026-02-20,2026,2,February,20,Friday,8,0
20260221,2026-02-21,2026,2,February,21,Saturday,8,1
20260222,2026-02-22,2026,2,February,22,Sunday,8,1
20260223,2026-02-23,2026,2,February,23,Monday,9,0
20260224,2026-02-24,2026,2,February,24,Tuesday,9,0
20260225,2026-02-25,2026,2,February,25,Wednesday,9,0
20260226,2026-02-26,2026,2,February,26,Thursday,9,0
20260227,2026-02-27,2026,2,February,27,Friday,9,0
20260228,2026-02-28,2026,2,February,28,Saturday,9,1
20260301,2026-03-01,2026,3,March,1,Sunday,9,1
20260302,2026-03-02,2026,3,March,2,Monday,10,0
20260303,2026-03-03,2026,3,March,3,Tuesday,10,0
20260304,2026-03-04,2026,3,March,4,Wednesday,10,0
20260305,2026-03-05,2026,3,March,5,Thursday,10,0
20260306,2026-03-06,2026,3,March,6,Friday,10,0
20260307,2026-03-07,2026,3,March,7,Saturday,10,1
20260308,2026-03-08,2026,3,March,8,Sunday,10,1
20260309,2026-03-09,2026,3,March,9,Monday,11,0
20260310,2026-03-10,2026,3,March,10,Tuesday,11,0
20260311,2026-03-11,2026,3,March,11,Wednesday,11,0
20260312,2026-03-12,2026,3,March,12,Thursday,11,0
20260313,2026-03-13,2026,3,March,13,Friday,11,0
20260314,2026-03-14,2026,3,March,14,Saturday,11,1
20260315,2026-03-15,2026,3,March,15,Sunday,11,1
20260316,2026-03-16,2026,3,March,16,Monday,12,0
20260317,2026-03-17,2026,3,March,17,Tuesday,12,0
20260318,2026-03-18,2026,3,March,18,Wednesday,12,0
20260319,2026-03-19,2026,3,March,19,Thursday,12,0
20260320,2026-03-20,2026,3,March,20,Friday,12,0
20260321,2026-03-21,2026,3,March,21,Saturday,12,1
20260322,2026-03-22,2026,3,March,22,Sunday,12,1
20260323,2026-03-23,2026,3,March,23,Monday,13,0
20260324,2026-03-24,2026,3,March,24,Tuesday,13,0
20260325,2026-03-25,2026,3,March,25,Wednesday,13,0
20260326,2026-03-26,2026,3,March,26,Thursday,13,0
20260327,2026-03-27,2026,3,March,27,Friday,13,0
20260328,2026-03-28,2026,3,March,28,Saturday,13,1
20260329,2026-03-29,2026,3,March,29,Sunday,13,1
20260330,2026-03-30,2026,3,March,30,Monday,14,0
20260331,2026-03-31,2026,3,March,31,Tuesday,14,0
20260401,2026-04-01,2026,4,April,1,Wednesday,14,0
20260402,2026-04-02,2026,4,April,2,Thursday,14,0
20260403,2026-04-03,2026,4,April,3,Friday,14,0
20260404,2026-04-04,2026,4,April,4,Saturday,14,1
20260405,2026-04-05,2026,4,April,5,Sunday,14,1
20260406,2026-04-06,2026,4,April,6,Monday,15,0
20260407,2026-04-07,2026,4,April,7,Tuesday,15,0
20260408,2026-04-08,2026,4,April,8,Wednesday,15,0
20260409,2026-04-09,2026,4,April,9,Thursday,15,0
20260410,2026-04-10,2026,4,April,10,Friday,15,0
20260411,2026-04-11,2026,4,April,11,Saturday,15,1
20260412,2026-04-12,2026,4,April,12,Sunday,15,1
20260413,2026-04-13,2026,4,April,13,Monday,16,0
20260414,2026-04-14,2026,4,April,14,Tuesday,16,0
20260415,2026-04-15,2026,4,April,15,Wednesday,16,0
20260416,2026-04-16,2026,4,April,16,Thursday,16,0
20260417,2026-04-17,2026,4,April,17,Friday,16,0
20260418,2026-04-18,2026,4,April,18,Saturday,16,1
20260419,2026-04-19,2026,4,April,19,Sunday,16,1
20260420,2026-04-20,2026,4,April,20,Monday,17,0
20260421,2026-04-21,2026,4,April,21,Tuesday,17,0
20260422,2026-04-22,2026,4,April,22,Wednesday,17,0
20260423,2026-04-23,2026,4,April,23,Thursday,17,0
20260424,2026-04-24,2026,4,April,24,Friday,17,0
20260425,2026-04-25,2026,4,April,25,Saturday,17,1
20260426,2026-04-26,2026,4,April,26,Sunday,17,1
20260427,2026-04-27,2026,4,April,27,Monday,18,0
20260428,2026-04-28,2026,4,April,28,Tuesday,18,0
20260429,2026-04-29,2026,4,April,29,Wednesday,18,0
20260430,2026-04-30,2026,4,April,30,Thursday,18,0
20260501,2026-05-01,2026,5,May,1,Friday,18,0
20260502,2026-05-02,2026,5,May,2,Saturday,18,1
20260503,2026-05-03,2026,5,May,3,Sunday,18,1
20260504,2026-05-04,2026,5,May,4,Monday,19,0
20260505,2026-05-05,2026,5,May,5,Tuesday,19,0
20260506,2026-05-06,2026,5,May,6,Wednesday,19,0
20260507,2026-05-07,2026,5,May,7,Thursday,19,0
20260508,2026-05-08,2026,5,May,8,Friday,19,0
20260509,2026-05-09,2026,5,May,9,Saturday,19,1
20260510,2026-05-10,2026,5,May,10,Sunday,19,1
20260511,2026-05-11,2026,5,May,11,Monday,20,0
20260512,2026-05-12,2026,5,May,12,Tuesday,20,0
20260513,2026-05-13,2026,5,May,13,Wednesday,20,0
20260514,2026-05-14,2026,5,May,14,Thursday,20,0
20260515,2026-05-15,2026,5,May,15,Friday,20,0
20260516,2026-05-16,2026,5,May,16,Saturday,20,1
20260517,2026-05-17,2026,5,May,17,Sunday,20,1
20260518,2026-05-18,2026,5,May,18,Monday,21,0
20260519,2026-05-19,2026,5,May,19,Tuesday,21,0
20260520,2026-05-20,2026,5,May,20,Wednesday,21,0
20260521,2026-05-21,2026,5,May,21,Thursday,21,0
20260522,2026-05-22,2026,5,May,22,Friday,21,0
20260523,2026-05-23,2026,5,May,23,Saturday,21,1
20260524,2026-05-24,2026,5,May,24,Sunday,21,1
20260525,2026-05-25,2026,5,May,25,Monday,22,0
20260526,2026-05-26,2026,5,May,26,Tuesday,22,0
20260527,2026-05-27,2026,5,May,27,Wednesday,22,0
20260528,2026-05-28,2026,5,May,28,Thursday,22,0
20260529,2026-05-29,2026,5,May,29,Friday,22,0
20260530,2026-05-30,2026,5,May,30,Saturday,22,1
20260531,2026-05-31,2026,5,May,31,Sunday,22,1
20260601,2026-06-01,2026,6,June,1,Monday,23,0
20260602,2026-06-02,2026,6,June,2,Tuesday,23,0
20260603,2026-06-03,2026,6,June,3,Wednesday,23,0
20260604,2026-06-04,2026,6,June,4,Thursday,23,0
20260605,2026-06-05,2026,6,June,5,Friday,23,0
20260606,2026-06-06,2026,6,June,6,Saturday,23,1
20260607,2026-06-07,2026,6,June,7,Sunday,23,1
20260608,2026-06-08,2026,6,June,8,Monday,24,0
20260609,2026-06-09,2026,6,June,9,Tuesday,24,0
20260610,2026-06-10,2026,6,June,10,Wednesday,24,0
20260611,2026-06-11,2026,6,June,11,Thursday,24,0
20260612,2026-06-12,2026,6,June,12,Friday,24,0
20260613,2026-06-13,2026,6,June,13,Saturday,24,1
20260614,2026-06-14,2026,6,June,14,Sunday,24,1
20260615,2026-06-15,2026,6,June,15,Monday,25,0
20260616,2026-06-16,2026,6,June,16,Tuesday,25,0
20260617,2026-06-17,2026,6,June,17,Wednesday,25,0
20260618,2026-06-18,2026,6,June,18,Thursday,25,0
20260619,2026-06-19,2026,6,June,19,Friday,25,0
20260620,2026-06-20,2026,6,June,20,Saturday,25,1
20260621,2026-06-21,2026,6,June,21,Sunday,25,1
20260622,2026-06-22,2026,6,June,22,Monday,26,0
20260623,2026-06-23,2026,6,June,23,Tuesday,26,0
20260624,2026-06-24,2026,6,June,24,Wednesday,26,0
20260625,2026-06-25,2026,6,June,25,Thursday,26,0
20260626,2026-06-26,2026,6,June,26,Friday,26,0
20260627,2026-06-27,2026,6,June,27,Saturday,26,1
20260628,2026-06-28,2026,6,June,28,Sunday,26,1
20260629,2026-06-29,2026,6,June,29,Monday,27,0
20260630,2026-06-30,2026,6,June,30,Tuesday,27,0
20260701,2026-07-01,2026,7,July,1,Wednesday,27,0
20260702,2026-07-02,2026,7,July,2,Thursday,27,0
20260703,2026-07-03,2026,7,July,3,Friday,27,0
20260704,2026-07-04,2026,7,July,4,Saturday,27,1
20260705,2026-07-05,2026,7,July,5,Sunday,27,1
20260706,2026-07-06,2026,7,July,6,Monday,28,0
20260707,2026-07-07,2026,7,July,7,Tuesday,28,0
20260708,2026-07-08,2026,7,July,8,Wednesday,28,0
20260709,2026-07-09,2026,7,July,9,Thursday,28,0
20260710,2026-07-10,2026,7,July,10,Friday,28,0
20260711,2026-07-11,2026,7,July,11,Saturday,28,1
20260712,2026-07-12,2026,7,July,12,Sunday,28,1
20260713,2026-07-13,2026,7,July,13,Monday,29,0
20260714,2026-07-14,2026,7,July,14,Tuesday,29,0
20260715,2026-07-15,2026,7,July,15,Wednesday,29,0
20260716,2026-07-16,2026,7,July,16,Thursday,29,0
20260717,2026-07-17,2026,7,July,17,Friday,29,0
20260718,2026-07-18,2026,7,July,18,Saturday,29,1
20260719,2026-07-19,2026,7,July,19,Sunday,29,1
20260720,2026-07-20,2026,7,July,20,Monday,30,0
20260721,2026-07-21,2026,7,July,21,Tuesday,30,0
20260722,2026-07-22,2026,7,July,22,Wednesday,30,0
20260723,2026-07-23,2026,7,July,23,Thursday,30,0
20260724,2026-07-24,2026,7,July,24,Friday,30,0
20260725,2026-07-25,2026,7,July,25,Saturday,30,1
20260726,2026-07-26,2026,7,July,26,Sunday,30,1
20260727,2026-07-27,2026,7,July,27,Monday,31,0
20260728,2026-07-28,2026,7,July,28,Tuesday,31,0
20260729,2026-07-29,2026,7,July,29,Wednesday,31,0
20260730,2026-07-30,2026,7,July,30,Thursday,31,0
20260731,2026-07-31,2026,7,July,31,Friday,31,0
20260801,2026-08-01,2026,8,August,1,Saturday,31,1
20260802,2026-08-02,2026,8,August,2,Sunday,31,1
20260803,2026-08-03,2026,8,August,3,Monday,32,0
20260804,2026-08-04,2026,8,August,4,Tuesday,32,0
20260805,2026-08-05,2026,8,August,5,Wednesday,32,0
20260806,2026-08-06,2026,8,August,6,Thursday,32,0
20260807,2026-08-07,2026,8,August,7,Friday,32,0
20260808,2026-08-08,2026,8,August,8,Saturday,32,1
20260809,2026-08-09,2026,8,August,9,Sunday,32,1
20260810,2026-08-10,2026,8,August,10,Monday,33,0
20260811,2026-08-11,2026,8,August,11,Tuesday,33,0
20260812,2026-08-12,2026,8,August,12,Wednesday,33,0
20260813,2026-08-13,2026,8,August,13,Thursday,33,0
20260814,2026-08-14,2026,8,August,14,Friday,33,0
20260815,2026-08-15,2026,8,August,15,Saturday,33,1
20260816,2026-08-16,2026,8,August,16,Sunday,33,1
20260817,2026-08-17,2026,8,August,17,Monday,34,0
20260818,2026-08-18,2026,8,August,18,Tuesday,34,0
20260819,2026-08-19,2026,8,August,19,Wednesday,34,0
20260820,2026-08-20,2026,8,August,20,Thursday,34,0
20260821,2026-08-21,2026,8,August,21,Friday,34,0
20260822,2026-08-22,2026,8,August,22,Saturday,34,1
20260823,2026-08-23,2026,8,August,23,Sunday,34,1
20260824,2026-08-24,2026,8,August,24,Monday,35,0
20260825,2026-08-25,2026,8,August,25,Tuesday,35,0
20260826,2026-08-26,2026,8,August,26,Wednesday,35,0
20260827,2026-08-27,2026,8,August,27,Thursday,35,0
20260828,2026-08-28,2026,8,August,28,Friday,35,0
20260829,2026-08-29,2026,8,August,29,Saturday,35,1
20260830,2026-08-30,2026,8,August,30,Sunday,35,1
20260831,2026-08-31,2026,8,August,31,Monday,36,0
20260901,2026-09-01,2026,9,September,1,Tuesday,36,0
20260902,2026-09-02,2026,9,September,2,Wednesday,36,0
20260903,2026-09-03,2026,9,September,3,Thursday,36,0
20260904,2026-09-04,2026,9,September,4,Friday,36,0
20260905,2026-09-05,2026,9,September,5,Saturday,36,1
20260906,2026-09-06,2026,9,September,6,Sunday,36,1
20260907,2026-09-07,2026,9,September,7,Monday,37,0
20260908,2026-09-08,2026,9,September,8,Tuesday,37,0
20260909,2026-09-09,2026,9,September,9,Wednesday,37,0
20260910,2026-09-10,2026,9,September,10,Thursday,37,0
20260911,2026-09-11,2026,9,September,11,Friday,37,0
20260912,2026-09-12,2026,9,September,12,Saturday,37,1
20260913,2026-09-13,2026,9,September,13,Sunday,37,1
20260914,2026-09-14,2026,9,September,14,Monday,38,0
20260915,2026-09-15,2026,9,September,15,Tuesday,38,0
20260916,2026-09-16,2026,9,September,16,Wednesday,38,0
20260917,2026-09-17,2026,9,September,17,Thursday,38,0
20260918,2026-09-18,2026,9,September,18,Friday,38,0
20260919,2026-09-19,2026,9,September,19,Saturday,38,1
20260920,2026-09-20,2026,9,September,20,Sunday,38,1
20260921,2026-09-21,2026,9,September,21,Monday,39,0
20260922,2026-09-22,2026,9,September,22,Tuesday,39,0
20260923,2026-09-23,2026,9,September,23,Wednesday,39,0
20260924,2026-09-24,2026,9,September,24,Thursday,39,0
20260925,2026-09-25,2026,9,September,25,Friday,39,0
20260926,2026-09-26,2026,9,September,26,Saturday,39,1
20260927,2026-09-27,2026,9,September,27,Sunday,39,1
20260928,2026-09-28,2026,9,September,28,Monday,40,0
20260929,2026-09-29,2026,9,September,29,Tuesday,40,0
20260930,2026-09-30,2026,9,September,30,Wednesday,40,0
20261001,2026-10-01,2026,10,October,1,Thursday,40,0
20261002,2026-10-02,2026,10,October,2,Friday,40,0
20261003,2026-10-03,2026,10,October,3,Saturday,40,1
20261004,2026-10-04,2026,10,October,4,Sunday,40,1
20261005,2026-10-05,2026,10,October,5,Monday,41,0
20261006,2026-10-06,2026,10,October,6,Tuesday,41,0
20261007,2026-10-07,2026,10,October,7,Wednesday,41,0
20261008,2026-10-08,2026,10,October,8,Thursday,41,0
20261009,2026-10-09,2026,10,October,9,Friday,41,0
20261010,2026-10-10,2026,10,October,10,Saturday,41,1
20261011,2026-10-11,2026,10,October,11,Sunday,41,1
20261012,2026-10-12,2026,10,October,12,Monday,42,0
20261013,2026-10-13,2026,10,October,13,Tuesday,42,0
20261014,2026-10-14,2026,10,October,14,Wednesday,42,0
20261015,2026-10-15,2026,10,October,15,Thursday,42,0
20261016,2026-10-16,2026,10,October,16,Friday,42,0
20261017,2026-10-17,2026,10,October,17,Saturday,42,1
20261018,2026-10-18,2026,10,October,18,Sunday,42,1
20261019,2026-10-19,2026,10,October,19,Monday,43,0
20261020,2026-10-20,2026,10,October,20,Tuesday,43,0
20261021,2026-10-21,2026,10,October,21,Wednesday,43,0
20261022,2026-10-22,2026,10,October,22,Thursday,43,0
20261023,2026-10-23,2026,10,October,23,Friday,43,0
20261024,2026-10-24,2026,10,October,24,Saturday,43,1
20261025,2026-10-25,2026,10,October,25,Sunday,43,1
20261026,2026-10-26,2026,10,October,26,Monday,44,0
20261027,2026-10-27,2026,10,October,27,Tuesday,44,0
20261028,2026-10-28,2026,10,October,28,Wednesday,44,0
20261029,2026-10-29,2026,10,October,29,Thursday,44,0
20261030,2026-10-30,2026,10,October,30,Friday,44,0
20261031,2026-10-31,2026,10,October,31,Saturday,44,1
20261101,2026-11-01,2026,11,November,1,Sunday,44,1
20261102,2026-11-02,2026,11,November,2,Monday,45,0
20261103,2026-11-03,2026,11,November,3,Tuesday,45,0
20261104,2026-11-04,2026,11,November,4,Wednesday,45,0
20261105,2026-11-05,2026,11,November,5,Thursday,45,0
20261106,2026-11-06,2026,11,November,6,Friday,45,0
20261107,2026-11-07,2026,11,November,7,Saturday,45,1
20261108,2026-11-08,2026,11,November,8,Sunday,45,1
20261109,2026-11-09,2026,11,November,9,Monday,46,0
20261110,2026-11-10,2026,11,November,10,Tuesday,46,0
20261111,2026-11-11,2026,11,November,11,Wednesday,46,0
20261112,2026-11-12,2026,11,November,12,Thursday,46,0
20261113,2026-11-13,2026,11,November,13,Friday,46,0
20261114,2026-11-14,2026,11,November,14,Saturday,46,1
20261115,2026-11-15,2026,11,November,15,Sunday,46,1
20261116,2026-11-16,2026,11,November,16,Monday,47,0
20261117,2026-11-17,2026,11,November,17,Tuesday,47,0
20261118,2026-11-18,2026,11,November,18,Wednesday,47,0
20261119,2026-11-19,2026,11,November,19,Thursday,47,0
20261120,2026-11-20,2026,11,November,20,Friday,47,0
20261121,2026-11-21,2026,11,November,21,Saturday,47,1
20261122,2026-11-22,2026,11,November,22,Sunday,47,1
20261123,2026-11-23,2026,11,November,23,Monday,48,0
20261124,2026-11-24,2026,11,November,24,Tuesday,48,0
20261125,2026-11-25,2026,11,November,25,Wednesday,48,0
20261126,2026-11-26,2026,11,November,26,Thursday,48,0
20261127,2026-11-27,2026,11,November,27,Friday,48,0
20261128,2026-11-28,2026,11,November,28,Saturday,48,1
20261129,2026-11-29,2026,11,November,29,Sunday,48,1
20261130,2026-11-30,2026,11,November,30,Monday,49,0
20261201,2026-12-01,2026,12,December,1,Tuesday,49,0
20261202,2026-12-02,2026,12,December,2,Wednesday,49,0
20261203,2026-12-03,2026,12,December,3,Thursday,49,0
20261204,2026-12-04,2026,12,December,4,Friday,49,0
20261205,2026-12-05,2026,12,December,5,Saturday,49,1
20261206,2026-12-06,2026,12,December,6,Sunday,49,1
20261207,2026-12-07,2026,12,December,7,Monday,50,0
20261208,2026-12-08,2026,12,December,8,Tuesday,50,0
20261209,2026-12-09,2026,12,December,9,Wednesday,50,0
20261210,2026-12-10,2026,12,December,10,Thursday,50,0
20261211,2026-12-11,2026,12,December,11,Friday,50,0
20261212,2026-12-12,2026,12,December,12,Saturday,50,1
20261213,2026-12-13,2026,12,December,13,Sunday,50,1
20261214,2026-12-14,2026,12,December,14,Monday,51,0
20261215,2026-12-15,2026,12,December,15,Tuesday,51,0
20261216,2026-12-16,2026,12,December,16,Wednesday,51,0
20261217,2026-12-17,2026,12,December,17,Thursday,51,0
20261218,2026-12-18,2026,12,December,18,Friday,51,0
20261219,2026-12-19,2026,12,December,19,Saturday,51,1
20261220,2026-12-20,2026,12,December,20,Sunday,51,1
20261221,2026-12-21,2026,12,December,21,Monday,52,0
20261222,2026-12-22,2026,12,December,22,Tuesday,52,0
20261223,2026-12-23,2026,12,December,23,Wednesday,52,0
20261224,2026-12-24,2026,12,December,24,Thursday,52,0
20261225,2026-12-25,2026,12,December,25,Friday,52,0
20261226,2026-12-26,2026,12,December,26,Saturday,52,1
20261227,2026-12-27,2026,12,December,27,Sunday,52,1
20261228,2026-12-28,2026,12,December,28,Monday,53,0
20261229,2026-12-29,2026,12,December,29,Tuesday,53,0
20261230,2026-12-30,2026,12,December,30,Wednesday,53,0
20261231,2026-12-31,2026,12,December,31,Thursday,53,0
20270101,2027-01-01,2027,1,January,1,Friday,53,0
20270102,2027-01-02,2027,1,January,2,Saturday,53,1
20270103,2027-01-03,2027,1,January,3,Sunday,53,1
20270104,2027-01-04,2027,1,January,4,Monday,1,0
20270105,2027-01-05,2027,1,January,5,Tuesday,1,0
20270106,2027-01-06,2027,1,January,6,Wednesday,1,0
20270107,2027-01-07,2027,1,January,7,Thursday,1,0
20270108,2027-01-08,2027,1,January,8,Friday,1,0
20270109,2027-01-09,2027,1,January,9,Saturday,1,1
20270110,2027-01-10,2027,1,January,10,Sunday,1,1
20270111,2027-01-11,2027,1,January,11,Monday,2,0
20270112,2027-01-12,2027,1,January,12,Tuesday,2,0
20270113,2027-01-13,2027,1,January,13,Wednesday,2,0
20270114,2027-01-14,2027,1,January,14,Thursday,2,0
20270115,2027-01-15,2027,1,January,15,Friday,2,0
20270116,2027-01-16,2027,1,January,16,Saturday,2,1
20270117,2027-01-17,2027,1,January,17,Sunday,2,1
20270118,2027-01-18,2027,1,January,18,Monday,3,0
20270119,2027-01-19,2027,1,January,19,Tuesday,3,0
20270120,2027-01-20,2027,1,January,20,Wednesday,3,0
20270121,2027-01-21,2027,1,January,21,Thursday,3,0
20270122,2027-01-22,2027,1,January,22,Friday,3,0
20270123,2027-01-23,2027,1,January,23,Saturday,3,1
20270124,2027-01-24,2027,1,January,24,Sunday,3,1
20270125,2027-01-25,2027,1,January,25,Monday,4,0
20270126,2027-01-26,2027,1,January,26,Tuesday,4,0
20270127,2027-01-27,2027,1,January,27,Wednesday,4,0
20270128,2027-01-28,2027,1,January,28,Thursday,4,0
20270129,2027-01-29,2027,1,January,29,Friday,4,0
20270130,2027-01-30,2027,1,January,30,Saturday,4,1
20270131,2027-01-31,2027,1,January,31,Sunday,4,1
20270201,2027-02-01,2027,2,February,1,Monday,5,0
20270202,2027-02-02,2027,2,February,2,Tuesday,5,0
20270203,2027-02-03,2027,2,February,3,Wednesday,5,0
20270204,2027-02-04,2027,2,February,4,Thursday,5,0
20270205,2027-02-05,2027,2,February,5,Friday,5,0
20270206,2027-02-06,2027,2,February,6,Saturday,5,1
20270207,2027-02-07,2027,2,February,7,Sunday,5,1
20270208,2027-02-08,2027,2,February,8,Monday,6,0
20270209,2027-02-09,2027,2,February,9,Tuesday,6,0
20270210,2027-02-10,2027,2,February,10,Wednesday,6,0
20270211,2027-02-11,2027,2,February,11,Thursday,6,0
20270212,2027-02-12,2027,2,February,12,Friday,6,0
20270213,2027-02-13,2027,2,February,13,Saturday,6,1
20270214,2027-02-14,2027,2,February,14,Sunday,6,1
20270215,2027-02-15,2027,2,February,15,Monday,7,0
20270216,2027-02-16,2027,2,February,16,Tuesday,7,0
20270217,2027-02-17,2027,2,February,17,Wednesday,7,0
20270218,2027-02-18,2027,2,February,18,Thursday,7,0
20270219,2027-02-19,2027,2,February,19,Friday,7,0
20270220,2027-02-20,2027,2,February,20,Saturday,7,1
20270221,2027-02-21,2027,2,February,21,Sunday,7,1
20270222,2027-02-22,2027,2,February,22,Monday,8,0
20270223,2027-02-23,2027,2,February,23,Tuesday,8,0
20270224,2027-02-24,2027,2,February,24,Wednesday,8,0
20270225,2027-02-25,2027,2,February,25,Thursday,8,0
20270226,2027-02-26,2027,2,February,26,Friday,8,0
20270227,2027-02-27,2027,2,February,27,Saturday,8,1
20270228,2027-02-28,2027,2,February,28,Sunday,8,1
20270301,2027-03-01,2027,3,March,1,Monday,9,0
20270302,2027-03-02,2027,3,March,2,Tuesday,9,0
20270303,2027-03-03,2027,3,March,3,Wednesday,9,0
20270304,2027-03-04,2027,3,March,4,Thursday,9,0
20270305,2027-03-05,2027,3,March,5,Friday,9,0
20270306,2027-03-06,2027,3,March,6,Saturday,9,1
20270307,2027-03-07,2027,3,March,7,Sunday,9,1
20270308,2027-03-08,2027,3,March,8,Monday,10,0
20270309,2027-03-09,2027,3,March,9,Tuesday,10,0
20270310,2027-03-10,2027,3,March,10,Wednesday,10,0
20270311,2027-03-11,2027,3,March,11,Thursday,10,0
20270312,2027-03-12,2027,3,March,12,Friday,10,0
20270313,2027-03-13,2027,3,March,13,Saturday,10,1
20270314,2027-03-14,2027,3,March,14,Sunday,10,1
20270315,2027-03-15,2027,3,March,15,Monday,11,0
20270316,2027-03-16,2027,3,March,16,Tuesday,11,0
20270317,2027-03-17,2027,3,March,17,Wednesday,11,0
20270318,2027-03-18,2027,3,March,18,Thursday,11,0
20270319,2027-03-19,2027,3,March,19,Friday,11,0
20270320,2027-03-20,2027,3,March,20,Saturday,11,1
20270321,2027-03-21,2027,3,March,21,Sunday,11,1
20270322,2027-03-22,2027,3,March,22,Monday,12,0
20270323,2027-03-23,2027,3,March,23,Tuesday,12,0
20270324,2027-03-24,2027,3,March,24,Wednesday,12,0
20270325,2027-03-25,2027,3,March,25,Thursday,12,0
20270326,2027-03-26,2027,3,March,26,Friday,12,0
20270327,2027-03-27,2027,3,March,27,Saturday,12,1
20270328,2027-03-28,2027,3,March,28,Sunday,12,1
20270329,2027-03-29,2027,3,March,29,Monday,13,0
20270330,2027-03-30,2027,3,March,30,Tuesday,13,0
20270331,2027-03-31,2027,3,March,31,Wednesday,13,0
20270401,2027-04-01,2027,4,April,1,Thursday,13,0
20270402,2027-04-02,2027,4,April,2,Friday,13,0
20270403,2027-04-03,2027,4,April,3,Saturday,13,1
20270404,2027-04-04,2027,4,April,4,Sunday,13,1
20270405,2027-04-05,2027,4,April,5,Monday,14,0
20270406,2027-04-06,2027,4,April,6,Tuesday,14,0
20270407,2027-04-07,2027,4,April,7,Wednesday,14,0
20270408,2027-04-08,2027,4,April,8,Thursday,14,0
20270409,2027-04-09,2027,4,April,9,Friday,14,0
20270410,2027-04-10,2027,4,April,10,Saturday,14,1
20270411,2027-04-11,2027,4,April,11,Sunday,14,1
20270412,2027-04-12,2027,4,April,12,Monday,15,0
20270413,2027-04-13,2027,4,April,13,Tuesday,15,0
20270414,2027-04-14,2027,4,April,14,Wednesday,15,0
20270415,2027-04-15,2027,4,April,15,Thursday,15,0
20270416,2027-04-16,2027,4,April,16,Friday,15,0
20270417,2027-04-17,2027,4,April,17,Saturday,15,1
20270418,2027-04-18,2027,4,April,18,Sunday,15,1
20270419,2027-04-19,2027,4,April,19,Monday,16,0
20270420,2027-04-20,2027,4,April,20,Tuesday,16,0
20270421,2027-04-21,2027,4,April,21,Wednesday,16,0
20270422,2027-04-22,2027,4,April,22,Thursday,16,0
20270423,2027-04-23,2027,4,April,23,Friday,16,0
20270424,2027-04-24,2027,4,April,24,Saturday,16,1
20270425,2027-04-25,2027,4,April,25,Sunday,16,1
20270426,2027-04-26,2027,4,April,26,Monday,17,0
20270427,2027-04-27,2027,4,April,27,Tuesday,17,0
20270428,2027-04-28,2027,4,April,28,Wednesday,17,0
20270429,2027-04-29,2027,4,April,29,Thursday,17,0
20270430,2027-04-30,2027,4,April,30,Friday,17,0
20270501,2027-05-01,2027,5,May,1,Saturday,17,1
20270502,2027-05-02,2027,5,May,2,Sunday,17,1
20270503,2027-05-03,2027,5,May,3,Monday,18,0
20270504,2027-05-04,2027,5,May,4,Tuesday,18,0
20270505,2027-05-05,2027,5,May,5,Wednesday,18,0
20270506,2027-05-06,2027,5,May,6,Thursday,18,0
20270507,2027-05-07,2027,5,May,7,Friday,18,0
20270508,2027-05-08,2027,5,May,8,Saturday,18,1
20270509,2027-05-09,2027,5,May,9,Sunday,18,1
20270510,2027-05-10,2027,5,May,10,Monday,19,0
20270511,2027-05-11,2027,5,May,11,Tuesday,19,0
20270512,2027-05-12,2027,5,May,12,Wednesday,19,0
20270513,2027-05-13,2027,5,May,13,Thursday,19,0
20270514,2027-05-14,2027,5,May,14,Friday,19,0
20270515,2027-05-15,2027,5,May,15,Saturday,19,1
20270516,2027-05-16,2027,5,May,16,Sunday,19,1
20270517,2027-05-17,2027,5,May,17,Monday,20,0
20270518,2027-05-18,2027,5,May,18,Tuesday,20,0
20270519,2027-05-19,2027,5,May,19,Wednesday,20,0
20270520,2027-05-20,2027,5,May,20,Thursday,20,0
20270521,2027-05-21,2027,5,May,21,Friday,20,0
20270522,2027-05-22,2027,5,May,22,Saturday,20,1
20270523,2027-05-23,2027,5,May,23,Sunday,20,1
20270524,2027-05-24,2027,5,May,24,Monday,21,0
20270525,2027-05-25,2027,5,May,25,Tuesday,21,0
20270526,2027-05-26,2027,5,May,26,Wednesday,21,0
20270527,2027-05-27,2027,5,May,27,Thursday,21,0
20270528,2027-05-28,2027,5,May,28,Friday,21,0
20270529,2027-05-29,2027,5,May,29,Saturday,21,1
20270530,2027-05-30,2027,5,May,30,Sunday,21,1
20270531,2027-05-31,2027,5,May,31,Monday,22,0
20270601,2027-06-01,2027,6,June,1,Tuesday,22,0
20270602,2027-06-02,2027,6,June,2,Wednesday,22,0
20270603,2027-06-03,2027,6,June,3,Thursday,22,0
20270604,2027-06-04,2027,6,June,4,Friday,22,0
20270605,2027-06-05,2027,6,June,5,Saturday,22,1
20270606,2027-06-06,2027,6,June,6,Sunday,22,1
