player_fixture_id,player_id,gameweek_id,date_id,opponent_team_id,fpl_fixture_id,was_home,minutes,total_points,goals_scored,assists,clean_sheets,goals_conceded,yellow_cards,red_cards,saves,bonus,bps,influence,creativity,threat,ict_index,price_m,selected,transfers_in,transfers_out
1,1,1,20260821,9,1,True,90,6,0,0,1,0,0,0,1,0,24,11.8,0.0,0.0,1.2,6.0,3347153,0,0
2,2,1,20260821,9,1,True,0,0,0,0,0,0,0,0,0,0,0,0.0,0.0,0.0,0.0,5.0,7415,0,0
3,3,1,20260821,9,1,True,0,0,0,0,0,0,0,0,0,0,0,0.0,0.0,0.0,0.0,5.0,2971,0,0
4,4,1,20260821,9,1,True,90,5,0,0,1,0,1,0,0,0,21,6.6,1.8,1.0,0.9,8.0,2647984,0,0
5,5,1,20260821,9,1,True,0,0,0,0,0,0,0,0,0,0,0,0.0,0.0,0.0,0.0,6.5,11200,0,0
6,6,1,20260821,9,1,True,0,0,0,0,0,0,0,0,0,0,0,0.0,0.0,0.0,0.0,6.0,26559,0,0
7,7,1,20260821,9,1,True,90,3,0,0,1,0,0,0,0,0,15,11.0,22.9,7.0,4.1,5.5,55656,0,0
8,8,1,20260821,9,1,True,80,9,0,1,1,0,0,0,0,0,31,26.0,12.2,4.0,4.2,5.5,3542684,0,0
9,9,1,20260821,9,1,True,9,1,0,0,0,0,0,0,0,0,3,0.4,0.5,0.0,0.1,5.5,165924,0,0
10,10,1,20260821,9,1,True,90,11,0,1,1,0,0,0,0,2,37,33.2,26.8,13.0,7.3,5.5,401419,0,0
11,11,1,20260821,9,1,True,90,6,0,0,1,0,0,0,0,0,27,14.4,0.6,0.0,1.5,5.5,571606,0,0
12,12,1,20260821,9,1,True,67,9,1,0,1,0,0,0,0,1,36,42.8,26.1,33.0,10.2,9.5,819914,0,0
13,13,1,20260821,9,1,True,67,3,0,0,1,0,0,0,0,0,10,6.8,6.4,2.0,1.5,7.5,1604406,0,0
14,14,1,20260821,9,1,True,14,1,0,0,0,0,0,0,0,0,4,0.0,1.8,1.0,0.1,6.5,188164,0,0
15,15,1,20260821,9,1,True,75,11,1,0,1,0,0,0,0,3,41,50.6,41.5,31.0,12.3,6.5,717252,0,0
16,16,1,20260821,9,1,True,22,1,0,0,0,0,0,0,0,0,8,9.4,43.1,0.0,5.3,6.5,30442,0,0
17,17,1,20260821,9,1,True,14,1,0,0,0,0,0,0,0,0,5,3.6,1.2,14.0,1.9,6.0,62671,0,0
18,18,1,20260821,9,1,True,0,0,0,0,0,0,0,0,0,0,0,0.0,0.0,0.0,0.0,6.5,21290,0,0
19,19,1,20260821,9,1,True,22,1,0,0,0,0,0,0,0,0,3,3.8,2.3,0.0,0.6,5.5,107568,0,0
20,20,1,20260821,9,1,True,0,0,0,0,0,0,0,0,0,0,0,0.0,0.0,0.0,0.0,5.5,8920,0,0
21,21,1,20260822,10,3,True,0,0,0,0,0,0,0,0,0,0,0,0.0,0.0,0.0,0.0,5.0,10920,0,0
22,22,1,20260821,9,1,True,0,0,0,0,0,0,0,0,0,0,0,0.0,0.0,0.0,0.0,5.5,1260,0,0
23,23,1,20260821,9,1,True,0,0,0,0,0,0,0,0,0,0,0,0.0,0.0,0.0,0.0,5.5,892,0,0
24,24,1,20260821,9,1,True,0,0,0,0,0,0,0,0,0,0,0,0.0,0.0,0.0,0.0,5.5,853,0,0
25,25,1,20260821,9,1,True,0,0,0,0,0,0,0,0,0,0,0,0.0,0.0,0.0,0.0,7.5,816962,0,0
26,26,1,20260821,9,1,True,90,6,1,0,1,0,0,0,0,0,34,37.2,13.2,25.0,7.5,7.5,468616,0,0
27,27,1,20260821,9,1,True,0,0,0,0,0,0,0,0,0,0,0,0.0,0.0,0.0,0.0,6.0,31403,0,0
28,28,1,20260823,5,7,False,0,0,0,0,0,0,0,0,0,0,0,0.0,0.0,0.0,0.0,5.0,388040,0,0
29,29,1,20260823,5,7,False,90,1,0,0,0,4,0,0,3,0,1,28.2,0.0,0.0,2.8,4.5,10183,0,0
30,30,1,20260823,5,7,False,0,0,0,0,0,0,0,0,0,0,0,0.0,0.0,0.0,0.0,4.5,13780,0,0
31,31,1,20260821,9,1,True,0,0,0,0,0,0,0,0,0,0,0,0.0,0.0,0.0,0.0,4.5,1206127,0,0
32,32,1,20260823,5,7,False,90,-1,0,0,0,4,1,0,0,0,-8,12.0,1.1,0.0,1.3,4.5,789072,0,0
33,33,1,20260823,5,7,False,16,1,0,0,0,0,0,0,0,0,5,2.0,0.0,0.0,0.2,4.5,29034,0,0
34,34,1,20260823,5,7,False,73,0,0,0,0,4,0,0,0,0,-14,0.0,0.7,0.0,0.0,4.5,38472,0,0
35,35,1,20260823,5,7,False,16,1,0,0,0,0,0,0,0,0,3,2.2,0.5,0.0,0.3,5.0,5822,0,0
36,36,1,20260823,5,7,False,81,0,0,0,0,4,0,0,0,0,-9,9.2,0.8,3.0,1.3,4.5,71952,0,0
37,37,1,20260823,5,7,False,90,-2,0,0,0,4,0,0,0,0,-13,1.8,0.1,0.0,0.2,4.5,24630,0,0
38,38,1,20260823,5,7,False,0,0,0,0,0,0,0,0,0,0,0,0.0,0.0,0.0,0.0,4.0,157304,0,0
39,39,1,20260823,5,7,False,0,0,0,0,0,0,0,0,0,0,0,0.0,0.0,0.0,0.0,4.0,29043,0,0
40,40,1,20260824,12,10,False,81,8,1,0,0,2,0,0,0,1,37,48.8,53.5,29.0,13.1,7.5,2178086,0,0
41,41,1,20260823,5,7,False,85,2,0,0,0,4,0,0,0,0,4,0.0,16.3,8.0,2.2,6.0,120830,0,0
42,42,1,20260822,11,3,False,27,1,0,0,0,0,0,0,0,0,3,3.2,1.8,7.0,1.2,5.5,3238,0,0
43,43,1,20260822,14,4,False,66,2,0,0,0,2,0,0,0,0,13,5.0,11.3,4.0,2.0,6.0,224637,0,0
44,44,1,20260823,5,7,False,0,0,0,0,0,0,0,0,0,0,0,0.0,0.0,0.0,0.0,5.5,12940,0,0
45,45,1,20260823,5,7,False,81,1,0,0,0,4,1,0,0,0,8,1.6,2.4,1.0,0.5,5.5,290994,0,0
46,46,1,20260823,5,7,False,73,2,0,0,0,4,0,0,0,0,11,9.4,21.4,7.0,3.8,5.0,20508,0,0
47,47,1,20260823,5,7,False,90,2,0,0,0,4,0,0,0,0,9,11.2,2.8,0.0,1.4,5.0,31172,0,0
48,48,1,20260823,5,7,False,0,0,0,0,0,0,0,0,0,0,0,0.0,0.0,0.0,0.0,5.0,2081,0,0
49,49,1,20260823,5,7,False,0,0,0,0,0,0,0,0,0,0,0,0.0,0.0,0.0,0.0,5.0,394,0,0
50,50,1,20260823,5,7,False,0,0,0,0,0,0,0,0,0,0,0,0.0,0.0,0.0,0.0,4.5,60228,0,0
51,51,1,20260823,5,7,False,90,2,0,0,0,4,0,0,0,0,12,10.6,11.6,2.0,2.4,4.5,60759,0,0
52,52,1,20260823,5,7,False,8,1,0,0,0,0,0,0,0,0,5,4.0,0.0,0.0,0.4,5.0,3792,0,0
53,53,1,20260823,5,7,False,0,0,0,0,0,0,0,0,0,0,0,0.0,0.0,0.0,0.0,6.0,26624,0,0
54,54,1,20260823,5,7,False,39,-2,0,0,0,4,0,1,0,0,-2,1.0,11.0,0.0,1.2,5.5,6573,0,0
55,55,1,20260823,5,7,False,0,0,0,0,0,0,0,0,0,0,0,0.0,0.0,0.0,0.0,8.0,898121,0,0
56,56,1,20260823,5,7,False,0,0,0,0,0,0,0,0,0,0,0,0.0,0.0,0.0,0.0,5.5,11764,0,0
57,57,1,20260823,20,8,False,90,2,0,0,0,2,0,0,4,0,13,36.8,0.0,0.0,3.7,4.5,288326,0,0
58,58,1,20260823,20,8,False,0,0,0,0,0,0,0,0,0,0,0,0.0,0.0,0.0,0.0,4.0,283903,0,0
59,59,1,20260823,20,8,False,0,0,0,0,0,0,0,0,0,0,0,0.0,0.0,0.0,0.0,4.0,16822,0,0
60,60,1,20260823,20,8,False,90,1,0,0,0,2,0,0,0,0,0,11.6,0.3,0.0,1.2,5.5,72436,0,0
61,61,1,20260823,20,8,False,90,1,0,0,0,2,0,0,0,0,0,15.4,1.3,0.0,1.7,5.5,392050,0,0
62,62,1,20260823,20,8,False,0,0,0,0,0,0,0,0,0,0,0,0.0,0.0,0.0,0.0,5.0,15573,0,0
63,63,1,20260823,20,8,False,0,0,0,0,0,0,0,0,0,0,0,0.0,0.0,0.0,0.0,5.0,1122,0,0
64,64,1,20260823,20,8,False,90,1,0,0,0,2,0,0,0,0,4,7.0,0.6,0.0,0.8,4.5,8561,0,0
65,65,1,20260823,20,8,False,0,0,0,0,0,0,0,0,0,0,0,0.0,0.0,0.0,0.0,4.5,1775,0,0
66,66,1,20260823,20,8,False,0,0,0,0,0,0,0,0,0,0,0,0.0,0.0,0.0,0.0,4.0,19739,0,0
67,67,1,20260823,20,8,False,88,2,0,0,0,1,0,0,0,0,9,6.2,11.3,17.0,3.5,6.5,242374,0,0
68,68,1,20260823,20,8,False,90,10,1,0,0,2,0,0,0,3,32,40.0,17.2,18.0,7.5,6.0,139421,0,0
69,69,1,20260823,20,8,False,90,2,0,0,0,2,0,0,0,0,17,11.4,4.8,0.0,1.6,6.0,134668,0,0
70,70,1,20260823,20,8,False,74,3,0,0,1,0,0,0,0,0,15,11.0,14.3,17.0,4.2,6.0,96045,0,0
71,71,1,20260823,20,8,False,75,3,0,0,1,0,0,0,0,0,8,4.6,2.1,0.0,0.7,5.0,13065,0,0
72,72,1,20260823,20,8,False,1,1,0,0,0,1,0,0,0,0,3,0.2,0.1,2.0,0.2,5.0,7889,0,0
73,73,1,20260823,20,8,False,15,1,0,0,0,2,0,0,0,0,4,3.6,0.6,0.0,0.4,5.0,19512,0,0
74,74,1,20260823,20,8,False,0,0,0,0,0,0,0,0,0,0,0,0.0,0.0,0.0,0.0,5.0,4610,0,0
75,75,1,20260823,20,8,False,0,0,0,0,0,0,0,0,0,0,0,0.0,0.0,0.0,0.0,5.0,1007,0,0
76,76,1,20260823,20,8,False,15,1,0,0,0,2,0,0,0,0,5,2.8,0.6,0.0,0.3,5.0,1238,0,0
77,77,1,20260823,20,8,False,0,0,0,0,0,0,0,0,0,0,0,0.0,0.0,0.0,0.0,5.0,3087,0,0
78,78,1,20260823,20,8,False,0,0,0,0,0,0,0,0,0,0,0,0.0,0.0,0.0,0.0,7.5,42378,0,0
79,79,1,20260823,20,8,False,74,4,0,1,1,0,1,0,0,0,17,19.4,11.9,2.0,3.3,6.0,200122,0,0
80,80,1,20260823,20,8,False,0,0,0,0,0,0,0,0,0,0,0,0.0,0.0,0.0,0.0,5.5,3581,0,0
81,81,1,20260823,20,8,False,0,0,0,0,0,0,0,0,0,0,0,0.0,0.0,0.0,0.0,6.0,9051,0,0
82,82,1,20260822,31,2,True,90,7,0,0,1,0,0,0,4,0,34,31.4,0.0,0.0,3.1,5.0,513912,0,0
83,83,1,20260822,31,2,True,0,0,0,0,0,0,0,0,0,0,0,0.0,0.0,0.0,0.0,4.5,9667,0,0
84,84,1,20260822,31,2,True,90,6,0,0,1,0,0,0,0,0,21,11.6,21.5,17.0,5.0,5.5,156847,0,0
85,85,1,20260822,31,2,True,0,0,0,0,0,0,0,0,0,0,0,0.0,0.0,0.0,0.0,5.0,14391,0,0
86,86,1,20260822,31,2,True,90,10,1,0,1,0,0,0,0,2,37,47.2,15.9,19.0,8.2,5.5,38558,0,0
87,87,1,20260822,31,2,True,90,8,0,0,1,0,0,0,0,0,29,20.0,0.9,35.0,5.6,4.5,318142,0,0
88,88,1,20260822,31,2,True,75,13,1,0,1,0,0,0,0,1,36,33.8,1.5,46.0,8.1,4.5,282611,0,0
89,89,1,20260822,31,2,True,0,0,0,0,0,0,0,0,0,0,0,0.0,0.0,0.0,0.0,4.5,22322,0,0
90,90,1,20260822,31,2,True,14,1,0,0,0,0,0,0,0,0,2,0.0,0.3,0.0,0.0,4.5,5416,0,0
91,91,1,20260822,31,2,True,0,0,0,0,0,0,0,0,0,0,0,0.0,0.0,0.0,0.0,4.5,7000,0,0
92,92,1,20260822,31,2,True,0,0,0,0,0,0,0,0,0,0,0,0.0,0.0,0.0,0.0,4.5,1635,0,0
93,93,1,20260822,31,2,True,0,0,0,0,0,0,0,0,0,0,0,0.0,0.0,0.0,0.0,4.5,15125,0,0
94,94,1,20260822,31,2,True,90,3,0,0,1,0,0,0,0,0,17,14.4,11.8,59.0,8.5,6.0,330810,0,0
95,95,1,20260822,31,2,True,66,3,0,0,1,0,0,0,0,0,6,1.0,30.8,15.0,4.7,6.5,105835,0,0
96,96,1,20260822,31,2,True,14,1,0,0,0,0,0,0,0,0,6,7.6,26.3,0.0,3.4,5.5,52929,0,0
97,97,1,20260822,31,2,True,66,6,0,1,1,0,0,0,0,0,22,12.6,46.2,13.0,7.2,5.5,16245,0,0
98,98,1,20260822,31,2,True,90,9,1,0,1,0,1,0,0,0,35,53.2,38.8,24.0,11.6,5.0,9018,0,0
99,99,1,20260822,31,2,True,0,0,0,0,0,0,0,0,0,0,0,0.0,0.0,0.0,0.0,5.0,187,0,0
100,100,1,20260822,31,2,True,0,0,0,0,0,0,0,0,0,0,0,0.0,0.0,0.0,0.0,5.0,1459,0,0
101,101,1,20260824,12,10,False,0,0,0,0,0,0,0,0,0,0,0,0.0,0.0,0.0,0.0,5.0,3629,0,0
102,102,1,20260822,31,2,True,23,1,0,0,0,0,0,0,0,0,7,2.2,0.8,3.0,0.6,5.0,123741,0,0
103,103,1,20260822,31,2,True,0,0,0,0,0,0,0,0,0,0,0,0.0,0.0,0.0,0.0,5.0,2396,0,0
104,104,1,20260821,2,1,False,90,2,0,0,0,3,0,0,0,0,8,3.6,1.6,0.0,0.5,5.0,13188,0,0
105,105,1,20260822,31,2,True,23,1,0,0,0,0,0,0,0,0,9,10.6,34.9,1.0,4.7,6.0,14244,0,0
106,106,1,20260822,31,2,True,82,0,0,0,1,0,0,0,0,0,-3,2.2,4.0,8.0,1.4,8.0,1509299,0,0
107,107,1,20260822,31,2,True,0,0,0,0,0,0,0,0,0,0,0,0.0,0.0,0.0,0.0,4.5,78000,0,0
108,108,1,20260822,31,2,True,7,1,0,0,0,0,0,0,0,0,4,2.2,10.3,5.0,1.8,5.5,30450,0,0
109,109,1,20260823,3,7,True,90,6,0,0,1,0,0,0,0,0,25,6.6,0.0,0.0,0.7,4.5,1987586,0,0
110,110,1,20260821,2,1,False,90,1,0,0,0,3,0,0,2,0,0,14.2,0.0,0.0,1.4,4.5,100521,0,0
111,111,1,20260823,3,7,True,0,0,0,0,0,0,0,0,0,0,0,0.0,0.0,0.0,0.0,4.0,369830,0,0
112,112,1,20260822,4,2,False,90,1,0,0,0,3,0,0,0,0,3,28.2,2.8,2.0,3.3,5.0,955905,0,0
113,113,1,20260823,3,7,True,0,0,0,0,0,0,0,0,0,0,0,0.0,0.0,0.0,0.0,4.5,265528,0,0
114,114,1,20260823,3,7,True,90,6,0,0,1,0,0,0,0,0,29,15.2,7.3,6.0,2.9,4.5,19109,0,0
115,115,1,20260823,3,7,True,77,17,1,1,1,0,0,0,0,2,46,40.6,45.3,43.0,12.9,4.5,151636,0,0
116,116,1,20260823,3,7,True,90,6,0,0,1,0,0,0,0,0,24,13.4,6.4,0.0,2.0,4.5,88762,0,0
117,117,1,20260823,3,7,True,0,0,0,0,0,0,0,0,0,0,0,0.0,0.0,0.0,0.0,4.5,1583,0,0
118,118,1,20260823,3,7,True,0,0,0,0,0,0,0,0,0,0,0,0.0,0.0,0.0,0.0,4.5,7195,0,0
119,119,1,20260823,3,7,True,26,1,0,0,0,0,0,0,0,0,7,8.2,1.9,18.0,2.8,4.5,2148,0,0
120,120,1,20260823,3,7,True,0,0,0,0,0,0,0,0,0,0,0,0.0,0.0,0.0,0.0,5.0,3997,0,0
121,121,1,20260823,3,7,True,0,0,0,0,0,0,0,0,0,0,0,0.0,0.0,0.0,0.0,6.0,4360,0,0
122,122,1,20260823,3,7,True,0,0,0,0,0,0,0,0,0,0,0,0.0,0.0,0.0,0.0,6.0,9337,0,0
123,123,1,20260823,3,7,True,63,16,2,0,1,0,0,0,0,3,54,72.8,13.4,59.0,14.5,6.0,39219,0,0
124,124,1,20260823,3,7,True,90,2,0,0,1,0,1,0,0,0,18,21.0,56.9,8.0,8.6,5.5,1308033,0,0
125,125,1,20260823,3,7,True,90,5,0,1,1,0,0,0,0,0,22,19.8,11.4,15.0,4.6,5.5,78765,0,0
126,126,1,20260823,3,7,True,0,0,0,0,0,0,0,0,0,0,0,0.0,0.0,0.0,0.0,5.5,8249,0,0
127,127,1,20260823,3,7,True,85,6,0,1,1,0,0,0,0,0,27,33.0,25.1,41.0,9.9,5.0,355972,0,0
128,128,1,20260823,3,7,True,0,0,0,0,0,0,0,0,0,0,0,0.0,0.0,0.0,0.0,5.0,528,0,0
129,129,1,20260823,3,7,True,63,2,0,0,1,0,1,0,0,0,8,0.0,15.0,6.0,1.7,5.5,61091,0,0
130,130,1,20260823,3,7,True,77,7,0,0,1,0,0,0,0,1,32,16.6,26.3,6.0,4.9,5.0,22925,0,0
131,131,1,20260823,3,7,True,0,0,0,0,0,0,0,0,0,0,0,0.0,0.0,0.0,0.0,5.0,17798,0,0
132,132,1,20260823,3,7,True,0,0,0,0,0,0,0,0,0,0,0,0.0,0.0,0.0,0.0,4.5,6770,0,0
133,133,1,20260823,3,7,True,0,0,0,0,0,0,0,0,0,0,0,0.0,0.0,0.0,0.0,5.0,241,0,0
134,134,1,20260823,3,7,True,0,0,0,0,0,0,0,0,0,0,0,0.0,0.0,0.0,0.0,4.5,24725,0,0
135,135,1,20260823,3,7,True,12,1,0,0,0,0,0,0,0,0,3,0.2,1.3,0.0,0.2,5.0,6623,0,0
136,136,1,20260824,12,10,False,0,0,0,0,0,0,0,0,0,0,0,0.0,0.0,0.0,0.0,6.0,112037,0,0
137,137,1,20260823,3,7,True,0,0,0,0,0,0,0,0,0,0,0,0.0,0.0,0.0,0.0,5.5,879,0,0
138,138,1,20260823,3,7,True,26,1,0,0,0,0,0,0,0,0,-1,0.0,0.4,10.0,0.9,5.5,19339,0,0
139,139,1,20260823,3,7,True,0,0,0,0,0,0,0,0,0,0,0,0.0,0.0,0.0,0.0,5.0,2877,0,0
140,140,1,20260824,12,10,False,90,2,0,0,0,2,0,0,4,0,6,21.4,0.0,0.0,2.1,5.0,207899,0,0
141,141,1,20260824,12,10,False,0,0,0,0,0,0,0,0,0,0,0,0.0,0.0,0.0,0.0,5.0,1796,0,0
142,142,1,20260824,12,10,False,90,0,0,0,0,2,1,0,0,0,5,23.4,16.8,19.0,5.9,5.5,879361,0,0
143,143,1,20260824,12,10,False,0,0,0,0,0,0,0,0,0,0,0,0.0,0.0,0.0,0.0,5.5,21121,0,0
144,144,1,20260824,12,10,False,75,1,0,0,0,2,0,0,0,0,2,7.2,9.8,6.0,2.3,5.0,98423,0,0
145,145,1,20260824,12,10,False,0,0,0,0,0,0,0,0,0,0,0,0.0,0.0,0.0,0.0,5.0,1057,0,0
146,146,1,20260824,12,10,False,0,0,0,0,0,0,0,0,0,0,0,0.0,0.0,0.0,0.0,4.5,2313,0,0
147,147,1,20260824,12,10,False,0,0,0,0,0,0,0,0,0,0,0,0.0,0.0,0.0,0.0,4.5,18070,0,0
148,148,1,20260824,12,10,False,64,1,0,0,0,2,0,0,0,0,5,8.4,12.3,11.0,3.2,4.5,40724,0,0
149,149,1,20260824,12,10,False,90,0,0,0,0,2,1,0,0,0,6,6.0,1.6,7.0,1.5,5.0,142918,0,0
150,150,1,20260824,12,10,False,0,0,0,0,0,0,0,0,0,0,0,0.0,0.0,0.0,0.0,4.5,6689,0,0
151,151,1,20260824,12,10,False,90,3,0,0,0,2,0,0,0,0,13,33.2,2.2,2.0,3.7,4.5,24066,0,0
152,152,1,20260824,12,10,False,0,0,0,0,0,0,0,0,0,0,0,0.0,0.0,0.0,0.0,5.5,263643,0,0
153,153,1,20260824,12,10,False,0,0,0,0,0,0,0,0,0,0,0,0.0,0.0,0.0,0.0,4.5,5243,0,0
154,154,1,20260824,12,10,False,82,13,1,1,0,2,0,0,0,3,60,65.2,41.3,54.0,16.1,9.5,919516,0,0
155,155,1,20260824,12,10,False,25,1,0,0,0,0,0,0,0,0,6,3.4,12.0,0.0,1.5,7.0,442051,0,0
156,156,1,20260824,12,10,False,14,1,0,0,0,0,0,0,0,0,9,5.2,4.1,4.0,1.3,6.5,116795,0,0
157,157,1,20260824,12,10,False,7,1,0,0,0,0,0,0,0,0,3,0.2,0.4,0.0,0.1,6.5,109575,0,0
158,158,1,20260824,12,10,False,0,0,0,0,0,0,0,0,0,0,0,0.0,0.0,0.0,0.0,6.0,3231,0,0
159,159,1,20260824,12,10,False,0,0,0,0,0,0,0,0,0,0,0,0.0,0.0,0.0,0.0,5.5,347122,0,0
160,160,1,20260823,5,7,False,4,1,0,0,0,0,0,0,0,0,2,0.0,0.0,0.0,0.0,6.0,54802,0,0
161,161,1,20260824,12,10,False,64,1,0,0,0,2,1,0,0,0,8,13.6,21.9,33.0,6.9,5.0,4654,0,0
162,162,1,20260822,14,4,False,66,2,0,0,0,2,0,0,0,0,17,11.4,4.2,2.0,1.8,5.0,93940,0,0
163,163,1,20260824,12,10,False,0,0,0,0,0,0,0,0,0,0,0,0.0,0.0,0.0,0.0,4.5,18298,0,0
164,164,1,20260824,12,10,False,8,1,0,0,0,0,0,0,0,0,2,1.2,0.3,2.0,0.4,5.5,3758,0,0
165,165,1,20260824,12,10,False,90,11,1,1,0,2,0,0,0,2,45,51.2,23.0,37.0,11.1,7.5,5764207,0,0
166,166,1,20260824,12,10,False,0,0,0,0,0,0,0,0,0,0,0,0.0,0.0,0.0,0.0,6.5,29435,0,0
167,167,1,20260824,12,10,False,0,0,0,0,0,0,0,0,0,0,0,0.0,0.0,0.0,0.0,5.5,40156,0,0
168,168,1,20260824,12,10,False,0,0,0,0,0,0,0,0,0,0,0,0.0,0.0,0.0,0.0,5.0,42801,0,0
169,169,1,20260824,12,10,False,0,0,0,0,0,0,0,0,0,0,0,0.0,0.0,0.0,0.0,4.5,30422,0,0
170,170,1,20260824,12,10,False,0,0,0,0,0,0,0,0,0,0,0,0.0,0.0,0.0,0.0,5.0,11724,0,0
171,171,1,20260821,2,1,False,0,0,0,0,0,0,0,0,0,0,0,0.0,0.0,0.0,0.0,4.0,142267,0,0
172,172,1,20260821,2,1,False,0,0,0,0,0,0,0,0,0,0,0,0.0,0.0,0.0,0.0,4.5,42690,0,0
173,173,1,20260821,2,1,False,90,3,0,0,0,3,0,0,0,0,11,23.2,11.2,1.0,3.5,4.0,721945,0,0
174,174,1,20260821,2,1,False,0,0,0,0,0,0,0,0,0,0,0,0.0,0.0,0.0,0.0,4.0,60272,0,0
175,175,1,20260821,2,1,False,90,1,0,0,0,3,0,0,0,0,-8,10.6,2.0,2.0,1.5,4.0,1257228,0,0
176,176,1,20260821,2,1,False,90,1,0,0,0,3,0,0,0,0,-4,13.8,3.8,0.0,1.8,4.0,73424,0,0
177,177,1,20260821,2,1,False,0,0,0,0,0,0,0,0,0,0,0,0.0,0.0,0.0,0.0,4.0,6032,0,0
178,178,1,20260821,2,1,False,0,0,0,0,0,0,0,0,0,0,0,0.0,0.0,0.0,0.0,4.0,7091,0,0
179,179,1,20260821,2,1,False,0,0,0,0,0,0,0,0,0,0,0,0.0,0.0,0.0,0.0,4.0,3977,0,0
180,180,1,20260821,2,1,False,0,0,0,0,0,0,0,0,0,0,0,0.0,0.0,0.0,0.0,4.0,16501,0,0
181,181,1,20260821,2,1,False,0,0,0,0,0,0,0,0,0,0,0,0.0,0.0,0.0,0.0,4.0,3736,0,0
182,182,1,20260821,2,1,False,90,1,0,0,0,3,0,0,0,0,1,28.8,0.8,0.0,3.0,4.0,75420,0,0
183,183,1,20260821,2,1,False,20,1,0,0,0,0,0,0,0,0,3,5.6,3.8,17.0,2.6,5.0,13002,0,0
184,184,1,20260821,2,1,False,90,2,0,0,0,3,0,0,0,0,14,13.4,3.7,0.0,1.7,5.0,17412,0,0
185,185,1,20260821,2,1,False,0,0,0,0,0,0,0,0,0,0,0,0.0,0.0,0.0,0.0,5.0,10294,0,0
186,186,1,20260821,2,1,False,0,0,0,0,0,0,0,0,0,0,0,0.0,0.0,0.0,0.0,5.5,11314,0,0
187,187,1,20260821,2,1,False,0,0,0,0,0,0,0,0,0,0,0,0.0,0.0,0.0,0.0,5.0,1503,0,0
188,188,1,20260821,2,1,False,28,1,0,0,0,0,0,0,0,0,8,6.8,16.4,0.0,2.3,5.5,15509,0,0
189,189,1,20260821,2,1,False,0,0,0,0,0,0,0,0,0,0,0,0.0,0.0,0.0,0.0,4.5,28435,0,0
190,190,1,20260821,2,1,False,81,2,0,0,0,3,0,0,0,0,11,1.8,6.0,3.0,1.1,5.5,12321,0,0
191,191,1,20260821,2,1,False,0,0,0,0,0,0,0,0,0,0,0,0.0,0.0,0.0,0.0,4.5,16813,0,0
192,192,1,20260821,2,1,False,0,0,0,0,0,0,0,0,0,0,0,0.0,0.0,0.0,0.0,4.5,62690,0,0
193,193,1,20260821,2,1,False,0,0,0,0,0,0,0,0,0,0,0,0.0,0.0,0.0,0.0,5.5,18871,0,0
194,194,1,20260821,2,1,False,69,2,0,0,0,3,0,0,0,0,9,4.6,1.1,0.0,0.6,5.0,66198,0,0
195,195,1,20260821,2,1,False,69,2,0,0,0,3,0,0,0,0,7,2.6,12.3,2.0,1.7,5.0,78607,0,0
196,196,1,20260821,2,1,False,0,0,0,0,0,0,0,0,0,0,0,0.0,0.0,0.0,0.0,5.0,1827,0,0
197,197,1,20260821,2,1,False,0,0,0,0,0,0,0,0,0,0,0,0.0,0.0,0.0,0.0,4.5,4620,0,0
198,198,1,20260822,11,3,False,90,2,0,0,0,2,0,0,3,0,14,28.2,0.0,0.0,2.8,5.0,171144,0,0
199,199,1,20260822,11,3,False,0,0,0,0,0,0,0,0,0,0,0,0.0,0.0,0.0,0.0,4.5,10987,0,0
200,200,1,20260824,12,10,False,90,6,0,1,0,2,0,0,0,0,25,44.2,11.2,2.0,5.7,6.0,792478,0,0
201,201,1,20260822,11,3,False,54,0,0,0,0,2,0,0,0,0,-4,1.2,1.8,21.0,2.4,5.5,873015,0,0
202,202,1,20260822,11,3,False,90,3,0,0,0,2,0,0,0,0,13,42.6,0.7,0.0,4.3,5.0,66477,0,0
203,203,1,20260822,11,3,False,90,1,0,0,0,2,0,0,0,0,9,27.4,5.7,5.0,3.8,5.0,30748,0,0
204,204,1,20260822,11,3,False,90,1,0,0,0,2,0,0,0,0,9,11.6,13.8,2.0,2.7,4.5,580791,0,0
205,205,1,20260822,11,3,False,0,0,0,0,0,0,0,0,0,0,0,0.0,0.0,0.0,0.0,4.5,2785,0,0
206,206,1,20260822,11,3,False,72,1,0,0,0,2,0,0,0,0,7,12.6,1.3,0.0,1.4,4.5,6521,0,0
207,207,1,20260822,11,3,False,0,0,0,0,0,0,0,0,0,0,0,0.0,0.0,0.0,0.0,4.5,7928,0,0
208,208,1,20260822,11,3,False,0,0,0,0,0,0,0,0,0,0,0,0.0,0.0,0.0,0.0,6.5,424225,0,0
209,209,1,20260822,10,3,True,6,1,0,0,0,0,0,0,0,0,3,4.0,0.3,0.0,0.4,6.0,15299,0,0
210,210,1,20260822,11,3,False,90,4,0,0,0,2,0,0,0,0,20,16.8,30.9,0.0,4.8,5.5,75177,0,0
211,211,1,20260822,11,3,False,35,1,0,0,0,0,0,0,0,0,4,2.0,6.3,6.0,1.4,5.5,18106,0,0
212,212,1,20260822,11,3,False,0,0,0,0,0,0,0,0,0,0,0,0.0,0.0,0.0,0.0,4.5,1093674,0,0
213,213,1,20260822,11,3,False,0,0,0,0,0,0,0,0,0,0,0,0.0,0.0,0.0,0.0,5.0,10665,0,0
214,214,1,20260822,11,3,False,90,3,0,0,0,2,1,0,0,0,25,20.4,29.3,0.0,5.0,5.0,24728,0,0
215,215,1,20260822,11,3,False,0,0,0,0,0,0,0,0,0,0,0,0.0,0.0,0.0,0.0,5.0,1134,0,0
216,216,1,20260822,11,3,False,0,0,0,0,0,0,0,0,0,0,0,0.0,0.0,0.0,0.0,5.0,3728,0,0
217,217,1,20260822,11,3,False,0,0,0,0,0,0,0,0,0,0,0,0.0,0.0,0.0,0.0,5.0,3157,0,0
218,218,1,20260822,11,3,False,0,0,0,0,0,0,0,0,0,0,0,0.0,0.0,0.0,0.0,5.0,6199,0,0
219,219,1,20260822,11,3,False,0,0,0,0,0,0,0,0,0,0,0,0.0,0.0,0.0,0.0,5.0,550,0,0
220,220,1,20260822,11,3,False,0,0,0,0,0,0,0,0,0,0,0,0.0,0.0,0.0,0.0,4.5,255,0,0
221,221,1,20260822,11,3,False,0,0,0,0,0,0,0,0,0,0,0,0.0,0.0,0.0,0.0,4.5,8076,0,0
222,222,1,20260822,11,3,False,27,1,0,0,0,0,0,0,0,0,3,1.0,3.5,17.0,2.2,6.0,50940,0,0
223,223,1,20260822,11,3,False,62,2,0,0,0,2,0,0,0,0,-3,1.4,12.3,11.0,2.5,6.5,504100,0,0
224,224,1,20260822,11,3,False,55,1,0,0,0,2,0,0,0,0,12,10.4,24.5,23.0,5.8,5.5,43148,0,0
225,225,1,20260822,11,3,False,0,0,0,0,0,0,0,0,0,0,0,0.0,0.0,0.0,0.0,5.0,0,0,0
226,226,1,20260822,10,3,True,90,7,0,0,1,0,0,0,4,0,34,31.8,0.0,0.0,3.2,5.5,698199,0,0
227,227,1,20260822,10,3,True,0,0,0,0,0,0,0,0,0,0,0,0.0,0.0,0.0,0.0,5.0,3019,0,0
228,228,1,20260822,10,3,True,0,0,0,0,0,0,0,0,0,0,0,0.0,0.0,0.0,0.0,4.5,3498,0,0
229,229,1,20260822,10,3,True,90,6,0,0,1,0,0,0,0,0,25,15.2,0.8,4.0,2.0,6.0,765229,0,0
230,230,1,20260822,10,3,True,90,6,0,0,1,0,0,0,0,0,27,18.6,0.8,6.0,2.5,5.5,141420,0,0
231,231,1,20260822,10,3,True,0,0,0,0,0,0,0,0,0,0,0,0.0,0.0,0.0,0.0,5.0,151116,0,0
232,232,1,20260822,10,3,True,0,0,0,0,0,0,0,0,0,0,0,0.0,0.0,0.0,0.0,5.0,44689,0,0
233,233,1,20260822,10,3,True,90,6,0,0,1,0,0,0,0,0,27,12.8,13.8,2.0,2.9,4.5,134687,0,0
234,234,1,20260822,10,3,True,0,0,0,0,0,0,0,0,0,0,0,0.0,0.0,0.0,0.0,4.5,2948,0,0
235,235,1,20260822,10,3,True,0,0,0,0,0,0,0,0,0,0,0,0.0,0.0,0.0,0.0,4.0,16732,0,0
236,236,1,20260822,10,3,True,90,11,1,0,1,0,0,0,0,3,40,42.8,28.3,27.0,9.8,6.5,288693,0,0
237,237,1,20260822,10,3,True,90,9,0,1,1,0,0,0,0,1,36,40.8,39.8,48.0,12.9,6.0,1434152,0,0
238,238,1,20260823,1,8,True,8,1,0,0,0,0,0,0,0,0,2,1.0,0.6,0.0,0.2,6.5,16005,0,0
239,239,1,20260822,10,3,True,11,1,0,0,0,0,0,0,0,0,6,4.8,11.8,2.0,1.9,6.0,11659,0,0
240,240,1,20260822,10,3,True,0,0,0,0,0,0,0,0,0,0,0,0.0,0.0,0.0,0.0,5.0,1417,0,0
241,241,1,20260822,11,3,False,62,2,0,0,0,2,0,0,0,0,11,9.6,4.7,2.0,1.6,5.5,15735,0,0
242,242,1,20260822,10,3,True,83,3,0,0,1,0,0,0,0,0,13,7.0,23.4,25.0,5.5,5.5,24527,0,0
243,243,1,20260822,10,3,True,1,1,0,0,0,0,0,0,0,0,7,5.0,0.3,17.0,2.2,5.0,8329,0,0
244,244,1,20260822,10,3,True,90,8,0,1,1,0,0,0,0,0,25,28.8,14.7,4.0,4.8,5.0,6793,0,0
245,245,1,20260822,10,3,True,0,0,0,0,0,0,0,0,0,0,0,0.0,0.0,0.0,0.0,5.5,3592,0,0
246,246,1,20260822,10,3,True,90,3,0,0,1,0,0,0,0,0,12,13.8,13.0,2.0,2.9,5.0,5179,0,0
247,247,1,20260822,10,3,True,78,3,0,0,1,0,0,0,0,0,16,8.6,12.2,5.0,2.6,5.5,24410,0,0
248,248,1,20260822,10,3,True,11,1,0,0,0,0,0,0,0,0,3,0.0,0.0,2.0,0.2,5.5,249740,0,0
249,249,1,20260822,10,3,True,78,8,1,0,1,0,0,0,0,2,37,38.0,19.0,41.0,9.8,5.5,117327,0,0
250,250,1,20260824,8,10,True,90,2,0,0,0,3,0,0,3,0,11,29.6,0.0,0.0,3.0,4.5,272035,0,0
251,251,1,20260824,8,10,True,0,0,0,0,0,0,0,0,0,0,0,0.0,0.0,0.0,0.0,4.0,107540,0,0
252,252,1,20260824,8,10,True,0,0,0,0,0,0,0,0,0,0,0,0.0,0.0,0.0,0.0,4.0,13569,0,0
253,253,1,20260824,8,10,True,0,0,0,0,0,0,0,0,0,0,0,0.0,0.0,0.0,0.0,5.0,3342,0,0
254,254,1,20260824,8,10,True,81,1,0,0,0,3,0,0,0,0,4,21.6,25.2,3.0,5.0,4.5,148513,0,0
255,255,1,20260824,8,10,True,90,3,0,0,0,3,0,0,0,0,7,32.8,21.3,0.0,5.4,4.5,1787,0,0
256,256,1,20260824,8,10,True,0,0,0,0,0,0,0,0,0,0,0,0.0,0.0,0.0,0.0,4.5,24681,0,0
257,257,1,20260824,8,10,True,90,0,0,0,0,3,1,0,0,0,1,13.8,3.8,2.0,2.0,4.5,64737,0,0
258,258,1,20260824,8,10,True,90,6,0,2,0,3,1,0,0,0,21,38.0,27.8,23.0,8.9,4.5,26346,0,0
259,259,1,20260822,29,5,True,90,2,0,0,0,1,0,0,0,0,7,7.2,0.8,2.0,1.0,4.0,1668644,0,0
260,260,1,20260822,25,6,False,65,3,0,0,1,0,0,0,0,0,8,6.2,15.3,4.0,2.6,6.5,577649,0,0
261,261,1,20260824,8,10,True,90,2,0,0,0,3,0,0,0,0,17,12.4,11.3,0.0,2.4,5.5,88413,0,0
262,262,1,20260824,8,10,True,0,0,0,0,0,0,0,0,0,0,0,0.0,0.0,0.0,0.0,5.5,35036,0,0
263,263,1,20260824,8,10,True,17,1,0,0,0,0,0,0,0,0,2,5.2,1.9,0.0,0.7,5.5,5144,0,0
264,264,1,20260824,8,10,True,66,2,0,0,0,3,0,0,0,0,10,9.8,13.8,6.0,3.0,5.5,26829,0,0
265,265,1,20260824,8,10,True,72,2,0,0,0,3,0,0,0,0,14,13.6,23.1,7.0,4.4,5.0,38470,0,0
266,266,1,20260824,8,10,True,0,0,0,0,0,0,0,0,0,0,0,0.0,0.0,0.0,0.0,5.0,464,0,0
267,267,1,20260822,29,5,True,90,5,0,1,0,1,0,0,0,0,22,23.4,14.8,2.0,4.0,5.0,10816,0,0
268,268,1,20260824,8,10,True,90,7,1,0,0,3,0,0,0,0,34,41.6,15.6,41.0,9.8,5.5,14215,0,0
269,269,1,20260824,8,10,True,17,1,0,0,0,0,0,0,0,0,7,6.6,0.5,19.0,2.6,4.5,39784,0,0
270,270,1,20260824,8,10,True,0,0,0,0,0,0,0,0,0,0,0,0.0,0.0,0.0,0.0,4.5,139875,0,0
271,271,1,20260824,8,10,True,8,1,0,0,0,0,0,0,0,0,6,6.0,11.5,7.0,2.5,5.5,52452,0,0
272,272,1,20260824,8,10,True,0,0,0,0,0,0,0,0,0,0,0,0.0,0.0,0.0,0.0,4.5,669004,0,0
273,273,1,20260822,21,4,True,0,0,0,0,0,0,0,0,0,0,0,0.0,0.0,0.0,0.0,4.0,138196,0,0
274,274,1,20260822,21,4,True,0,0,0,0,0,0,0,0,0,0,0,0.0,0.0,0.0,0.0,4.5,11096,0,0
275,275,1,20260822,21,4,True,0,0,0,0,0,0,0,0,0,0,0,0.0,0.0,0.0,0.0,4.0,1022,0,0
276,276,1,20260822,21,4,True,0,0,0,0,0,0,0,0,0,0,0,0.0,0.0,0.0,0.0,4.0,3519,0,0
277,277,1,20260822,21,4,True,90,8,0,0,1,0,0,0,0,0,27,43.4,0.1,2.0,4.6,4.0,134746,0,0
278,278,1,20260822,21,4,True,0,0,0,0,0,0,0,0,0,0,0,0.0,0.0,0.0,0.0,4.0,12660,0,0
279,279,1,20260822,21,4,True,63,14,1,0,1,0,0,0,0,2,39,44.2,0.2,35.0,7.9,4.0,83256,0,0
280,280,1,20260822,21,4,True,69,6,0,0,1,0,0,0,0,0,23,5.8,11.3,0.0,1.7,4.0,59278,0,0
281,281,1,20260822,21,4,True,20,1,0,0,0,0,0,0,0,0,4,2.2,0.0,1.0,0.3,4.0,1668,0,0
282,282,1,20260822,21,4,True,84,6,0,0,1,0,0,0,0,0,24,13.8,18.8,4.0,3.7,4.0,67208,0,0
283,283,1,20260822,21,4,True,0,0,0,0,0,0,0,0,0,0,0,0.0,0.0,0.0,0.0,4.0,1251,0,0
284,284,1,20260822,21,4,True,0,0,0,0,0,0,0,0,0,0,0,0.0,0.0,0.0,0.0,4.0,7616,0,0
285,285,1,20260822,21,4,True,26,1,0,0,0,0,0,0,0,0,3,4.2,0.0,0.0,0.4,4.0,8697,0,0
286,286,1,20260822,21,4,True,90,3,0,0,1,0,0,0,0,0,8,10.6,2.2,7.0,2.0,5.0,40446,0,0
287,287,1,20260822,21,4,True,19,0,0,0,0,0,1,0,0,0,2,2.0,0.3,2.0,0.4,5.0,6086,0,0
288,288,1,20260822,21,4,True,0,0,0,0,0,0,0,0,0,0,0,0.0,0.0,0.0,0.0,4.5,35457,0,0
289,289,1,20260822,21,4,True,90,2,0,0,1,0,1,0,0,0,9,19.0,2.4,0.0,2.1,4.5,57929,0,0
290,290,1,20260822,21,4,True,90,6,0,1,1,0,0,0,0,0,20,18.4,19.3,0.0,3.8,4.5,272889,0,0
291,291,1,20260822,21,4,True,0,0,0,0,0,0,0,0,0,0,0,0.0,0.0,0.0,0.0,4.5,600,0,0
292,292,1,20260822,21,4,True,0,0,0,0,0,0,0,0,0,0,0,0.0,0.0,0.0,0.0,5.0,1546,0,0
293,293,1,20260822,21,4,True,0,0,0,0,0,0,0,0,0,0,0,0.0,0.0,0.0,0.0,5.0,555,0,0
294,294,1,20260822,21,4,True,0,0,0,0,0,0,0,0,0,0,0,0.0,0.0,0.0,0.0,4.5,10995,0,0
295,295,1,20260822,21,4,True,90,5,0,1,1,0,0,0,0,0,21,17.2,21.1,52.0,9.0,5.5,113765,0,0
296,296,1,20260822,21,4,True,0,0,0,0,0,0,0,0,0,0,0,0.0,0.0,0.0,0.0,5.0,3400,0,0
297,297,1,20260822,21,4,True,0,0,0,0,0,0,0,0,0,0,0,0.0,0.0,0.0,0.0,4.5,2774,0,0
298,298,1,20260822,21,4,True,0,0,0,0,0,0,0,0,0,0,0,0.0,0.0,0.0,0.0,4.5,40958,0,0
299,299,1,20260822,21,4,True,0,0,0,0,0,0,0,0,0,0,0,0.0,0.0,0.0,0.0,4.5,6401,0,0
300,300,1,20260822,29,5,True,0,0,0,0,0,0,0,0,0,0,0,0.0,0.0,0.0,0.0,4.5,47085,0,0
301,301,1,20260822,29,5,True,0,0,0,0,0,0,0,0,0,0,0,0.0,0.0,0.0,0.0,4.0,426453,0,0
302,302,1,20260822,29,5,True,0,0,0,0,0,0,0,0,0,0,0,0.0,0.0,0.0,0.0,4.0,40566,0,0
303,303,1,20260822,29,5,True,0,0,0,0,0,0,0,0,0,0,0,0.0,0.0,0.0,0.0,4.0,57775,0,0
304,304,1,20260822,29,5,True,90,4,0,0,0,1,0,0,0,0,16,48.0,24.5,2.0,7.5,4.0,313565,0,0
305,305,1,20260822,29,5,True,90,2,0,0,0,1,0,0,0,0,10,15.2,2.3,0.0,1.8,4.0,479363,0,0
306,306,1,20260822,29,5,True,90,2,0,0,0,1,0,0,0,0,12,16.4,1.3,0.0,1.8,4.0,134129,0,0
307,307,1,20260822,29,5,True,0,0,0,0,0,0,0,0,0,0,0,0.0,0.0,0.0,0.0,4.0,10016,0,0
308,308,1,20260822,29,5,True,0,0,0,0,0,0,0,0,0,0,0,0.0,0.0,0.0,0.0,4.0,56130,0,0
309,309,1,20260822,29,5,True,79,4,0,0,0,1,0,0,0,0,26,13.0,7.3,4.0,2.4,5.0,11544,0,0
310,310,1,20260822,29,5,True,0,0,0,0,0,0,0,0,0,0,0,0.0,0.0,0.0,0.0,5.0,430,0,0
311,311,1,20260822,29,5,True,0,0,0,0,0,0,0,0,0,0,0,0.0,0.0,0.0,0.0,5.0,562,0,0
312,312,1,20260822,29,5,True,0,0,0,0,0,0,0,0,0,0,0,0.0,0.0,0.0,0.0,4.5,4505,0,0
313,313,1,20260822,29,5,True,19,7,1,0,0,0,0,0,0,1,27,33.6,0.6,18.0,5.2,5.5,24135,0,0
314,314,1,20260822,29,5,True,0,0,0,0,0,0,0,0,0,0,0,0.0,0.0,0.0,0.0,5.0,1539,0,0
315,315,1,20260822,29,5,True,65,2,0,0,0,1,0,0,0,0,22,18.6,28.4,8.0,5.5,5.5,21235,0,0
316,316,1,20260822,29,5,True,65,9,1,0,0,1,0,0,0,3,41,45.6,26.3,40.0,11.2,5.5,33590,0,0
317,317,1,20260822,29,5,True,0,0,0,0,0,0,0,0,0,0,0,0.0,0.0,0.0,0.0,5.0,25160,0,0
318,318,1,20260822,29,5,True,0,0,0,0,0,0,0,0,0,0,0,0.0,0.0,0.0,0.0,5.5,14821,0,0
319,319,1,20260822,29,5,True,0,0,0,0,0,0,0,0,0,0,0,0.0,0.0,0.0,0.0,5.0,1030,0,0
320,320,1,20260822,29,5,True,24,1,0,0,0,0,0,0,0,0,3,1.4,0.0,2.0,0.3,5.0,47871,0,0
321,321,1,20260822,29,5,True,10,1,0,0,0,0,0,0,0,0,3,0.0,0.1,0.0,0.0,4.5,199675,0,0
322,322,1,20260822,29,5,True,0,0,0,0,0,0,0,0,0,0,0,0.0,0.0,0.0,0.0,5.0,13332,0,0
323,323,1,20260822,29,5,True,24,1,0,0,0,0,0,0,0,0,4,1.2,1.3,0.0,0.3,4.5,130440,0,0
324,324,1,20260822,29,5,True,0,0,0,0,0,0,0,0,0,0,0,0.0,0.0,0.0,0.0,5.0,4850,0,0
325,325,1,20260822,14,4,False,0,0,0,0,0,0,0,0,0,0,0,0.0,0.0,0.0,0.0,4.5,3043,0,0
326,326,1,20260822,25,6,False,0,0,0,0,0,0,0,0,0,0,0,0.0,0.0,0.0,0.0,4.5,52897,0,0
327,327,1,20260822,25,6,False,90,10,0,0,1,0,0,0,0,2,28,23.6,0.4,15.0,3.9,5.0,27043,0,0
328,328,1,20260823,3,7,True,0,0,0,0,0,0,0,0,0,0,0,0.0,0.0,0.0,0.0,5.0,19933,0,0
329,329,1,20260822,25,6,False,90,6,0,0,1,0,0,0,0,0,21,14.4,14.4,5.0,3.4,4.5,330772,0,0
330,330,1,20260822,25,6,False,90,6,0,0,1,0,0,0,0,0,24,7.0,1.1,0.0,0.8,4.5,45674,0,0
331,331,1,20260822,25,6,False,0,0,0,0,0,0,0,0,0,0,0,0.0,0.0,0.0,0.0,4.5,5099,0,0
332,332,1,20260822,25,6,False,90,10,0,0,1,0,0,0,0,2,28,24.6,2.3,2.0,2.9,4.5,52732,0,0
333,333,1,20260822,25,6,False,0,0,0,0,0,0,0,0,0,0,0,0.0,0.0,0.0,0.0,4.5,512,0,0
334,334,1,20260822,25,6,False,90,6,0,0,1,0,0,0,0,0,25,15.6,0.6,17.0,3.3,5.0,306283,0,0
335,335,1,20260822,25,6,False,90,13,1,0,1,0,0,0,0,3,37,47.8,2.3,16.0,6.6,6.0,80326,0,0
336,336,1,20260822,25,6,False,24,1,0,0,0,0,0,0,0,0,10,10.0,14.0,4.0,2.8,6.0,45369,0,0
337,337,1,20260822,25,6,False,81,3,0,0,1,0,0,0,0,0,16,8.0,1.1,7.0,1.6,5.5,87156,0,0
338,338,1,20260822,25,6,False,90,5,0,0,1,0,0,0,0,0,18,18.6,23.3,0.0,4.2,5.5,132659,0,0
339,339,1,20260822,25,6,False,8,1,0,0,0,0,0,0,0,0,3,0.0,0.2,0.0,0.0,5.0,12582,0,0
340,340,1,20260822,21,4,True,0,0,0,0,0,0,0,0,0,0,0,0.0,0.0,0.0,0.0,5.0,1365,0,0
341,341,1,20260822,25,6,False,0,0,0,0,0,0,0,0,0,0,0,0.0,0.0,0.0,0.0,5.0,2172,0,0
342,342,1,20260822,25,6,False,0,0,0,0,0,0,0,0,0,0,0,0.0,0.0,0.0,0.0,5.0,135,0,0
343,343,1,20260822,25,6,False,0,0,0,0,0,0,0,0,0,0,0,0.0,0.0,0.0,0.0,5.0,11272,0,0
344,344,1,20260822,25,6,False,0,0,0,0,0,0,0,0,0,0,0,0.0,0.0,0.0,0.0,5.0,461,0,0
345,345,1,20260822,25,6,False,0,0,0,0,0,0,0,0,0,0,0,0.0,0.0,0.0,0.0,5.0,23052,0,0
346,346,1,20260822,25,6,False,90,1,0,0,1,0,1,0,0,0,-2,0.0,0.8,11.0,0.7,6.0,2823371,0,0
347,347,1,20260822,25,6,False,0,0,0,0,0,0,0,0,0,0,0,0.0,0.0,0.0,0.0,5.5,53564,0,0
348,348,1,20260822,25,6,False,0,0,0,0,0,0,0,0,0,0,0,0.0,0.0,0.0,0.0,5.0,17239,0,0
349,349,1,20260822,25,6,False,0,0,0,0,0,0,0,0,0,0,0,0.0,0.0,0.0,0.0,4.5,5936,0,0
350,350,1,20260823,23,9,False,90,2,0,0,0,2,0,0,3,0,7,17.8,0.0,0.0,1.8,5.5,302846,0,0
351,351,1,20260823,23,9,False,0,0,0,0,0,0,0,0,0,0,0,0.0,0.0,0.0,0.0,5.0,13503,0,0
352,352,1,20260823,23,9,False,0,0,0,0,0,0,0,0,0,0,0,0.0,0.0,0.0,0.0,4.0,97477,0,0
353,353,1,20260823,23,9,False,0,0,0,0,0,0,0,0,0,0,0,0.0,0.0,0.0,0.0,4.0,2936,0,0
354,354,1,20260823,23,9,False,0,0,0,0,0,0,0,0,0,0,0,0.0,0.0,0.0,0.0,4.0,1351,0,0
355,355,1,20260823,23,9,False,0,0,0,0,0,0,0,0,0,0,0,0.0,0.0,0.0,0.0,4.0,11845,0,0
356,356,1,20260823,23,9,False,90,2,0,0,0,2,1,0,0,0,8,25.6,1.6,24.0,5.1,6.5,1670280,0,0
357,357,1,20260823,23,9,False,90,0,0,0,0,2,1,0,0,0,3,13.6,37.8,10.0,6.1,5.5,302241,0,0
358,358,1,20260823,23,9,False,90,0,0,0,0,2,1,0,0,0,3,18.0,13.8,12.0,4.4,5.5,332539,0,0
359,359,1,20260823,23,9,False,0,0,0,0,0,0,0,0,0,0,0,0.0,0.0,0.0,0.0,5.0,1714,0,0
360,360,1,20260823,23,9,False,0,0,0,0,0,0,0,0,0,0,0,0.0,0.0,0.0,0.0,5.0,957,0,0
361,361,1,20260823,23,9,False,0,0,0,0,0,0,0,0,0,0,0,0.0,0.0,0.0,0.0,4.0,10838,0,0
362,362,1,20260823,23,9,False,69,1,0,0,0,2,0,0,0,0,9,12.4,11.9,0.0,2.4,5.0,205604,0,0
363,363,1,20260823,23,9,False,0,0,0,0,0,0,0,0,0,0,0,0.0,0.0,0.0,0.0,4.0,4082,0,0
364,364,1,20260823,23,9,False,0,0,0,0,0,0,0,0,0,0,0,0.0,0.0,0.0,0.0,5.0,6683,0,0
365,365,1,20260823,23,9,False,0,0,0,0,0,0,0,0,0,0,0,0.0,0.0,0.0,0.0,4.0,19328,0,0
366,366,1,20260823,23,9,False,62,2,0,0,0,2,0,0,0,0,16,9.8,17.9,29.0,5.7,7.5,1122658,0,0
367,367,1,20260823,23,9,False,90,12,1,0,0,2,0,0,0,3,33,44.0,34.0,37.0,11.5,7.0,310403,0,0
368,368,1,20260823,23,9,False,90,8,1,0,0,2,0,0,0,1,29,50.4,47.1,21.0,11.9,7.0,3733259,0,0
369,369,1,20260823,23,9,False,62,2,0,0,0,2,0,0,0,0,9,2.4,6.0,5.0,1.3,6.0,104767,0,0
370,370,1,20260823,23,9,False,0,0,0,0,0,0,0,0,0,0,0,0.0,0.0,0.0,0.0,5.5,11756,0,0
371,371,1,20260823,23,9,False,77,5,0,1,0,2,0,0,0,0,26,24.4,16.0,4.0,4.4,6.0,172067,0,0
372,372,1,20260823,23,9,False,27,1,0,0,0,0,0,0,0,0,9,5.8,1.4,0.0,0.7,5.5,151941,0,0
373,373,1,20260823,23,9,False,0,0,0,0,0,0,0,0,0,0,0,0.0,0.0,0.0,0.0,5.5,4822,0,0
374,374,1,20260823,23,9,False,0,0,0,0,0,0,0,0,0,0,0,0.0,0.0,0.0,0.0,5.0,5090,0,0
375,375,1,20260823,23,9,False,0,0,0,0,0,0,0,0,0,0,0,0.0,0.0,0.0,0.0,5.0,3729,0,0
376,376,1,20260823,23,9,False,0,0,0,0,0,0,0,0,0,0,0,0.0,0.0,0.0,0.0,5.0,157,0,0
377,377,1,20260823,23,9,False,27,4,0,1,0,0,0,0,0,0,15,4.0,8.9,14.0,2.7,6.5,48042,0,0
378,378,1,20260823,23,9,False,0,0,0,0,0,0,0,0,0,0,0,0.0,0.0,0.0,0.0,4.5,24189,0,0
379,379,1,20260823,23,9,False,90,2,0,0,0,2,0,0,0,0,6,11.4,14.6,66.0,9.2,9.0,1493302,0,0
380,380,1,20260823,23,9,False,0,0,0,0,0,0,0,0,0,0,0,0.0,0.0,0.0,0.0,7.5,14410,0,0
381,381,1,20260823,23,9,False,12,1,0,0,0,0,0,0,0,0,4,1.2,0.5,7.0,0.9,5.0,1626,0,0
382,382,1,20260823,23,9,False,0,0,0,0,0,0,0,0,0,0,0,0.0,0.0,0.0,0.0,4.5,3221,0,0
383,383,1,20260823,23,9,False,0,0,0,0,0,0,0,0,0,0,0,0.0,0.0,0.0,0.0,5.5,6399,0,0
384,384,1,20260823,1,8,True,90,3,0,0,0,1,0,0,3,0,12,26.8,0.0,0.0,2.7,5.5,722204,0,0
385,385,1,20260822,25,6,False,90,9,0,0,1,0,0,0,3,2,28,19.4,0.0,0.0,1.9,5.0,265439,0,0
386,386,1,20260823,1,8,True,0,0,0,0,0,0,0,0,0,0,0,0.0,0.0,0.0,0.0,4.5,2479,0,0
387,387,1,20260823,1,8,True,62,2,0,0,0,1,0,0,0,0,5,8.8,30.4,11.0,5.0,6.5,1877660,0,0
388,388,1,20260823,1,8,True,90,10,1,0,0,1,0,0,0,2,31,43.6,17.5,28.0,8.9,6.0,1521853,0,0
389,389,1,20260823,1,8,True,33,1,0,0,0,0,0,0,0,0,4,3.8,1.5,4.0,0.9,6.0,123928,0,0
390,390,1,20260823,1,8,True,90,2,0,0,0,1,0,0,0,0,11,24.4,17.9,2.0,4.4,5.5,148709,0,0
391,391,1,20260823,1,8,True,90,9,1,0,0,1,0,0,0,1,28,47.6,13.3,17.0,7.8,5.5,980214,0,0
392,392,1,20260823,1,8,True,0,0,0,0,0,0,0,0,0,0,0,0.0,0.0,0.0,0.0,5.5,79425,0,0
393,393,1,20260823,1,8,True,90,2,0,0,0,1,0,0,0,0,14,17.0,3.4,0.0,2.0,5.5,147622,0,0
394,394,1,20260823,1,8,True,0,0,0,0,0,0,0,0,0,0,0,0.0,0.0,0.0,0.0,5.0,1089,0,0
395,395,1,20260823,1,8,True,56,1,0,0,0,1,0,0,0,0,-1,3.8,3.8,39.0,4.7,4.5,18491,0,0
396,396,1,20260823,1,8,True,0,0,0,0,0,0,0,0,0,0,0,0.0,0.0,0.0,0.0,4.5,1856,0,0
397,397,1,20260823,1,8,True,90,2,0,0,0,1,0,0,0,0,16,5.8,8.9,31.0,4.6,8.5,2354040,0,0
398,398,1,20260823,1,8,True,81,1,0,0,0,1,1,0,0,0,15,10.4,49.6,15.0,7.5,7.0,387178,0,0
399,399,1,20260823,1,8,True,27,8,0,2,0,0,0,0,0,1,28,39.2,48.8,4.0,9.2,7.5,679336,0,0
400,400,1,20260823,1,8,True,0,0,0,0,0,0,0,0,0,0,0,0.0,0.0,0.0,0.0,7.5,191182,0,0
401,401,1,20260823,1,8,True,0,0,0,0,0,0,0,0,0,0,0,0.0,0.0,0.0,0.0,7.0,80421,0,0
402,402,1,20260823,1,8,True,0,0,0,0,0,0,0,0,0,0,0,0.0,0.0,0.0,0.0,6.5,2341,0,0
403,403,1,20260823,1,8,True,0,0,0,0,0,0,0,0,0,0,0,0.0,0.0,0.0,0.0,6.5,23783,0,0
404,404,1,20260823,1,8,True,0,0,0,0,0,0,0,0,0,0,0,0.0,0.0,0.0,0.0,6.0,11692,0,0
405,405,1,20260823,1,8,True,0,0,0,0,0,0,0,0,0,0,0,0.0,0.0,0.0,0.0,5.5,11878,0,0
406,406,1,20260823,1,8,True,27,1,0,0,0,0,0,0,0,0,3,2.2,2.1,0.0,0.4,5.5,6303,0,0
407,407,1,20260823,1,8,True,0,0,0,0,0,0,0,0,0,0,0,0.0,0.0,0.0,0.0,5.0,1572,0,0
408,408,1,20260823,1,8,True,0,0,0,0,0,0,0,0,0,0,0,0.0,0.0,0.0,0.0,5.0,1073,0,0
409,409,1,20260823,1,8,True,0,0,0,0,0,0,0,0,0,0,0,0.0,0.0,0.0,0.0,4.5,16621,0,0
410,410,1,20260823,1,8,True,0,0,0,0,0,0,0,0,0,0,0,0.0,0.0,0.0,0.0,5.0,1505,0,0
411,411,1,20260823,1,8,True,90,2,0,0,0,1,0,0,0,0,6,3.8,5.2,50.0,5.9,15.5,6209794,0,0
412,412,1,20260822,14,4,False,90,1,0,0,0,2,0,0,2,0,7,20.2,0.0,0.0,2.0,5.0,1497029,0,0
413,413,1,20260822,14,4,False,0,0,0,0,0,0,0,0,0,0,0,0.0,0.0,0.0,0.0,4.5,2353,0,0
414,414,1,20260822,14,4,False,0,0,0,0,0,0,0,0,0,0,0,0.0,0.0,0.0,0.0,4.0,9078,0,0
415,415,1,20260822,14,4,False,45,0,0,0,0,2,1,0,0,0,-11,0.0,1.2,16.0,0.7,6.0,121744,0,0
416,416,1,20260822,14,4,False,0,0,0,0,0,0,0,0,0,0,0,0.0,0.0,0.0,0.0,5.0,2274,0,0
417,417,1,20260822,14,4,False,10,1,0,0,0,0,0,0,0,0,6,7.6,11.3,0.0,1.9,5.0,246316,0,0
418,418,1,20260822,14,4,False,90,1,0,0,0,2,0,0,0,0,15,25.4,28.6,19.0,7.3,5.0,1650905,0,0
419,419,1,20260822,14,4,False,0,0,0,0,0,0,0,0,0,0,0,0.0,0.0,0.0,0.0,5.0,115360,0,0
420,420,1,20260822,14,4,False,0,0,0,0,0,0,0,0,0,0,0,0.0,0.0,0.0,0.0,5.0,62047,0,0
421,421,1,20260822,14,4,False,90,1,0,0,0,2,0,0,0,0,5,6.8,2.6,11.0,2.0,4.5,33647,0,0
422,422,1,20260822,14,4,False,79,1,0,0,0,2,0,0,0,0,8,17.4,29.4,9.0,5.6,4.5,56217,0,0
423,423,1,20260822,14,4,False,90,1,0,0,0,2,0,0,0,0,13,25.2,59.2,6.0,9.0,4.5,1947696,0,0
424,424,1,20260822,14,4,False,0,0,0,0,0,0,0,0,0,0,0,0.0,0.0,0.0,0.0,4.0,18310,0,0
425,425,1,20260822,14,4,False,0,0,0,0,0,0,0,0,0,0,0,0.0,0.0,0.0,0.0,4.0,2582,0,0
426,426,1,20260822,14,4,False,90,2,0,0,0,2,0,0,0,0,18,20.2,55.4,17.0,9.3,12.0,4653303,0,0
427,427,1,20260822,14,4,False,90,2,0,0,0,2,0,0,0,0,12,9.6,28.1,49.0,8.7,8.0,3492739,0,0
428,428,1,20260822,14,4,False,79,2,0,0,0,2,0,0,0,0,14,5.4,28.2,35.0,6.9,8.0,901042,0,0
429,429,1,20260822,14,4,False,45,1,0,0,0,0,0,0,0,0,9,11.6,48.6,4.0,6.4,7.0,134653,0,0
430,430,1,20260822,14,4,False,0,0,0,0,0,0,0,0,0,0,0,0.0,0.0,0.0,0.0,5.5,3202,0,0
431,431,1,20260822,14,4,False,0,0,0,0,0,0,0,0,0,0,0,0.0,0.0,0.0,0.0,6.0,145627,0,0
432,432,1,20260822,14,4,False,23,1,0,0,0,0,0,0,0,0,7,2.8,2.5,2.0,0.7,5.5,89014,0,0
433,433,1,20260822,14,4,False,0,0,0,0,0,0,0,0,0,0,0,0.0,0.0,0.0,0.0,5.0,333,0,0
434,434,1,20260822,14,4,False,0,0,0,0,0,0,0,0,0,0,0,0.0,0.0,0.0,0.0,5.0,1008,0,0
435,435,1,20260822,14,4,False,10,1,0,0,0,0,0,0,0,0,3,0.2,0.6,0.0,0.1,5.0,4147,0,0
436,436,1,20260822,14,4,False,0,0,0,0,0,0,0,0,0,0,0,0.0,0.0,0.0,0.0,5.0,1568,0,0
437,437,1,20260822,14,4,False,0,0,0,0,0,0,0,0,0,0,0,0.0,0.0,0.0,0.0,4.5,16079,0,0
438,438,1,20260822,14,4,False,0,0,0,0,0,0,0,0,0,0,0,0.0,0.0,0.0,0.0,4.5,31336,0,0
439,439,1,20260822,14,4,False,23,1,0,0,0,0,0,0,0,0,2,0.0,0.5,9.0,0.9,7.0,114788,0,0
440,440,1,20260822,14,4,False,0,0,0,0,0,0,0,0,0,0,0,0.0,0.0,0.0,0.0,5.5,56060,0,0
441,441,1,20260822,14,4,False,0,0,0,0,0,0,0,0,0,0,0,0.0,0.0,0.0,0.0,4.5,100521,0,0
442,442,1,20260823,18,9,True,0,0,0,0,0,0,0,0,0,0,0,0.0,0.0,0.0,0.0,5.0,113822,0,0
443,443,1,20260823,18,9,True,0,0,0,0,0,0,0,0,0,0,0,0.0,0.0,0.0,0.0,4.5,2989,0,0
444,444,1,20260823,18,9,True,0,0,0,0,0,0,0,0,0,0,0,0.0,0.0,0.0,0.0,4.5,2666,0,0
445,445,1,20260823,18,9,True,90,3,0,0,0,2,0,0,0,0,0,37.8,0.2,0.0,3.8,5.0,146838,0,0
446,446,1,20260823,18,9,True,1,1,0,0,0,1,0,0,0,0,-1,0.0,0.0,0.0,0.0,5.0,20496,0,0
447,447,1,20260823,18,9,True,90,3,0,0,0,2,0,0,0,0,4,32.4,0.3,0.0,3.3,5.0,34765,0,0
448,448,1,20260823,18,9,True,0,0,0,0,0,0,0,0,0,0,0,0.0,0.0,0.0,0.0,5.0,213973,0,0
449,449,1,20260823,18,9,True,90,3,0,0,0,2,0,0,0,0,8,22.0,15.2,0.0,3.7,5.0,310247,0,0
450,450,1,20260823,18,9,True,0,0,0,0,0,0,0,0,0,0,0,0.0,0.0,0.0,0.0,5.0,4326,0,0
451,451,1,20260823,18,9,True,0,0,0,0,0,0,0,0,0,0,0,0.0,0.0,0.0,0.0,4.0,12873,0,0
452,452,1,20260821,9,1,True,0,0,0,0,0,0,0,0,0,0,0,0.0,0.0,0.0,0.0,7.0,391151,0,0
453,453,1,20260823,18,9,True,90,2,0,0,0,2,0,0,0,0,12,5.2,2.4,9.0,1.7,6.0,95531,0,0
454,454,1,20260823,18,9,True,75,9,1,0,0,1,0,0,0,2,31,37.4,3.5,28.0,6.9,6.0,64591,0,0
455,455,1,20260822,4,2,False,90,2,0,0,0,3,0,0,0,0,14,6.2,6.4,8.0,2.1,5.5,376914,0,0
456,456,1,20260823,18,9,True,34,0,0,0,0,1,1,0,0,0,1,7.8,1.3,4.0,1.3,5.0,34032,0,0
457,457,1,20260823,18,9,True,14,0,0,0,0,1,1,0,0,0,-1,0.0,0.1,2.0,0.1,6.0,14816,0,0
458,458,1,20260823,18,9,True,0,0,0,0,0,0,0,0,0,0,0,0.0,0.0,0.0,0.0,5.5,3620,0,0
459,459,1,20260823,18,9,True,75,3,0,0,0,1,1,0,0,0,13,15.6,21.4,3.0,4.0,5.5,4093,0,0
460,460,1,20260823,18,9,True,34,6,1,0,0,1,0,0,0,0,28,38.4,13.9,9.0,6.1,5.0,10181,0,0
461,461,1,20260823,18,9,True,0,0,0,0,0,0,0,0,0,0,0,0.0,0.0,0.0,0.0,6.0,22780,0,0
462,462,1,20260823,18,9,True,55,1,0,0,0,1,0,0,0,0,3,0.4,1.2,0.0,0.2,5.0,9830,0,0
463,463,1,20260823,18,9,True,0,0,0,0,0,0,0,0,0,0,0,0.0,0.0,0.0,0.0,6.0,151424,0,0
464,464,1,20260823,18,9,True,90,4,0,1,0,1,1,0,0,0,7,20.0,16.3,28.0,6.4,6.0,142989,0,0
465,465,1,20260823,18,9,True,55,4,0,1,0,1,0,0,0,0,18,28.2,13.7,8.0,5.0,6.0,83021,0,0
466,466,1,20260823,18,9,True,0,0,0,0,0,0,0,0,0,0,0,0.0,0.0,0.0,0.0,4.5,66588,0,0
467,467,1,20260822,16,6,True,90,2,0,0,0,1,0,0,2,0,11,14.2,0.0,0.0,1.4,5.0,140711,0,0
468,468,1,20260822,16,6,True,0,0,0,0,0,0,0,0,0,0,0,0.0,0.0,0.0,0.0,4.5,5970,0,0
469,469,1,20260822,16,6,True,90,2,0,0,0,1,0,0,0,0,13,15.2,5.8,6.0,2.7,5.0,924685,0,0
470,470,1,20260822,16,6,True,0,0,0,0,0,0,0,0,0,0,0,0.0,0.0,0.0,0.0,5.0,4345,0,0
471,471,1,20260822,16,6,True,90,2,0,0,0,1,0,0,0,0,4,7.6,0.6,14.0,2.2,5.5,173511,0,0
472,472,1,20260822,16,6,True,90,4,0,0,0,1,0,0,0,0,15,32.2,25.9,0.0,5.8,5.5,134909,0,0
473,473,1,20260822,16,6,True,73,5,0,0,1,0,1,0,0,0,24,16.0,35.6,11.0,6.3,4.5,328883,0,0
474,474,1,20260822,16,6,True,90,1,0,0,0,1,1,0,0,0,5,20.8,1.3,0.0,2.2,4.5,19663,0,0
475,475,1,20260822,16,6,True,0,0,0,0,0,0,0,0,0,0,0,0.0,0.0,0.0,0.0,4.5,209,0,0
476,476,1,20260822,16,6,True,0,0,0,0,0,0,0,0,0,0,0,0.0,0.0,0.0,0.0,4.0,23191,0,0
477,477,1,20260822,16,6,True,0,0,0,0,0,0,0,0,0,0,0,0.0,0.0,0.0,0.0,4.0,23851,0,0
478,478,1,20260822,16,6,True,16,1,0,0,0,1,0,0,0,0,-2,0.0,0.9,0.0,0.1,4.5,2322,0,0
479,479,1,20260822,16,6,True,0,0,0,0,0,0,0,0,0,0,0,0.0,0.0,0.0,0.0,4.0,18342,0,0
480,480,1,20260822,16,6,True,90,2,0,0,0,1,0,0,0,0,10,0.0,9.3,16.0,2.4,8.0,1039647,0,0
481,481,1,20260823,1,8,True,62,2,0,0,0,1,0,0,0,0,14,7.2,20.8,0.0,2.8,6.5,707651,0,0
482,482,1,20260822,16,6,True,0,0,0,0,0,0,0,0,0,0,0,0.0,0.0,0.0,0.0,6.0,23579,0,0
483,483,1,20260822,16,6,True,61,3,0,0,1,0,0,0,0,0,5,1.4,2.5,0.0,0.4,5.5,39539,0,0
484,484,1,20260822,16,6,True,0,0,0,0,0,0,0,0,0,0,0,0.0,0.0,0.0,0.0,5.5,15797,0,0
485,485,1,20260822,16,6,True,0,0,0,0,0,0,0,0,0,0,0,0.0,0.0,0.0,0.0,5.5,1373,0,0
486,486,1,20260822,16,6,True,73,3,0,0,1,0,0,0,0,0,18,11.6,42.5,0.0,5.4,5.5,3147,0,0
487,487,1,20260822,16,6,True,0,0,0,0,0,0,0,0,0,0,0,0.0,0.0,0.0,0.0,5.0,7576,0,0
488,488,1,20260822,16,6,True,90,2,0,0,0,1,0,0,0,0,10,17.8,13.0,3.0,3.4,5.0,100536,0,0
489,489,1,20260822,16,6,True,0,0,0,0,0,0,0,0,0,0,0,0.0,0.0,0.0,0.0,4.5,177323,0,0
490,490,1,20260822,16,6,True,28,1,0,0,0,1,0,0,0,0,3,0.0,2.4,3.0,0.4,6.0,159951,0,0
491,491,1,20260822,16,6,True,90,2,0,0,0,1,0,0,0,0,8,5.2,6.8,31.0,4.3,6.0,389784,0,0
492,492,1,20260821,2,1,False,20,1,0,0,0,0,0,0,0,0,4,0.0,1.4,0.0,0.1,5.5,76129,0,0
493,493,1,20260822,16,6,True,1,1,0,0,0,0,0,0,0,0,3,0.0,0.0,0.0,0.0,5.5,4138,0,0
494,494,1,20260822,4,2,False,0,0,0,0,0,0,0,0,0,0,0,0.0,0.0,0.0,0.0,4.5,35657,0,0
495,495,1,20260822,4,2,False,0,0,0,0,0,0,0,0,0,0,0,0.0,0.0,0.0,0.0,4.0,78400,0,0
496,496,1,20260822,4,2,False,90,2,0,0,0,3,0,0,5,0,15,43.6,0.0,0.0,4.4,4.5,2208330,0,0
497,497,1,20260822,4,2,False,0,0,0,0,0,0,0,0,0,0,0,0.0,0.0,0.0,0.0,4.0,1778139,0,0
498,498,1,20260822,4,2,False,90,3,0,0,0,3,0,0,0,0,10,36.6,2.2,0.0,3.9,6.0,724252,0,0
499,499,1,20260822,4,2,False,0,0,0,0,0,0,0,0,0,0,0,0.0,0.0,0.0,0.0,5.5,1595087,0,0
500,500,1,20260822,4,2,False,0,0,0,0,0,0,0,0,0,0,0,0.0,0.0,0.0,0.0,5.0,25814,0,0
501,501,1,20260822,4,2,False,0,0,0,0,0,0,0,0,0,0,0,0.0,0.0,0.0,0.0,5.0,15516,0,0
502,502,1,20260822,4,2,False,90,3,0,0,0,3,0,0,0,0,13,31.8,19.2,2.0,5.3,4.5,350993,0,0
503,503,1,20260822,4,2,False,0,0,0,0,0,0,0,0,0,0,0,0.0,0.0,0.0,0.0,5.0,522301,0,0
504,504,1,20260823,3,7,True,90,6,0,0,1,0,0,0,0,0,19,12.4,4.5,12.0,2.9,5.0,221596,0,0
505,505,1,20260822,4,2,False,0,0,0,0,0,0,0,0,0,0,0,0.0,0.0,0.0,0.0,4.5,93085,0,0
506,506,1,20260822,4,2,False,4,1,0,0,0,0,0,0,0,0,3,0.0,0.7,0.0,0.0,4.5,43741,0,0
507,507,1,20260822,4,2,False,0,0,0,0,0,0,0,0,0,0,0,0.0,0.0,0.0,0.0,4.5,2583,0,0
508,508,1,20260822,4,2,False,0,0,0,0,0,0,0,0,0,0,0,0.0,0.0,0.0,0.0,4.0,99420,0,0
509,509,1,20260822,4,2,False,0,0,0,0,0,0,0,0,0,0,0,0.0,0.0,0.0,0.0,4.0,4794,0,0
510,510,1,20260822,4,2,False,0,0,0,0,0,0,0,0,0,0,0,0.0,0.0,0.0,0.0,4.0,7021,0,0
511,511,1,20260822,4,2,False,0,0,0,0,0,0,0,0,0,0,0,0.0,0.0,0.0,0.0,4.0,27254,0,0
512,512,1,20260822,4,2,False,0,0,0,0,0,0,0,0,0,0,0,0.0,0.0,0.0,0.0,6.5,8272,0,0
513,513,1,20260822,4,2,False,0,0,0,0,0,0,0,0,0,0,0,0.0,0.0,0.0,0.0,6.0,1345,0,0
514,514,1,20260822,4,2,False,90,2,0,0,0,3,0,0,0,0,17,10.4,26.0,9.0,4.5,6.0,50995,0,0
515,515,1,20260822,4,2,False,22,1,0,0,0,0,0,0,0,0,6,4.4,8.3,8.0,2.1,6.5,119410,0,0
516,516,1,20260822,4,2,False,45,1,0,0,0,1,0,0,0,0,8,2.0,14.7,0.0,1.7,5.5,17403,0,0
517,517,1,20260822,4,2,False,0,0,0,0,0,0,0,0,0,0,0,0.0,0.0,0.0,0.0,5.5,100,0,0
518,518,1,20260822,4,2,False,0,0,0,0,0,0,0,0,0,0,0,0.0,0.0,0.0,0.0,5.0,25576,0,0
519,519,1,20260822,4,2,False,45,0,0,0,0,2,1,0,0,0,1,0.0,5.5,1.0,0.5,5.5,26860,0,0
520,520,1,20260822,4,2,False,45,1,0,0,0,2,0,0,0,0,2,0.0,2.0,2.0,0.0,5.5,18443,0,0
521,521,1,20260822,4,2,False,0,0,0,0,0,0,0,0,0,0,0,0.0,0.0,0.0,0.0,6.5,949,0,0
522,522,1,20260822,4,2,False,85,2,0,0,0,3,0,0,0,0,15,6.2,3.3,0.0,1.0,5.0,19767,0,0
523,523,1,20260822,4,2,False,67,2,0,0,0,3,0,0,0,0,10,14.2,5.9,55.0,7.5,5.0,17505,0,0
524,524,1,20260822,4,2,False,0,0,0,0,0,0,0,0,0,0,0,0.0,0.0,0.0,0.0,4.5,79913,0,0
525,525,1,20260822,4,2,False,45,1,0,0,0,1,0,0,0,0,16,7.2,27.2,2.0,3.6,6.0,178624,0,0
526,526,1,20260822,4,2,False,22,1,0,0,0,0,0,0,0,0,3,0.0,0.0,5.0,0.5,6.0,126667,0,0
527,527,1,20260822,4,2,False,67,2,0,0,0,3,0,0,0,0,6,0.0,2.2,0.0,0.2,6.0,283639,0,0
528,528,1,20260822,4,2,False,0,0,0,0,0,0,0,0,0,0,0,0.0,0.0,0.0,0.0,4.5,149807,0,0
529,529,1,20260822,15,5,False,90,1,0,0,0,2,0,0,1,0,7,15.2,0.0,0.0,1.5,5.0,397315,0,0
530,530,1,20260822,15,5,False,0,0,0,0,0,0,0,0,0,0,0,0.0,0.0,0.0,0.0,4.0,18557,0,0
531,531,1,20260822,15,5,False,0,0,0,0,0,0,0,0,0,0,0,0.0,0.0,0.0,0.0,4.5,8630,0,0
532,532,1,20260822,15,5,False,90,0,0,0,0,2,1,0,0,0,4,18.2,1.2,0.0,1.9,5.0,518741,0,0
533,533,1,20260822,15,5,False,0,0,0,0,0,0,0,0,0,0,0,0.0,0.0,0.0,0.0,5.5,257772,0,0
534,534,1,20260822,15,5,False,79,2,0,0,0,1,0,0,0,0,14,9.4,39.4,13.0,6.2,4.5,641436,0,0
535,535,1,20260822,15,5,False,23,1,0,0,0,1,0,0,0,0,2,0.0,0.6,0.0,0.0,5.0,41929,0,0
536,536,1,20260822,15,5,False,90,1,0,0,0,2,0,0,0,0,9,23.0,27.5,4.0,5.5,4.5,43515,0,0
537,537,1,20260822,15,5,False,0,0,0,0,0,0,0,0,0,0,0,0.0,0.0,0.0,0.0,4.5,941,0,0
538,538,1,20260822,15,5,False,0,0,0,0,0,0,0,0,0,0,0,0.0,0.0,0.0,0.0,4.0,6220,0,0
539,539,1,20260822,15,5,False,66,1,0,0,0,1,1,0,0,0,1,11.4,1.4,4.0,1.7,4.0,332959,0,0
540,540,1,20260822,15,5,False,0,0,0,0,0,0,0,0,0,0,0,0.0,0.0,0.0,0.0,4.0,25578,0,0
541,541,1,20260822,15,5,False,90,1,0,0,0,2,0,0,0,0,5,13.8,5.3,11.0,3.0,4.5,26928,0,0
542,542,1,20260822,15,5,False,79,2,0,0,0,1,0,0,0,0,13,4.6,9.9,0.0,1.5,6.0,942702,0,0
543,543,1,20260822,15,5,False,10,1,0,0,0,1,0,0,0,0,3,0.4,0.6,2.0,0.3,5.5,6286,0,0
544,544,1,20260822,15,5,False,90,9,0,1,0,2,0,0,0,2,31,18.8,31.4,0.0,5.0,5.5,392611,0,0
545,545,1,20260822,15,5,False,90,2,0,0,0,2,0,0,0,0,18,14.6,32.1,25.0,7.2,5.0,32634,0,0
546,546,1,20260822,15,5,False,0,0,0,0,0,0,0,0,0,0,0,0.0,0.0,0.0,0.0,5.0,9551,0,0
547,547,1,20260822,15,5,False,0,0,0,0,0,0,0,0,0,0,0,0.0,0.0,0.0,0.0,5.0,801,0,0
548,548,1,20260822,15,5,False,10,1,0,0,0,1,0,0,0,0,3,0.0,0.3,0.0,0.0,5.0,6214,0,0
549,549,1,20260822,15,5,False,31,1,0,0,0,1,0,0,0,0,1,0.0,0.9,0.0,0.0,5.5,20822,0,0
550,550,1,20260822,15,5,False,0,0,0,0,0,0,0,0,0,0,0,0.0,0.0,0.0,0.0,5.0,501,0,0
551,551,1,20260822,15,5,False,58,5,1,0,0,1,1,0,0,0,23,32.8,3.3,16.0,5.2,5.0,5260,0,0
552,552,1,20260822,15,5,False,66,2,0,0,0,1,0,0,0,0,1,0.0,1.5,9.0,1.1,6.0,1279847,0,0
553,553,1,20260822,15,5,False,23,1,0,0,0,1,0,0,0,0,3,0.0,0.2,0.0,0.0,5.5,90196,0,0
554,554,1,20260822,29,5,True,0,0,0,0,0,0,0,0,0,0,0,0.0,0.0,0.0,0.0,4.5,3509,0,0
555,555,1,20260822,11,3,False,0,0,0,0,0,0,0,0,0,0,0,0.0,0.0,0.0,0.0,4.0,156141,0,0
556,556,1,20260822,21,4,True,5,1,0,0,0,0,0,0,0,0,3,0.4,0.0,0.0,0.0,4.0,218902,0,0
557,557,1,20260821,9,1,True,75,6,0,1,1,0,0,0,0,0,30,17.0,39.8,30.0,8.7,6.5,2247384,0,0
558,558,1,20260822,16,6,True,16,1,0,0,0,1,0,0,0,0,3,0.6,1.0,2.0,0.4,5.0,10065,0,0
559,559,1,20260823,18,9,True,14,1,0,0,0,1,0,0,0,0,5,4.0,0.0,0.0,0.4,5.0,12608,0,0
560,560,1,20260824,12,10,False,0,0,0,0,0,0,0,0,0,0,0,0.0,0.0,0.0,0.0,4.5,6087,0,0
561,561,1,20260824,12,10,False,0,0,0,0,0,0,0,0,0,0,0,0.0,0.0,0.0,0.0,4.5,1770,0,0
562,562,1,20260822,29,5,True,79,2,0,0,0,1,0,0,0,0,7,12.6,1.4,7.0,2.1,5.5,37656,0,0
563,563,1,20260822,21,4,True,0,0,0,0,0,0,0,0,0,0,0,0.0,0.0,0.0,0.0,5.0,2175,0,0
564,564,1,20260822,29,5,True,90,2,0,0,0,1,0,0,2,0,12,14.4,0.0,0.0,1.4,4.5,57252,0,0
565,565,1,20260822,31,2,True,75,14,0,2,1,0,0,0,0,3,41,31.6,21.8,21.0,7.4,5.5,294770,0,0
566,566,1,20260823,20,8,False,90,2,0,0,0,2,1,0,0,0,5,31.4,0.3,0.0,3.2,5.0,23702,0,0
567,567,1,20260823,18,9,True,90,1,0,0,0,2,1,0,5,0,12,41.2,0.0,0.0,4.1,5.0,55382,0,0
568,568,1,20260824,12,10,False,0,0,0,0,0,0,0,0,0,0,0,0.0,0.0,0.0,0.0,5.5,12041,0,0
569,569,1,20260824,8,10,True,90,6,1,0,0,3,0,0,0,0,33,37.2,4.3,40.0,8.2,6.0,180799,0,0
570,570,1,20260824,8,10,True,72,2,0,0,0,3,0,0,0,0,10,2.8,7.3,8.0,1.8,5.5,18267,0,0
571,571,1,20260822,29,5,True,0,0,0,0,0,0,0,0,0,0,0,0.0,0.0,0.0,0.0,5.0,12850,0,0
572,572,1,20260822,21,4,True,90,10,0,0,1,0,0,0,5,3,41,34.6,0.0,0.0,3.5,4.5,48305,0,0
573,573,1,20260823,20,8,False,0,0,0,0,0,0,0,0,0,0,0,0.0,0.0,0.0,0.0,4.5,18342,0,0
574,574,1,20260822,21,4,True,0,0,0,0,0,0,0,0,0,0,0,0.0,0.0,0.0,0.0,5.0,7500,0,0
575,575,1,20260821,2,1,False,61,1,0,0,0,3,1,0,0,0,2,0.0,3.1,0.0,0.0,5.0,23536,0,0
576,576,1,20260822,21,4,True,70,3,0,0,1,0,0,0,0,0,11,8.4,4.8,0.0,1.3,5.0,6733,0,0
577,577,1,20260822,11,3,False,18,1,0,0,0,0,0,0,0,0,3,2.4,2.4,0.0,0.5,4.5,31543,0,0
578,578,1,20260824,12,10,False,0,0,0,0,0,0,0,0,0,0,0,0.0,0.0,0.0,0.0,5.5,3847,0,0
579,579,1,20260823,23,9,False,20,1,0,0,0,0,0,0,0,0,3,13.2,1.2,0.0,1.4,5.5,211388,0,0
580,580,1,20260824,8,10,True,23,1,0,0,0,0,0,0,0,0,5,3.4,1.3,0.0,0.5,5.0,8110,0,0
581,581,1,20260822,16,6,True,0,0,0,0,0,0,0,0,0,0,0,0.0,0.0,0.0,0.0,5.5,67092,0,0
582,582,1,20260823,5,7,False,0,0,0,0,0,0,0,0,0,0,0,0.0,0.0,0.0,0.0,5.5,46241,0,0
583,583,1,20260824,12,10,False,25,1,0,0,0,0,0,0,0,0,3,2.4,0.2,2.0,0.5,5.0,17073,0,0
584,584,1,20260821,2,1,False,8,1,0,0,0,0,0,0,0,0,3,0.4,0.3,0.0,0.1,5.5,12932,0,0
585,585,1,20260822,21,4,True,26,1,0,0,0,0,0,0,0,0,4,8.0,0.0,0.0,0.8,4.0,53978,0,0
586,586,1,20260822,21,4,True,63,15,1,0,1,0,0,0,0,1,35,51.8,0.6,33.0,8.5,4.0,92688,0,0
587,587,1,20260823,1,8,True,0,0,0,0,0,0,0,0,0,0,0,0.0,0.0,0.0,0.0,5.0,1589,0,0
588,588,1,20260822,11,3,False,35,1,0,0,0,0,0,0,0,0,12,24.0,26.5,4.0,5.5,5.0,8418,0,0
589,589,1,20260822,21,4,True,0,0,0,0,0,0,0,0,0,0,0,0.0,0.0,0.0,0.0,5.0,2352,0,0
590,590,1,20260822,16,6,True,0,0,0,0,0,0,0,0,0,0,0,0.0,0.0,0.0,0.0,4.5,5245,0,0
591,591,1,20260822,29,5,True,70,5,0,1,0,1,0,0,0,0,24,21.6,14.0,18.0,5.4,5.5,24595,0,0
592,592,1,20260822,29,5,True,10,1,0,0,0,0,0,0,0,0,4,5.2,10.0,0.0,1.5,4.0,86218,0,0
593,593,1,20260823,18,9,True,90,1,0,0,0,2,0,0,0,0,-1,16.4,1.2,5.0,2.3,4.5,20712,0,0
594,594,1,20260823,3,7,True,0,0,0,0,0,0,0,0,0,0,0,0.0,0.0,0.0,0.0,6.0,20944,0,0
595,595,1,20260822,11,3,False,0,0,0,0,0,0,0,0,0,0,0,0.0,0.0,0.0,0.0,5.0,1214,0,0
596,596,1,20260823,5,7,False,8,1,0,0,0,0,0,0,0,0,3,4.0,0.0,0.0,0.4,4.5,7884,0,0
597,597,1,20260823,5,7,False,0,0,0,0,0,0,0,0,0,0,0,0.0,0.0,0.0,0.0,5.0,61739,0,0
598,598,1,20260822,25,6,False,0,0,0,0,0,0,0,0,0,0,0,0.0,0.0,0.0,0.0,4.5,1842,0,0
599,599,1,20260821,2,1,False,0,0,0,0,0,0,0,0,0,0,0,0.0,0.0,0.0,0.0,5.0,7348,0,0
600,600,1,20260823,3,7,True,12,1,0,0,0,0,0,0,0,0,7,4.2,15.4,4.0,2.4,5.0,633,0,0
601,601,1,20260822,4,2,False,0,0,0,0,0,0,0,0,0,0,0,0.0,0.0,0.0,0.0,4.5,0,0,0
602,602,1,20260822,29,5,True,0,0,0,0,0,0,0,0,0,0,0,0.0,0.0,0.0,0.0,4.5,0,0,0
603,603,1,20260822,25,6,False,0,0,0,0,0,0,0,0,0,0,0,0.0,0.0,0.0,0.0,4.0,0,0,0
604,604,1,20260822,25,6,False,0,0,0,0,0,0,0,0,0,0,0,0.0,0.0,0.0,0.0,4.5,0,0,0
605,605,1,20260823,3,7,True,4,1,0,0,0,0,0,0,0,0,3,0.6,2.7,0.0,0.3,4.5,0,0,0
606,606,1,20260823,5,7,False,0,0,0,0,0,0,0,0,0,0,0,0.0,0.0,0.0,0.0,4.0,0,0,0
607,607,1,20260823,5,7,False,0,0,0,0,0,0,0,0,0,0,0,0.0,0.0,0.0,0.0,4.5,0,0,0
608,608,1,20260823,20,8,False,15,1,0,0,0,2,0,0,0,0,6,3.4,0.8,17.0,2.1,5.0,0,0,0
609,609,1,20260823,18,9,True,0,0,0,0,0,0,0,0,0,0,0,0.0,0.0,0.0,0.0,4.0,0,0,0
610,610,1,20260824,8,10,True,0,0,0,0,0,0,0,0,0,0,0,0.0,0.0,0.0,0.0,4.0,0,0,0
611,1,2,20260831,3,20,False,90,6,0,0,1,0,0,0,0,0,21,5.6,0.0,0.0,0.6,6.0,3801300,106734,81978
612,2,2,20260831,3,20,False,0,0,0,0,0,0,0,0,0,0,0,0.0,0.0,0.0,0.0,5.0,7844,322,1389
613,3,2,20260831,3,20,False,0,0,0,0,0,0,0,0,0,0,0,0.0,0.0,0.0,0.0,5.0,3125,101,492
614,4,2,20260831,3,20,False,90,8,0,0,1,0,0,0,0,0,23,18.2,3.2,6.0,2.7,8.0,2878770,58765,124108
615,5,2,20260831,3,20,False,0,0,0,0,0,0,0,0,0,0,0,0.0,0.0,0.0,0.0,6.5,9810,401,3104
616,6,2,20260831,3,20,False,0,0,0,0,0,0,0,0,0,0,0,0.0,0.0,0.0,0.0,6.0,25581,846,6816
617,7,2,20260831,3,20,False,70,3,0,0,1,0,0,0,0,0,15,10.6,3.2,5.0,1.9,5.5,70615,9693,9051
618,8,2,20260831,3,20,False,90,11,0,1,1,0,0,0,0,2,30,21.2,11.9,9.0,4.2,5.6,4150694,310105,41633
619,9,2,20260831,3,20,False,0,0,0,0,0,0,0,0,0,0,0,0.0,0.0,0.0,0.0,5.4,145234,3910,41046
620,10,2,20260831,3,20,False,90,7,0,0,1,0,0,0,0,1,26,16.4,20.3,0.0,3.7,5.5,683136,144941,25055
621,11,2,20260831,3,20,False,78,6,0,0,1,0,0,0,0,0,25,10.2,1.4,0.0,1.2,5.5,566006,15410,45949
622,12,2,20260831,3,20,False,90,11,1,0,1,0,0,0,0,3,46,41.0,8.0,44.0,9.3,9.5,1039189,88913,35230
623,13,2,20260831,3,20,False,84,5,0,0,1,0,0,0,0,0,19,24.0,27.6,0.0,5.2,7.5,1662633,35487,157722
624,14,2,20260831,3,20,False,45,1,0,0,0,0,0,0,0,0,6,1.6,2.0,2.0,0.6,6.5,169814,5716,44492
625,15,2,20260831,3,20,False,70,3,0,0,1,0,0,0,0,0,13,6.8,6.8,5.0,1.9,6.6,1174125,289559,36860
626,16,2,20260831,3,20,False,0,0,0,0,0,0,0,0,0,0,0,0.0,0.0,0.0,0.0,6.4,29476,1412,8231
627,17,2,20260831,3,20,False,19,1,0,0,0,0,0,0,0,0,7,2.8,1.0,0.0,0.4,6.0,58253,2422,15257
628,18,2,20260831,3,20,False,0,0,0,0,0,0,0,0,0,0,0,0.0,0.0,0.0,0.0,6.4,19331,1318,7036
629,19,2,20260831,3,20,False,5,1,0,0,0,0,0,0,0,0,5,4.8,0.9,0.0,0.6,5.5,94430,1579,20592
630,20,2,20260831,3,20,False,0,0,0,0,0,0,0,0,0,0,0,0.0,0.0,0.0,0.0,5.4,8233,473,2330
631,21,2,20260829,1,12,False,0,0,0,0,0,0,0,0,0,0,0,0.0,0.0,0.0,0.0,5.0,8315,102,2866
632,22,2,20260831,3,20,False,0,0,0,0,0,0,0,0,0,0,0,0.0,0.0,0.0,0.0,5.5,1254,76,324
633,23,2,20260831,3,20,False,0,0,0,0,0,0,0,0,0,0,0,0.0,0.0,0.0,0.0,5.5,979,80,215
634,24,2,20260831,3,20,False,0,0,0,0,0,0,0,0,0,0,0,0.0,0.0,0.0,0.0,5.5,966,64,172
635,25,2,20260831,3,20,False,0,0,0,0,0,0,0,0,0,0,0,0.0,0.0,0.0,0.0,7.4,650596,8776,238129
636,26,2,20260831,3,20,False,90,2,0,0,1,0,0,0,0,0,5,2.4,3.4,23.0,2.9,7.5,752082,187608,38825
637,27,2,20260831,3,20,False,0,0,0,0,0,0,0,0,0,0,0,0.0,0.0,0.0,0.0,6.0,32779,1914,7178
638,28,2,20260830,5,16,True,90,2,0,0,0,3,0,0,4,0,18,36.2,20.0,0.0,5.6,5.0,419555,14876,8115
639,29,2,20260831,2,20,True,0,0,0,0,0,0,0,0,0,0,0,0.0,0.0,0.0,0.0,4.5,13320,845,881
640,30,2,20260831,2,20,True,0,0,0,0,0,0,0,0,0,0,0,0.0,0.0,0.0,0.0,4.5,8690,0,4977
641,31,2,20260831,3,20,False,11,1,0,0,0,0,0,0,0,0,3,3.2,0.1,0.0,0.3,4.5,1061562,49821,229587
642,32,2,20260831,2,20,True,77,2,0,0,0,1,0,0,0,0,8,14.0,1.8,7.0,2.3,4.5,749133,26978,106327
643,33,2,20260831,2,20,True,0,0,0,0,0,0,0,0,0,0,0,0.0,0.0,0.0,0.0,4.5,38144,3253,3507
644,34,2,20260831,2,20,True,90,2,0,0,0,1,0,0,0,0,6,11.0,0.8,0.0,1.2,4.5,41549,1831,5060
645,35,2,20260831,2,20,True,0,0,0,0,0,0,0,0,0,0,0,0.0,0.0,0.0,0.0,5.0,6973,636,985
646,36,2,20260831,2,20,True,90,1,0,0,0,1,1,0,0,0,-5,4.8,0.5,12.0,1.7,4.5,72655,2546,8858
647,37,2,20260831,2,20,True,90,2,0,0,0,1,0,0,0,0,10,15.0,1.2,0.0,1.6,4.5,27172,1775,4011
648,38,2,20260831,2,20,True,0,0,0,0,0,0,0,0,0,0,0,0.0,0.0,0.0,0.0,4.0,167046,7339,13923
649,39,2,20260831,2,20,True,0,0,0,0,0,0,0,0,0,0,0,0.0,0.0,0.0,0.0,4.0,21591,0,7238
650,40,2,20260830,5,16,True,90,5,0,1,0,3,0,0,0,0,28,26.8,46.5,23.0,9.6,7.5,2607781,251851,71749
651,41,2,20260831,2,20,True,90,2,0,0,0,1,0,0,0,0,9,5.0,13.2,9.0,2.7,6.0,114718,5020,21886
652,42,2,20260828,20,11,True,27,1,0,0,0,1,0,0,0,0,3,2.2,0.3,0.0,0.3,5.5,4594,483,623
653,43,2,20260830,15,18,True,90,4,0,0,0,2,0,0,0,0,26,33.2,46.3,20.0,10.0,6.0,232262,12631,35704
654,44,2,20260831,2,20,True,0,0,0,0,0,0,0,0,0,0,0,0.0,0.0,0.0,0.0,5.5,14192,1002,2657
655,45,2,20260831,2,20,True,90,1,0,0,0,1,1,0,0,0,2,0.0,12.0,10.0,1.7,5.5,274653,7606,44653
656,46,2,20260831,2,20,True,77,2,0,0,0,1,0,0,0,0,23,12.8,23.3,2.0,3.8,5.0,23246,1875,2716
657,47,2,20260831,2,20,True,90,2,0,0,0,1,0,0,0,0,13,10.6,14.2,0.0,2.5,5.0,33591,2489,4739
658,48,2,20260831,2,20,True,0,0,0,0,0,0,0,0,0,0,0,0.0,0.0,0.0,0.0,5.0,2156,157,529
659,49,2,20260831,2,20,True,0,0,0,0,0,0,0,0,0,0,0,0.0,0.0,0.0,0.0,5.0,271,0,120
660,50,2,20260831,2,20,True,0,0,0,0,0,0,0,0,0,0,0,0.0,0.0,0.0,0.0,4.5,64781,3513,6768
661,51,2,20260831,2,20,True,70,2,0,0,0,1,0,0,0,0,5,1.8,4.3,0.0,0.6,4.5,72550,8743,5484
662,52,2,20260831,2,20,True,19,0,0,0,0,0,1,0,0,0,2,1.2,0.8,2.0,0.4,5.0,4426,343,596
663,53,2,20260831,2,20,True,0,0,0,0,0,0,0,0,0,0,0,0.0,0.0,0.0,0.0,6.0,18618,232,8790
664,54,2,20260831,2,20,True,0,0,0,0,0,0,0,0,0,0,0,0.0,0.0,0.0,0.0,5.5,5096,154,1883
665,55,2,20260831,2,20,True,0,0,0,0,0,0,0,0,0,0,0,0.0,0.0,0.0,0.0,7.9,734872,10632,276460
666,56,2,20260831,2,20,True,19,1,0,0,0,0,0,0,0,0,3,0.0,1.3,0.0,0.1,5.5,10592,597,2683
667,57,2,20260829,11,12,True,90,3,0,0,0,1,0,0,5,0,20,33.8,0.0,0.0,3.4,4.5,332768,25378,14053
668,58,2,20260829,11,12,True,0,0,0,0,0,0,0,0,0,0,0,0.0,0.0,0.0,0.0,4.0,317899,9562,10653
669,59,2,20260829,11,12,True,0,0,0,0,0,0,0,0,0,0,0,0.0,0.0,0.0,0.0,4.0,18847,1133,1517
670,60,2,20260829,11,12,True,90,4,0,0,0,1,0,0,0,0,19,25.6,21.0,4.0,5.1,5.5,89428,9153,6741
671,61,2,20260829,11,12,True,90,4,0,0,0,1,0,0,0,2,27,27.8,23.7,4.0,5.6,5.5,417325,20601,25821
672,62,2,20260829,11,12,True,0,0,0,0,0,0,0,0,0,0,0,0.0,0.0,0.0,0.0,5.0,19940,2722,2321
673,63,2,20260829,11,12,True,0,0,0,0,0,0,0,0,0,0,0,0.0,0.0,0.0,0.0,5.0,1026,74,296
674,64,2,20260829,11,12,True,90,1,0,0,0,1,1,0,0,0,5,15.6,15.7,0.0,3.1,4.5,13789,2845,1018
675,65,2,20260829,11,12,True,0,0,0,0,0,0,0,0,0,0,0,0.0,0.0,0.0,0.0,4.5,1571,88,506
676,66,2,20260829,11,12,True,0,0,0,0,0,0,0,0,0,0,0,0.0,0.0,0.0,0.0,4.0,18565,416,2427
677,67,2,20260829,11,12,True,90,2,0,0,0,1,0,0,0,0,4,8.6,3.5,44.0,5.6,6.5,276541,23680,22179
678,68,2,20260829,11,12,True,90,1,0,0,0,1,1,0,0,0,20,15.0,38.3,11.0,6.4,6.0,254437,87207,12431
679,69,2,20260829,11,12,True,86,12,1,0,1,0,1,0,0,3,39,47.6,32.1,21.0,10.1,6.0,145926,8520,12886
680,70,2,20260829,11,12,True,80,3,0,0,1,0,0,0,0,0,12,11.2,26.9,57.0,9.5,6.0,123176,16321,9590
681,71,2,20260829,11,12,True,68,3,0,0,1,0,0,0,0,0,13,3.8,12.8,0.0,1.7,5.0,18237,3259,1707
682,72,2,20260829,11,12,True,0,0,0,0,0,0,0,0,0,0,0,0.0,0.0,0.0,0.0,5.0,8171,365,833
683,73,2,20260829,11,12,True,21,1,0,0,0,1,0,0,0,0,4,1.6,1.3,0.0,0.3,5.0,22708,3032,2855
684,74,2,20260829,11,12,True,9,1,0,0,0,1,0,0,0,0,3,0.0,1.6,0.0,0.1,5.0,5133,602,695
685,75,2,20260829,11,12,True,3,1,0,0,0,1,0,0,0,0,5,2.8,0.3,0.0,0.3,5.0,1962,560,196
686,76,2,20260829,11,12,True,0,0,0,0,0,0,0,0,0,0,0,0.0,0.0,0.0,0.0,5.0,1576,100,146
687,77,2,20260829,11,12,True,0,0,0,0,0,0,0,0,0,0,0,0.0,0.0,0.0,0.0,5.0,2226,54,976
688,78,2,20260829,11,12,True,0,0,0,0,0,0,0,0,0,0,0,0.0,0.0,0.0,0.0,7.5,30734,462,13408
689,79,2,20260829,11,12,True,80,5,0,1,1,0,0,0,0,0,11,15.0,22.2,22.0,5.9,6.0,300527,72625,19026
690,80,2,20260829,11,12,True,0,0,0,0,0,0,0,0,0,0,0,0.0,0.0,0.0,0.0,5.5,2487,0,1070
691,81,2,20260829,11,12,True,9,1,0,0,0,1,0,0,0,0,4,0.0,0.0,0.0,0.0,6.0,11569,1000,1182
692,82,2,20260830,16,17,False,90,2,0,0,0,1,0,0,1,0,7,9.4,0.0,0.0,0.9,5.0,649790,74434,19924
693,83,2,20260830,16,17,False,0,0,0,0,0,0,0,0,0,0,0,0.0,0.0,0.0,0.0,4.5,10896,642,890
694,84,2,20260830,16,17,False,90,3,0,0,0,1,1,0,0,0,14,28.0,0.9,34.0,6.3,5.5,207535,25089,9373
695,85,2,20260830,16,17,False,0,0,0,0,0,0,0,0,0,0,0,0.0,0.0,0.0,0.0,5.0,10710,145,4123
696,86,2,20260830,16,17,False,87,6,0,1,0,1,0,0,0,1,29,38.4,31.6,2.0,7.2,5.5,116486,52542,6716
697,87,2,20260830,16,17,False,90,3,0,0,0,1,1,0,0,0,7,37.8,21.0,2.0,6.1,4.5,412431,69978,13902
698,88,2,20260830,16,17,False,87,2,0,0,0,1,0,0,0,0,9,14.4,16.0,8.0,3.8,4.6,778776,310803,21160
699,89,2,20260830,16,17,False,2,1,0,0,0,0,0,0,0,0,3,0.0,0.0,0.0,0.0,4.5,24226,544,2146
700,90,2,20260830,16,17,False,2,1,0,0,0,0,0,0,0,0,6,4.0,4.1,0.0,0.8,4.5,7643,623,540
701,91,2,20260829,14,13,True,12,1,0,0,0,1,0,0,0,0,-1,3.8,0.7,0.0,0.5,4.5,7757,574,971
702,92,2,20260830,16,17,False,0,0,0,0,0,0,0,0,0,0,0,0.0,0.0,0.0,0.0,4.5,1940,112,198
703,93,2,20260830,16,17,False,0,0,0,0,0,0,0,0,0,0,0,0.0,0.0,0.0,0.0,4.5,16511,142,1206
704,94,2,20260830,16,17,False,87,10,1,0,0,1,0,0,0,3,34,45.6,11.1,34.0,9.1,6.0,344201,24998,25789
705,95,2,20260830,16,17,False,29,1,0,0,0,1,0,0,0,0,16,15.4,15.5,2.0,3.3,6.5,110686,7348,10952
706,96,2,20260830,16,17,False,68,3,0,0,1,0,0,0,0,0,20,16.6,32.4,25.0,7.4,5.5,52568,2318,7544
707,97,2,20260830,16,17,False,0,0,0,0,0,0,0,0,0,0,0,0.0,0.0,0.0,0.0,5.5,22961,3858,1337
708,98,2,20260830,16,17,False,90,1,0,0,0,1,1,0,0,0,11,16.4,35.4,4.0,5.6,5.0,49684,33759,4285
709,99,2,20260830,16,17,False,0,0,0,0,0,0,0,0,0,0,0,0.0,0.0,0.0,0.0,5.0,190,28,45
710,100,2,20260830,16,17,False,0,0,0,0,0,0,0,0,0,0,0,0.0,0.0,0.0,0.0,5.0,1624,155,246
711,101,2,20260830,5,16,True,0,0,0,0,0,0,0,0,0,0,0,0.0,0.0,0.0,0.0,5.0,3715,214,691
712,102,2,20260830,16,17,False,21,1,0,0,0,1,0,0,0,0,4,3.0,12.5,4.0,2.0,5.0,112295,745,13179
713,103,2,20260830,16,17,False,0,0,0,0,0,0,0,0,0,0,0,0.0,0.0,0.0,0.0,5.0,2549,164,353
714,104,2,20260829,14,13,True,0,0,0,0,0,0,0,0,0,0,0,0.0,0.0,0.0,0.0,5.0,16442,2456,1600
715,105,2,20260830,16,17,False,60,2,0,0,1,0,1,0,0,0,4,3.2,25.9,15.0,4.4,6.0,16949,1958,2391
716,106,2,20260830,16,17,False,90,2,0,0,0,1,0,0,0,0,2,2.4,6.2,55.0,6.4,8.0,1635017,91772,141167
717,107,2,20260830,16,17,False,0,0,0,0,0,0,0,0,0,0,0,0.0,0.0,0.0,0.0,4.5,89302,8191,8443
718,108,2,20260830,16,17,False,2,1,0,0,0,0,0,0,0,0,3,0.0,0.1,7.0,0.7,5.5,37634,4351,4808
719,109,2,20260830,8,16,False,90,0,0,0,0,4,0,0,1,0,-1,10.2,0.0,0.0,1.0,4.5,2133814,84756,45480
720,110,2,20260829,14,13,True,90,2,0,0,0,1,0,0,1,0,10,10.6,0.0,0.0,1.1,4.5,122624,11931,4672
721,111,2,20260830,8,16,False,0,0,0,0,0,0,0,0,0,0,0,0.0,0.0,0.0,0.0,4.0,398691,10714,14044
722,112,2,20260829,23,15,True,90,1,0,0,0,2,0,0,0,0,9,26.6,13.7,33.0,7.3,5.0,945549,36604,98768
723,113,2,20260830,8,16,False,90,0,0,0,0,4,0,0,0,0,-4,2.8,16.7,8.0,2.8,4.5,221172,2580,51404
724,114,2,20260830,8,16,False,90,-1,0,0,0,4,1,0,0,0,-2,16.8,26.6,11.0,5.4,4.5,26909,4103,1559
725,115,2,20260830,8,16,False,90,0,0,0,0,4,0,0,0,0,-2,8.8,23.7,5.0,3.8,4.6,847829,494998,21158
726,116,2,20260830,8,16,False,90,-1,0,0,0,4,1,0,0,0,-4,14.8,2.0,0.0,1.7,4.5,118436,13343,5310
727,117,2,20260830,8,16,False,0,0,0,0,0,0,0,0,0,0,0,0.0,0.0,0.0,0.0,4.5,1892,191,224
728,118,2,20260830,8,16,False,0,0,0,0,0,0,0,0,0,0,0,0.0,0.0,0.0,0.0,4.5,8240,471,875
729,119,2,20260830,8,16,False,10,0,0,0,0,0,1,0,0,0,-1,0.0,0.3,0.0,0.0,4.5,3512,285,226
730,120,2,20260830,8,16,False,0,0,0,0,0,0,0,0,0,0,0,0.0,0.0,0.0,0.0,5.0,5185,768,684
731,121,2,20260830,8,16,False,0,0,0,0,0,0,0,0,0,0,0,0.0,0.0,0.0,0.0,6.0,4114,159,1237
732,122,2,20260830,8,16,False,0,0,0,0,0,0,0,0,0,0,0,0.0,0.0,0.0,0.0,6.0,6199,140,3521
733,123,2,20260830,8,16,False,0,0,0,0,0,0,0,0,0,0,0,0.0,0.0,0.0,0.0,6.0,230171,139828,38085
734,124,2,20260830,8,16,False,90,13,1,1,0,4,0,0,0,3,46,47.8,33.2,23.0,10.4,5.5,1268429,24179,105873
735,125,2,20260830,8,16,False,0,0,0,0,0,0,0,0,0,0,0,0.0,0.0,0.0,0.0,5.5,98683,23887,15007
736,126,2,20260830,8,16,False,0,0,0,0,0,0,0,0,0,0,0,0.0,0.0,0.0,0.0,5.5,10143,656,1352
737,127,2,20260830,8,16,False,90,5,0,1,0,4,0,0,0,0,15,4.6,20.3,42.0,6.7,5.0,380491,23952,16872
738,128,2,20260830,8,16,False,0,0,0,0,0,0,0,0,0,0,0,0.0,0.0,0.0,0.0,5.0,346,0,173
739,129,2,20260830,8,16,False,0,0,0,0,0,0,0,0,0,0,0,0.0,0.0,0.0,0.0,5.5,62632,3334,7611
740,130,2,20260830,8,16,False,79,0,0,0,0,4,0,0,0,0,6,20.4,9.2,4.0,3.4,5.0,43921,13428,3057
741,131,2,20260830,15,18,True,0,0,0,0,0,0,0,0,0,0,0,0.0,0.0,0.0,0.0,5.0,17743,2324,4421
742,132,2,20260830,8,16,False,0,0,0,0,0,0,0,0,0,0,0,0.0,0.0,0.0,0.0,4.5,5161,0,1532
743,133,2,20260830,8,16,False,0,0,0,0,0,0,0,0,0,0,0,0.0,0.0,0.0,0.0,5.0,182,0,56
744,134,2,20260830,8,16,False,0,0,0,0,0,0,0,0,0,0,0,0.0,0.0,0.0,0.0,4.5,27277,1708,2780
745,135,2,20260830,8,16,False,0,0,0,0,0,0,0,0,0,0,0,0.0,0.0,0.0,0.0,5.0,6909,373,879
746,136,2,20260830,5,16,True,0,0,0,0,0,0,0,0,0,0,0,0.0,0.0,0.0,0.0,6.0,96753,3136,22425
747,137,2,20260830,8,16,False,0,0,0,0,0,0,0,0,0,0,0,0.0,0.0,0.0,0.0,5.5,839,84,252
748,138,2,20260830,8,16,False,79,5,0,1,0,4,0,0,0,0,17,5.0,15.1,17.0,3.7,5.5,22097,1384,2151
749,139,2,20260830,8,16,False,0,0,0,0,0,0,0,0,0,0,0,0.0,0.0,0.0,0.0,5.0,3163,318,623
750,140,2,20260830,5,16,True,0,0,0,0,0,0,0,0,0,0,0,0.0,0.0,0.0,0.0,5.0,217448,8924,27191
751,141,2,20260830,5,16,True,0,0,0,0,0,0,0,0,0,0,0,0.0,0.0,0.0,0.0,5.0,1280,0,501
752,142,2,20260830,5,16,True,22,1,0,0,0,1,0,0,0,0,-1,0.4,0.4,2.0,0.3,5.5,987947,62525,81318
753,143,2,20260830,5,16,True,0,0,0,0,0,0,0,0,0,0,0,0.0,0.0,0.0,0.0,5.5,12877,0,8058
754,144,2,20260830,5,16,True,90,1,0,0,0,3,0,0,0,0,-1,7.8,0.7,0.0,0.9,5.0,122291,13325,10947
755,145,2,20260830,5,16,True,67,0,0,0,0,2,1,0,0,0,-2,19.4,0.9,0.0,2.0,5.0,3489,813,261
756,146,2,20260830,5,16,True,0,0,0,0,0,0,0,0,0,0,0,0.0,0.0,0.0,0.0,4.5,2126,232,800
757,147,2,20260830,5,16,True,0,0,0,0,0,0,0,0,0,0,0,0.0,0.0,0.0,0.0,4.5,19280,263,2120
758,148,2,20260830,5,16,True,90,4,0,1,0,3,0,0,0,0,12,30.0,20.7,0.0,5.1,4.5,47286,4358,4484
759,149,2,20260830,5,16,True,71,1,0,0,0,2,0,0,0,0,2,13.2,0.4,0.0,1.4,5.0,150119,10571,17779
760,150,2,20260830,5,16,True,0,0,0,0,0,0,0,0,0,0,0,0.0,0.0,0.0,0.0,4.5,7741,405,949
761,151,2,20260830,5,16,True,22,1,0,0,0,1,0,0,0,0,-1,6.2,0.1,0.0,0.6,4.5,37116,8065,3134
762,152,2,20260830,5,16,True,0,0,0,0,0,0,0,0,0,0,0,0.0,0.0,0.0,0.0,5.5,209865,4960,69937
763,153,2,20260828,20,11,True,16,1,0,0,0,1,0,0,0,0,-2,1.2,0.0,0.0,0.1,4.5,6037,525,848
764,154,2,20260830,5,16,True,90,7,1,0,0,3,0,0,0,0,28,40.8,25.3,26.0,9.2,9.5,1644351,376872,31960
765,155,2,20260830,5,16,True,0,0,0,0,0,0,0,0,0,0,0,0.0,0.0,0.0,0.0,7.0,430662,14954,89165
766,156,2,20260830,5,16,True,67,7,1,0,0,2,0,0,0,0,32,45.2,25.6,38.0,10.9,6.5,117566,5635,23362
767,157,2,20260830,5,16,True,0,0,0,0,0,0,0,0,0,0,0,0.0,0.0,0.0,0.0,6.5,111448,5564,23784
768,158,2,20260830,5,16,True,0,0,0,0,0,0,0,0,0,0,0,0.0,0.0,0.0,0.0,6.0,3391,271,773
769,159,2,20260830,5,16,True,13,1,0,0,0,0,0,0,0,0,3,0.0,0.1,0.0,0.0,5.5,282404,9481,98323
770,160,2,20260831,2,20,True,12,1,0,0,0,0,0,0,0,0,3,0.2,2.0,0.0,0.2,6.0,53506,2021,10575
771,161,2,20260830,5,16,True,67,7,1,0,0,2,0,0,0,0,32,39.0,0.8,33.0,7.3,5.0,6337,1173,919
772,162,2,20260830,15,18,True,10,1,0,0,0,1,0,0,0,0,2,6.2,0.7,0.0,0.7,5.0,96490,7456,15149
773,163,2,20260830,5,16,True,0,0,0,0,0,0,0,0,0,0,0,0.0,0.0,0.0,0.0,4.5,18847,1252,2887
774,164,2,20260830,5,16,True,0,0,0,0,0,0,0,0,0,0,0,0.0,0.0,0.0,0.0,5.5,4061,231,820
775,165,2,20260830,5,16,True,90,9,1,1,0,3,0,0,0,2,44,52.8,22.5,46.0,12.1,7.6,6802308,405188,28165
776,166,2,20260831,2,20,True,70,2,0,0,0,1,0,0,0,0,11,4.2,5.9,2.0,1.2,6.5,63340,26989,5175
777,167,2,20260829,18,14,False,24,1,0,0,0,1,0,0,0,0,9,4.0,10.1,7.0,2.1,5.5,48067,7740,7565
778,168,2,20260830,5,16,True,0,0,0,0,0,0,0,0,0,0,0,0.0,0.0,0.0,0.0,5.0,43955,2178,6146
779,169,2,20260830,5,16,True,0,0,0,0,0,0,0,0,0,0,0,0.0,0.0,0.0,0.0,4.5,34265,2929,4409
780,170,2,20260830,5,16,True,0,0,0,0,0,0,0,0,0,0,0,0.0,0.0,0.0,0.0,5.0,14647,1450,2334
781,171,2,20260829,14,13,True,0,0,0,0,0,0,0,0,0,0,0,0.0,0.0,0.0,0.0,4.0,152756,2634,6411
782,172,2,20260829,14,13,True,0,0,0,0,0,0,0,0,0,0,0,0.0,0.0,0.0,0.0,4.5,45549,227,3440
783,173,2,20260829,14,13,True,77,8,0,0,1,0,0,0,0,2,28,17.0,0.7,0.0,1.8,4.0,791028,38111,23890
784,174,2,20260829,14,13,True,0,0,0,0,0,0,0,0,0,0,0,0.0,0.0,0.0,0.0,4.0,64130,520,4786
785,175,2,20260829,14,13,True,90,2,0,0,0,1,0,0,0,0,15,15.4,33.9,6.0,5.5,4.0,1295672,34451,49858
786,176,2,20260829,14,13,True,90,2,0,0,0,1,0,0,0,0,15,15.2,7.3,17.0,4.0,4.0,82832,3224,4054
787,177,2,20260829,14,13,True,0,0,0,0,0,0,0,0,0,0,0,0.0,0.0,0.0,0.0,4.0,5764,168,750
788,178,2,20260829,14,13,True,0,0,0,0,0,0,0,0,0,0,0,0.0,0.0,0.0,0.0,4.0,8500,506,744
789,179,2,20260829,14,13,True,0,0,0,0,0,0,0,0,0,0,0,0.0,0.0,0.0,0.0,4.0,3984,160,420
790,180,2,20260829,14,13,True,0,0,0,0,0,0,0,0,0,0,0,0.0,0.0,0.0,0.0,4.0,16943,946,2228
791,181,2,20260829,14,13,True,0,0,0,0,0,0,0,0,0,0,0,0.0,0.0,0.0,0.0,4.0,4079,256,338
792,182,2,20260829,14,13,True,90,1,0,0,0,1,1,0,0,0,4,11.4,2.1,5.0,1.9,4.0,84795,3328,4511
793,183,2,20260829,14,13,True,70,3,0,0,1,0,0,0,0,0,12,6.8,27.7,4.0,3.9,5.0,14191,1250,1299
794,184,2,20260829,14,13,True,90,2,0,0,0,1,0,0,0,0,14,14.2,20.9,2.0,3.7,5.0,20154,2290,1616
795,185,2,20260829,14,13,True,31,1,0,0,0,1,0,0,0,0,8,6.2,5.9,7.0,1.9,5.0,9710,137,1455
796,186,2,20260829,14,13,True,57,1,0,0,0,0,0,0,0,0,4,4.2,16.0,0.0,2.0,5.5,12149,489,1578
797,187,2,20260829,14,13,True,0,0,0,0,0,0,0,0,0,0,0,0.0,0.0,0.0,0.0,5.0,1391,69,299
798,188,2,20260829,14,13,True,19,1,0,0,0,1,0,0,0,0,2,0.0,3.6,0.0,0.3,5.5,16221,549,1824
799,189,2,20260829,14,13,True,0,0,0,0,0,0,0,0,0,0,0,0.0,0.0,0.0,0.0,4.5,28459,1013,3171
800,190,2,20260829,14,13,True,58,1,0,0,0,0,0,0,0,0,7,7.0,18.5,5.0,3.1,5.5,16325,2762,1451
801,191,2,20260829,14,13,True,0,0,0,0,0,0,0,0,0,0,0,0.0,0.0,0.0,0.0,4.5,16655,680,1873
802,192,2,20260829,14,13,True,0,0,0,0,0,0,0,0,0,0,0,0.0,0.0,0.0,0.0,4.5,62913,2576,7194
803,193,2,20260829,14,13,True,0,0,0,0,0,0,0,0,0,0,0,0.0,0.0,0.0,0.0,5.5,13634,107,5425
804,194,2,20260829,14,13,True,32,1,0,0,0,1,0,0,0,0,5,1.2,2.0,2.0,0.5,5.0,83366,14594,7888
805,195,2,20260829,14,13,True,0,0,0,0,0,0,0,0,0,0,0,0.0,0.0,0.0,0.0,5.0,100916,19936,9603
806,196,2,20260829,14,13,True,0,0,0,0,0,0,0,0,0,0,0,0.0,0.0,0.0,0.0,5.0,1206,0,590
807,197,2,20260829,14,13,True,0,0,0,0,0,0,0,0,0,0,0,0.0,0.0,0.0,0.0,4.5,3783,0,788
808,198,2,20260828,20,11,True,90,1,0,0,0,4,0,0,4,0,4,30.2,0.0,0.0,3.0,5.0,182716,5904,13774
809,199,2,20260828,20,11,True,0,0,0,0,0,0,0,0,0,0,0,0.0,0.0,0.0,0.0,4.5,11403,468,1376
810,200,2,20260830,5,16,True,90,1,0,0,0,3,0,0,0,0,-3,13.0,0.1,6.0,1.9,6.0,946023,63522,44807
811,201,2,20260828,20,11,True,0,0,0,0,0,0,0,0,0,0,0,0.0,0.0,0.0,0.0,5.5,815530,15645,125426
812,202,2,20260828,20,11,True,90,0,0,0,0,4,0,0,0,0,-4,15.0,0.1,17.0,3.2,5.0,71981,4208,6454
813,203,2,20260828,20,11,True,90,0,0,0,0,4,0,0,0,0,-1,22.8,0.5,0.0,2.3,5.0,29914,821,4021
814,204,2,20260828,20,11,True,90,0,0,0,0,4,0,0,0,0,-8,11.6,21.6,7.0,4.0,4.5,548942,5965,50339
815,205,2,20260828,20,11,True,0,0,0,0,0,0,0,0,0,0,0,0.0,0.0,0.0,0.0,4.5,3040,126,352
816,206,2,20260828,20,11,True,0,0,0,0,0,0,0,0,0,0,0,0.0,0.0,0.0,0.0,4.5,4410,320,2843
817,207,2,20260828,20,11,True,15,1,0,0,0,1,0,0,0,0,1,2.2,0.1,0.0,0.2,4.5,7384,199,1280
818,208,2,20260828,20,11,True,0,0,0,0,0,0,0,0,0,0,0,0.0,0.0,0.0,0.0,6.4,227391,2102,206578
819,209,2,20260829,1,12,False,28,1,0,0,0,0,0,0,0,0,1,1.2,0.0,0.0,0.1,6.0,15402,732,2580
820,210,2,20260828,20,11,True,90,2,0,0,0,4,0,0,0,0,21,16.2,24.7,0.0,4.1,5.5,88998,6710,7800
821,211,2,20260828,20,11,True,67,5,0,1,0,3,0,0,0,0,27,10.8,34.2,9.0,5.4,5.5,18326,314,2458
822,212,2,20260828,20,11,True,0,0,0,0,0,0,0,0,0,0,0,0.0,0.0,0.0,0.0,4.5,1064673,20182,90180
823,213,2,20260828,20,11,True,0,0,0,0,0,0,0,0,0,0,0,0.0,0.0,0.0,0.0,5.0,10302,204,1450
824,214,2,20260828,20,11,True,90,2,0,0,0,4,0,0,0,0,21,17.6,2.8,7.0,2.7,5.0,27191,1944,3094
825,215,2,20260828,20,11,True,0,0,0,0,0,0,0,0,0,0,0,0.0,0.0,0.0,0.0,5.0,1141,69,176
826,216,2,20260828,20,11,True,0,0,0,0,0,0,0,0,0,0,0,0.0,0.0,0.0,0.0,5.0,3956,211,590
827,217,2,20260828,20,11,True,0,0,0,0,0,0,0,0,0,0,0,0.0,0.0,0.0,0.0,5.0,2546,17,714
828,218,2,20260828,20,11,True,0,0,0,0,0,0,0,0,0,0,0,0.0,0.0,0.0,0.0,5.0,6115,248,1059
829,219,2,20260828,20,11,True,0,0,0,0,0,0,0,0,0,0,0,0.0,0.0,0.0,0.0,5.0,578,39,90
830,220,2,20260828,20,11,True,0,0,0,0,0,0,0,0,0,0,0,0.0,0.0,0.0,0.0,4.5,187,0,65
831,221,2,20260828,20,11,True,0,0,0,0,0,0,0,0,0,0,0,0.0,0.0,0.0,0.0,4.5,8204,399,988
832,222,2,20260828,20,11,True,62,2,0,0,0,3,0,0,0,0,13,5.2,0.3,4.0,1.0,6.0,50504,1510,7771
833,223,2,20260828,20,11,True,0,0,0,0,0,0,0,0,0,0,0,0.0,0.0,0.0,0.0,6.5,510630,23951,72433
834,224,2,20260828,20,11,True,67,2,0,0,0,3,0,0,0,0,8,2.6,10.6,8.0,2.1,5.5,47953,3263,5780
835,225,2,20260828,20,11,True,0,0,0,0,0,0,0,0,0,0,0,0.0,0.0,0.0,0.0,5.0,0,0,0
836,226,2,20260829,1,12,False,90,3,0,0,0,1,0,0,4,0,22,31.6,0.0,0.0,3.2,5.5,878157,63539,28190
837,227,2,20260829,1,12,False,0,0,0,0,0,0,0,0,0,0,0,0.0,0.0,0.0,0.0,5.0,3593,290,403
838,228,2,20260829,1,12,False,0,0,0,0,0,0,0,0,0,0,0,0.0,0.0,0.0,0.0,4.5,4235,243,379
839,229,2,20260829,1,12,False,90,12,1,0,0,1,0,0,0,2,27,54.8,11.3,19.0,8.5,6.0,861719,42736,37066
840,230,2,20260829,1,12,False,90,4,0,0,0,1,0,0,0,0,6,22.6,1.5,33.0,5.7,5.5,183710,19103,8918
841,231,2,20260829,1,12,False,0,0,0,0,0,0,0,0,0,0,0,0.0,0.0,0.0,0.0,5.0,136213,3260,24885
842,232,2,20260829,1,12,False,0,0,0,0,0,0,0,0,0,0,0,0.0,0.0,0.0,0.0,5.0,42208,1403,7729
843,233,2,20260829,1,12,False,90,4,0,0,0,1,0,0,0,0,7,36.8,1.0,0.0,3.8,4.5,164056,21784,9070
844,234,2,20260829,1,12,False,0,0,0,0,0,0,0,0,0,0,0,0.0,0.0,0.0,0.0,4.5,3302,207,369
845,235,2,20260829,1,12,False,0,0,0,0,0,0,0,0,0,0,0,0.0,0.0,0.0,0.0,4.0,18113,1009,1688
846,236,2,20260829,1,12,False,90,2,0,0,0,1,0,0,0,0,24,19.4,52.3,9.0,8.1,6.5,473030,132647,26951
847,237,2,20260829,1,12,False,90,4,0,0,0,1,0,0,0,0,16,12.6,14.5,10.0,3.7,6.0,1595715,122688,60020
848,238,2,20260828,10,11,False,0,0,0,0,0,0,0,0,0,0,0,0.0,0.0,0.0,0.0,6.5,21085,1202,2403
849,239,2,20260829,1,12,False,61,1,0,0,0,1,1,0,0,0,9,3.4,1.1,0.0,0.5,6.0,13621,1533,1649
850,240,2,20260829,1,12,False,4,1,0,0,0,0,0,0,0,0,2,0.0,0.0,0.0,0.0,5.0,1093,21,348
851,241,2,20260828,20,11,True,22,1,0,0,0,1,0,0,0,0,2,0.4,0.3,0.0,0.1,5.5,16698,472,1828
852,242,2,20260829,1,12,False,61,2,0,0,0,1,0,0,0,0,12,6.0,12.2,16.0,3.4,5.5,28043,2273,2482
853,243,2,20260829,1,12,False,4,0,0,0,0,0,1,0,0,0,-2,0.0,0.5,8.0,0.5,5.0,9333,753,1138
854,244,2,20260829,1,12,False,86,2,0,0,0,1,0,0,0,0,12,11.2,12.3,0.0,2.4,5.0,24656,12786,2467
855,245,2,20260829,1,12,False,0,0,0,0,0,0,0,0,0,0,0,0.0,0.0,0.0,0.0,5.5,3529,201,751
856,246,2,20260829,1,12,False,85,2,0,0,0,1,0,0,0,0,13,8.4,2.3,0.0,1.1,5.0,5759,518,636
857,247,2,20260829,1,12,False,28,1,0,0,0,0,0,0,0,0,3,7.8,1.4,2.0,1.1,5.5,24628,844,3202
858,248,2,20260829,1,12,False,20,1,0,0,0,0,0,0,0,0,2,3.0,0.3,3.0,0.6,5.5,227543,7709,42811
859,249,2,20260829,1,12,False,69,2,0,0,0,1,0,0,0,0,6,10.0,11.7,58.0,8.0,5.5,352239,150265,22428
860,250,2,20260830,29,19,False,90,3,0,0,0,1,0,0,3,0,11,19.2,0.0,0.0,1.9,4.5,300981,12174,11529
861,251,2,20260830,29,19,False,0,0,0,0,0,0,0,0,0,0,0,0.0,0.0,0.0,0.0,4.0,117798,1492,4128
862,252,2,20260830,29,19,False,0,0,0,0,0,0,0,0,0,0,0,0.0,0.0,0.0,0.0,4.0,15794,805,620
863,253,2,20260830,29,19,False,90,1,0,0,0,1,1,0,0,0,4,17.8,12.9,2.0,3.3,5.0,7735,2314,630
864,254,2,20260830,29,19,False,90,2,0,0,0,1,0,0,0,0,10,9.8,4.6,0.0,1.4,4.5,165662,11181,9429
865,255,2,20260830,29,19,False,0,0,0,0,0,0,0,0,0,0,0,0.0,0.0,0.0,0.0,4.5,3423,781,259
866,256,2,20260830,29,19,False,0,0,0,0,0,0,0,0,0,0,0,0.0,0.0,0.0,0.0,4.5,25956,338,2061
867,257,2,20260830,29,19,False,90,2,0,0,0,1,0,0,0,0,13,19.4,2.6,0.0,2.2,4.5,75885,6863,6042
868,258,2,20260830,29,19,False,67,6,0,0,1,0,0,0,0,0,18,0.0,0.7,0.0,0.0,4.5,45933,12096,2615
869,259,2,20260830,21,18,False,90,2,0,0,0,5,0,0,0,0,7,40.8,0.3,0.0,4.1,4.0,1683238,26513,70924
870,260,2,20260830,4,17,True,45,1,0,0,0,0,0,0,0,0,7,8.4,12.1,6.0,2.7,6.5,557212,14929,57768
871,261,2,20260830,29,19,False,90,2,0,0,0,1,0,0,0,0,20,12.0,35.5,2.0,5.0,5.5,95898,6095,9396
872,262,2,20260830,29,19,False,14,1,0,0,0,0,0,0,0,0,5,5.2,22.8,7.0,3.5,5.5,36765,1414,4748
873,263,2,20260830,29,19,False,7,1,0,0,0,0,0,0,0,0,2,0.0,1.5,0.0,0.1,5.5,5495,419,862
874,264,2,20260830,29,19,False,67,3,0,0,1,0,0,0,0,0,8,7.0,12.4,6.0,2.5,5.5,33606,4520,2997
875,265,2,20260830,29,19,False,82,2,0,0,0,1,0,0,0,0,14,6.0,27.9,2.0,3.6,5.0,38868,1465,3333
876,266,2,20260830,29,19,False,0,0,0,0,0,0,0,0,0,0,0,0.0,0.0,0.0,0.0,5.0,379,12,115
877,267,2,20260830,21,18,False,72,1,0,0,0,4,1,0,0,0,11,17.4,11.9,2.0,3.1,5.0,12592,1178,1345
878,268,2,20260830,29,19,False,90,2,0,0,0,1,0,0,0,0,8,10.6,4.5,21.0,3.6,5.5,59498,34683,4164
879,269,2,20260830,29,19,False,22,1,0,0,0,1,0,0,0,0,3,8.6,11.0,8.0,2.8,4.5,41879,959,3014
880,270,2,20260830,29,19,False,0,0,0,0,0,0,0,0,0,0,0,0.0,0.0,0.0,0.0,4.5,141446,5582,14503
881,271,2,20260830,29,19,False,0,0,0,0,0,0,0,0,0,0,0,0.0,0.0,0.0,0.0,5.5,54718,2812,6890
882,272,2,20260830,29,19,False,0,0,0,0,0,0,0,0,0,0,0,0.0,0.0,0.0,0.0,4.5,685336,23688,44277
883,273,2,20260829,9,13,False,0,0,0,0,0,0,0,0,0,0,0,0.0,0.0,0.0,0.0,4.0,150763,3115,7094
884,274,2,20260829,9,13,False,0,0,0,0,0,0,0,0,0,0,0,0.0,0.0,0.0,0.0,4.5,9646,124,1738
885,275,2,20260829,9,13,False,0,0,0,0,0,0,0,0,0,0,0,0.0,0.0,0.0,0.0,4.0,909,0,111
886,276,2,20260829,9,13,False,0,0,0,0,0,0,0,0,0,0,0,0.0,0.0,0.0,0.0,4.0,3116,0,383
887,277,2,20260829,9,13,False,90,9,0,0,1,0,0,0,0,1,25,23.8,0.4,0.0,2.4,4.0,197783,42937,11207
888,278,2,20260829,9,13,False,0,0,0,0,0,0,0,0,0,0,0,0.0,0.0,0.0,0.0,4.0,10606,99,2320
889,279,2,20260829,9,13,False,90,6,0,0,1,0,0,0,0,0,24,15.6,0.8,0.0,1.6,4.0,200860,79406,15593
890,280,2,20260829,9,13,False,45,0,0,0,0,0,1,0,0,0,2,4.6,0.3,0.0,0.5,4.0,62770,2623,5081
891,281,2,20260829,9,13,False,45,1,0,0,0,0,0,0,0,0,4,4.2,0.4,0.0,0.5,4.0,7175,1108,413
892,282,2,20260829,9,13,False,90,6,0,0,1,0,0,0,0,0,21,9.6,15.0,2.0,2.7,4.0,90479,12892,4191
893,283,2,20260829,9,13,False,0,0,0,0,0,0,0,0,0,0,0,0.0,0.0,0.0,0.0,4.0,1177,57,228
894,284,2,20260829,9,13,False,0,0,0,0,0,0,0,0,0,0,0,0.0,0.0,0.0,0.0,4.0,8232,675,959
895,285,2,20260829,9,13,False,0,0,0,0,0,0,0,0,0,0,0,0.0,0.0,0.0,0.0,4.0,13083,646,690
896,286,2,20260829,9,13,False,82,6,0,1,1,0,0,0,0,0,23,23.2,12.1,11.0,4.6,5.0,63814,13890,4031
897,287,2,20260829,9,13,False,31,6,1,0,0,0,0,0,0,0,24,34.0,0.8,13.0,4.8,5.0,6233,305,987
898,288,2,20260829,9,13,False,0,0,0,0,0,0,0,0,0,0,0,0.0,0.0,0.0,0.0,4.5,35966,1716,4258
899,289,2,20260829,9,13,False,0,0,0,0,0,0,0,0,0,0,0,0.0,0.0,0.0,0.0,4.5,71261,10141,5690
900,290,2,20260829,9,13,False,90,2,0,0,1,0,1,0,0,0,6,9.8,2.8,2.0,1.5,4.5,391444,92371,22374
901,291,2,20260829,9,13,False,0,0,0,0,0,0,0,0,0,0,0,0.0,0.0,0.0,0.0,4.5,625,64,96
902,292,2,20260829,9,13,False,0,0,0,0,0,0,0,0,0,0,0,0.0,0.0,0.0,0.0,5.0,1668,209,387
903,293,2,20260829,9,13,False,0,0,0,0,0,0,0,0,0,0,0,0.0,0.0,0.0,0.0,5.0,353,0,197
904,294,2,20260829,9,13,False,0,0,0,0,0,0,0,0,0,0,0,0.0,0.0,0.0,0.0,4.5,10090,491,2149
905,295,2,20260829,9,13,False,90,1,0,0,1,0,1,0,0,0,7,0.8,13.3,8.0,2.2,5.5,219548,82641,15941
906,296,2,20260829,9,13,False,0,0,0,0,0,0,0,0,0,0,0,0.0,0.0,0.0,0.0,5.0,4113,914,940
907,297,2,20260829,9,13,False,0,0,0,0,0,0,0,0,0,0,0,0.0,0.0,0.0,0.0,4.5,2377,64,526
908,298,2,20260829,9,13,False,0,0,0,0,0,0,0,0,0,0,0,0.0,0.0,0.0,0.0,4.5,31698,0,8866
909,299,2,20260829,9,13,False,0,0,0,0,0,0,0,0,0,0,0,0.0,0.0,0.0,0.0,4.5,5122,0,1210
910,300,2,20260830,21,18,False,0,0,0,0,0,0,0,0,0,0,0,0.0,0.0,0.0,0.0,4.5,48759,209,4572
911,301,2,20260830,21,18,False,0,0,0,0,0,0,0,0,0,0,0,0.0,0.0,0.0,0.0,4.0,442454,7686,17348
912,302,2,20260830,21,18,False,0,0,0,0,0,0,0,0,0,0,0,0.0,0.0,0.0,0.0,4.0,44640,1959,1819
913,303,2,20260830,21,18,False,0,0,0,0,0,0,0,0,0,0,0,0.0,0.0,0.0,0.0,4.0,60443,332,4947
914,304,2,20260830,21,18,False,90,0,0,0,0,5,0,0,0,0,-14,0.0,0.8,9.0,0.9,4.0,338381,15639,13984
915,305,2,20260830,21,18,False,90,6,1,0,0,5,0,0,0,0,1,47.0,14.7,50.0,11.2,4.0,482824,7322,21290
916,306,2,20260830,21,18,False,90,-1,0,0,0,5,1,0,0,0,-13,18.4,1.3,0.0,2.0,4.0,141835,1636,6111
917,307,2,20260830,21,18,False,0,0,0,0,0,0,0,0,0,0,0,0.0,0.0,0.0,0.0,4.0,10501,427,1022
918,308,2,20260830,21,18,False,17,1,0,0,0,1,0,0,0,0,-1,5.0,0.5,0.0,0.6,4.0,59266,269,4416
919,309,2,20260830,21,18,False,61,2,0,0,0,3,0,0,0,0,6,11.6,12.1,2.0,2.6,5.0,14039,1197,1393
920,310,2,20260830,21,18,False,0,0,0,0,0,0,0,0,0,0,0,0.0,0.0,0.0,0.0,5.0,328,8,112
921,311,2,20260830,21,18,False,0,0,0,0,0,0,0,0,0,0,0,0.0,0.0,0.0,0.0,5.0,366,0,191
922,312,2,20260830,21,18,False,0,0,0,0,0,0,0,0,0,0,0,0.0,0.0,0.0,0.0,4.5,3887,111,883
923,313,2,20260830,21,18,False,0,0,0,0,0,0,0,0,0,0,0,0.0,0.0,0.0,0.0,5.5,29170,3202,2443
924,314,2,20260830,21,18,False,0,0,0,0,0,0,0,0,0,0,0,0.0,0.0,0.0,0.0,5.0,1468,37,243
925,315,2,20260830,21,18,False,82,4,0,1,0,5,1,0,0,0,25,26.6,42.3,2.0,7.1,5.5,21573,570,2768
926,316,2,20260830,21,18,False,45,1,0,0,0,1,0,0,0,0,7,1.0,11.1,2.0,1.4,5.5,182058,76807,16810
927,317,2,20260830,21,18,False,0,0,0,0,0,0,0,0,0,0,0,0.0,0.0,0.0,0.0,5.0,16241,0,8695
928,318,2,20260830,21,18,False,0,0,0,0,0,0,0,0,0,0,0,0.0,0.0,0.0,0.0,5.5,12592,106,3928
929,319,2,20260830,21,18,False,0,0,0,0,0,0,0,0,0,0,0,0.0,0.0,0.0,0.0,5.0,615,0,409
930,320,2,20260830,21,18,False,45,5,1,0,0,4,0,0,0,0,30,33.2,1.7,17.0,5.2,5.0,52422,4625,6250
931,321,2,20260830,21,18,False,0,0,0,0,0,0,0,0,0,0,0,0.0,0.0,0.0,0.0,4.5,247770,40712,23441
932,322,2,20260830,21,18,False,0,0,0,0,0,0,0,0,0,0,0,0.0,0.0,0.0,0.0,5.0,12213,755,3002
933,323,2,20260830,21,18,False,7,1,0,0,0,0,0,0,0,0,3,0.2,0.0,0.0,0.0,4.5,133761,5615,11565
934,324,2,20260830,21,18,False,0,0,0,0,0,0,0,0,0,0,0,0.0,0.0,0.0,0.0,5.0,4692,47,686
935,325,2,20260830,15,18,True,0,0,0,0,0,0,0,0,0,0,0,0.0,0.0,0.0,0.0,4.5,3863,242,257
936,326,2,20260830,4,17,True,0,0,0,0,0,0,0,0,0,0,0,0.0,0.0,0.0,0.0,4.5,54468,328,5359
937,327,2,20260830,4,17,True,45,1,0,0,0,1,0,0,0,0,0,8.4,0.2,0.0,0.9,5.0,96315,45219,8184
938,328,2,20260830,8,16,False,0,0,0,0,0,0,0,0,0,0,0,0.0,0.0,0.0,0.0,5.0,22519,1416,2554
939,329,2,20260830,4,17,True,33,1,0,0,0,0,0,0,0,0,4,8.6,0.3,2.0,1.1,4.5,358288,21600,12574
940,330,2,20260830,4,17,True,67,2,0,0,0,1,0,0,0,0,9,18.6,11.3,4.0,3.4,4.5,54809,5925,3124
941,331,2,20260830,4,17,True,0,0,0,0,0,0,0,0,0,0,0,0.0,0.0,0.0,0.0,4.5,4329,66,992
942,332,2,20260830,4,17,True,90,2,0,0,0,1,0,0,0,0,12,24.6,11.8,9.0,4.5,4.5,121554,43534,9391
943,333,2,20260830,4,17,True,0,0,0,0,0,0,0,0,0,0,0,0.0,0.0,0.0,0.0,4.5,335,0,170
944,334,2,20260830,4,17,True,90,4,0,0,0,1,0,0,0,0,17,51.6,0.8,2.0,5.4,5.0,336009,21539,11842
945,335,2,20260830,4,17,True,90,4,0,0,0,1,0,0,0,0,13,24.6,17.0,4.0,4.6,6.0,255319,81344,13679
946,336,2,20260830,4,17,True,68,2,0,0,0,1,0,0,0,0,11,6.4,7.5,10.0,2.4,6.0,40559,1355,9168
947,337,2,20260830,4,17,True,45,1,0,0,0,1,0,0,0,0,6,2.2,0.6,0.0,0.3,5.5,85405,2593,8433
948,338,2,20260830,4,17,True,90,2,0,0,0,1,0,0,0,0,12,19.6,16.6,1.0,3.7,5.5,133624,4591,9441
949,339,2,20260830,4,17,True,0,0,0,0,0,0,0,0,0,0,0,0.0,0.0,0.0,0.0,5.0,12723,575,1631
950,340,2,20260829,9,13,False,0,0,0,0,0,0,0,0,0,0,0,0.0,0.0,0.0,0.0,5.0,1160,45,288
951,341,2,20260830,4,17,True,0,0,0,0,0,0,0,0,0,0,0,0.0,0.0,0.0,0.0,5.0,1522,18,696
952,342,2,20260830,4,17,True,0,0,0,0,0,0,0,0,0,0,0,0.0,0.0,0.0,0.0,5.0,98,0,36
953,343,2,20260830,4,17,True,22,1,0,0,0,0,0,0,0,0,2,0.0,1.1,12.0,1.1,5.0,11703,863,1736
954,344,2,20260830,4,17,True,0,0,0,0,0,0,0,0,0,0,0,0.0,0.0,0.0,0.0,5.0,362,9,129
955,345,2,20260830,4,17,True,45,1,0,0,0,0,0,0,0,0,6,20.0,1.8,0.0,2.2,5.0,21386,899,4233
956,346,2,20260830,4,17,True,90,8,1,0,0,1,0,0,0,2,31,38.4,4.0,35.0,7.7,6.0,2823193,84314,188936
957,347,2,20260830,4,17,True,21,4,0,1,0,0,0,0,0,0,18,18.2,20.3,6.0,4.5,5.5,51231,1917,9544
958,348,2,20260830,4,17,True,0,0,0,0,0,0,0,0,0,0,0,0.0,0.0,0.0,0.0,5.0,11733,0,5351
959,349,2,20260830,4,17,True,0,0,0,0,0,0,0,0,0,0,0,0.0,0.0,0.0,0.0,4.5,5489,325,1051
960,350,2,20260829,25,14,True,90,0,0,0,0,2,1,0,1,0,-5,7.6,0.0,0.0,0.8,5.5,377543,25307,21223
961,351,2,20260829,25,14,True,0,0,0,0,0,0,0,0,0,0,0,0.0,0.0,0.0,0.0,5.0,15032,658,2038
962,352,2,20260829,25,14,True,0,0,0,0,0,0,0,0,0,0,0,0.0,0.0,0.0,0.0,4.0,107195,3263,5523
963,353,2,20260829,25,14,True,0,0,0,0,0,0,0,0,0,0,0,0.0,0.0,0.0,0.0,4.0,2467,0,448
964,354,2,20260829,25,14,True,0,0,0,0,0,0,0,0,0,0,0,0.0,0.0,0.0,0.0,4.0,1453,163,179
965,355,2,20260829,25,14,True,0,0,0,0,0,0,0,0,0,0,0,0.0,0.0,0.0,0.0,4.0,13945,644,713
966,356,2,20260829,25,14,True,90,1,0,0,0,2,0,0,0,0,5,24.6,4.3,2.0,3.1,6.5,1939518,74614,79120
967,357,2,20260829,25,14,True,70,1,0,0,0,2,0,0,0,0,9,12.8,13.8,4.0,3.1,5.5,339802,24520,33569
968,358,2,20260829,25,14,True,70,1,0,0,0,2,0,0,0,0,9,24.0,12.8,0.0,3.7,5.5,347978,15645,34387
969,359,2,20260829,25,14,True,0,0,0,0,0,0,0,0,0,0,0,0.0,0.0,0.0,0.0,5.0,1606,79,409
970,360,2,20260829,25,14,True,0,0,0,0,0,0,0,0,0,0,0,0.0,0.0,0.0,0.0,5.0,1023,79,219
971,361,2,20260829,25,14,True,0,0,0,0,0,0,0,0,0,0,0,0.0,0.0,0.0,0.0,4.0,11947,608,1137
972,362,2,20260829,25,14,True,76,3,0,0,0,2,0,0,0,0,13,30.8,15.1,2.0,4.8,5.0,235410,22712,18156
973,363,2,20260829,25,14,True,0,0,0,0,0,0,0,0,0,0,0,0.0,0.0,0.0,0.0,4.0,4039,182,519
974,364,2,20260829,25,14,True,19,1,0,0,0,0,0,0,0,0,4,3.6,1.3,9.0,1.4,5.0,7352,339,982
975,365,2,20260829,25,14,True,0,0,0,0,0,0,0,0,0,0,0,0.0,0.0,0.0,0.0,4.0,18344,638,3752
976,366,2,20260829,25,14,True,90,4,0,1,0,2,1,0,0,0,23,27.8,24.3,22.0,7.4,7.5,1118328,24923,123262
977,367,2,20260829,25,14,True,70,5,0,1,0,2,0,0,0,0,21,23.2,27.8,6.0,5.7,7.0,653797,205704,27751
978,368,2,20260829,25,14,True,90,4,0,0,0,2,0,0,0,0,24,21.4,40.7,4.0,6.6,7.0,4309636,245003,67405
979,369,2,20260829,25,14,True,19,1,0,0,0,0,0,0,0,0,5,2.0,1.3,2.0,0.5,6.0,106917,5547,14877
980,370,2,20260829,25,14,True,0,0,0,0,0,0,0,0,0,0,0,0.0,0.0,0.0,0.0,5.5,10863,585,3550
981,371,2,20260829,25,14,True,19,1,0,0,0,0,0,0,0,0,7,4.4,12.1,0.0,1.7,6.0,196536,15005,15183
982,372,2,20260829,25,14,True,76,2,0,0,0,2,0,0,0,0,10,12.6,7.7,0.0,2.0,5.5,156781,6567,21508
983,373,2,20260829,25,14,True,0,0,0,0,0,0,0,0,0,0,0,0.0,0.0,0.0,0.0,5.5,3769,33,1128
984,374,2,20260829,25,14,True,0,0,0,0,0,0,0,0,0,0,0,0.0,0.0,0.0,0.0,5.0,6389,485,985
985,375,2,20260829,25,14,True,13,1,0,0,0,0,0,0,0,0,3,6.4,2.2,0.0,0.9,5.0,3607,139,673
986,376,2,20260829,25,14,True,0,0,0,0,0,0,0,0,0,0,0,0.0,0.0,0.0,0.0,5.0,173,8,29
987,377,2,20260829,25,14,True,90,6,1,0,0,2,1,0,0,0,24,42.2,16.8,29.0,8.8,6.5,60184,6486,5913
988,378,2,20260829,25,14,True,0,0,0,0,0,0,0,0,0,0,0,0.0,0.0,0.0,0.0,4.5,25168,883,2900
989,379,2,20260829,25,14,True,90,8,1,0,0,2,0,0,0,2,30,34.0,10.3,48.0,9.2,9.0,1629014,73036,101133
990,380,2,20260829,25,14,True,0,0,0,0,0,0,0,0,0,0,0,0.0,0.0,0.0,0.0,7.5,14299,709,3807
991,381,2,20260829,25,14,True,0,0,0,0,0,0,0,0,0,0,0,0.0,0.0,0.0,0.0,5.0,2137,156,210
992,382,2,20260829,25,14,True,0,0,0,0,0,0,0,0,0,0,0,0.0,0.0,0.0,0.0,4.5,3423,309,562
993,383,2,20260829,25,14,True,0,0,0,0,0,0,0,0,0,0,0,0.0,0.0,0.0,0.0,5.5,7117,380,1216
994,384,2,20260828,10,11,False,90,0,0,0,0,1,0,0,1,0,5,6.8,0.0,0.0,0.7,5.5,828113,34008,44952
995,385,2,20260830,4,17,True,90,3,0,0,0,1,0,0,4,0,20,37.6,0.0,0.0,3.8,5.0,437245,63794,15104
996,386,2,20260828,10,11,False,0,0,0,0,0,0,0,0,0,0,0,0.0,0.0,0.0,0.0,4.5,2853,135,236
997,387,2,20260828,10,11,False,88,2,0,0,0,1,0,0,0,0,11,3.6,7.8,5.0,1.6,6.5,2068744,68784,107330
998,388,2,20260828,10,11,False,90,2,0,0,0,1,0,0,0,0,12,24.2,15.8,0.0,4.0,6.0,1952448,182745,41758
999,389,2,20260828,10,11,False,0,0,0,0,0,0,0,0,0,0,0,0.0,0.0,0.0,0.0,6.0,142089,3031,17493
1000,390,2,20260828,10,11,False,90,2,0,0,0,1,0,0,0,0,19,27.0,22.3,35.0,8.4,5.5,176387,9858,12557
1001,391,2,20260828,10,11,False,74,5,0,1,0,1,0,0,0,0,18,27.6,30.8,2.0,6.0,5.5,1383738,228418,35357
1002,392,2,20260828,10,11,False,0,0,0,0,0,0,0,0,0,0,0,0.0,0.0,0.0,0.0,5.5,77633,2616,16779
1003,393,2,20260828,10,11,False,88,2,0,0,0,1,0,0,0,0,17,21.0,5.3,4.0,3.0,5.5,170855,6086,14537
1004,394,2,20260828,10,11,False,0,0,0,0,0,0,0,0,0,0,0,0.0,0.0,0.0,0.0,5.0,720,0,357
1005,395,2,20260828,10,11,False,0,0,0,0,0,0,0,0,0,0,0,0.0,0.0,0.0,0.0,4.5,25045,3620,2523
1006,396,2,20260828,10,11,False,1,1,0,0,0,0,0,0,0,0,3,1.2,0.9,0.0,0.2,4.5,2034,102,240
1007,397,2,20260828,10,11,False,90,5,0,1,0,1,0,0,0,0,33,29.2,43.0,40.0,11.2,8.5,2377196,49100,173210
1008,398,2,20260828,10,11,False,90,9,0,2,0,1,0,0,0,1,38,42.8,45.8,17.0,10.6,7.0,400716,20147,46521
1009,399,2,20260828,10,11,False,81,14,2,0,0,1,1,0,0,3,60,74.8,47.8,49.0,17.2,7.5,1073154,203318,41402
1010,400,2,20260828,10,11,False,0,0,0,0,0,0,0,0,0,0,0,0.0,0.0,0.0,0.0,7.5,122950,494,70015
1011,401,2,20260829,23,15,True,90,2,0,0,0,2,0,0,0,0,14,9.2,35.1,28.0,7.2,7.0,131884,39808,19361
1012,402,2,20260828,10,11,False,0,0,0,0,0,0,0,0,0,0,0,0.0,0.0,0.0,0.0,6.5,1526,0,796
1013,403,2,20260829,23,15,True,0,0,0,0,0,0,0,0,0,0,0,0.0,0.0,0.0,0.0,6.5,92925,55747,6864
1014,404,2,20260828,10,11,False,0,0,0,0,0,0,0,0,0,0,0,0.0,0.0,0.0,0.0,6.0,5966,0,5624
1015,405,2,20260829,31,15,False,70,2,0,0,1,0,1,0,0,0,9,7.2,29.5,0.0,3.7,5.5,15669,2387,1742
1016,406,2,20260828,10,11,False,15,1,0,0,0,0,0,0,0,0,9,2.0,3.1,0.0,0.5,5.5,8589,829,1289
1017,407,2,20260828,10,11,False,0,0,0,0,0,0,0,0,0,0,0,0.0,0.0,0.0,0.0,5.0,1653,93,297
1018,408,2,20260828,10,11,False,0,0,0,0,0,0,0,0,0,0,0,0.0,0.0,0.0,0.0,5.0,762,0,305
1019,409,2,20260828,10,11,False,0,0,0,0,0,0,0,0,0,0,0,0.0,0.0,0.0,0.0,4.5,17482,927,2486
1020,410,2,20260828,10,11,False,0,0,0,0,0,0,0,0,0,0,0,0.0,0.0,0.0,0.0,5.0,1523,76,283
1021,411,2,20260828,10,11,False,90,13,2,0,0,1,0,0,0,3,60,69.0,0.1,51.0,12.0,15.5,6731685,69605,103852
1022,412,2,20260830,15,18,True,90,2,0,0,0,2,0,0,3,0,11,27.0,0.0,0.0,2.7,5.0,1543070,34714,88610
1023,413,2,20260830,15,18,True,0,0,0,0,0,0,0,0,0,0,0,0.0,0.0,0.0,0.0,4.5,1739,0,588
1024,414,2,20260830,15,18,True,0,0,0,0,0,0,0,0,0,0,0,0.0,0.0,0.0,0.0,4.0,8703,215,1005
1025,415,2,20260830,15,18,True,10,1,0,0,0,1,0,0,0,0,4,7.0,11.7,39.0,5.8,6.0,107542,4808,28661
1026,416,2,20260830,15,18,True,0,0,0,0,0,0,0,0,0,0,0,0.0,0.0,0.0,0.0,5.0,2498,117,498
1027,417,2,20260830,15,18,True,73,2,0,0,0,1,0,0,0,0,12,16.4,42.2,33.0,9.2,5.0,242125,8190,33632
1028,418,2,20260830,15,18,True,90,4,0,1,0,2,0,0,0,0,13,7.2,1.5,6.0,1.5,5.0,1686850,52953,106311
1029,419,2,20260830,15,18,True,90,1,0,0,0,2,0,0,0,0,2,4.8,1.8,3.0,1.0,5.0,127444,6775,19575
1030,420,2,20260830,15,18,True,16,1,0,0,0,1,0,0,0,0,-2,1.8,1.8,0.0,0.4,5.0,62806,1536,10744
1031,421,2,20260830,15,18,True,0,0,0,0,0,0,0,0,0,0,0,0.0,0.0,0.0,0.0,4.5,40184,3088,4191
1032,422,2,20260830,15,18,True,17,1,0,0,0,1,0,0,0,0,-1,1.4,1.3,0.0,0.3,4.5,70057,5854,6092
1033,423,2,20260830,15,18,True,72,2,0,0,0,1,0,0,0,0,12,18.4,1.6,4.0,2.4,4.5,1935721,42927,117089
1034,424,2,20260830,15,18,True,0,0,0,0,0,0,0,0,0,0,0,0.0,0.0,0.0,0.0,4.0,19337,888,1981
1035,425,2,20260830,15,18,True,0,0,0,0,0,0,0,0,0,0,0,0.0,0.0,0.0,0.0,4.0,1885,0,680
1036,426,2,20260830,15,18,True,90,23,3,1,0,2,0,0,0,3,87,132.4,62.5,66.0,26.1,12.0,4770471,48518,228580
1037,427,2,20260830,15,18,True,90,11,1,1,0,2,1,0,0,2,37,45.6,43.3,35.0,12.4,8.0,3537164,82225,220188
1038,428,2,20260830,15,18,True,79,9,0,2,0,1,0,0,0,1,31,20.0,27.6,28.0,7.6,8.0,924196,26854,92957
1039,429,2,20260830,15,18,True,79,2,0,0,0,1,0,0,0,0,17,16.0,34.3,58.0,10.8,7.0,165554,15064,22078
1040,430,2,20260830,15,18,True,0,0,0,0,0,0,0,0,0,0,0,0.0,0.0,0.0,0.0,5.5,2752,35,695
1041,431,2,20260830,15,18,True,0,0,0,0,0,0,0,0,0,0,0,0.0,0.0,0.0,0.0,5.9,91945,1576,59459
1042,432,2,20260830,15,18,True,79,4,0,0,0,1,0,0,0,0,25,15.2,7.2,9.0,3.1,5.5,93316,3460,13693
1043,433,2,20260830,15,18,True,0,0,0,0,0,0,0,0,0,0,0,0.0,0.0,0.0,0.0,5.0,348,24,88
1044,434,2,20260830,15,18,True,0,0,0,0,0,0,0,0,0,0,0,0.0,0.0,0.0,0.0,5.0,1094,41,169
1045,435,2,20260830,15,18,True,0,0,0,0,0,0,0,0,0,0,0,0.0,0.0,0.0,0.0,5.0,4851,327,590
1046,436,2,20260830,15,18,True,0,0,0,0,0,0,0,0,0,0,0,0.0,0.0,0.0,0.0,5.0,1667,60,234
1047,437,2,20260830,15,18,True,0,0,0,0,0,0,0,0,0,0,0,0.0,0.0,0.0,0.0,4.5,17670,961,2371
1048,438,2,20260830,15,18,True,0,0,0,0,0,0,0,0,0,0,0,0.0,0.0,0.0,0.0,4.5,32667,1328,3984
1049,439,2,20260830,15,18,True,10,1,0,0,0,1,0,0,0,0,5,2.2,10.5,2.0,1.5,7.0,181866,30554,15126
1050,440,2,20260830,15,18,True,0,0,0,0,0,0,0,0,0,0,0,0.0,0.0,0.0,0.0,5.5,51589,2045,13131
1051,441,2,20260830,15,18,True,0,0,0,0,0,0,0,0,0,0,0,0.0,0.0,0.0,0.0,4.5,109991,6316,11569
1052,442,2,20260829,31,15,False,0,0,0,0,0,0,0,0,0,0,0,0.0,0.0,0.0,0.0,5.0,124934,2706,12304
1053,443,2,20260829,31,15,False,0,0,0,0,0,0,0,0,0,0,0,0.0,0.0,0.0,0.0,4.5,3435,162,231
1054,444,2,20260829,31,15,False,0,0,0,0,0,0,0,0,0,0,0,0.0,0.0,0.0,0.0,4.5,2775,124,348
1055,445,2,20260829,31,15,False,90,6,0,0,1,0,0,0,0,0,25,6.8,1.5,0.0,0.8,5.0,175248,19798,10898
1056,446,2,20260829,31,15,False,0,0,0,0,0,0,0,0,0,0,0,0.0,0.0,0.0,0.0,5.0,26250,1895,1885
1057,447,2,20260829,31,15,False,90,5,0,0,1,0,1,0,0,0,22,11.2,1.8,2.0,1.5,5.0,52947,8885,3282
1058,448,2,20260829,31,15,False,0,0,0,0,0,0,0,0,0,0,0,0.0,0.0,0.0,0.0,5.0,159459,6247,75311
1059,449,2,20260829,31,15,False,90,11,0,0,1,0,0,0,0,3,52,39.0,27.3,4.0,7.0,5.0,411061,52701,19436
1060,450,2,20260829,31,15,False,0,0,0,0,0,0,0,0,0,0,0,0.0,0.0,0.0,0.0,5.0,3475,91,1228
1061,451,2,20260829,31,15,False,0,0,0,0,0,0,0,0,0,0,0,0.0,0.0,0.0,0.0,4.0,9468,0,3276
1062,452,2,20260831,3,20,False,19,1,0,0,0,0,0,0,0,0,4,1.4,0.8,2.0,0.4,6.9,265263,850,126555
1063,453,2,20260829,31,15,False,90,3,0,0,1,0,0,0,0,0,9,7.2,22.1,7.0,3.6,6.0,113402,14995,10330
1064,454,2,20260829,31,15,False,81,8,1,0,1,0,0,0,0,0,32,36.8,15.3,29.0,8.1,6.0,215548,95441,11873
1065,455,2,20260829,23,15,True,74,2,0,0,0,2,0,0,0,0,16,5.0,26.3,4.0,3.5,5.5,369291,14119,52216
1066,456,2,20260829,31,15,False,8,1,0,0,0,0,0,0,0,0,3,0.2,4.2,0.0,0.4,5.0,34073,1442,4680
1067,457,2,20260829,31,15,False,8,1,0,0,0,0,0,0,0,0,3,2.2,3.1,2.0,0.7,6.0,15641,717,2682
1068,458,2,20260829,31,15,False,0,0,0,0,0,0,0,0,0,0,0,0.0,0.0,0.0,0.0,5.5,2722,48,1068
1069,459,2,20260829,31,15,False,90,3,0,0,1,0,0,0,0,0,16,11.2,14.7,0.0,2.6,5.5,6985,1391,534
1070,460,2,20260829,31,15,False,70,3,0,0,1,0,0,0,0,0,0,0.0,4.3,8.0,0.5,5.0,24746,8763,1932
1071,461,2,20260829,31,15,False,1,1,0,0,0,0,0,0,0,0,3,0.0,0.0,0.0,0.0,6.0,20967,513,4458
1072,462,2,20260829,31,15,False,19,1,0,0,0,0,0,0,0,0,4,5.0,0.0,0.0,0.5,5.0,10539,762,1000
1073,463,2,20260829,31,15,False,19,4,0,1,0,0,0,0,0,0,18,18.2,10.5,11.0,4.0,6.0,150038,7193,30784
1074,464,2,20260829,31,15,False,81,8,1,0,1,0,0,0,0,2,37,35.6,10.3,46.0,9.2,6.0,359321,158957,24088
1075,465,2,20260829,31,15,False,0,0,0,0,0,0,0,0,0,0,0,0.0,0.0,0.0,0.0,6.0,90550,20344,26507
1076,466,2,20260829,31,15,False,0,0,0,0,0,0,0,0,0,0,0,0.0,0.0,0.0,0.0,4.5,75688,6478,8125
1077,467,2,20260829,18,14,False,90,1,0,0,0,2,0,0,2,0,6,16.6,0.0,0.0,1.7,5.0,148147,3350,11746
1078,468,2,20260829,18,14,False,0,0,0,0,0,0,0,0,0,0,0,0.0,0.0,0.0,0.0,4.5,6338,178,466
1079,469,2,20260829,18,14,False,90,6,0,1,0,2,0,0,0,0,16,34.4,25.3,6.0,6.6,5.0,880209,14150,82134
1080,470,2,20260829,18,14,False,0,0,0,0,0,0,0,0,0,0,0,0.0,0.0,0.0,0.0,5.0,4633,230,667
1081,471,2,20260829,18,14,False,90,3,0,0,0,2,0,0,0,0,3,17.0,0.0,0.0,1.7,5.5,176049,2591,17041
1082,472,2,20260829,18,14,False,90,1,0,0,0,2,0,0,0,0,2,11.2,0.3,8.0,2.0,5.5,162661,8580,11837
1083,473,2,20260829,18,14,False,85,0,0,0,0,2,1,0,0,0,2,11.8,15.5,4.0,3.1,4.5,345943,17770,22837
1084,474,2,20260829,18,14,False,90,1,0,0,0,2,0,0,0,0,6,14.6,0.4,0.0,1.5,4.5,21029,259,1559
1085,475,2,20260829,18,14,False,0,0,0,0,0,0,0,0,0,0,0,0.0,0.0,0.0,0.0,4.5,304,113,48
1086,476,2,20260829,18,14,False,0,0,0,0,0,0,0,0,0,0,0,0.0,0.0,0.0,0.0,4.0,23167,495,2008
1087,477,2,20260829,18,14,False,0,0,0,0,0,0,0,0,0,0,0,0.0,0.0,0.0,0.0,4.0,24822,996,2223
1088,478,2,20260829,18,14,False,4,1,0,0,0,0,0,0,0,0,5,2.0,0.0,0.0,0.2,4.5,3516,112,288
1089,479,2,20260829,18,14,False,0,0,0,0,0,0,0,0,0,0,0,0.0,0.0,0.0,0.0,4.0,18138,365,1417
1090,480,2,20260829,18,14,False,90,13,1,1,0,2,0,0,0,3,36,56.4,12.5,17.0,8.6,8.0,815842,8780,283093
1091,481,2,20260828,10,11,False,81,3,0,0,0,1,1,0,0,0,25,25.0,20.2,13.0,5.8,6.4,597491,10236,153305
1092,482,2,20260829,18,14,False,1,1,0,0,0,0,0,0,0,0,2,0.0,0.3,0.0,0.0,6.0,21667,726,5484
1093,483,2,20260829,18,14,False,65,9,1,0,0,1,0,0,0,2,30,35.8,23.0,36.0,9.5,5.5,39501,1491,5262
1094,484,2,20260829,18,14,False,0,0,0,0,0,0,0,0,0,0,0,0.0,0.0,0.0,0.0,5.5,15837,214,2246
1095,485,2,20260829,18,14,False,0,0,0,0,0,0,0,0,0,0,0,0.0,0.0,0.0,0.0,5.5,1297,107,405
1096,486,2,20260829,18,14,False,90,2,0,0,0,2,0,0,0,0,16,8.2,18.5,0.0,2.7,5.5,5218,674,475
1097,487,2,20260829,18,14,False,1,1,0,0,0,0,0,0,0,0,3,0.2,0.0,0.0,0.0,5.0,7613,214,1062
1098,488,2,20260829,18,14,False,0,0,0,0,0,0,0,0,0,0,0,0.0,0.0,0.0,0.0,5.0,88298,2850,17977
1099,489,2,20260829,18,14,False,0,0,0,0,0,0,0,0,0,0,0,0.0,0.0,0.0,0.0,4.5,142945,1743,37083
1100,490,2,20260829,18,14,False,0,0,0,0,0,0,0,0,0,0,0,0.0,0.0,0.0,0.0,6.0,152998,4569,29351
1101,491,2,20260829,18,14,False,90,1,0,0,0,2,1,0,0,0,4,8.6,13.3,38.0,6.0,6.0,361702,10237,58550
1102,492,2,20260829,14,13,True,90,2,0,0,0,1,0,0,0,0,6,10.0,23.6,65.0,9.9,5.5,83094,8654,9293
1103,493,2,20260829,18,14,False,0,0,0,0,0,0,0,0,0,0,0,0.0,0.0,0.0,0.0,5.5,5177,339,757
1104,494,2,20260829,23,15,True,0,0,0,0,0,0,0,0,0,0,0,0.0,0.0,0.0,0.0,4.5,23872,0,11437
1105,495,2,20260829,23,15,True,0,0,0,0,0,0,0,0,0,0,0,0.0,0.0,0.0,0.0,4.0,88358,3212,3702
1106,496,2,20260829,23,15,True,90,1,0,0,0,2,0,0,0,0,4,3.8,0.0,0.0,0.4,4.5,2247365,40625,82151
1107,497,2,20260829,23,15,True,0,0,0,0,0,0,0,0,0,0,0,0.0,0.0,0.0,0.0,4.0,1835588,35086,63817
1108,498,2,20260829,23,15,True,0,0,0,0,0,0,0,0,0,0,0,0.0,0.0,0.0,0.0,6.0,746751,15942,64235
1109,499,2,20260829,23,15,True,90,1,0,0,0,2,0,0,0,0,1,9.4,7.9,21.0,3.8,5.5,1331308,20574,317518
1110,500,2,20260829,23,15,True,0,0,0,0,0,0,0,0,0,0,0,0.0,0.0,0.0,0.0,5.0,14805,0,10779
1111,501,2,20260829,23,15,True,0,0,0,0,0,0,0,0,0,0,0,0.0,0.0,0.0,0.0,5.0,17484,1020,2432
1112,502,2,20260829,23,15,True,67,2,0,0,0,1,0,0,0,0,7,11.2,16.8,25.0,5.3,4.5,379457,22171,23298
1113,503,2,20260829,23,15,True,90,0,0,0,0,2,1,0,0,0,5,15.2,2.1,0.0,1.7,5.0,422798,8374,124703
1114,504,2,20260830,8,16,False,90,0,0,0,0,4,0,0,0,0,-2,22.8,8.3,5.0,3.6,5.0,250629,21186,12347
1115,505,2,20260829,23,15,True,0,0,0,0,0,0,0,0,0,0,0,0.0,0.0,0.0,0.0,4.5,46576,0,45782
1116,506,2,20260829,23,15,True,22,1,0,0,0,1,0,0,0,0,2,5.2,11.5,2.0,1.9,4.5,47523,1685,4692
1117,507,2,20260829,23,15,True,0,0,0,0,0,0,0,0,0,0,0,0.0,0.0,0.0,0.0,4.5,1903,0,658
1118,508,2,20260829,23,15,True,0,0,0,0,0,0,0,0,0,0,0,0.0,0.0,0.0,0.0,4.0,102932,2877,8983
1119,509,2,20260829,23,15,True,0,0,0,0,0,0,0,0,0,0,0,0.0,0.0,0.0,0.0,4.0,5341,319,558
1120,510,2,20260829,23,15,True,0,0,0,0,0,0,0,0,0,0,0,0.0,0.0,0.0,0.0,4.0,7895,335,695
1121,511,2,20260829,23,15,True,0,0,0,0,0,0,0,0,0,0,0,0.0,0.0,0.0,0.0,4.0,29162,1193,2694
1122,512,2,20260829,23,15,True,22,1,0,0,0,1,0,0,0,0,4,1.2,3.3,11.0,1.6,6.5,6789,269,2406
1123,513,2,20260829,23,15,True,0,0,0,0,0,0,0,0,0,0,0,0.0,0.0,0.0,0.0,6.0,1453,77,356
1124,514,2,20260829,23,15,True,67,2,0,0,0,1,0,0,0,0,10,3.8,3.3,34.0,4.1,6.0,48495,4174,10461
1125,515,2,20260829,23,15,True,0,0,0,0,0,0,0,0,0,0,0,0.0,0.0,0.0,0.0,6.5,96409,2686,36986
1126,516,2,20260829,23,15,True,90,2,0,0,0,2,0,0,0,0,17,15.4,7.1,0.0,2.3,5.5,18887,602,2031
1127,517,2,20260829,23,15,True,0,0,0,0,0,0,0,0,0,0,0,0.0,0.0,0.0,0.0,5.5,121,16,19
1128,518,2,20260829,23,15,True,0,0,0,0,0,0,0,0,0,0,0,0.0,0.0,0.0,0.0,4.9,15118,113,10464
1129,519,2,20260829,23,15,True,0,0,0,0,0,0,0,0,0,0,0,0.0,0.0,0.0,0.0,5.5,27438,1208,4647
1130,520,2,20260829,23,15,True,0,0,0,0,0,0,0,0,0,0,0,0.0,0.0,0.0,0.0,5.5,20234,635,2199
1131,521,2,20260829,23,15,True,0,0,0,0,0,0,0,0,0,0,0,0.0,0.0,0.0,0.0,6.5,939,75,241
1132,522,2,20260829,23,15,True,67,2,0,0,0,1,0,0,0,0,9,1.8,1.5,0.0,0.3,5.0,22329,1711,2544
1133,523,2,20260829,23,15,True,22,1,0,0,0,1,0,0,0,0,1,0.0,0.4,1.0,0.0,5.0,19021,2419,2526
1134,524,2,20260829,23,15,True,0,0,0,0,0,0,0,0,0,0,0,0.0,0.0,0.0,0.0,4.5,79923,2014,9312
1135,525,2,20260829,23,15,True,90,2,0,0,0,2,0,0,0,0,18,14.0,46.3,1.0,6.1,6.0,160253,4529,31329
1136,526,2,20260829,23,15,True,15,1,0,0,0,0,0,0,0,0,6,3.2,0.3,6.0,1.0,6.0,131276,8212,20818
1137,527,2,20260829,23,15,True,0,0,0,0,0,0,0,0,0,0,0,0.0,0.0,0.0,0.0,6.0,275481,14723,46471
1138,528,2,20260829,23,15,True,0,0,0,0,0,0,0,0,0,0,0,0.0,0.0,0.0,0.0,4.5,172295,13184,17180
1139,529,2,20260830,12,19,True,90,6,0,0,1,0,0,0,0,0,22,4.0,0.0,0.0,0.4,5.0,389022,4766,30334
1140,530,2,20260830,12,19,True,0,0,0,0,0,0,0,0,0,0,0,0.0,0.0,0.0,0.0,4.0,16075,0,2307
1141,531,2,20260830,12,19,True,0,0,0,0,0,0,0,0,0,0,0,0.0,0.0,0.0,0.0,4.5,8877,209,854
1142,532,2,20260830,12,19,True,90,8,0,0,1,0,0,0,0,0,27,23.6,1.2,7.0,3.2,5.0,495946,12798,49704
1143,533,2,20260830,12,19,True,90,9,0,0,1,0,0,0,0,1,28,42.6,8.0,2.0,5.3,5.5,244003,5588,38587
1144,534,2,20260830,12,19,True,90,6,0,0,1,0,0,0,0,0,24,18.6,19.1,2.0,4.0,4.5,631620,13619,37371
1145,535,2,20260830,12,19,True,0,0,0,0,0,0,0,0,0,0,0,0.0,0.0,0.0,0.0,5.0,43620,2597,5264
1146,536,2,20260830,12,19,True,90,6,0,0,1,0,0,0,0,0,26,16.4,6.0,2.0,2.4,4.5,44204,975,3578
1147,537,2,20260830,12,19,True,0,0,0,0,0,0,0,0,0,0,0,0.0,0.0,0.0,0.0,4.5,1055,58,127
1148,538,2,20260830,12,19,True,0,0,0,0,0,0,0,0,0,0,0,0.0,0.0,0.0,0.0,4.0,5174,0,990
1149,539,2,20260830,12,19,True,0,0,0,0,0,0,0,0,0,0,0,0.0,0.0,0.0,0.0,4.0,338160,4602,17539
1150,540,2,20260830,12,19,True,0,0,0,0,0,0,0,0,0,0,0,0.0,0.0,0.0,0.0,4.0,20421,0,4868
1151,541,2,20260830,12,19,True,90,6,0,0,1,0,0,0,0,0,27,22.6,20.0,9.0,5.2,4.5,29834,1010,1718
1152,542,2,20260830,12,19,True,89,3,0,0,1,0,0,0,0,0,13,3.4,21.2,30.0,5.5,6.0,853085,11386,115110
1153,543,2,20260830,12,19,True,18,4,0,1,0,0,0,0,0,0,15,15.2,10.3,0.0,2.6,5.5,6801,335,1177
1154,544,2,20260830,12,19,True,90,6,0,0,1,0,0,0,0,3,29,20.4,57.9,0.0,7.8,5.5,464299,42781,18215
1155,545,2,20260830,12,19,True,90,3,0,0,1,0,0,0,0,0,21,18.4,7.8,6.0,3.2,5.0,32341,1165,3497
1156,546,2,20260830,12,19,True,0,0,0,0,0,0,0,0,0,0,0,0.0,0.0,0.0,0.0,5.0,6042,53,3559
1157,547,2,20260830,12,19,True,1,1,0,0,0,0,0,0,0,0,2,8.0,0.1,17.0,2.5,5.0,822,40,150
1158,548,2,20260830,12,19,True,7,1,0,0,0,0,0,0,0,0,3,0.0,0.0,0.0,0.0,5.0,6409,99,620
1159,549,2,20260830,12,19,True,0,0,0,0,0,0,0,0,0,0,0,0.0,0.0,0.0,0.0,5.5,20684,284,2844
1160,550,2,20260830,12,19,True,0,0,0,0,0,0,0,0,0,0,0,0.0,0.0,0.0,0.0,5.0,569,51,101
1161,551,2,20260830,12,19,True,64,3,0,0,1,0,0,0,0,0,13,7.2,16.7,0.0,2.4,5.0,13112,5343,1379
1162,552,2,20260830,12,19,True,63,2,0,0,1,0,0,0,0,0,5,0.0,2.8,6.0,0.7,6.0,1261093,38269,119627
1163,553,2,20260830,12,19,True,26,8,1,0,0,0,0,0,0,3,29,29.2,0.1,25.0,5.4,5.5,85703,2470,12921
1164,554,2,20260830,21,18,False,0,0,0,0,0,0,0,0,0,0,0,0.0,0.0,0.0,0.0,4.5,3085,54,637
1165,555,2,20260828,20,11,True,0,0,0,0,0,0,0,0,0,0,0,0.0,0.0,0.0,0.0,4.0,183203,5945,6235
1166,556,2,20260829,9,13,False,0,0,0,0,0,0,0,0,0,0,0,0.0,0.0,0.0,0.0,4.0,224749,5393,15441
1167,557,2,20260831,3,20,False,45,0,0,0,0,0,1,0,0,0,1,0.0,11.8,4.0,1.6,6.5,2597617,236687,55700
1168,558,2,20260829,18,14,False,90,4,0,0,0,2,0,0,0,0,15,21.2,0.7,7.0,2.9,5.0,9781,158,1144
1169,559,2,20260829,31,15,False,0,0,0,0,0,0,0,0,0,0,0,0.0,0.0,0.0,0.0,5.0,13188,690,1667
1170,560,2,20260830,5,16,True,0,0,0,0,0,0,0,0,0,0,0,0.0,0.0,0.0,0.0,4.5,7073,395,765
1171,561,2,20260830,5,16,True,0,0,0,0,0,0,0,0,0,0,0,0.0,0.0,0.0,0.0,4.5,1737,122,446
1172,562,2,20260830,21,18,False,72,2,0,0,0,4,0,0,0,0,10,8.0,1.4,19.0,2.8,5.5,37115,740,4042
1173,563,2,20260829,9,13,False,45,1,0,0,0,0,0,0,0,0,6,11.0,13.4,0.0,2.4,5.0,2129,118,328
1174,564,2,20260830,21,18,False,90,2,0,0,0,5,0,0,6,0,9,46.4,0.0,0.0,4.6,4.5,62701,1329,3576
1175,565,2,20260830,16,17,False,90,4,0,0,0,1,0,0,0,0,16,24.4,25.3,11.0,6.1,5.6,902725,443762,23340
1176,566,2,20260829,11,12,True,90,4,0,0,0,1,0,0,0,0,11,18.6,1.8,13.0,3.3,5.0,36812,7365,2190
1177,567,2,20260829,31,15,False,90,7,0,0,1,0,0,0,4,0,32,34.6,0.0,0.0,3.5,5.0,70807,5537,4258
1178,568,2,20260830,5,16,True,8,1,0,0,0,1,0,0,0,0,1,0.0,0.0,4.0,0.2,5.5,13561,528,1661
1179,569,2,20260830,29,19,False,90,2,0,0,0,1,0,0,0,0,2,5.6,2.8,24.0,3.2,6.0,399587,152218,17207
1180,570,2,20260830,29,19,False,75,1,0,0,0,1,1,0,0,0,6,3.0,1.3,3.0,0.7,5.5,20418,910,1784
1181,571,2,20260830,21,18,False,0,0,0,0,0,0,0,0,0,0,0,0.0,0.0,0.0,0.0,5.0,11870,214,2207
1182,572,2,20260829,9,13,False,90,10,0,0,1,0,0,0,3,3,32,26.2,0.0,0.0,2.6,4.5,301344,101970,12415
1183,573,2,20260829,11,12,True,0,0,0,0,0,0,0,0,0,0,0,0.0,0.0,0.0,0.0,4.5,21445,452,1465
1184,574,2,20260829,9,13,False,0,0,0,0,0,0,0,0,0,0,0,0.0,0.0,0.0,0.0,5.0,7716,307,969
1185,575,2,20260829,14,13,True,70,3,0,0,1,0,0,0,0,0,17,9.4,16.0,7.0,3.2,5.0,23711,997,2575
1186,576,2,20260829,9,13,False,58,0,0,0,0,0,1,0,0,0,-2,0.0,4.3,7.0,0.9,5.0,9465,1430,597
1187,577,2,20260828,20,11,True,73,1,0,0,0,3,0,0,0,0,-3,12.6,1.3,2.0,1.6,4.5,34647,829,2667
1188,578,2,20260830,5,16,True,0,0,0,0,0,0,0,0,0,0,0,0.0,0.0,0.0,0.0,5.5,4222,234,976
1189,579,2,20260829,25,14,True,13,0,0,0,0,0,1,0,0,0,-1,5.8,2.3,0.0,0.8,5.5,267054,23907,33774
1190,580,2,20260830,29,19,False,22,1,0,0,0,1,0,0,0,0,2,0.6,2.8,6.0,0.9,5.0,8645,359,808
1191,581,2,20260829,18,14,False,0,0,0,0,0,0,0,0,0,0,0,0.0,0.0,0.0,0.0,5.5,71062,3484,12101
1192,582,2,20260831,2,20,True,0,0,0,0,0,0,0,0,0,0,0,0.0,0.0,0.0,0.0,5.5,40291,1166,8923
1193,583,2,20260830,5,16,True,18,1,0,0,0,1,0,0,0,0,1,6.4,0.3,0.0,0.7,5.0,19574,1081,2558
1194,584,2,20260829,14,13,True,19,1,0,0,0,1,0,0,0,0,2,0.2,1.5,0.0,0.2,5.5,13996,386,1428
1195,585,2,20260829,9,13,False,31,1,0,0,0,0,0,0,0,0,3,3.0,0.2,0.0,0.3,4.0,63919,2771,3602
1196,586,2,20260829,9,13,False,58,1,0,0,0,0,0,0,0,0,9,27.6,0.0,7.0,3.5,4.0,418634,179580,19460
1197,587,2,20260828,10,11,False,0,0,0,0,0,0,0,0,0,0,0,0.0,0.0,0.0,0.0,5.0,2020,94,224
1198,588,2,20260828,20,11,True,74,2,0,0,0,3,1,0,0,0,9,26.4,1.5,3.0,3.1,5.0,10199,462,827
1199,589,2,20260829,9,13,False,45,1,0,0,0,0,0,0,0,0,6,12.8,0.9,0.0,1.4,5.0,2781,135,313
1200,590,2,20260829,18,14,False,0,0,0,0,0,0,0,0,0,0,0,0.0,0.0,0.0,0.0,4.5,6630,625,544
1201,591,2,20260830,21,18,False,90,5,0,1,0,5,0,0,0,0,25,21.8,12.4,21.0,5.5,5.5,48266,17669,4454
1202,592,2,20260830,21,18,False,17,1,0,0,0,1,0,0,0,0,-1,0.6,0.6,0.0,0.1,4.0,99458,2769,5866
1203,593,2,20260829,31,15,False,90,11,0,1,1,0,0,0,0,2,37,42.6,30.4,0.0,7.3,4.5,36928,10359,2156
1204,594,2,20260830,8,16,False,10,1,0,0,0,0,0,0,0,0,3,0.0,3.7,0.0,0.4,6.0,25435,2519,4141
1205,595,2,20260828,20,11,True,22,1,0,0,0,1,0,0,0,0,3,1.4,1.3,0.0,0.3,5.0,1414,101,173
1206,596,2,20260831,2,20,True,0,0,0,0,0,0,0,0,0,0,0,0.0,0.0,0.0,0.0,4.5,10673,856,1099
1207,597,2,20260831,2,20,True,90,2,0,0,0,1,0,0,1,0,8,13.6,0.0,0.0,1.4,5.0,82325,4229,6771
1208,598,2,20260830,4,17,True,56,1,0,0,0,1,0,0,0,0,9,16.0,1.1,6.0,2.3,4.5,2511,354,279
1209,599,2,20260829,14,13,True,0,0,0,0,0,0,0,0,0,0,0,0.0,0.0,0.0,0.0,5.0,9736,1724,1394
1210,600,2,20260830,8,16,False,16,1,0,0,0,1,0,0,0,0,6,3.0,1.3,2.0,0.6,5.0,1521,218,143
1211,601,2,20260829,23,15,True,0,0,0,0,0,0,0,0,0,0,0,0.0,0.0,0.0,0.0,4.5,7704,2636,584
1212,602,2,20260830,21,18,False,0,0,0,0,0,0,0,0,0,0,0,0.0,0.0,0.0,0.0,4.5,3086,1275,333
1213,603,2,20260830,4,17,True,0,0,0,0,0,0,0,0,0,0,0,0.0,0.0,0.0,0.0,4.0,7187,1488,319
1214,604,2,20260830,4,17,True,0,0,0,0,0,0,0,0,0,0,0,0.0,0.0,0.0,0.0,4.5,7215,3029,710
1215,605,2,20260830,8,16,False,73,8,1,0,0,3,0,0,0,1,39,50.8,20.1,42.0,11.3,4.5,9806,4339,952
1216,606,2,20260831,2,20,True,0,0,0,0,0,0,0,0,0,0,0,0.0,0.0,0.0,0.0,4.0,5947,1560,246
1217,607,2,20260831,2,20,True,0,0,0,0,0,0,0,0,0,0,0,0.0,0.0,0.0,0.0,4.5,8874,3603,832
1218,608,2,20260829,11,12,True,0,0,0,0,0,0,0,0,0,0,0,0.0,0.0,0.0,0.0,5.0,4738,2477,421
1219,609,2,20260829,31,15,False,0,0,0,0,0,0,0,0,0,0,0,0.0,0.0,0.0,0.0,4.0,11777,3993,645
1220,610,2,20260830,29,19,False,0,0,0,0,0,0,0,0,0,0,0,0.0,0.0,0.0,0.0,4.0,7950,3051,474
1221,611,2,20260831,2,20,True,12,1,0,0,0,0,0,0,0,0,4,3.6,0.8,0.0,0.4,4.5,4588,1549,166
1222,612,2,20260830,12,19,True,0,0,0,0,0,0,0,0,0,0,0,0.0,0.0,0.0,0.0,4.5,156,95,27
1223,613,2,20260830,12,19,True,0,0,0,0,0,0,0,0,0,0,0,0.0,0.0,0.0,0.0,4.5,6052,2475,398
1224,614,2,20260830,8,16,False,0,0,0,0,0,0,0,0,0,0,0,0.0,0.0,0.0,0.0,4.5,1839,1006,54
1225,615,2,20260829,11,12,True,0,0,0,0,0,0,0,0,0,0,0,0.0,0.0,0.0,0.0,4.5,593,241,27
1226,616,2,20260828,10,11,False,8,1,0,0,0,0,0,0,0,0,3,1.8,4.3,0.0,0.6,5.5,4327,3055,349
1227,617,2,20260829,9,13,False,7,1,0,0,0,0,0,0,0,0,3,0.4,0.3,0.0,0.1,5.0,49,25,2
1228,618,2,20260831,2,20,True,0,0,0,0,0,0,0,0,0,0,0,0.0,0.0,0.0,0.0,6.0,386,212,7
1229,619,2,20260830,21,18,False,28,1,0,0,0,2,0,0,0,0,11,7.2,12.0,2.0,2.1,5.0,127,89,5
1230,620,2,20260830,16,17,False,0,0,0,0,0,0,0,0,0,0,0,0.0,0.0,0.0,0.0,4.5,817,600,37
1231,621,2,20260828,10,11,False,8,1,0,0,0,0,0,0,0,0,3,0.0,0.5,1.0,0.1,4.5,0,0,0
1232,622,2,20260828,10,11,False,1,1,0,0,0,0,0,0,0,0,3,0.6,0.8,0.0,0.1,4.0,0,0,0
1233,623,2,20260829,14,13,True,0,0,0,0,0,0,0,0,0,0,0,0.0,0.0,0.0,0.0,4.0,0,0,0
1234,624,2,20260830,8,16,False,0,0,0,0,0,0,0,0,0,0,0,0.0,0.0,0.0,0.0,5.0,0,0,0
1235,625,2,20260830,4,17,True,0,0,0,0,0,0,0,0,0,0,0,0.0,0.0,0.0,0.0,4.0,0,0,0
1236,626,2,20260830,29,19,False,0,0,0,0,0,0,0,0,0,0,0,0.0,0.0,0.0,0.0,4.5,0,0,0
1237,1,3,20260906,8,29,True,90,3,0,0,0,1,0,0,4,0,15,28.8,0.0,0.0,2.9,6.0,3887669,204948,228728
1238,2,3,20260906,8,29,True,0,0,0,0,0,0,0,0,0,0,0,0.0,0.0,0.0,0.0,5.0,8025,599,1214
1239,3,3,20260906,8,29,True,0,0,0,0,0,0,0,0,0,0,0,0.0,0.0,0.0,0.0,5.0,3143,172,459
1240,4,3,20260906,8,29,True,90,2,0,0,0,1,0,0,0,0,10,23.6,2.4,76.0,10.2,8.0,2590027,46883,345642
1241,5,3,20260906,8,29,True,0,0,0,0,0,0,0,0,0,0,0,0.0,0.0,0.0,0.0,6.5,8594,549,2441
1242,6,3,20260906,8,29,True,0,0,0,0,0,0,0,0,0,0,0,0.0,0.0,0.0,0.0,6.0,23846,1102,5482
1243,7,3,20260906,8,29,True,66,2,0,0,0,1,0,0,0,0,5,0.0,12.7,4.0,1.0,5.5,71335,8849,13490
1244,8,3,20260906,8,29,True,66,2,0,0,0,1,0,0,0,0,0,4.4,3.2,26.0,3.4,5.7,4639050,515479,118556
1245,9,3,20260906,8,29,True,23,1,0,0,0,0,0,0,0,0,3,6.0,0.5,2.0,0.9,5.4,119369,4425,35641
1246,10,3,20260906,8,29,True,90,2,0,0,0,1,0,0,0,0,11,15.8,5.1,10.0,3.1,5.5,745511,163295,117376
1247,11,3,20260906,8,29,True,0,0,0,0,0,0,0,0,0,0,0,0.0,0.0,0.0,0.0,5.5,438589,13546,128368
1248,12,3,20260906,8,29,True,89,2,0,0,0,1,0,0,0,0,13,10.6,27.8,70.0,10.8,9.5,1160318,156377,101286
1249,13,3,20260906,8,29,True,90,5,0,1,0,1,0,0,0,0,22,33.8,19.9,2.0,5.6,7.5,1465517,21785,248891
1250,14,3,20260906,8,29,True,0,0,0,0,0,0,0,0,0,0,0,0.0,0.0,0.0,0.0,6.4,146059,8271,40572
1251,15,3,20260906,8,29,True,76,10,1,0,0,1,0,0,0,3,47,45.0,54.2,30.0,12.9,6.6,1130521,119653,172602
1252,16,3,20260906,8,29,True,1,1,0,0,0,0,0,0,0,0,3,2.2,0.8,0.0,0.3,6.3,24885,1276,8073
1253,17,3,20260906,8,29,True,13,0,0,0,0,0,1,0,0,0,0,0.0,1.1,0.0,0.1,5.9,51449,3061,13869
1254,18,3,20260906,8,29,True,0,0,0,0,0,0,0,0,0,0,0,0.0,0.0,0.0,0.0,6.3,15232,1165,6606
1255,19,3,20260906,8,29,True,23,1,0,0,0,0,0,0,0,0,1,1.4,0.8,11.0,1.3,5.4,80922,3485,20017
1256,20,3,20260906,8,29,True,0,0,0,0,0,0,0,0,0,0,0,0.0,0.0,0.0,0.0,5.4,7381,608,1997
1257,21,3,20260906,21,30,True,0,0,0,0,0,0,0,0,0,0,0,0.0,0.0,0.0,0.0,4.9,6444,209,2171
1258,22,3,20260906,8,29,True,0,0,0,0,0,0,0,0,0,0,0,0.0,0.0,0.0,0.0,5.4,1107,157,427
1259,23,3,20260906,8,29,True,0,0,0,0,0,0,0,0,0,0,0,0.0,0.0,0.0,0.0,5.5,972,175,311
1260,24,3,20260906,8,29,True,0,0,0,0,0,0,0,0,0,0,0,0.0,0.0,0.0,0.0,5.5,662,4,303
1261,25,3,20260906,8,29,True,12,1,0,0,0,0,0,0,0,0,2,0.0,0.1,0.0,0.0,7.3,466852,8161,200991
1262,26,3,20260906,8,29,True,77,8,1,0,0,1,0,0,0,2,38,43.0,37.0,57.0,13.7,7.5,686572,72519,141389
1263,27,3,20260906,8,29,True,0,0,0,0,0,0,0,0,0,0,0,0.0,0.0,0.0,0.0,5.9,26101,2250,11109
1264,28,3,20260906,2,29,False,90,3,0,0,0,2,0,0,8,0,26,63.2,0.0,0.0,6.3,5.0,459337,68378,55263
1265,29,3,20260905,14,25,False,0,0,0,0,0,0,0,0,0,0,0,0.0,0.0,0.0,0.0,4.5,14920,2306,2375
1266,30,3,20260905,14,25,False,0,0,0,0,0,0,0,0,0,0,0,0.0,0.0,0.0,0.0,4.5,6725,0,2071
1267,31,3,20260906,8,29,True,90,4,0,0,0,1,0,0,0,0,15,19.4,1.4,4.0,2.5,4.4,1139279,270872,199146
1268,32,3,20260905,14,25,False,84,6,0,0,1,0,0,0,0,0,23,6.4,16.3,6.0,2.9,4.5,731987,41628,77307
1269,33,3,20260905,14,25,False,90,6,0,0,1,0,0,0,0,0,28,14.8,4.4,13.0,3.2,4.5,38099,2622,4836
1270,34,3,20260905,14,25,False,0,0,0,0,0,0,0,0,0,0,0,0.0,0.0,0.0,0.0,4.5,46943,5255,4336
1271,35,3,20260905,14,25,False,0,0,0,0,0,0,0,0,0,0,0,0.0,0.0,0.0,0.0,5.0,7284,945,1256
1272,36,3,20260905,14,25,False,74,7,0,0,1,0,0,0,0,1,29,10.6,19.8,4.0,3.4,4.5,83194,11292,8625
1273,37,3,20260905,14,25,False,90,6,0,0,1,0,0,0,0,0,28,22.4,24.9,2.0,4.9,4.5,29725,3211,2995
1274,38,3,20260905,14,25,False,0,0,0,0,0,0,0,0,0,0,0,0.0,0.0,0.0,0.0,4.0,187661,16171,16677
1275,39,3,20260905,14,25,False,0,0,0,0,0,0,0,0,0,0,0,0.0,0.0,0.0,0.0,4.0,17687,0,3988
1276,40,3,20260906,2,29,False,86,6,1,0,0,2,1,0,0,0,22,30.2,13.6,16.0,6.0,7.5,2472597,211550,321984
1277,41,3,20260905,14,25,False,74,3,0,0,1,0,0,0,0,0,2,0.0,10.8,7.0,1.4,6.0,128636,20598,24117
1278,42,3,20260905,12,24,False,0,0,0,0,0,0,0,0,0,0,0,0.0,0.0,0.0,0.0,5.5,4367,556,978
1279,43,3,20260906,11,30,False,90,2,0,0,0,2,0,0,0,0,17,18.6,18.9,9.0,4.7,5.9,201931,12766,51508
1280,44,3,20260905,14,25,False,0,0,0,0,0,0,0,0,0,0,0,0.0,0.0,0.0,0.0,5.4,12237,1094,3724
1281,45,3,20260905,14,25,False,90,3,0,0,1,0,0,0,0,0,6,1.4,5.6,4.0,1.1,5.4,252885,16891,44482
1282,46,3,20260905,14,25,False,90,3,0,0,1,0,0,0,0,0,15,13.6,34.1,15.0,6.3,5.0,27497,5744,4009
1283,47,3,20260905,14,25,False,90,3,0,0,1,0,0,0,0,0,20,13.6,26.2,0.0,4.0,5.0,35132,5061,5781
1284,48,3,20260905,14,25,False,0,0,0,0,0,0,0,0,0,0,0,0.0,0.0,0.0,0.0,5.0,1852,140,570
1285,49,3,20260905,14,25,False,0,0,0,0,0,0,0,0,0,0,0,0.0,0.0,0.0,0.0,5.0,211,0,63
1286,50,3,20260905,14,25,False,0,0,0,0,0,0,0,0,0,0,0,0.0,0.0,0.0,0.0,4.5,72806,8705,9113
1287,51,3,20260905,14,25,False,74,3,0,0,1,0,0,0,0,0,12,10.8,13.5,21.0,4.5,4.5,110782,36405,14435
1288,52,3,20260905,14,25,False,15,1,0,0,0,0,0,0,0,0,3,0.2,1.8,0.0,0.2,5.0,4733,827,929
1289,53,3,20260905,14,25,False,0,0,0,0,0,0,0,0,0,0,0,0.0,0.0,0.0,0.0,5.9,14230,341,5049
1290,54,3,20260905,14,25,False,0,0,0,0,0,0,0,0,0,0,0,0.0,0.0,0.0,0.0,5.5,4112,90,1185
1291,55,3,20260905,14,25,False,0,0,0,0,0,0,0,0,0,0,0,0.0,0.0,0.0,0.0,7.8,433685,4250,309379
1292,56,3,20260905,14,25,False,5,1,0,0,0,0,0,0,0,0,3,2.0,1.0,0.0,0.3,5.5,14917,4925,2751
1293,57,3,20260905,23,27,False,90,1,0,0,0,2,0,0,0,0,0,3.4,0.0,0.0,0.3,4.5,349425,45982,34952
1294,58,3,20260905,23,27,False,0,0,0,0,0,0,0,0,0,0,0,0.0,0.0,0.0,0.0,4.0,371559,38348,21325
1295,59,3,20260905,23,27,False,0,0,0,0,0,0,0,0,0,0,0,0.0,0.0,0.0,0.0,4.0,15695,0,2784
1296,60,3,20260905,23,27,False,90,1,0,0,0,2,0,0,0,0,4,16.8,31.5,2.0,5.0,5.5,87381,7094,11668
1297,61,3,20260905,23,27,False,90,0,0,0,0,2,1,0,0,0,-3,10.2,15.7,2.0,2.8,5.5,387734,11879,42084
1298,62,3,20260905,23,27,False,0,0,0,0,0,0,0,0,0,0,0,0.0,0.0,0.0,0.0,5.0,18773,1710,3863
1299,63,3,20260905,23,27,False,0,0,0,0,0,0,0,0,0,0,0,0.0,0.0,0.0,0.0,5.0,919,88,242
1300,64,3,20260905,23,27,False,90,0,0,0,0,2,1,0,0,0,3,9.6,25.3,4.0,3.9,4.5,13869,1630,2091
1301,65,3,20260905,23,27,False,0,0,0,0,0,0,0,0,0,0,0,0.0,0.0,0.0,0.0,4.5,1391,96,366
1302,66,3,20260905,23,27,False,0,0,0,0,0,0,0,0,0,0,0,0.0,0.0,0.0,0.0,4.0,30657,6046,2355
1303,67,3,20260905,23,27,False,88,2,0,0,0,2,0,0,0,0,8,1.6,0.9,10.0,1.3,6.5,230133,11708,60024
1304,68,3,20260905,23,27,False,88,10,1,0,0,2,0,0,0,3,43,46.6,13.2,77.0,13.7,6.0,230783,28263,49848
1305,69,3,20260905,23,27,False,90,10,0,2,0,2,0,0,0,2,37,13.4,22.9,12.0,4.8,6.0,210299,56885,17771
1306,70,3,20260905,23,27,False,75,1,0,0,0,1,1,0,0,0,6,0.0,2.0,3.0,0.2,6.0,113173,10830,23522
1307,71,3,20260905,23,27,False,14,1,0,0,0,1,0,0,0,0,2,0.0,0.3,0.0,0.0,5.0,23118,6600,3843
1308,72,3,20260905,23,27,False,1,1,0,0,0,0,0,0,0,0,3,2.0,0.5,5.0,0.8,5.0,7170,384,1549
1309,73,3,20260905,23,27,False,75,4,0,0,0,1,0,0,0,0,15,12.2,11.5,0.0,2.4,5.0,26019,5588,4691
1310,74,3,20260905,23,27,False,14,1,0,0,0,1,0,0,0,0,2,0.0,0.0,0.0,0.0,5.0,5938,1296,1004
1311,75,3,20260905,23,27,False,1,1,0,0,0,0,0,0,0,0,3,0.0,0.0,0.0,0.0,5.0,2833,1038,516
1312,76,3,20260905,23,27,False,0,0,0,0,0,0,0,0,0,0,0,0.0,0.0,0.0,0.0,5.0,1563,123,231
1313,77,3,20260905,23,27,False,0,0,0,0,0,0,0,0,0,0,0,0.0,0.0,0.0,0.0,4.9,1803,136,627
1314,78,3,20260905,23,27,False,0,0,0,0,0,0,0,0,0,0,0,0.0,0.0,0.0,0.0,7.4,23655,246,7960
1315,79,3,20260905,23,27,False,90,2,0,0,0,2,0,0,0,0,4,3.2,5.1,21.0,2.9,6.0,336364,69571,43452
1316,80,3,20260905,23,27,False,0,0,0,0,0,0,0,0,0,0,0,0.0,0.0,0.0,0.0,5.5,1977,0,522
1317,81,3,20260905,23,27,False,0,0,0,0,0,0,0,0,0,0,0,0.0,0.0,0.0,0.0,6.0,12281,1521,1919
1318,82,3,20260905,29,22,True,90,2,0,0,0,1,0,0,2,0,10,16.8,0.0,0.0,1.7,5.0,832099,113703,58945
1319,83,3,20260905,29,22,True,0,0,0,0,0,0,0,0,0,0,0,0.0,0.0,0.0,0.0,4.5,11246,975,1407
1320,84,3,20260905,29,22,True,16,1,0,0,0,0,0,0,0,0,4,1.0,0.0,0.0,0.1,5.5,271484,32175,20584
1321,85,3,20260905,29,22,True,0,0,0,0,0,0,0,0,0,0,0,0.0,0.0,0.0,0.0,4.9,8510,121,2463
1322,86,3,20260905,29,22,True,90,2,0,0,0,1,0,0,0,0,4,8.2,45.1,22.0,7.5,5.5,235201,101209,26327
1323,87,3,20260905,29,22,True,90,2,0,0,0,1,0,0,0,0,8,11.8,0.3,0.0,1.2,4.5,610187,174453,61930
1324,88,3,20260905,29,22,True,45,1,0,0,0,0,0,0,0,0,2,7.6,0.3,2.0,1.0,4.6,1044649,201513,79610
1325,89,3,20260905,29,22,True,0,0,0,0,0,0,0,0,0,0,0,0.0,0.0,0.0,0.0,4.5,22909,561,2202
1326,90,3,20260905,29,22,True,45,1,0,0,0,1,0,0,0,0,0,7.6,1.0,0.0,0.9,4.5,7835,653,892
1327,91,3,20260905,20,26,False,90,3,0,0,0,1,1,0,0,0,3,18.2,0.0,6.0,2.4,4.5,7182,505,1316
1328,92,3,20260905,29,22,True,0,0,0,0,0,0,0,0,0,0,0,0.0,0.0,0.0,0.0,4.5,1937,151,284
1329,93,3,20260905,29,22,True,73,4,0,0,0,1,0,0,0,0,11,17.2,0.2,4.0,2.1,4.5,15267,166,1472
1330,94,3,20260905,29,22,True,90,2,0,0,0,1,0,0,0,0,11,4.0,13.3,8.0,2.5,6.0,492340,140288,47506
1331,95,3,20260905,29,22,True,45,1,0,0,0,0,0,0,0,0,6,6.8,11.3,0.0,1.8,6.5,85265,4607,29581
1332,96,3,20260905,29,22,True,85,8,0,1,0,1,0,0,0,3,30,10.0,28.5,6.0,4.5,5.5,49863,3933,7667
1333,97,3,20260905,29,22,True,0,0,0,0,0,0,0,0,0,0,0,0.0,0.0,0.0,0.0,5.5,16413,569,6909
1334,98,3,20260905,29,22,True,90,11,1,0,0,1,1,0,0,3,30,48.0,3.1,17.0,6.8,5.0,69448,29605,13590
1335,99,3,20260905,29,22,True,0,0,0,0,0,0,0,0,0,0,0,0.0,0.0,0.0,0.0,5.0,190,34,42
1336,100,3,20260905,29,22,True,0,0,0,0,0,0,0,0,0,0,0,0.0,0.0,0.0,0.0,5.0,2107,543,358
1337,101,3,20260906,2,29,False,0,0,0,0,0,0,0,0,0,0,0,0.0,0.0,0.0,0.0,5.0,3322,209,766
1338,102,3,20260905,29,22,True,45,0,0,0,0,1,1,0,0,0,1,2.4,3.4,2.0,0.8,4.9,93335,1076,19306
1339,103,3,20260905,29,22,True,0,0,0,0,0,0,0,0,0,0,0,0.0,0.0,0.0,0.0,5.0,2280,180,549
1340,104,3,20260905,20,26,False,62,2,0,0,0,1,0,0,0,0,5,0.4,0.4,0.0,0.1,5.0,12452,379,4205
1341,105,3,20260905,29,22,True,45,1,0,0,0,1,0,0,0,0,3,0.0,2.2,3.0,0.4,6.0,16152,1644,3351
1342,106,3,20260905,29,22,True,90,2,0,0,0,1,0,0,0,0,9,16.0,1.4,43.0,6.0,8.0,1462107,72058,312788
1343,107,3,20260905,29,22,True,0,0,0,0,0,0,0,0,0,0,0,0.0,0.0,0.0,0.0,4.5,116698,27280,13785
1344,108,3,20260905,29,22,True,4,1,0,0,0,0,0,0,0,0,2,1.0,0.0,0.0,0.1,5.5,38790,5560,7284
1345,109,3,20260905,16,23,True,90,3,0,0,0,1,0,0,3,0,17,29.2,3.0,0.0,3.2,4.5,2293721,270948,156898
1346,110,3,20260905,20,26,False,90,2,0,0,0,1,0,0,2,0,13,18.8,0.0,0.0,1.9,4.5,95482,2938,18953
1347,111,3,20260905,16,23,True,0,0,0,0,0,0,0,0,0,0,0,0.0,0.0,0.0,0.0,4.0,459848,62093,34259
1348,112,3,20260905,25,28,False,90,8,0,0,1,0,0,0,0,2,29,16.6,12.8,11.0,4.0,4.9,733037,21192,219579
1349,113,3,20260905,16,23,True,77,2,0,0,0,1,0,0,0,0,8,12.6,12.5,19.0,4.4,4.4,203285,12724,32633
1350,114,3,20260905,16,23,True,90,2,0,0,0,1,0,0,0,0,17,20.6,62.3,0.0,8.3,4.5,31479,6293,3995
1351,115,3,20260905,16,23,True,76,4,0,1,0,1,1,0,0,0,17,19.6,22.1,2.0,4.4,4.7,1978466,871841,109810
1352,116,3,20260905,16,23,True,90,5,0,0,0,1,0,0,0,1,20,30.8,1.9,4.0,3.7,4.5,133493,20326,13758
1353,117,3,20260905,16,23,True,0,0,0,0,0,0,0,0,0,0,0,0.0,0.0,0.0,0.0,4.5,2029,261,296
1354,118,3,20260905,16,23,True,0,0,0,0,0,0,0,0,0,0,0,0.0,0.0,0.0,0.0,4.5,7052,444,1895
1355,119,3,20260905,16,23,True,12,1,0,0,0,0,0,0,0,0,7,5.8,14.5,0.0,2.0,4.5,3762,400,472
1356,120,3,20260905,16,23,True,0,0,0,0,0,0,0,0,0,0,0,0.0,0.0,0.0,0.0,5.0,5613,863,987
1357,121,3,20260905,16,23,True,0,0,0,0,0,0,0,0,0,0,0,0.0,0.0,0.0,0.0,6.0,3542,130,951
1358,122,3,20260905,16,23,True,0,0,0,0,0,0,0,0,0,0,0,0.0,0.0,0.0,0.0,5.9,4472,87,1926
1359,123,3,20260905,16,23,True,0,0,0,0,0,0,0,0,0,0,0,0.0,0.0,0.0,0.0,6.0,129183,6623,98695
1360,124,3,20260905,16,23,True,90,1,0,0,0,1,1,0,0,0,-1,0.0,16.5,19.0,3.2,5.5,1691790,448315,107204
1361,125,3,20260905,16,23,True,0,0,0,0,0,0,0,0,0,0,0,0.0,0.0,0.0,0.0,5.5,74079,4546,26476
1362,126,3,20260905,16,23,True,0,0,0,0,0,0,0,0,0,0,0,0.0,0.0,0.0,0.0,5.5,10276,1040,1949
1363,127,3,20260905,16,23,True,90,2,0,0,0,1,0,0,0,0,13,15.2,26.4,30.0,7.2,5.0,525464,177501,60112
1364,128,3,20260905,16,23,True,0,0,0,0,0,0,0,0,0,0,0,0.0,0.0,0.0,0.0,5.0,257,0,94
1365,129,3,20260905,16,23,True,90,2,0,0,0,1,0,0,0,0,18,11.4,14.8,18.0,4.4,5.4,42114,1443,21335
1366,130,3,20260905,16,23,True,0,0,0,0,0,0,0,0,0,0,0,0.0,0.0,0.0,0.0,5.0,46414,12362,12835
1367,131,3,20260906,11,30,False,0,0,0,0,0,0,0,0,0,0,0,0.0,0.0,0.0,0.0,5.0,14956,1696,4974
1368,132,3,20260905,16,23,True,0,0,0,0,0,0,0,0,0,0,0,0.0,0.0,0.0,0.0,4.5,4183,0,976
1369,133,3,20260905,16,23,True,0,0,0,0,0,0,0,0,0,0,0,0.0,0.0,0.0,0.0,5.0,139,0,46
1370,134,3,20260905,16,23,True,0,0,0,0,0,0,0,0,0,0,0,0.0,0.0,0.0,0.0,4.5,29432,3612,3759
1371,135,3,20260905,16,23,True,0,0,0,0,0,0,0,0,0,0,0,0.0,0.0,0.0,0.0,5.0,6108,517,1579
1372,136,3,20260906,2,29,False,3,1,0,0,0,0,0,0,0,0,3,0.0,0.3,2.0,0.2,5.9,84671,7873,24376
1373,137,3,20260905,16,23,True,0,0,0,0,0,0,0,0,0,0,0,0.0,0.0,0.0,0.0,5.5,754,80,210
1374,138,3,20260905,16,23,True,90,2,0,0,0,1,0,0,0,0,9,9.6,5.3,24.0,3.9,5.5,52785,29733,6118
1375,139,3,20260905,16,23,True,0,0,0,0,0,0,0,0,0,0,0,0.0,0.0,0.0,0.0,5.0,3252,545,718
1376,140,3,20260906,2,29,False,0,0,0,0,0,0,0,0,0,0,0,0.0,0.0,0.0,0.0,4.9,130954,1923,84362
1377,141,3,20260906,2,29,False,0,0,0,0,0,0,0,0,0,0,0,0.0,0.0,0.0,0.0,5.0,1022,0,270
1378,142,3,20260906,2,29,False,90,1,0,0,0,2,0,0,0,0,9,12.6,15.0,13.0,4.1,5.5,810910,27039,211162
1379,143,3,20260906,2,29,False,0,0,0,0,0,0,0,0,0,0,0,0.0,0.0,0.0,0.0,5.5,9527,0,3529
1380,144,3,20260906,2,29,False,30,1,0,0,0,0,0,0,0,0,4,3.0,3.4,1.0,0.7,5.0,116347,9926,21521
1381,145,3,20260906,2,29,False,90,3,0,0,0,2,0,0,0,0,16,39.8,22.8,0.0,6.3,5.0,7346,2579,1228
1382,146,3,20260906,2,29,False,0,0,0,0,0,0,0,0,0,0,0,0.0,0.0,0.0,0.0,4.5,1405,0,719
1383,147,3,20260905,25,28,False,0,0,0,0,0,0,0,0,0,0,0,0.0,0.0,0.0,0.0,4.5,17692,553,2557
1384,148,3,20260906,2,29,False,59,3,0,1,0,2,0,0,0,0,5,34.8,11.2,2.0,4.8,4.5,65104,22516,10427
1385,149,3,20260906,2,29,False,0,0,0,0,0,0,0,0,0,0,0,0.0,0.0,0.0,0.0,5.0,124492,7720,33598
1386,150,3,20260906,2,29,False,0,0,0,0,0,0,0,0,0,0,0,0.0,0.0,0.0,0.0,4.5,4381,24,3349
1387,151,3,20260906,2,29,False,90,1,0,0,0,2,0,0,0,0,-3,2.2,1.8,4.0,0.8,4.5,38207,4792,6781
1388,152,3,20260906,2,29,False,0,0,0,0,0,0,0,0,0,0,0,0.0,0.0,0.0,0.0,5.4,121873,821,80003
1389,153,3,20260905,12,24,False,90,3,0,0,0,2,0,0,0,0,14,31.4,13.3,2.0,4.7,4.5,7480,1511,1008
1390,154,3,20260906,2,29,False,90,1,0,0,0,2,1,0,0,0,11,7.0,15.8,32.0,5.5,9.6,1912956,387902,192800
1391,155,3,20260905,9,26,True,75,3,0,0,1,0,0,0,0,0,17,10.2,18.9,18.0,4.7,6.9,341334,30968,132936
1392,156,3,20260906,2,29,False,80,2,0,0,0,2,0,0,0,0,10,6.2,23.8,14.0,4.4,6.5,130367,21878,19579
1393,157,3,20260906,2,29,False,9,1,0,0,0,0,0,0,0,0,5,3.2,0.4,17.0,2.1,6.4,84845,3486,34752
1394,158,3,20260906,2,29,False,0,0,0,0,0,0,0,0,0,0,0,0.0,0.0,0.0,0.0,5.9,2954,260,975
1395,159,3,20260906,2,29,False,0,0,0,0,0,0,0,0,0,0,0,0.0,0.0,0.0,0.0,5.4,192746,3231,92151
1396,160,3,20260905,14,25,False,15,1,0,0,0,0,0,0,0,0,4,1.0,1.6,0.0,0.3,5.9,46064,2557,12081
1397,161,3,20260906,2,29,False,59,1,0,0,0,2,0,0,0,0,7,5.8,1.5,0.0,0.7,5.0,20847,13724,3758
1398,162,3,20260906,11,30,False,6,1,0,0,0,1,0,0,0,0,4,7.2,0.6,6.0,1.4,4.9,83163,7346,24303
1399,163,3,20260906,2,29,False,0,0,0,0,0,0,0,0,0,0,0,0.0,0.0,0.0,0.0,4.5,16417,1446,4593
1400,164,3,20260906,2,29,False,0,0,0,0,0,0,0,0,0,0,0,0.0,0.0,0.0,0.0,5.4,3704,292,1196
1401,165,3,20260906,2,29,False,90,1,0,0,0,2,1,0,0,0,8,0.0,28.8,9.0,3.7,7.7,7177659,446528,190771
1402,166,3,20260905,14,25,False,84,2,0,0,1,0,0,0,0,0,10,1.2,17.5,20.0,3.9,6.5,115958,46877,9043
1403,167,3,20260905,31,28,True,73,2,0,0,1,0,0,0,0,0,6,2.4,20.8,5.0,2.8,5.5,83350,36946,11977
1404,168,3,20260906,2,29,False,0,0,0,0,0,0,0,0,0,0,0,0.0,0.0,0.0,0.0,5.0,33721,1924,12787
1405,169,3,20260906,2,29,False,0,0,0,0,0,0,0,0,0,0,0,0.0,0.0,0.0,0.0,4.5,43546,8439,5758
1406,170,3,20260906,2,29,False,0,0,0,0,0,0,0,0,0,0,0,0.0,0.0,0.0,0.0,5.0,15735,2709,3248
1407,171,3,20260905,20,26,False,0,0,0,0,0,0,0,0,0,0,0,0.0,0.0,0.0,0.0,4.0,141466,6290,18295
1408,172,3,20260905,20,26,False,0,0,0,0,0,0,0,0,0,0,0,0.0,0.0,0.0,0.0,4.5,41782,265,4207
1409,173,3,20260905,20,26,False,90,4,0,0,0,1,0,0,0,0,19,20.6,20.8,24.0,6.5,4.0,883716,114108,69667
1410,174,3,20260905,20,26,False,0,0,0,0,0,0,0,0,0,0,0,0.0,0.0,0.0,0.0,4.0,53997,461,10437
1411,175,3,20260905,20,26,False,90,3,0,0,0,1,1,0,0,0,5,16.8,5.2,2.0,2.4,4.0,1209039,41712,121967
1412,176,3,20260905,20,26,False,84,2,0,0,0,1,0,0,0,0,10,21.8,14.9,0.0,3.7,4.0,79293,2664,7186
1413,177,3,20260905,20,26,False,0,0,0,0,0,0,0,0,0,0,0,0.0,0.0,0.0,0.0,4.0,4676,131,1262
1414,178,3,20260905,20,26,False,0,0,0,0,0,0,0,0,0,0,0,0.0,0.0,0.0,0.0,4.0,8763,663,978
1415,179,3,20260905,20,26,False,0,0,0,0,0,0,0,0,0,0,0,0.0,0.0,0.0,0.0,4.0,4150,319,480
1416,180,3,20260905,20,26,False,0,0,0,0,0,0,0,0,0,0,0,0.0,0.0,0.0,0.0,4.0,15091,659,3181
1417,181,3,20260905,20,26,False,0,0,0,0,0,0,0,0,0,0,0,0.0,0.0,0.0,0.0,4.0,3074,19,975
1418,182,3,20260905,20,26,False,90,2,0,0,0,1,0,0,0,0,4,4.4,1.3,6.0,1.2,4.0,81029,3124,8077
1419,183,3,20260905,20,26,False,62,2,0,0,0,1,0,0,0,0,9,14.4,28.5,33.0,7.6,5.0,12234,706,2569
1420,184,3,20260905,20,26,False,90,2,0,0,0,1,0,0,0,0,8,18.6,2.3,1.0,2.2,5.0,16127,481,3924
1421,185,3,20260905,20,26,False,0,0,0,0,0,0,0,0,0,0,0,0.0,0.0,0.0,0.0,4.9,8559,404,1743
1422,186,3,20260905,20,26,False,70,2,0,0,0,1,0,0,0,0,4,0.0,0.8,2.0,0.1,5.4,10318,228,2088
1423,187,3,20260905,20,26,False,0,0,0,0,0,0,0,0,0,0,0,0.0,0.0,0.0,0.0,4.9,1547,434,404
1424,188,3,20260905,20,26,False,0,0,0,0,0,0,0,0,0,0,0,0.0,0.0,0.0,0.0,5.4,13303,100,2972
1425,189,3,20260905,20,26,False,0,0,0,0,0,0,0,0,0,0,0,0.0,0.0,0.0,0.0,4.5,27151,1697,3739
1426,190,3,20260905,20,26,False,27,1,0,0,0,0,0,0,0,0,9,8.2,24.8,21.0,5.4,5.5,12425,128,3752
1427,191,3,20260905,20,26,False,0,0,0,0,0,0,0,0,0,0,0,0.0,0.0,0.0,0.0,4.5,14534,1263,3688
1428,192,3,20260905,20,26,False,0,0,0,0,0,0,0,0,0,0,0,0.0,0.0,0.0,0.0,4.5,44026,142,17765
1429,193,3,20260905,20,26,False,0,0,0,0,0,0,0,0,0,0,0,0.0,0.0,0.0,0.0,5.4,10607,246,3348
1430,194,3,20260905,20,26,False,19,1,0,0,0,0,0,0,0,0,6,2.2,0.3,2.0,0.5,5.0,84492,16389,17499
1431,195,3,20260905,20,26,False,19,1,0,0,0,0,0,0,0,0,3,5.0,10.0,35.0,5.0,5.0,88094,10057,22001
1432,196,3,20260905,20,26,False,0,0,0,0,0,0,0,0,0,0,0,0.0,0.0,0.0,0.0,5.0,929,0,296
1433,197,3,20260905,20,26,False,0,0,0,0,0,0,0,0,0,0,0,0.0,0.0,0.0,0.0,4.5,3200,0,548
1434,198,3,20260905,12,24,False,90,2,0,0,0,2,0,0,5,0,19,38.4,0.0,0.0,3.8,5.0,188350,15007,18335
1435,199,3,20260905,12,24,False,0,0,0,0,0,0,0,0,0,0,0,0.0,0.0,0.0,0.0,4.5,11282,648,1294
1436,200,3,20260906,2,29,False,90,2,0,0,0,2,1,0,0,0,3,26.0,1.3,2.0,2.9,6.0,839049,32879,150210
1437,201,3,20260905,31,28,True,31,1,0,0,0,0,0,0,0,0,5,2.4,0.8,4.0,0.7,5.4,658550,23260,181718
1438,202,3,20260905,12,24,False,90,1,0,0,0,2,0,0,0,0,8,28.8,0.5,7.0,3.6,5.0,68124,5745,11171
1439,203,3,20260905,12,24,False,90,1,0,0,0,2,0,0,0,0,4,13.0,1.9,0.0,1.5,4.9,25628,1708,5765
1440,204,3,20260905,12,24,False,73,15,2,0,0,2,0,0,0,2,31,78.0,10.7,47.0,13.6,4.5,476563,9051,77583
1441,205,3,20260905,12,24,False,0,0,0,0,0,0,0,0,0,0,0,0.0,0.0,0.0,0.0,4.5,2568,110,704
1442,206,3,20260905,12,24,False,0,0,0,0,0,0,0,0,0,0,0,0.0,0.0,0.0,0.0,4.4,3064,193,1616
1443,207,3,20260905,12,24,False,1,1,0,0,0,0,0,0,0,0,4,1.0,0.3,0.0,0.1,4.4,7148,770,1311
1444,208,3,20260905,12,24,False,0,0,0,0,0,0,0,0,0,0,0,0.0,0.0,0.0,0.0,6.3,109790,330,118429
1445,209,3,20260906,21,30,True,65,1,0,0,0,1,1,0,0,0,3,6.6,22.9,9.0,3.9,5.9,13119,786,3477
1446,210,3,20260905,12,24,False,90,2,0,0,0,2,0,0,0,0,10,14.8,2.8,2.0,2.0,5.5,89835,10076,13720
1447,211,3,20260905,12,24,False,88,5,0,1,0,2,0,0,0,0,25,8.0,42.6,6.0,5.7,5.5,22762,5451,2582
1448,212,3,20260905,12,24,False,16,1,0,0,0,0,0,0,0,0,3,2.4,0.3,0.0,0.3,4.5,969611,37588,133611
1449,213,3,20260905,12,24,False,0,0,0,0,0,0,0,0,0,0,0,0.0,0.0,0.0,0.0,4.9,9259,496,1742
1450,214,3,20260905,12,24,False,88,5,0,1,0,2,0,0,0,0,21,19.6,23.2,6.0,4.9,5.0,28293,4293,4552
1451,215,3,20260905,12,24,False,0,0,0,0,0,0,0,0,0,0,0,0.0,0.0,0.0,0.0,5.0,914,63,338
1452,216,3,20260905,12,24,False,0,0,0,0,0,0,0,0,0,0,0,0.0,0.0,0.0,0.0,5.0,3105,188,1153
1453,217,3,20260905,12,24,False,0,0,0,0,0,0,0,0,0,0,0,0.0,0.0,0.0,0.0,4.9,2633,933,1106
1454,218,3,20260905,12,24,False,0,0,0,0,0,0,0,0,0,0,0,0.0,0.0,0.0,0.0,4.9,6155,984,1320
1455,219,3,20260905,12,24,False,0,0,0,0,0,0,0,0,0,0,0,0.0,0.0,0.0,0.0,5.0,553,51,111
1456,220,3,20260905,12,24,False,0,0,0,0,0,0,0,0,0,0,0,0.0,0.0,0.0,0.0,4.5,151,0,39
1457,221,3,20260905,12,24,False,0,0,0,0,0,0,0,0,0,0,0,0.0,0.0,0.0,0.0,4.5,8457,939,1191
1458,222,3,20260905,12,24,False,45,1,0,0,0,0,0,0,0,0,4,2.4,0.8,0.0,0.3,6.0,51335,7524,8505
1459,223,3,20260905,12,24,False,0,0,0,0,0,0,0,0,0,0,0,0.0,0.0,0.0,0.0,6.4,236661,1227,270528
1460,224,3,20260905,12,24,False,45,4,0,1,0,2,0,0,0,0,16,21.2,10.7,19.0,5.1,5.5,55843,11874,8284
1461,225,3,20260905,12,24,False,0,0,0,0,0,0,0,0,0,0,0,0.0,0.0,0.0,0.0,5.0,0,0,0
1462,226,3,20260906,21,30,True,90,1,0,0,0,2,0,0,1,0,6,9.2,0.0,0.0,0.9,5.5,890933,56478,81924
1463,227,3,20260906,21,30,True,0,0,0,0,0,0,0,0,0,0,0,0.0,0.0,0.0,0.0,5.0,3563,282,558
1464,228,3,20260906,21,30,True,0,0,0,0,0,0,0,0,0,0,0,0.0,0.0,0.0,0.0,4.5,4408,303,514
1465,229,3,20260906,21,30,True,90,3,0,0,0,2,0,0,0,0,11,24.4,1.0,6.0,3.1,6.0,1115834,211638,85557
1466,230,3,20260906,21,30,True,90,3,0,0,0,2,0,0,0,0,10,41.6,0.6,34.0,7.6,5.5,182675,15501,21385
1467,231,3,20260906,21,30,True,0,0,0,0,0,0,0,0,0,0,0,0.0,0.0,0.0,0.0,4.9,105416,2294,33004
1468,232,3,20260906,21,30,True,0,0,0,0,0,0,0,0,0,0,0,0.0,0.0,0.0,0.0,4.9,35192,929,8440
1469,233,3,20260906,21,30,True,90,1,0,0,0,2,0,0,0,0,8,12.8,2.5,0.0,1.5,4.5,178705,40120,26256
1470,234,3,20260906,21,30,True,0,0,0,0,0,0,0,0,0,0,0,0.0,0.0,0.0,0.0,4.5,2692,164,879
1471,235,3,20260906,21,30,True,0,0,0,0,0,0,0,0,0,0,0,0.0,0.0,0.0,0.0,4.0,14764,719,4181
1472,236,3,20260906,21,30,True,90,2,0,0,0,2,0,0,0,0,20,24.0,30.0,33.0,8.7,6.5,440536,60861,92933
1473,237,3,20260905,9,26,True,86,3,0,0,1,0,0,0,0,0,12,7.0,17.9,10.0,3.5,6.0,1152171,81681,473152
1474,238,3,20260906,21,30,True,24,1,0,0,0,1,0,0,0,0,8,6.0,12.3,10.0,2.8,6.5,28839,9521,5532
1475,239,3,20260906,21,30,True,76,2,0,0,0,1,0,0,0,0,19,9.6,31.1,0.0,4.1,6.0,14095,2988,3324
1476,240,3,20260905,3,25,True,0,0,0,0,0,0,0,0,0,0,0,0.0,0.0,0.0,0.0,5.0,1385,309,187
1477,241,3,20260905,12,24,False,0,0,0,0,0,0,0,0,0,0,0,0.0,0.0,0.0,0.0,5.5,14863,540,2482
1478,242,3,20260906,21,30,True,90,10,1,0,0,2,0,0,0,3,35,44.2,34.4,25.0,10.4,5.5,25310,1760,4800
1479,243,3,20260906,21,30,True,0,0,0,0,0,0,0,0,0,0,0,0.0,0.0,0.0,0.0,5.0,8638,815,1939
1480,244,3,20260906,21,30,True,90,1,0,0,0,2,1,0,0,0,5,5.2,6.7,9.0,2.1,5.0,41659,21368,9178
1481,245,3,20260906,21,30,True,0,0,0,0,0,0,0,0,0,0,0,0.0,0.0,0.0,0.0,5.4,3219,356,868
1482,246,3,20260906,21,30,True,74,1,0,0,0,1,1,0,0,0,10,4.4,16.8,0.0,2.1,5.0,5345,580,1167
1483,247,3,20260906,21,30,True,15,4,0,1,0,1,0,0,0,0,14,20.6,25.5,10.0,5.6,5.5,21598,499,3714
1484,248,3,20260906,21,30,True,0,0,0,0,0,0,0,0,0,0,0,0.0,0.0,0.0,0.0,5.4,153951,8513,82131
1485,249,3,20260906,21,30,True,90,2,0,0,0,2,0,0,0,0,7,0.2,15.0,24.0,3.9,5.5,501671,195909,91343
1486,250,3,20260905,10,24,True,90,1,0,0,0,3,0,0,2,0,8,18.8,0.0,0.0,1.9,4.5,339301,41560,27077
1487,251,3,20260905,10,24,True,0,0,0,0,0,0,0,0,0,0,0,0.0,0.0,0.0,0.0,4.0,123475,9450,7851
1488,252,3,20260905,10,24,True,0,0,0,0,0,0,0,0,0,0,0,0.0,0.0,0.0,0.0,4.0,15288,1784,2589
1489,253,3,20260905,10,24,True,90,1,0,0,0,3,0,0,0,0,8,24.4,22.9,6.0,5.3,5.0,15474,5842,2138
1490,254,3,20260905,10,24,True,78,1,0,0,0,3,0,0,0,0,7,14.6,24.8,9.0,4.8,4.5,173615,15006,17182
1491,255,3,20260905,10,24,True,0,0,0,0,0,0,0,0,0,0,0,0.0,0.0,0.0,0.0,4.5,3459,506,689
1492,256,3,20260905,10,24,True,0,0,0,0,0,0,0,0,0,0,0,0.0,0.0,0.0,0.0,4.5,23617,430,3016
1493,257,3,20260905,10,24,True,90,1,0,0,0,3,0,0,0,0,2,13.8,6.4,0.0,2.0,4.5,79648,8199,7975
1494,258,3,20260905,10,24,True,90,1,0,0,0,3,0,0,0,0,-1,20.6,24.1,30.0,7.5,4.5,105919,44214,10839
1495,259,3,20260904,18,21,True,90,3,0,0,0,2,0,0,0,0,10,27.2,10.8,0.0,3.8,4.0,1603991,43514,125150
1496,260,3,20260905,5,23,False,17,0,0,0,0,0,1,0,0,0,0,1.4,20.3,2.0,2.4,6.4,401861,7327,155605
1497,261,3,20260905,10,24,True,82,2,0,0,0,3,0,0,0,0,15,7.6,23.7,11.0,4.2,5.5,88922,7354,16871
1498,262,3,20260905,10,24,True,11,1,0,0,0,0,0,0,0,0,3,0.2,0.5,2.0,0.3,5.5,32334,1425,6526
1499,263,3,20260905,10,24,True,0,0,0,0,0,0,0,0,0,0,0,0.0,0.0,0.0,0.0,5.4,4945,553,1342
1500,264,3,20260905,10,24,True,78,2,0,0,0,3,0,0,0,0,17,11.2,58.8,53.0,12.3,5.5,34364,4635,5995
1501,265,3,20260905,10,24,True,29,1,0,0,0,1,0,0,0,0,9,3.2,2.9,0.0,0.6,5.0,36133,1875,5184
1502,266,3,20260905,10,24,True,0,0,0,0,0,0,0,0,0,0,0,0.0,0.0,0.0,0.0,5.0,335,24,82
1503,267,3,20260904,18,21,True,90,2,0,0,0,2,0,0,0,0,13,10.4,14.2,0.0,2.5,5.0,11933,809,1806
1504,268,3,20260905,10,24,True,90,10,1,0,0,3,0,0,0,3,38,44.6,26.0,34.0,10.5,5.5,76528,23134,13472
1505,269,3,20260905,10,24,True,11,1,0,0,0,0,0,0,0,0,3,2.0,14.8,4.0,2.1,4.5,37980,887,4843
1506,270,3,20260905,10,24,True,0,0,0,0,0,0,0,0,0,0,0,0.0,0.0,0.0,0.0,4.5,132811,8075,19076
1507,271,3,20260905,10,24,True,7,1,0,0,0,0,0,0,0,0,5,3.2,10.1,27.0,4.0,5.5,49384,4409,11328
1508,272,3,20260905,10,24,True,0,0,0,0,0,0,0,0,0,0,0,0.0,0.0,0.0,0.0,4.5,689011,60586,71945
1509,273,3,20260905,3,25,True,0,0,0,0,0,0,0,0,0,0,0,0.0,0.0,0.0,0.0,4.0,154754,9318,11240
1510,274,3,20260905,3,25,True,0,0,0,0,0,0,0,0,0,0,0,0.0,0.0,0.0,0.0,4.5,8463,166,1467
1511,275,3,20260905,3,25,True,0,0,0,0,0,0,0,0,0,0,0,0.0,0.0,0.0,0.0,4.0,816,0,83
1512,276,3,20260905,3,25,True,0,0,0,0,0,0,0,0,0,0,0,0.0,0.0,0.0,0.0,4.0,2831,0,272
1513,277,3,20260905,3,25,True,90,6,0,0,1,0,0,0,0,0,18,15.4,0.1,0.0,1.6,4.0,623541,335706,57666
1514,278,3,20260905,3,25,True,0,0,0,0,0,0,0,0,0,0,0,0.0,0.0,0.0,0.0,4.0,9038,138,1820
1515,279,3,20260905,3,25,True,90,5,0,0,1,0,1,0,0,0,17,11.0,0.7,0.0,1.2,4.1,1055220,631920,69249
1516,280,3,20260905,3,25,True,63,6,0,0,1,0,0,0,0,0,19,1.4,4.6,0.0,0.6,4.0,54378,1532,10186
1517,281,3,20260905,3,25,True,0,0,0,0,0,0,0,0,0,0,0,0.0,0.0,0.0,0.0,4.0,6824,1010,1673
1518,282,3,20260905,3,25,True,90,8,0,0,1,0,0,0,0,2,30,14.8,26.4,0.0,4.1,4.0,123114,26812,8343
1519,283,3,20260905,3,25,True,0,0,0,0,0,0,0,0,0,0,0,0.0,0.0,0.0,0.0,4.0,1068,57,210
1520,284,3,20260905,3,25,True,0,0,0,0,0,0,0,0,0,0,0,0.0,0.0,0.0,0.0,4.0,9409,1507,1212
1521,285,3,20260905,3,25,True,0,0,0,0,0,0,0,0,0,0,0,0.0,0.0,0.0,0.0,4.0,13231,1008,1499
1522,286,3,20260905,3,25,True,81,5,0,0,1,0,0,0,0,0,15,22.8,12.4,10.0,4.5,5.0,88726,26562,10439
1523,287,3,20260905,3,25,True,0,0,0,0,0,0,0,0,0,0,0,0.0,0.0,0.0,0.0,5.0,6931,2873,2733
1524,288,3,20260905,3,25,True,0,0,0,0,0,0,0,0,0,0,0,0.0,0.0,0.0,0.0,4.5,37923,5767,5932
1525,289,3,20260905,3,25,True,0,0,0,0,0,0,0,0,0,0,0,0.0,0.0,0.0,0.0,4.5,57596,2885,15250
1526,290,3,20260905,3,25,True,90,3,0,0,1,0,0,0,0,0,10,10.6,12.3,8.0,3.1,4.5,523606,157568,66242
1527,291,3,20260905,3,25,True,0,0,0,0,0,0,0,0,0,0,0,0.0,0.0,0.0,0.0,4.5,637,103,136
1528,292,3,20260905,3,25,True,0,0,0,0,0,0,0,0,0,0,0,0.0,0.0,0.0,0.0,4.9,1697,323,454
1529,293,3,20260905,3,25,True,0,0,0,0,0,0,0,0,0,0,0,0.0,0.0,0.0,0.0,5.0,258,0,96
1530,294,3,20260905,3,25,True,0,0,0,0,0,0,0,0,0,0,0,0.0,0.0,0.0,0.0,4.5,9216,645,1908
1531,295,3,20260905,3,25,True,90,2,0,0,1,0,0,0,0,0,2,2.6,11.3,15.0,2.9,5.5,211366,40632,50000
1532,296,3,20260905,3,25,True,0,0,0,0,0,0,0,0,0,0,0,0.0,0.0,0.0,0.0,5.0,4439,1268,1335
1533,297,3,20260905,3,25,True,0,0,0,0,0,0,0,0,0,0,0,0.0,0.0,0.0,0.0,4.5,2158,141,443
1534,298,3,20260905,3,25,True,0,0,0,0,0,0,0,0,0,0,0,0.0,0.0,0.0,0.0,4.5,26020,0,5574
1535,299,3,20260905,3,25,True,0,0,0,0,0,0,0,0,0,0,0,0.0,0.0,0.0,0.0,4.5,4321,0,778
1536,300,3,20260904,18,21,True,0,0,0,0,0,0,0,0,0,0,0,0.0,0.0,0.0,0.0,4.5,44862,350,4464
1537,301,3,20260904,18,21,True,0,0,0,0,0,0,0,0,0,0,0,0.0,0.0,0.0,0.0,4.0,452044,29680,30867
1538,302,3,20260904,18,21,True,0,0,0,0,0,0,0,0,0,0,0,0.0,0.0,0.0,0.0,4.0,51311,7597,3881
1539,303,3,20260904,18,21,True,0,0,0,0,0,0,0,0,0,0,0,0.0,0.0,0.0,0.0,4.0,56159,632,5424
1540,304,3,20260904,18,21,True,90,3,0,0,0,2,0,0,0,0,5,23.8,4.4,4.0,3.2,4.0,330000,22172,37193
1541,305,3,20260904,18,21,True,90,1,0,0,0,2,0,0,0,0,4,17.4,21.5,19.0,5.8,4.0,540194,62873,39956
1542,306,3,20260904,18,21,True,90,1,0,0,0,2,0,0,0,0,6,15.0,12.3,4.0,3.1,4.0,134162,2678,11273
1543,307,3,20260904,18,21,True,0,0,0,0,0,0,0,0,0,0,0,0.0,0.0,0.0,0.0,4.0,10397,710,1368
1544,308,3,20260904,18,21,True,0,0,0,0,0,0,0,0,0,0,0,0.0,0.0,0.0,0.0,4.0,55806,612,4548
1545,309,3,20260904,18,21,True,0,0,0,0,0,0,0,0,0,0,0,0.0,0.0,0.0,0.0,5.0,13914,1106,1985
1546,310,3,20260904,18,21,True,0,0,0,0,0,0,0,0,0,0,0,0.0,0.0,0.0,0.0,5.0,278,12,67
1547,311,3,20260904,18,21,True,0,0,0,0,0,0,0,0,0,0,0,0.0,0.0,0.0,0.0,5.0,278,0,88
1548,312,3,20260904,18,21,True,0,0,0,0,0,0,0,0,0,0,0,0.0,0.0,0.0,0.0,4.5,3500,190,695
1549,313,3,20260904,18,21,True,24,1,0,0,0,0,0,0,0,0,3,3.4,11.7,4.0,1.9,5.5,24744,1167,5726
1550,314,3,20260904,18,21,True,0,0,0,0,0,0,0,0,0,0,0,0.0,0.0,0.0,0.0,4.9,1159,67,418
1551,315,3,20260904,18,21,True,78,2,0,0,0,2,0,0,0,0,14,10.2,32.9,4.0,4.7,5.5,21660,2126,2975
1552,316,3,20260904,18,21,True,65,2,0,0,0,2,0,0,0,0,8,3.2,0.0,8.0,1.1,5.5,167319,20740,51244
1553,317,3,20260904,18,21,True,0,0,0,0,0,0,0,0,0,0,0,0.0,0.0,0.0,0.0,5.0,11907,0,4365
1554,318,3,20260904,18,21,True,0,0,0,0,0,0,0,0,0,0,0,0.0,0.0,0.0,0.0,5.4,9209,41,3450
1555,319,3,20260904,18,21,True,0,0,0,0,0,0,0,0,0,0,0,0.0,0.0,0.0,0.0,5.0,427,0,191
1556,320,3,20260904,18,21,True,0,0,0,0,0,0,0,0,0,0,0,0.0,0.0,0.0,0.0,5.0,114005,62654,17220
1557,321,3,20260904,18,21,True,0,0,0,0,0,0,0,0,0,0,0,0.0,0.0,0.0,0.0,4.5,367243,127698,54154
1558,322,3,20260904,18,21,True,0,0,0,0,0,0,0,0,0,0,0,0.0,0.0,0.0,0.0,5.0,8170,0,3877
1559,323,3,20260904,18,21,True,11,1,0,0,0,0,0,0,0,0,5,3.2,0.5,7.0,1.1,4.5,133131,11626,15966
1560,324,3,20260904,18,21,True,0,0,0,0,0,0,0,0,0,0,0,0.0,0.0,0.0,0.0,4.9,4120,109,757
1561,325,3,20260906,11,30,False,0,0,0,0,0,0,0,0,0,0,0,0.0,0.0,0.0,0.0,4.5,4184,340,462
1562,326,3,20260905,5,23,False,0,0,0,0,0,0,0,0,0,0,0,0.0,0.0,0.0,0.0,4.5,45033,204,9457
1563,327,3,20260905,5,23,False,29,1,0,0,0,1,0,0,0,0,1,6.2,0.0,0.0,0.6,5.0,95603,14908,17527
1564,328,3,20260905,16,23,True,1,1,0,0,0,0,0,0,0,0,3,0.2,0.1,0.0,0.0,5.0,21218,1548,3676
1565,329,3,20260905,5,23,False,0,0,0,0,0,0,0,0,0,0,0,0.0,0.0,0.0,0.0,4.5,220934,5070,127627
1566,330,3,20260905,5,23,False,60,14,1,0,1,0,1,0,0,3,30,35.4,1.7,33.0,7.0,4.5,54984,5089,5521
1567,331,3,20260905,5,23,False,90,2,0,0,0,1,0,0,0,0,9,12.6,1.2,2.0,1.6,4.5,4932,644,391
1568,332,3,20260905,5,23,False,90,4,0,0,0,1,0,0,0,0,9,16.8,1.5,21.0,3.9,4.5,150950,35632,21428
1569,333,3,20260905,5,23,False,0,0,0,0,0,0,0,0,0,0,0,0.0,0.0,0.0,0.0,4.5,276,0,63
1570,334,3,20260905,5,23,False,90,4,0,0,0,1,0,0,0,0,10,29.2,0.8,2.0,3.2,5.0,326555,40504,42593
1571,335,3,20260905,5,23,False,90,2,0,0,0,1,0,0,0,0,7,15.4,16.5,19.0,5.1,6.0,303711,62176,49557
1572,336,3,20260905,5,23,False,61,3,0,0,1,0,0,0,0,0,9,1.4,0.6,2.0,0.4,5.9,32691,2519,10891
1573,337,3,20260905,5,23,False,28,1,0,0,0,1,0,0,0,0,5,0.0,1.0,0.0,0.1,5.5,70876,2026,16094
1574,338,3,20260905,5,23,False,90,2,0,0,0,1,0,0,0,0,13,23.6,1.3,0.0,2.5,5.5,117203,3562,19269
1575,339,3,20260905,5,23,False,0,0,0,0,0,0,0,0,0,0,0,0.0,0.0,0.0,0.0,5.0,10952,639,2604
1576,340,3,20260905,3,25,True,0,0,0,0,0,0,0,0,0,0,0,0.0,0.0,0.0,0.0,5.0,1068,99,223
1577,341,3,20260905,5,23,False,0,0,0,0,0,0,0,0,0,0,0,0.0,0.0,0.0,0.0,5.0,1395,226,448
1578,342,3,20260905,5,23,False,0,0,0,0,0,0,0,0,0,0,0,0.0,0.0,0.0,0.0,5.0,81,0,17
1579,343,3,20260905,5,23,False,0,0,0,0,0,0,0,0,0,0,0,0.0,0.0,0.0,0.0,5.0,11657,1599,2291
1580,344,3,20260905,5,23,False,0,0,0,0,0,0,0,0,0,0,0,0.0,0.0,0.0,0.0,5.0,350,33,71
1581,345,3,20260905,5,23,False,72,5,0,1,0,1,0,0,0,0,18,20.8,12.2,13.0,4.6,4.9,21765,3466,4501
1582,346,3,20260905,5,23,False,72,1,0,0,0,1,1,0,0,0,0,4.4,11.3,21.0,3.7,6.0,2612462,198586,343228
1583,347,3,20260905,5,23,False,17,1,0,0,0,0,0,0,0,0,2,0.0,1.8,9.0,0.9,5.5,50649,5427,8539
1584,348,3,20260905,5,23,False,0,0,0,0,0,0,0,0,0,0,0,0.0,0.0,0.0,0.0,5.0,8831,0,2945
1585,349,3,20260905,5,23,False,0,0,0,0,0,0,0,0,0,0,0,0.0,0.0,0.0,0.0,4.5,5679,947,1082
1586,350,3,20260904,15,21,False,90,8,0,0,1,0,0,0,5,1,35,30.4,0.0,0.0,3.0,5.5,402518,42521,57990
1587,351,3,20260904,15,21,False,0,0,0,0,0,0,0,0,0,0,0,0.0,0.0,0.0,0.0,4.9,14432,1002,2840
1588,352,3,20260904,15,21,False,0,0,0,0,0,0,0,0,0,0,0,0.0,0.0,0.0,0.0,4.0,114962,8227,7947
1589,353,3,20260904,15,21,False,0,0,0,0,0,0,0,0,0,0,0,0.0,0.0,0.0,0.0,4.0,2180,0,284
1590,354,3,20260904,15,21,False,0,0,0,0,0,0,0,0,0,0,0,0.0,0.0,0.0,0.0,4.0,1744,549,336
1591,355,3,20260904,15,21,False,0,0,0,0,0,0,0,0,0,0,0,0.0,0.0,0.0,0.0,4.0,16191,1717,1139
1592,356,3,20260904,15,21,False,90,6,0,0,1,0,0,0,0,0,32,23.2,1.8,0.0,2.5,6.5,1837428,67650,273435
1593,357,3,20260904,15,21,False,0,0,0,0,0,0,0,0,0,0,0,0.0,0.0,0.0,0.0,5.5,309643,25094,70400
1594,358,3,20260904,15,21,False,90,5,0,0,1,0,1,0,0,0,23,13.8,11.3,0.0,2.5,5.5,302995,13999,65051
1595,359,3,20260904,15,21,False,0,0,0,0,0,0,0,0,0,0,0,0.0,0.0,0.0,0.0,5.0,1465,70,325
1596,360,3,20260904,15,21,False,0,0,0,0,0,0,0,0,0,0,0,0.0,0.0,0.0,0.0,5.0,1036,114,218
1597,361,3,20260904,15,21,False,0,0,0,0,0,0,0,0,0,0,0,0.0,0.0,0.0,0.0,4.0,13766,1420,1428
1598,362,3,20260904,15,21,False,90,5,0,0,1,0,1,0,0,0,28,22.8,12.5,2.0,3.7,5.0,277052,56823,40517
1599,363,3,20260904,15,21,False,0,0,0,0,0,0,0,0,0,0,0,0.0,0.0,0.0,0.0,4.0,3887,332,617
1600,364,3,20260904,15,21,False,0,0,0,0,0,0,0,0,0,0,0,0.0,0.0,0.0,0.0,5.0,7858,487,1087
1601,365,3,20260904,15,21,False,0,0,0,0,0,0,0,0,0,0,0,0.0,0.0,0.0,0.0,4.0,12989,0,5215
1602,366,3,20260904,15,21,False,90,3,0,0,1,0,0,0,0,0,14,6.6,34.0,22.0,6.3,7.5,1044657,69030,190379
1603,367,3,20260904,15,21,False,90,11,0,2,1,0,0,0,0,2,43,49.6,42.7,13.0,10.5,7.1,933667,234993,131181
1604,368,3,20260904,15,21,False,90,3,0,0,1,0,0,0,0,0,20,19.4,29.9,21.0,7.0,7.0,4313411,281021,386428
1605,369,3,20260904,15,21,False,0,0,0,0,0,0,0,0,0,0,0,0.0,0.0,0.0,0.0,5.9,77015,3473,35409
1606,370,3,20260904,15,21,False,0,0,0,0,0,0,0,0,0,0,0,0.0,0.0,0.0,0.0,5.4,6728,50,4246
1607,371,3,20260904,15,21,False,26,1,0,0,0,0,0,0,0,0,2,2.2,1.7,0.0,0.4,6.0,168420,10774,44970
1608,372,3,20260904,15,21,False,83,2,0,0,1,0,1,0,0,0,14,16.6,12.8,18.0,4.7,5.5,147584,10622,28058
1609,373,3,20260904,15,21,False,0,0,0,0,0,0,0,0,0,0,0,0.0,0.0,0.0,0.0,5.5,2874,1,930
1610,374,3,20260904,15,21,False,0,0,0,0,0,0,0,0,0,0,0,0.0,0.0,0.0,0.0,5.0,6810,798,1446
1611,375,3,20260904,15,21,False,6,1,0,0,0,0,0,0,0,0,3,0.2,0.1,0.0,0.0,5.0,3899,503,822
1612,376,3,20260904,15,21,False,0,0,0,0,0,0,0,0,0,0,0,0.0,0.0,0.0,0.0,5.0,148,11,43
1613,377,3,20260904,15,21,False,63,3,0,0,1,0,0,0,0,0,9,0.8,4.3,6.0,1.1,6.5,147326,83211,23201
1614,378,3,20260904,15,21,False,0,0,0,0,0,0,0,0,0,0,0,0.0,0.0,0.0,0.0,4.5,24779,1404,3323
1615,379,3,20260904,15,21,False,63,13,2,0,1,0,0,0,0,3,61,67.0,6.4,34.0,10.7,9.0,1811350,181587,206849
1616,380,3,20260904,15,21,False,0,0,0,0,0,0,0,0,0,0,0,0.0,0.0,0.0,0.0,7.5,12739,696,3432
1617,381,3,20260904,15,21,False,1,1,0,0,0,0,0,0,0,0,3,0.0,0.0,0.0,0.0,5.0,2473,161,378
1618,382,3,20260904,15,21,False,0,0,0,0,0,0,0,0,0,0,0,0.0,0.0,0.0,0.0,4.5,7591,2915,946
1619,383,3,20260904,15,21,False,0,0,0,0,0,0,0,0,0,0,0,0.0,0.0,0.0,0.0,5.4,5742,527,2456
1620,384,3,20260905,9,26,True,90,7,0,0,1,0,0,0,3,0,29,26.8,0.0,0.0,2.7,5.5,836587,71140,120065
1621,385,3,20260905,5,23,False,90,3,0,0,0,1,0,0,4,0,18,34.8,0.0,0.0,3.5,5.0,532682,81497,48820
1622,386,3,20260905,9,26,True,0,0,0,0,0,0,0,0,0,0,0,0.0,0.0,0.0,0.0,4.5,2867,172,373
1623,387,3,20260905,9,26,True,0,0,0,0,0,0,0,0,0,0,0,0.0,0.0,0.0,0.0,6.5,1933486,97243,291030
1624,388,3,20260905,9,26,True,90,8,0,0,1,0,0,0,0,2,31,28.8,9.6,2.0,4.0,6.0,1945720,122887,182060
1625,389,3,20260905,9,26,True,0,0,0,0,0,0,0,0,0,0,0,0.0,0.0,0.0,0.0,5.9,103772,479,38419
1626,390,3,20260905,9,26,True,90,6,0,0,1,0,0,0,0,0,25,20.6,6.6,0.0,2.7,5.5,186055,20417,23954
1627,391,3,20260905,9,26,True,90,8,0,0,1,0,0,0,0,2,31,18.8,6.9,7.0,3.3,5.6,2019409,548352,120944
1628,392,3,20260905,9,26,True,0,0,0,0,0,0,0,0,0,0,0,0.0,0.0,0.0,0.0,5.4,56252,2020,25071
1629,393,3,20260905,9,26,True,90,5,0,0,1,0,1,0,0,0,22,13.6,3.9,0.0,1.8,5.5,166742,9792,24283
1630,394,3,20260905,9,26,True,0,0,0,0,0,0,0,0,0,0,0,0.0,0.0,0.0,0.0,5.0,589,0,142
1631,395,3,20260905,9,26,True,0,0,0,0,0,0,0,0,0,0,0,0.0,0.0,0.0,0.0,4.5,23634,2152,5733
1632,396,3,20260905,9,26,True,0,0,0,0,0,0,0,0,0,0,0,0.0,0.0,0.0,0.0,4.5,2767,132,262
1633,397,3,20260905,9,26,True,90,6,0,1,1,0,0,0,0,0,26,22.6,45.9,11.0,8.0,8.5,2009104,68628,431121
1634,398,3,20260905,9,26,True,24,1,0,0,0,0,0,0,0,0,3,4.4,14.8,7.0,2.6,7.0,687362,262736,74879
1635,399,3,20260905,9,26,True,65,3,0,0,1,0,0,0,0,0,23,7.4,52.2,24.0,8.4,7.7,3431400,1865890,81942
1636,400,3,20260905,9,26,True,0,0,0,0,0,0,0,0,0,0,0,0.0,0.0,0.0,0.0,7.4,90983,453,34371
1637,401,3,20260905,25,28,False,83,2,0,0,1,0,0,0,0,0,6,0.0,2.4,10.0,1.0,7.0,232425,100495,35588
1638,402,3,20260905,9,26,True,0,0,0,0,0,0,0,0,0,0,0,0.0,0.0,0.0,0.0,6.5,1283,0,269
1639,403,3,20260905,25,28,False,60,3,0,0,1,0,0,0,0,0,15,6.2,17.3,15.0,3.9,6.5,68277,15136,38806
1640,404,3,20260905,9,26,True,0,0,0,0,0,0,0,0,0,0,0,0.0,0.0,0.0,0.0,6.0,4425,0,1696
1641,405,3,20260905,1,27,True,76,2,0,0,0,2,0,0,0,0,11,6.2,12.4,2.0,2.1,5.5,26047,10136,2973
1642,406,3,20260905,9,26,True,0,0,0,0,0,0,0,0,0,0,0,0.0,0.0,0.0,0.0,5.5,8577,647,2147
1643,407,3,20260905,9,26,True,0,0,0,0,0,0,0,0,0,0,0,0.0,0.0,0.0,0.0,4.9,1429,157,506
1644,408,3,20260905,9,26,True,0,0,0,0,0,0,0,0,0,0,0,0.0,0.0,0.0,0.0,5.0,608,0,156
1645,409,3,20260905,9,26,True,0,0,0,0,0,0,0,0,0,0,0,0.0,0.0,0.0,0.0,4.5,14465,694,3975
1646,410,3,20260905,9,26,True,0,0,0,0,0,0,0,0,0,0,0,0.0,0.0,0.0,0.0,4.9,1321,143,452
1647,411,3,20260905,9,26,True,90,9,1,0,1,0,0,0,0,3,40,48.8,13.6,63.0,12.5,15.5,7594638,400573,40510
1648,412,3,20260906,11,30,False,90,2,0,0,0,2,0,0,4,0,13,31.8,0.0,0.0,3.2,5.0,1379189,32200,190582
1649,413,3,20260906,11,30,False,0,0,0,0,0,0,0,0,0,0,0,0.0,0.0,0.0,0.0,4.5,1465,0,292
1650,414,3,20260906,11,30,False,0,0,0,0,0,0,0,0,0,0,0,0.0,0.0,0.0,0.0,4.0,8868,634,976
1651,415,3,20260906,11,30,False,20,1,0,0,0,2,0,0,0,0,3,4.2,1.3,2.0,0.8,5.9,75573,3139,36685
1652,416,3,20260906,11,30,False,0,0,0,0,0,0,0,0,0,0,0,0.0,0.0,0.0,0.0,5.0,2390,96,463
1653,417,3,20260906,11,30,False,83,1,0,0,0,1,1,0,0,0,8,4.8,22.7,6.0,3.4,5.0,219064,9011,38685
1654,418,3,20260906,11,30,False,90,2,0,0,0,2,1,0,0,0,1,26.8,1.3,2.0,3.0,5.0,1407635,49780,290713
1655,419,3,20260906,11,30,False,90,3,0,0,0,2,0,0,0,0,7,29.0,0.3,0.0,2.9,5.0,128156,8174,18118
1656,420,3,20260906,11,30,False,6,1,0,0,0,1,0,0,0,0,1,6.0,0.6,2.0,0.9,4.9,56599,1735,11196
1657,421,3,20260906,11,30,False,0,0,0,0,0,0,0,0,0,0,0,0.0,0.0,0.0,0.0,4.5,34853,1300,8961
1658,422,3,20260906,11,30,False,1,1,0,0,0,1,0,0,0,0,-1,2.2,0.5,2.0,0.5,4.5,64636,3244,13023
1659,423,3,20260906,11,30,False,90,4,0,1,0,1,1,0,0,0,22,42.4,24.8,3.0,7.0,4.5,1575355,30459,333890
1660,424,3,20260906,11,30,False,0,0,0,0,0,0,0,0,0,0,0,0.0,0.0,0.0,0.0,4.0,21308,1942,2356
1661,425,3,20260906,11,30,False,0,0,0,0,0,0,0,0,0,0,0,0.0,0.0,0.0,0.0,4.0,1561,0,329
1662,426,3,20260906,11,30,False,90,2,0,0,0,2,0,0,0,0,11,3.4,33.6,14.0,5.1,12.0,5025755,371832,335082
1663,427,3,20260906,11,30,False,90,8,1,0,0,2,0,0,0,1,29,39.8,13.7,18.0,7.2,8.0,2705759,92628,844912
1664,428,3,20260906,11,30,False,69,3,0,0,1,0,0,0,0,0,10,2.8,6.2,10.0,1.9,8.0,802045,23584,157767
1665,429,3,20260906,11,30,False,69,3,0,0,1,0,0,0,0,0,11,3.8,12.5,8.0,2.4,7.0,166436,22811,37855
1666,430,3,20260906,11,30,False,0,0,0,0,0,0,0,0,0,0,0,0.0,0.0,0.0,0.0,5.4,2327,60,590
1667,431,3,20260906,11,30,False,0,0,0,0,0,0,0,0,0,0,0,0.0,0.0,0.0,0.0,5.8,50069,243,42803
1668,432,3,20260906,11,30,False,83,9,0,1,0,1,0,0,0,2,32,34.2,24.5,0.0,5.9,5.5,117218,19482,13131
1669,433,3,20260906,11,30,False,0,0,0,0,0,0,0,0,0,0,0,0.0,0.0,0.0,0.0,5.0,371,32,69
1670,434,3,20260906,11,30,False,0,0,0,0,0,0,0,0,0,0,0,0.0,0.0,0.0,0.0,5.0,1121,84,186
1671,435,3,20260906,11,30,False,0,0,0,0,0,0,0,0,0,0,0,0.0,0.0,0.0,0.0,5.0,5286,298,1038
1672,436,3,20260906,11,30,False,0,0,0,0,0,0,0,0,0,0,0,0.0,0.0,0.0,0.0,5.0,1461,90,381
1673,437,3,20260906,11,30,False,0,0,0,0,0,0,0,0,0,0,0,0.0,0.0,0.0,0.0,4.5,18885,1762,2696
1674,438,3,20260906,11,30,False,0,0,0,0,0,0,0,0,0,0,0,0.0,0.0,0.0,0.0,4.5,32226,1884,4320
1675,439,3,20260906,11,30,False,20,5,1,0,0,2,0,0,0,0,28,31.2,0.2,21.0,5.2,7.0,161952,15581,48500
1676,440,3,20260906,11,30,False,0,0,0,0,0,0,0,0,0,0,0,0.0,0.0,0.0,0.0,5.4,47734,5615,12906
1677,441,3,20260906,11,30,False,0,0,0,0,0,0,0,0,0,0,0,0.0,0.0,0.0,0.0,4.5,125871,19118,15838
1678,442,3,20260905,1,27,True,0,0,0,0,0,0,0,0,0,0,0,0.0,0.0,0.0,0.0,5.0,115196,4952,19209
1679,443,3,20260905,1,27,True,0,0,0,0,0,0,0,0,0,0,0,0.0,0.0,0.0,0.0,4.5,3576,239,382
1680,444,3,20260905,1,27,True,0,0,0,0,0,0,0,0,0,0,0,0.0,0.0,0.0,0.0,4.5,2647,182,461
1681,445,3,20260905,1,27,True,90,-1,0,0,0,2,0,0,0,0,0,7.6,12.3,2.0,2.2,5.0,238054,72237,31963
1682,446,3,20260905,1,27,True,0,0,0,0,0,0,0,0,0,0,0,0.0,0.0,0.0,0.0,5.0,24845,2055,4893
1683,447,3,20260905,1,27,True,90,1,0,0,0,2,0,0,0,0,3,26.0,0.9,4.0,3.1,5.0,69972,15452,6841
1684,448,3,20260905,1,27,True,0,0,0,0,0,0,0,0,0,0,0,0.0,0.0,0.0,0.0,4.9,114109,549,46968
1685,449,3,20260905,1,27,True,89,4,0,1,0,2,0,0,0,0,20,28.0,13.4,3.0,4.4,5.1,1101917,576636,80066
1686,450,3,20260905,1,27,True,1,1,0,0,0,0,0,0,0,0,3,0.2,0.0,0.0,0.0,4.9,2841,115,860
1687,451,3,20260905,1,27,True,0,0,0,0,0,0,0,0,0,0,0,0.0,0.0,0.0,0.0,4.0,7660,0,1826
1688,452,3,20260906,8,29,True,0,0,0,0,0,0,0,0,0,0,0,0.0,0.0,0.0,0.0,6.8,212586,5546,62782
1689,453,3,20260905,1,27,True,90,12,1,1,0,2,0,0,0,2,37,33.0,2.8,23.0,5.9,6.0,122479,25187,22741
1690,454,3,20260905,1,27,True,76,1,0,0,0,2,1,0,0,0,8,8.4,31.8,4.0,4.4,6.1,1142637,810672,94469
1691,455,3,20260905,25,28,False,90,5,0,0,1,0,0,0,0,0,22,22.8,8.0,0.0,3.1,5.4,288825,14031,97316
1692,456,3,20260905,1,27,True,27,6,1,0,0,0,0,0,0,0,22,32.4,0.8,17.0,5.0,5.0,30127,1799,6552
1693,457,3,20260905,1,27,True,13,1,0,0,0,0,0,0,0,0,5,0.2,0.3,0.0,0.1,5.9,14114,1115,3472
1694,458,3,20260905,1,27,True,0,0,0,0,0,0,0,0,0,0,0,0.0,0.0,0.0,0.0,5.4,2235,86,632
1695,459,3,20260905,1,27,True,62,2,0,0,0,2,0,0,0,0,11,3.2,1.1,2.0,0.6,5.5,8538,2211,1582
1696,460,3,20260905,1,27,True,62,2,0,0,0,2,0,0,0,0,6,6.0,2.2,11.0,1.9,5.0,45043,22227,7742
1697,461,3,20260905,1,27,True,0,0,0,0,0,0,0,0,0,0,0,0.0,0.0,0.0,0.0,5.9,15932,657,6230
1698,462,3,20260905,1,27,True,13,1,0,0,0,0,0,0,0,0,3,2.0,0.5,0.0,0.3,5.0,8925,584,2347
1699,463,3,20260905,1,27,True,0,0,0,0,0,0,0,0,0,0,0,0.0,0.0,0.0,0.0,5.9,103336,7327,56776
1700,464,3,20260905,1,27,True,90,1,0,0,0,2,1,0,0,0,7,0.0,7.3,0.0,0.7,6.1,1697200,1119139,89408
1701,465,3,20260905,1,27,True,0,0,0,0,0,0,0,0,0,0,0,0.0,0.0,0.0,0.0,5.9,51608,557,38249
1702,466,3,20260905,1,27,True,0,0,0,0,0,0,0,0,0,0,0,0.0,0.0,0.0,0.0,4.5,87795,17327,13399
1703,467,3,20260905,31,28,True,90,6,0,0,1,0,0,0,0,0,21,2.4,0.0,0.0,0.2,5.0,143042,8404,18223
1704,468,3,20260905,31,28,True,0,0,0,0,0,0,0,0,0,0,0,0.0,0.0,0.0,0.0,4.5,6270,259,651
1705,469,3,20260905,31,28,True,90,7,0,0,1,0,0,0,0,1,28,11.4,10.9,4.0,2.6,5.0,851007,53518,88698
1706,470,3,20260905,31,28,True,0,0,0,0,0,0,0,0,0,0,0,0.0,0.0,0.0,0.0,5.0,3599,194,1366
1707,471,3,20260905,31,28,True,90,7,0,0,1,0,1,0,0,0,27,28.6,0.8,2.0,3.1,5.5,168090,5627,17848
1708,472,3,20260905,31,28,True,89,8,0,0,1,0,0,0,0,0,25,17.8,1.2,10.0,2.9,5.5,160118,9660,20152
1709,473,3,20260905,31,28,True,58,1,0,0,0,0,0,0,0,0,8,13.0,0.5,0.0,1.4,4.5,313105,20608,51010
1710,474,3,20260905,31,28,True,90,8,0,0,1,0,0,0,0,0,24,20.0,0.7,1.0,2.2,4.5,20256,924,1994
1711,475,3,20260905,31,28,True,0,0,0,0,0,0,0,0,0,0,0,0.0,0.0,0.0,0.0,4.5,221,34,131
1712,476,3,20260905,31,28,True,0,0,0,0,0,0,0,0,0,0,0,0.0,0.0,0.0,0.0,4.0,23523,1258,2116
1713,477,3,20260905,31,28,True,0,0,0,0,0,0,0,0,0,0,0,0.0,0.0,0.0,0.0,4.0,22912,1463,4265
1714,478,3,20260905,31,28,True,0,0,0,0,0,0,0,0,0,0,0,0.0,0.0,0.0,0.0,4.5,3401,168,472
1715,479,3,20260905,31,28,True,0,0,0,0,0,0,0,0,0,0,0,0.0,0.0,0.0,0.0,4.0,15742,434,2941
1716,480,3,20260905,31,28,True,90,3,0,0,1,0,0,0,0,0,3,5.6,3.0,13.0,2.2,7.9,1065969,215196,112670
1717,481,3,20260905,9,26,True,90,3,0,0,1,0,0,0,0,0,23,26.6,28.1,5.0,6.0,6.4,514714,41120,132919
1718,482,3,20260905,31,28,True,0,0,0,0,0,0,0,0,0,0,0,0.0,0.0,0.0,0.0,5.9,19189,1609,4924
1719,483,3,20260905,31,28,True,58,1,0,0,0,0,0,0,0,0,5,0.4,0.3,0.0,0.1,5.5,73790,33732,11281
1720,484,3,20260905,31,28,True,0,0,0,0,0,0,0,0,0,0,0,0.0,0.0,0.0,0.0,5.4,11458,213,4613
1721,485,3,20260905,31,28,True,0,0,0,0,0,0,0,0,0,0,0,0.0,0.0,0.0,0.0,5.5,761,0,532
1722,486,3,20260905,31,28,True,90,2,0,0,1,0,1,0,0,0,22,14.2,59.5,10.0,8.4,5.5,8416,3393,1528
1723,487,3,20260905,31,28,True,0,0,0,0,0,0,0,0,0,0,0,0.0,0.0,0.0,0.0,5.0,7052,358,1146
1724,488,3,20260905,31,28,True,0,0,0,0,0,0,0,0,0,0,0,0.0,0.0,0.0,0.0,4.9,60777,1817,28479
1725,489,3,20260905,31,28,True,0,0,0,0,0,0,0,0,0,0,0,0.0,0.0,0.0,0.0,4.5,152628,17319,18183
1726,490,3,20260905,31,28,True,16,1,0,0,0,0,0,0,0,0,3,0.2,0.1,0.0,0.0,5.9,121647,7780,42908
1727,491,3,20260905,31,28,True,31,1,0,0,0,0,0,0,0,0,3,1.2,0.4,0.0,0.2,5.9,307784,25411,81723
1728,492,3,20260905,20,26,False,70,2,0,0,0,1,0,0,0,0,6,3.6,10.3,3.0,1.7,5.5,69494,4842,18156
1729,493,3,20260905,31,28,True,0,0,0,0,0,0,0,0,0,0,0,0.0,0.0,0.0,0.0,5.4,5117,838,1249
1730,494,3,20260905,25,28,False,0,0,0,0,0,0,0,0,0,0,0,0.0,0.0,0.0,0.0,4.5,18205,0,5759
1731,495,3,20260905,25,28,False,0,0,0,0,0,0,0,0,0,0,0,0.0,0.0,0.0,0.0,4.0,104639,9717,5818
1732,496,3,20260905,25,28,False,90,6,0,0,1,0,0,0,1,0,24,10.4,10.0,0.0,2.0,4.5,1949396,46420,272139
1733,497,3,20260905,25,28,False,0,0,0,0,0,0,0,0,0,0,0,0.0,0.0,0.0,0.0,4.0,1908726,131012,118831
1734,498,3,20260905,25,28,False,0,0,0,0,0,0,0,0,0,0,0,0.0,0.0,0.0,0.0,5.9,558130,5382,190584
1735,499,3,20260905,25,28,False,90,7,0,0,1,0,0,0,0,1,28,13.2,35.8,6.0,5.5,5.5,1176909,48390,228185
1736,500,3,20260905,25,28,False,0,0,0,0,0,0,0,0,0,0,0,0.0,0.0,0.0,0.0,5.0,11327,0,3763
1737,501,3,20260905,4,22,False,90,2,0,0,0,1,0,0,0,0,9,20.8,10.9,0.0,3.2,5.0,16199,1307,3312
1738,502,3,20260905,25,28,False,29,1,0,0,0,0,0,0,0,0,3,6.0,0.3,0.0,0.6,4.5,328965,13705,61351
1739,503,3,20260905,25,28,False,90,9,0,0,1,0,0,0,0,3,30,21.4,1.2,14.0,3.7,5.0,380320,16557,78016
1740,504,3,20260905,16,23,True,90,12,1,0,0,1,0,0,0,2,27,56.2,1.8,40.0,9.8,5.0,244648,22843,32578
1741,505,3,20260905,25,28,False,0,0,0,0,0,0,0,0,0,0,0,0.0,0.0,0.0,0.0,4.5,33138,0,14294
1742,506,3,20260905,25,28,False,60,5,0,0,1,0,1,0,0,0,16,4.6,1.3,2.0,0.8,4.5,43060,1127,6787
1743,507,3,20260905,25,28,False,0,0,0,0,0,0,0,0,0,0,0,0.0,0.0,0.0,0.0,4.5,1605,0,312
1744,508,3,20260905,25,28,False,0,0,0,0,0,0,0,0,0,0,0,0.0,0.0,0.0,0.0,4.0,98874,4305,11767
1745,509,3,20260905,25,28,False,0,0,0,0,0,0,0,0,0,0,0,0.0,0.0,0.0,0.0,4.0,6404,719,648
1746,510,3,20260905,25,28,False,0,0,0,0,0,0,0,0,0,0,0,0.0,0.0,0.0,0.0,4.0,9320,898,923
1747,511,3,20260905,25,28,False,0,0,0,0,0,0,0,0,0,0,0,0.0,0.0,0.0,0.0,4.0,25220,1362,6142
1748,512,3,20260905,25,28,False,29,1,0,0,0,0,0,0,0,0,13,5.2,15.1,2.0,2.2,6.5,12485,4599,2073
1749,513,3,20260905,25,28,False,0,0,0,0,0,0,0,0,0,0,0,0.0,0.0,0.0,0.0,6.0,1296,78,369
1750,514,3,20260905,25,28,False,73,3,0,0,1,0,0,0,0,0,11,6.8,20.2,20.0,4.7,5.9,30912,2049,19757
1751,515,3,20260905,25,28,False,0,0,0,0,0,0,0,0,0,0,0,0.0,0.0,0.0,0.0,6.4,57231,175,39058
1752,516,3,20260905,25,28,False,90,5,0,0,1,0,0,0,0,0,14,18.4,3.3,6.0,2.8,5.5,17786,831,2620
1753,517,3,20260905,25,28,False,0,0,0,0,0,0,0,0,0,0,0,0.0,0.0,0.0,0.0,5.5,117,27,38
1754,518,3,20260905,25,28,False,0,0,0,0,0,0,0,0,0,0,0,0.0,0.0,0.0,0.0,4.9,14992,4025,5807
1755,519,3,20260905,25,28,False,83,3,0,0,1,0,0,0,0,0,23,10.2,4.4,2.0,1.7,5.4,22380,1024,6587
1756,520,3,20260905,25,28,False,0,0,0,0,0,0,0,0,0,0,0,0.0,0.0,0.0,0.0,5.4,17646,482,3494
1757,521,3,20260905,25,28,False,0,0,0,0,0,0,0,0,0,0,0,0.0,0.0,0.0,0.0,6.5,912,87,177
1758,522,3,20260905,25,28,False,0,0,0,0,0,0,0,0,0,0,0,0.0,0.0,0.0,0.0,5.0,21616,2161,4046
1759,523,3,20260905,25,28,False,0,0,0,0,0,0,0,0,0,0,0,0.0,0.0,0.0,0.0,5.0,13268,839,6489
1760,524,3,20260905,25,28,False,0,0,0,0,0,0,0,0,0,0,0,0.0,0.0,0.0,0.0,4.5,72776,1613,9466
1761,525,3,20260905,25,28,False,7,0,0,0,0,0,1,0,0,0,-1,0.0,0.4,0.0,0.0,5.9,123903,4942,43005
1762,526,3,20260905,25,28,False,6,1,0,0,0,0,0,0,0,0,-1,0.0,0.3,4.0,0.4,5.9,106592,7532,35338
1763,527,3,20260905,25,28,False,0,0,0,0,0,0,0,0,0,0,0,0.0,0.0,0.0,0.0,5.9,153916,6716,124229
1764,528,3,20260905,25,28,False,0,0,0,0,0,0,0,0,0,0,0,0.0,0.0,0.0,0.0,4.5,178567,29341,34749
1765,529,3,20260905,4,22,False,90,2,0,0,0,1,0,0,1,0,11,12.6,0.0,0.0,1.3,5.0,342137,10237,49224
1766,530,3,20260905,4,22,False,0,0,0,0,0,0,0,0,0,0,0,0.0,0.0,0.0,0.0,4.0,14484,0,1616
1767,531,3,20260905,4,22,False,0,0,0,0,0,0,0,0,0,0,0,0.0,0.0,0.0,0.0,4.5,8803,405,951
1768,532,3,20260905,4,22,False,90,4,0,0,0,1,0,0,0,0,12,25.0,10.3,8.0,4.3,5.0,398900,15628,94795
1769,533,3,20260905,4,22,False,90,4,0,0,0,1,0,0,0,0,16,32.4,5.0,0.0,3.7,5.5,247977,21418,24805
1770,534,3,20260905,4,22,False,26,1,0,0,0,0,0,0,0,0,8,3.8,0.1,0.0,0.4,4.5,528010,17561,86553
1771,535,3,20260905,4,22,False,0,0,0,0,0,0,0,0,0,0,0,0.0,0.0,0.0,0.0,5.0,35107,1476,10040
1772,536,3,20260905,4,22,False,90,2,0,0,0,1,0,0,0,0,14,14.4,1.5,0.0,1.6,4.5,41923,1972,4323
1773,537,3,20260905,4,22,False,0,0,0,0,0,0,0,0,0,0,0,0.0,0.0,0.0,0.0,4.5,701,3,360
1774,538,3,20260905,4,22,False,0,0,0,0,0,0,0,0,0,0,0,0.0,0.0,0.0,0.0,4.0,4484,0,680
1775,539,3,20260905,4,22,False,0,0,0,0,0,0,0,0,0,0,0,0.0,0.0,0.0,0.0,4.0,310001,5301,33130
1776,540,3,20260905,4,22,False,0,0,0,0,0,0,0,0,0,0,0,0.0,0.0,0.0,0.0,4.0,17428,0,3070
1777,541,3,20260905,4,22,False,63,2,0,0,0,1,0,0,0,0,0,5.2,1.5,6.0,1.3,4.5,30963,2639,2338
1778,542,3,20260905,4,22,False,90,8,1,0,0,1,0,0,0,1,25,40.0,3.7,24.0,6.8,5.9,564317,7320,263850
1779,543,3,20260905,4,22,False,0,0,0,0,0,0,0,0,0,0,0,0.0,0.0,0.0,0.0,5.5,4664,164,2306
1780,544,3,20260905,4,22,False,90,3,0,0,0,1,1,0,0,0,12,15.2,20.5,3.0,3.9,5.5,475519,45125,47076
1781,545,3,20260905,4,22,False,73,1,0,0,0,1,1,0,0,0,16,8.8,15.0,48.0,7.2,5.0,29609,1887,4950
1782,546,3,20260905,4,22,False,0,0,0,0,0,0,0,0,0,0,0,0.0,0.0,0.0,0.0,4.9,4340,187,1936
1783,547,3,20260905,4,22,False,0,0,0,0,0,0,0,0,0,0,0,0.0,0.0,0.0,0.0,5.0,810,83,134
1784,548,3,20260905,4,22,False,0,0,0,0,0,0,0,0,0,0,0,0.0,0.0,0.0,0.0,5.0,5751,143,862
1785,549,3,20260905,4,22,False,0,0,0,0,0,0,0,0,0,0,0,0.0,0.0,0.0,0.0,5.4,17189,427,4127
1786,550,3,20260905,4,22,False,0,0,0,0,0,0,0,0,0,0,0,0.0,0.0,0.0,0.0,5.0,602,80,101
1787,551,3,20260905,4,22,False,63,2,0,0,0,1,0,0,0,0,11,8.6,5.7,16.0,3.0,5.0,15646,4768,3112
1788,552,3,20260905,4,22,False,90,2,0,0,0,1,0,0,0,0,11,4.4,37.1,29.0,7.1,5.9,912046,27284,349017
1789,553,3,20260905,4,22,False,26,4,0,1,0,0,0,0,0,0,15,0.2,0.3,10.0,1.1,5.5,116229,35830,14557
1790,554,3,20260904,18,21,True,0,0,0,0,0,0,0,0,0,0,0,0.0,0.0,0.0,0.0,4.5,2365,0,698
1791,555,3,20260905,12,24,False,0,0,0,0,0,0,0,0,0,0,0,0.0,0.0,0.0,0.0,4.0,188559,7566,8663
1792,556,3,20260905,3,25,True,0,0,0,0,0,0,0,0,0,0,0,0.0,0.0,0.0,0.0,4.0,218007,10419,23113
1793,557,3,20260906,8,29,True,90,5,0,1,0,1,1,0,0,1,31,30.6,50.0,4.0,8.5,6.5,1889271,91384,693324
1794,558,3,20260905,31,28,True,90,3,0,0,1,0,0,0,0,0,18,11.2,2.3,1.0,1.5,5.0,10377,1419,1320
1795,559,3,20260905,1,27,True,0,0,0,0,0,0,0,0,0,0,0,0.0,0.0,0.0,0.0,5.0,11930,834,2622
1796,560,3,20260906,2,29,False,0,0,0,0,0,0,0,0,0,0,0,0.0,0.0,0.0,0.0,4.5,6809,363,1132
1797,561,3,20260906,2,29,False,0,0,0,0,0,0,0,0,0,0,0,0.0,0.0,0.0,0.0,4.5,1971,225,274
1798,562,3,20260904,18,21,True,65,2,0,0,0,2,0,0,0,0,9,8.2,0.1,17.0,2.5,5.5,32352,903,5839
1799,563,3,20260905,3,25,True,0,0,0,0,0,0,0,0,0,0,0,0.0,0.0,0.0,0.0,5.0,2482,421,317
1800,564,3,20260904,18,21,True,90,2,0,0,0,2,0,0,5,0,13,27.8,0.0,0.0,2.8,4.5,58738,4399,7157
1801,565,3,20260905,29,22,True,45,0,0,0,0,0,1,0,0,0,0,0.0,1.3,8.0,0.6,5.7,1631469,639468,130072
1802,566,3,20260905,23,27,False,90,1,0,0,0,2,0,0,0,0,8,23.8,1.2,17.0,4.2,5.0,43269,9722,6674
1803,567,3,20260905,1,27,True,90,2,0,0,0,2,0,0,4,0,12,33.4,0.0,0.0,3.3,5.0,125893,58261,19107
1804,568,3,20260906,2,29,False,0,0,0,0,0,0,0,0,0,0,0,0.0,0.0,0.0,0.0,5.5,13655,1055,2073
1805,569,3,20260905,10,24,True,90,2,0,0,0,3,0,0,0,0,10,5.8,14.0,39.0,5.9,6.0,490355,128611,79185
1806,570,3,20260905,10,24,True,60,8,1,0,0,2,0,0,0,1,27,33.8,13.7,51.0,9.9,5.5,18435,1012,3356
1807,571,3,20260904,18,21,True,0,0,0,0,0,0,0,0,0,0,0,0.0,0.0,0.0,0.0,4.9,9821,223,2351
1808,572,3,20260905,3,25,True,90,6,0,0,1,0,0,0,1,0,25,11.6,0.0,0.0,1.2,4.6,857252,367782,60873
1809,573,3,20260905,23,27,False,0,0,0,0,0,0,0,0,0,0,0,0.0,0.0,0.0,0.0,4.5,19900,369,2289
1810,574,3,20260905,3,25,True,8,1,0,0,0,0,0,0,0,0,4,0.0,0.0,0.0,0.0,5.0,6691,321,1460
1811,575,3,20260905,20,26,False,27,1,0,0,0,0,0,0,0,0,4,1.0,0.3,0.0,0.1,5.0,20321,778,4216
1812,576,3,20260905,3,25,True,62,3,0,0,1,0,0,0,0,0,5,0.0,11.8,4.0,1.4,5.0,8900,770,1686
1813,577,3,20260905,12,24,False,0,0,0,0,0,0,0,0,0,0,0,0.0,0.0,0.0,0.0,4.5,33461,1378,3430
1814,578,3,20260905,25,28,False,16,1,0,0,0,0,0,0,0,0,3,0.0,0.1,2.0,0.1,5.4,7171,3534,1642
1815,579,3,20260904,15,21,False,90,8,0,0,1,0,0,0,0,0,27,20.0,2.4,2.0,2.4,5.4,212525,11375,80540
1816,580,3,20260905,10,24,True,78,2,0,0,0,3,0,0,0,0,18,12.4,35.2,8.0,5.6,5.0,7900,334,1244
1817,581,3,20260905,31,28,True,1,1,0,0,0,0,0,0,0,0,3,0.0,0.0,0.0,0.0,5.4,61213,3142,15932
1818,582,3,20260905,14,25,False,0,0,0,0,0,0,0,0,0,0,0,0.0,0.0,0.0,0.0,5.5,31743,894,9357
1819,583,3,20260906,2,29,False,30,1,0,0,0,0,0,0,0,0,2,2.4,2.0,4.0,0.8,5.0,17402,664,4077
1820,584,3,20260905,20,26,False,5,1,0,0,0,0,0,0,0,0,1,0.0,0.0,0.0,0.0,5.5,11896,153,2279
1821,585,3,20260905,3,25,True,19,1,0,0,0,0,0,0,0,0,2,6.6,0.1,0.0,0.7,4.0,64658,3434,5099
1822,586,3,20260905,3,25,True,70,8,0,0,1,0,0,0,0,0,22,16.2,0.6,14.0,3.1,4.0,619201,166798,68763
1823,587,3,20260905,9,26,True,0,0,0,0,0,0,0,0,0,0,0,0.0,0.0,0.0,0.0,5.0,2050,147,340
1824,588,3,20260905,12,24,False,90,3,0,0,0,2,0,0,0,0,6,21.6,2.3,8.0,3.2,5.0,13924,4048,1549
1825,589,3,20260905,3,25,True,81,2,0,0,1,0,1,0,0,0,7,13.4,21.6,0.0,3.5,5.0,2738,213,347
1826,590,3,20260905,31,28,True,0,0,0,0,0,0,0,0,0,0,0,0.0,0.0,0.0,0.0,4.5,7389,950,871
1827,591,3,20260904,18,21,True,90,1,0,0,0,2,1,0,0,0,16,10.2,22.5,23.0,5.6,5.5,82553,35897,10811
1828,592,3,20260904,18,21,True,12,1,0,0,0,0,0,0,0,0,4,3.6,14.0,0.0,1.8,4.0,100578,4401,7161
1829,593,3,20260905,1,27,True,90,1,0,0,0,2,0,0,0,0,3,0.6,6.4,10.0,1.7,4.5,365061,318645,49203
1830,594,3,20260905,16,23,True,13,0,0,0,0,0,1,0,0,0,-7,0.0,0.0,4.0,0.0,6.0,25799,4444,5722
1831,595,3,20260905,12,24,False,0,0,0,0,0,0,0,0,0,0,0,0.0,0.0,0.0,0.0,5.0,1444,158,224
1832,596,3,20260905,14,25,False,15,1,0,0,0,0,0,0,0,0,3,2.6,2.6,0.0,0.5,4.5,10240,736,1726
1833,597,3,20260905,14,25,False,90,10,0,0,1,0,0,0,4,3,38,27.2,0.0,0.0,2.7,5.0,144003,33094,11274
1834,598,3,20260905,5,23,False,90,4,0,0,0,1,0,0,0,0,12,27.6,21.1,6.0,5.5,4.5,2951,729,528
1835,599,3,20260905,20,26,False,0,0,0,0,0,0,0,0,0,0,0,0.0,0.0,0.0,0.0,5.0,10406,2227,2361
1836,600,3,20260905,16,23,True,0,0,0,0,0,0,0,0,0,0,0,0.0,0.0,0.0,0.0,5.0,1841,312,282
1837,601,3,20260905,25,28,False,0,0,0,0,0,0,0,0,0,0,0,0.0,0.0,0.0,0.0,4.5,13933,4467,2166
1838,602,3,20260904,18,21,True,0,0,0,0,0,0,0,0,0,0,0,0.0,0.0,0.0,0.0,4.5,4148,1586,1204
1839,603,3,20260905,5,23,False,0,0,0,0,0,0,0,0,0,0,0,0.0,0.0,0.0,0.0,4.0,11399,2536,1136
1840,604,3,20260905,5,23,False,0,0,0,0,0,0,0,0,0,0,0,0.0,0.0,0.0,0.0,4.5,14318,5922,2194
1841,605,3,20260905,16,23,True,90,2,0,0,0,1,0,0,0,0,16,8.2,24.4,20.0,5.3,4.5,252653,208413,33633
1842,606,3,20260905,14,25,False,0,0,0,0,0,0,0,0,0,0,0,0.0,0.0,0.0,0.0,4.0,18767,6400,1683
1843,607,3,20260905,14,25,False,0,0,0,0,0,0,0,0,0,0,0,0.0,0.0,0.0,0.0,4.5,12683,3500,2323
1844,608,3,20260905,23,27,False,1,1,0,0,0,0,0,0,0,0,4,0.0,0.0,0.0,0.0,5.0,9237,4510,1998
1845,609,3,20260905,1,27,True,0,0,0,0,0,0,0,0,0,0,0,0.0,0.0,0.0,0.0,4.0,31239,10871,3316
1846,610,3,20260905,10,24,True,0,0,0,0,0,0,0,0,0,0,0,0.0,0.0,0.0,0.0,4.0,11771,2221,1839
1847,611,3,20260905,14,25,False,5,1,0,0,0,0,0,0,0,0,3,2.8,0.9,0.0,0.4,4.5,15829,6633,1621
1848,612,3,20260905,4,22,False,0,0,0,0,0,0,0,0,0,0,0,0.0,0.0,0.0,0.0,4.5,632,362,100
1849,613,3,20260905,4,22,False,0,0,0,0,0,0,0,0,0,0,0,0.0,0.0,0.0,0.0,4.5,27345,13182,4298
1850,614,3,20260905,16,23,True,0,0,0,0,0,0,0,0,0,0,0,0.0,0.0,0.0,0.0,4.5,4150,1795,485
1851,615,3,20260905,23,27,False,0,0,0,0,0,0,0,0,0,0,0,0.0,0.0,0.0,0.0,4.5,2932,1404,455
1852,616,3,20260905,9,26,True,14,1,0,0,0,0,0,0,0,0,5,11.2,0.5,0.0,1.2,5.5,15546,9299,3258
1853,617,3,20260905,3,25,True,8,1,0,0,0,0,0,0,0,0,5,3.0,0.0,17.0,2.0,5.0,871,671,189
1854,618,3,20260905,14,25,False,0,0,0,0,0,0,0,0,0,0,0,0.0,0.0,0.0,0.0,6.0,5084,3449,841
1855,619,3,20260904,18,21,True,77,4,0,0,0,2,0,0,0,0,24,20.2,22.5,0.0,4.3,5.0,1551,1326,347
1856,620,3,20260905,29,22,True,0,0,0,0,0,0,0,0,0,0,0,0.0,0.0,0.0,0.0,4.5,10083,9542,2982
1857,621,3,20260905,9,26,True,3,1,0,0,0,0,0,0,0,0,5,5.2,0.0,2.0,0.7,4.5,9526,6678,1926
1858,622,3,20260905,9,26,True,0,0,0,0,0,0,0,0,0,0,0,0.0,0.0,0.0,0.0,4.0,14144,9284,2205
1859,623,3,20260905,20,26,False,0,0,0,0,0,0,0,0,0,0,0,0.0,0.0,0.0,0.0,4.0,29804,20080,2827
1860,624,3,20260905,16,23,True,0,0,0,0,0,0,0,0,0,0,0,0.0,0.0,0.0,0.0,5.0,111,117,56
1861,625,3,20260905,5,23,False,0,0,0,0,0,0,0,0,0,0,0,0.0,0.0,0.0,0.0,4.0,19774,9425,1384
1862,626,3,20260905,10,24,True,0,0,0,0,0,0,0,0,0,0,0,0.0,0.0,0.0,0.0,4.5,40392,22010,4831
1863,627,3,20260904,15,21,False,26,1,0,0,0,0,0,0,0,0,5,3.0,10.5,2.0,1.6,8.0,145340,135788,19616
1864,628,3,20260905,9,26,True,0,0,0,0,0,0,0,0,0,0,0,0.0,0.0,0.0,0.0,6.0,365,300,87
1865,629,3,20260905,5,23,False,0,0,0,0,0,0,0,0,0,0,0,0.0,0.0,0.0,0.0,4.0,37143,13274,1307
1866,630,3,20260905,14,25,False,0,0,0,0,0,0,0,0,0,0,0,0.0,0.0,0.0,0.0,4.5,1010,945,190
1867,631,3,20260905,14,25,False,0,0,0,0,0,0,0,0,0,0,0,0.0,0.0,0.0,0.0,6.0,4421,4056,630
1868,632,3,20260905,3,25,True,0,0,0,0,0,0,0,0,0,0,0,0.0,0.0,0.0,0.0,5.0,2839,2222,210
1869,633,3,20260905,12,24,False,0,0,0,0,0,0,0,0,0,0,0,0.0,0.0,0.0,0.0,4.5,296,217,32
1870,634,3,20260905,1,27,True,27,1,0,0,0,0,0,0,0,0,4,0.0,0.8,6.0,0.7,6.0,5694,5384,586
1871,635,3,20260905,10,24,True,11,1,0,0,0,0,0,0,0,0,3,3.6,1.3,9.0,1.4,5.0,322,288,27
1872,636,3,20260905,10,24,True,0,0,0,0,0,0,0,0,0,0,0,0.0,0.0,0.0,0.0,5.0,151,120,14
1873,637,3,20260905,3,25,True,0,0,0,0,0,0,0,0,0,0,0,0.0,0.0,0.0,0.0,5.0,2077,1607,202
1874,638,3,20260905,3,25,True,26,1,0,0,0,0,0,0,0,0,3,2.2,0.3,2.0,0.5,4.0,17629,6454,773
1875,639,3,20260905,16,23,True,0,0,0,0,0,0,0,0,0,0,0,0.0,0.0,0.0,0.0,5.5,345,261,42
1876,640,3,20260904,18,21,True,24,1,0,0,0,0,0,0,0,0,4,3.2,0.5,7.0,1.1,5.5,1904,1761,233
1877,641,3,20260905,5,23,False,0,0,0,0,0,0,0,0,0,0,0,0.0,0.0,0.0,0.0,4.5,242,177,28
1878,642,3,20260905,3,25,True,27,1,0,0,0,0,0,0,0,0,5,3.2,10.8,0.0,1.4,5.5,569,446,58
1879,643,3,20260905,12,24,False,16,7,1,0,0,0,0,0,0,0,20,33.2,0.7,17.0,5.1,4.5,984,763,84
1880,644,3,20260905,12,24,False,73,2,0,0,0,2,0,0,0,0,8,4.2,0.2,1.0,0.5,5.0,782,656,100
1881,645,3,20260905,3,25,True,0,0,0,0,0,0,0,0,0,0,0,0.0,0.0,0.0,0.0,5.0,288,210,24
1882,646,3,20260905,4,22,False,16,1,0,0,0,0,0,0,0,0,3,0.0,0.5,0.0,0.1,5.5,2246,2071,239
1883,647,3,20260905,12,24,False,1,1,0,0,0,0,0,0,0,0,2,2.0,0.3,0.0,0.2,5.5,535,461,50
1884,648,3,20260905,5,23,False,0,0,0,0,0,0,0,0,0,0,0,0.0,0.0,0.0,0.0,5.0,1030,1015,196
1885,649,3,20260906,21,30,True,13,7,1,0,0,1,0,0,0,0,13,33.4,0.8,7.0,4.1,4.5,569,559,128
1886,650,3,20260905,10,24,True,0,0,0,0,0,0,0,0,0,0,0,0.0,0.0,0.0,0.0,4.5,317,204,27
1887,651,3,20260905,4,22,False,0,0,0,0,0,0,0,0,0,0,0,0.0,0.0,0.0,0.0,4.5,27023,15939,1836
1888,652,3,20260905,16,23,True,0,0,0,0,0,0,0,0,0,0,0,0.0,0.0,0.0,0.0,5.5,256,248,34
1889,653,3,20260905,9,26,True,0,0,0,0,0,0,0,0,0,0,0,0.0,0.0,0.0,0.0,4.5,0,0,0
1890,654,3,20260906,21,30,True,0,0,0,0,0,0,0,0,0,0,0,0.0,0.0,0.0,0.0,4.5,0,0,0
1933,43,4,20260913,20,39,True,66,2,0,0,0,1,0,0,0,0,15,12.2,13.8,4.0,3.0,5.9,177688,7880,38235
1981,91,4,20260913,5,38,True,90,2,0,0,0,5,0,0,0,0,-11,18.0,0.7,4.0,2.3,4.5,7467,688,770
1994,104,4,20260913,5,38,True,72,2,0,0,0,3,0,0,0,0,11,6.2,0.9,21.0,2.8,4.9,11832,629,1713
1999,109,4,20260913,9,38,False,90,8,0,0,1,0,0,0,6,0,39,47.8,0.0,0.0,4.8,4.5,2390519,248699,196972
2000,110,4,20260913,5,38,True,90,0,0,0,0,5,0,0,2,0,-5,18.0,0.0,0.0,1.8,4.5,95177,5350,16687
2001,111,4,20260913,9,38,False,0,0,0,0,0,0,0,0,0,0,0,0.0,0.0,0.0,0.0,4.0,460442,46956,36040
2003,113,4,20260913,9,38,False,90,6,0,0,1,0,0,0,0,0,24,6.4,15.4,0.0,2.2,4.4,186000,6832,25246
2004,114,4,20260913,9,38,False,77,6,0,0,1,0,0,0,0,0,25,11.6,14.3,2.0,2.8,4.5,30469,2439,3024
2005,115,4,20260913,9,38,False,90,11,0,1,1,0,0,0,0,2,41,24.8,46.9,3.0,7.5,4.8,2489501,640942,131068
2006,116,4,20260913,9,38,False,90,12,1,0,1,0,0,0,0,0,39,57.2,4.3,7.0,6.9,4.5,148520,19779,10375
2007,117,4,20260913,9,38,False,0,0,0,0,0,0,0,0,0,0,0,0.0,0.0,0.0,0.0,4.5,2061,180,230
2008,118,4,20260913,9,38,False,0,0,0,0,0,0,0,0,0,0,0,0.0,0.0,0.0,0.0,4.5,5099,0,1990
2009,119,4,20260913,9,38,False,6,1,0,0,0,0,0,0,0,0,3,1.2,0.3,0.0,0.2,4.5,3722,204,321
2010,120,4,20260913,9,38,False,0,0,0,0,0,0,0,0,0,0,0,0.0,0.0,0.0,0.0,5.0,5997,898,894
2011,121,4,20260913,9,38,False,0,0,0,0,0,0,0,0,0,0,0,0.0,0.0,0.0,0.0,5.9,3299,74,457
2012,122,4,20260913,9,38,False,0,0,0,0,0,0,0,0,0,0,0,0.0,0.0,0.0,0.0,5.9,3821,35,751
2013,123,4,20260913,9,38,False,0,0,0,0,0,0,0,0,0,0,0,0.0,0.0,0.0,0.0,6.0,91458,1042,45777
2014,124,4,20260913,9,38,False,90,17,1,2,1,0,0,0,0,3,56,83.8,79.1,18.0,18.1,5.6,1745184,283590,211348
2015,125,4,20260913,9,38,False,0,0,0,0,0,0,0,0,0,0,0,0.0,0.0,0.0,0.0,5.4,58474,1249,18661
2016,126,4,20260913,9,38,False,6,1,0,0,0,0,0,0,0,0,4,2.2,10.5,0.0,1.3,5.5,10605,901,1416
2017,127,4,20260913,9,38,False,83,3,0,0,1,0,0,0,0,0,6,2.4,9.0,9.0,2.0,5.0,522783,107677,102601
2018,128,4,20260913,9,38,False,0,0,0,0,0,0,0,0,0,0,0,0.0,0.0,0.0,0.0,5.0,223,0,39
2019,129,4,20260913,9,38,False,90,8,1,0,1,0,0,0,0,0,38,39.0,6.8,27.0,7.3,5.4,39911,2011,6217
2020,130,4,20260913,9,38,False,0,0,0,0,0,0,0,0,0,0,0,0.0,0.0,0.0,0.0,5.0,26541,68,18581
2021,131,4,20260913,20,39,True,0,0,0,0,0,0,0,0,0,0,0,0.0,0.0,0.0,0.0,5.0,13457,783,2530
2022,132,4,20260913,9,38,False,0,0,0,0,0,0,0,0,0,0,0,0.0,0.0,0.0,0.0,4.5,3658,0,575
2023,133,4,20260913,9,38,False,0,0,0,0,0,0,0,0,0,0,0,0.0,0.0,0.0,0.0,5.0,122,0,19
2024,134,4,20260913,9,38,False,0,0,0,0,0,0,0,0,0,0,0,0.0,0.0,0.0,0.0,4.5,28553,2194,3287
2025,135,4,20260913,9,38,False,0,0,0,0,0,0,0,0,0,0,0,0.0,0.0,0.0,0.0,4.9,5076,318,1453
2027,137,4,20260913,9,38,False,0,0,0,0,0,0,0,0,0,0,0,0.0,0.0,0.0,0.0,5.5,705,70,152
2028,138,4,20260913,9,38,False,83,10,1,1,1,0,0,0,0,1,40,33.0,7.0,38.0,7.8,5.5,59839,16416,9162
2029,139,4,20260913,9,38,False,0,0,0,0,0,0,0,0,0,0,0,0.0,0.0,0.0,0.0,5.0,3222,346,524
2045,155,4,20260913,21,39,False,81,2,0,0,1,0,1,0,0,0,17,10.4,20.7,15.0,4.6,6.9,344271,39194,51882
1891,1,4,20260912,29,36,False,90,14,0,0,1,0,0,0,2,3,38,37.8,0.2,0.0,3.8,6.0,4195206,249119,214670
1892,2,4,20260912,29,36,False,0,0,0,0,0,0,0,0,0,0,0,0.0,0.0,0.0,0.0,4.9,7757,275,851
1893,3,4,20260912,29,36,False,0,0,0,0,0,0,0,0,0,0,0,0.0,0.0,0.0,0.0,4.9,3081,108,308
1894,4,4,20260912,29,36,False,90,9,0,0,1,0,1,0,0,2,30,20.6,1.5,1.0,2.3,8.0,2549738,56562,254329
1895,5,4,20260912,29,36,False,45,1,0,0,0,0,0,0,0,0,3,6.0,1.9,0.0,0.8,6.5,8281,618,1390
1896,6,4,20260912,29,36,False,0,0,0,0,0,0,0,0,0,0,0,0.0,0.0,0.0,0.0,5.9,22768,735,3251
1897,7,4,20260912,29,36,False,45,1,0,0,0,0,0,0,0,0,2,0.0,1.4,0.0,0.0,5.5,70499,6908,11120
1898,8,4,20260912,29,36,False,90,6,0,0,1,0,0,0,0,0,18,8.8,1.7,7.0,1.8,5.8,5296821,487524,94715
1899,9,4,20260912,29,36,False,0,0,0,0,0,0,0,0,0,0,0,0.0,0.0,0.0,0.0,5.3,109174,3925,19376
1900,10,4,20260912,29,36,False,45,1,0,0,0,0,0,0,0,0,4,4.2,0.8,6.0,1.1,5.5,815166,123355,116956
1901,11,4,20260912,29,36,False,0,0,0,0,0,0,0,0,0,0,0,0.0,0.0,0.0,0.0,5.4,248830,733,202535
1902,12,4,20260912,29,36,False,90,8,1,0,1,0,0,0,0,0,28,45.4,16.9,57.0,11.9,9.5,1257689,213086,148406
1903,13,4,20260912,29,36,False,80,6,0,1,1,0,0,0,0,0,27,45.0,36.4,0.0,8.1,7.4,1379844,25889,152556
1904,14,4,20260912,29,36,False,9,1,0,0,0,0,0,0,0,0,3,0.2,0.0,2.0,0.2,6.3,125433,3906,29739
1905,15,4,20260912,29,36,False,84,3,0,0,1,0,0,0,0,0,26,19.4,58.2,2.0,8.0,6.7,2036643,820232,117959
1906,16,4,20260912,29,36,False,0,0,0,0,0,0,0,0,0,0,0,0.0,0.0,0.0,0.0,6.3,23695,1399,4480
1907,17,4,20260912,29,36,False,5,1,0,0,0,0,0,0,0,0,3,0.2,0.1,0.0,0.0,5.8,46215,1909,9850
1908,18,4,20260912,29,36,False,0,0,0,0,0,0,0,0,0,0,0,0.0,0.0,0.0,0.0,6.3,9183,0,6160
1909,19,4,20260912,29,36,False,9,1,0,0,0,0,0,0,0,0,5,3.4,0.2,0.0,0.4,5.4,71283,1507,12972
1910,20,4,20260912,29,36,False,0,0,0,0,0,0,0,0,0,0,0,0.0,0.0,0.0,0.0,5.3,7072,629,1342
1911,21,4,20260912,31,37,False,0,0,0,0,0,0,0,0,0,0,0,0.0,0.0,0.0,0.0,4.9,5295,83,1282
1912,22,4,20260912,29,36,False,0,0,0,0,0,0,0,0,0,0,0,0.0,0.0,0.0,0.0,5.4,783,0,333
1913,23,4,20260912,29,36,False,0,0,0,0,0,0,0,0,0,0,0,0.0,0.0,0.0,0.0,5.5,708,0,265
1914,24,4,20260912,29,36,False,0,0,0,0,0,0,0,0,0,0,0,0.0,0.0,0.0,0.0,5.5,565,0,113
1915,25,4,20260912,29,36,False,0,0,0,0,0,0,0,0,0,0,0,0.0,0.0,0.0,0.0,7.2,388876,6130,98178
1916,26,4,20260912,29,36,False,90,1,0,0,1,0,1,0,0,0,0,1.6,12.4,32.0,4.6,7.5,871717,195764,77287
1917,27,4,20260912,29,36,False,0,0,0,0,0,0,0,0,0,0,0,0.0,0.0,0.0,0.0,5.9,18614,0,7696
1918,28,4,20260912,14,33,True,90,2,0,0,0,2,0,0,3,0,10,19.6,0.0,0.0,2.0,5.0,564431,119022,50620
1919,29,4,20260912,25,31,True,0,0,0,0,0,0,0,0,0,0,0,0.0,0.0,0.0,0.0,4.5,14214,1027,1628
1920,30,4,20260912,25,31,True,0,0,0,0,0,0,0,0,0,0,0,0.0,0.0,0.0,0.0,4.5,5846,0,932
1921,31,4,20260912,29,36,False,90,6,0,0,1,0,0,0,0,0,16,11.8,0.2,0.0,1.2,4.5,1867300,709520,96845
1922,32,4,20260912,25,31,True,0,0,0,0,0,0,0,0,0,0,0,0.0,0.0,0.0,0.0,4.5,641566,18781,99663
1923,33,4,20260912,25,31,True,65,0,0,0,0,2,1,0,0,0,0,15.6,0.6,4.0,2.0,4.5,43024,5312,2524
1924,34,4,20260912,25,31,True,24,1,0,0,0,0,0,0,0,0,4,0.2,0.4,2.0,0.3,4.5,43964,3870,5587
1925,35,4,20260912,25,31,True,0,0,0,0,0,0,0,0,0,0,0,0.0,0.0,0.0,0.0,5.0,7155,686,1126
1926,36,4,20260912,25,31,True,90,1,0,0,0,2,0,0,0,0,7,10.2,3.4,24.0,3.8,4.5,92419,17456,7012
1927,37,4,20260912,25,31,True,90,1,0,0,0,2,0,0,0,0,2,16.4,1.1,35.0,5.3,4.5,33974,5112,2100
1928,38,4,20260912,25,31,True,0,0,0,0,0,0,0,0,0,0,0,0.0,0.0,0.0,0.0,4.0,183834,12784,17127
1929,39,4,20260912,25,31,True,0,0,0,0,0,0,0,0,0,0,0,0.0,0.0,0.0,0.0,4.0,15637,0,2186
1930,40,4,20260912,14,33,True,90,8,1,0,0,2,0,0,0,1,31,43.2,5.9,42.0,9.1,7.6,3834585,1168508,128570
1931,41,4,20260912,25,31,True,62,2,0,0,0,1,0,0,0,0,8,0.0,3.9,0.0,0.1,5.9,111856,15961,21861
1932,42,4,20260912,15,34,True,0,0,0,0,0,0,0,0,0,0,0,0.0,0.0,0.0,0.0,5.5,4659,935,968
1934,44,4,20260912,25,31,True,0,0,0,0,0,0,0,0,0,0,0,0.0,0.0,0.0,0.0,5.4,7592,0,4702
1935,45,4,20260912,25,31,True,90,6,0,1,0,2,0,0,0,1,30,26.4,31.4,0.0,5.8,5.4,243800,20520,33241
1936,46,4,20260912,25,31,True,62,2,0,0,0,1,0,0,0,0,14,6.0,2.7,7.0,1.6,5.0,29642,5244,3748
1937,47,4,20260912,25,31,True,90,2,0,0,0,2,0,0,0,0,17,11.6,12.4,2.0,2.6,5.0,34935,3671,4694
1938,48,4,20260912,25,31,True,0,0,0,0,0,0,0,0,0,0,0,0.0,0.0,0.0,0.0,5.0,1757,108,268
1939,49,4,20260912,25,31,True,0,0,0,0,0,0,0,0,0,0,0,0.0,0.0,0.0,0.0,5.0,188,0,22
1940,50,4,20260912,25,31,True,0,0,0,0,0,0,0,0,0,0,0,0.0,0.0,0.0,0.0,4.5,71444,6646,8613
1941,51,4,20260912,25,31,True,45,1,0,0,0,0,0,0,0,0,3,2.0,11.5,2.0,1.6,4.5,147009,53459,22740
1942,52,4,20260912,25,31,True,45,6,1,0,0,2,0,0,0,0,24,34.4,2.3,23.0,6.0,5.0,4724,508,713
1943,53,4,20260912,25,31,True,27,1,0,0,0,1,0,0,0,0,3,2.6,4.0,0.0,0.7,5.9,13307,570,1790
1944,54,4,20260912,25,31,True,0,0,0,0,0,0,0,0,0,0,0,0.0,0.0,0.0,0.0,5.5,3819,131,514
1945,55,4,20260912,25,31,True,0,0,0,0,0,0,0,0,0,0,0,0.0,0.0,0.0,0.0,7.8,317753,0,126292
1946,56,4,20260912,25,31,True,45,1,0,0,0,2,0,0,0,0,4,1.2,1.5,2.0,0.5,5.5,17325,4186,2817
1947,57,4,20260912,4,32,True,90,1,0,0,0,2,0,0,0,0,0,0.0,0.0,0.0,0.0,4.5,346097,27504,37126
1948,58,4,20260912,4,32,True,0,0,0,0,0,0,0,0,0,0,0,0.0,0.0,0.0,0.0,4.0,383559,38779,24224
1949,59,4,20260912,4,32,True,0,0,0,0,0,0,0,0,0,0,0,0.0,0.0,0.0,0.0,4.0,14269,0,1608
1950,60,4,20260912,4,32,True,90,2,0,0,0,2,1,0,0,0,5,22.0,11.4,0.0,3.3,5.5,89044,8173,10555
1951,61,4,20260912,4,32,True,90,3,0,0,0,2,0,0,0,0,23,38.6,18.0,28.0,8.5,5.5,362027,12869,45880
1952,62,4,20260912,4,32,True,0,0,0,0,0,0,0,0,0,0,0,0.0,0.0,0.0,0.0,5.0,18147,1310,2653
1953,63,4,20260912,4,32,True,0,0,0,0,0,0,0,0,0,0,0,0.0,0.0,0.0,0.0,5.0,852,70,164
1954,64,4,20260912,4,32,True,90,0,0,0,0,2,1,0,0,0,-1,11.4,2.0,0.0,1.3,4.5,14155,1505,1738
1955,65,4,20260912,4,32,True,0,0,0,0,0,0,0,0,0,0,0,0.0,0.0,0.0,0.0,4.4,1303,99,216
1956,66,4,20260912,4,32,True,0,0,0,0,0,0,0,0,0,0,0,0.0,0.0,0.0,0.0,4.0,31214,4282,2699
1957,67,4,20260912,4,32,True,81,2,0,0,0,2,0,0,0,0,7,5.6,17.8,20.0,4.3,6.4,202880,8549,41933
1958,68,4,20260912,4,32,True,82,8,1,0,0,2,1,0,0,2,44,49.4,58.3,37.0,14.5,6.0,417515,177420,51460
1959,69,4,20260912,4,32,True,90,4,0,0,0,2,0,0,0,0,19,22.2,46.1,10.0,7.8,6.1,657646,386435,62399
1960,70,4,20260912,4,32,True,65,8,1,0,0,2,0,0,0,1,31,40.0,3.3,43.0,8.6,6.0,104989,8665,20691
1961,71,4,20260912,4,32,True,8,0,0,0,0,0,1,0,0,0,-1,0.6,0.3,0.0,0.1,5.0,21878,2134,3492
1962,72,4,20260912,4,32,True,8,1,0,0,0,0,0,0,0,0,6,1.6,1.5,7.0,1.0,4.9,6799,413,1025
1963,73,4,20260912,4,32,True,81,2,0,0,0,2,0,0,0,0,16,13.0,5.9,7.0,2.6,5.0,29708,5594,3579
1964,74,4,20260912,4,32,True,7,0,0,0,0,0,1,0,0,0,-1,4.2,0.3,2.0,0.7,5.0,6000,781,862
1965,75,4,20260912,4,32,True,24,1,0,0,0,0,0,0,0,0,7,6.6,14.4,4.0,2.5,5.0,3640,1116,574
1966,76,4,20260912,4,32,True,0,0,0,0,0,0,0,0,0,0,0,0.0,0.0,0.0,0.0,5.0,1498,72,210
1967,77,4,20260912,4,32,True,0,0,0,0,0,0,0,0,0,0,0,0.0,0.0,0.0,0.0,4.9,1557,54,329
1968,78,4,20260912,4,32,True,0,0,0,0,0,0,0,0,0,0,0,0.0,0.0,0.0,0.0,7.4,21026,197,3321
1969,79,4,20260912,4,32,True,90,5,0,1,0,2,0,0,0,0,22,22.8,40.0,4.0,6.7,6.0,349369,48861,45367
1970,80,4,20260912,4,32,True,0,0,0,0,0,0,0,0,0,0,0,0.0,0.0,0.0,0.0,5.5,1781,0,219
1971,81,4,20260912,4,32,True,1,1,0,0,0,0,0,0,0,0,3,0.0,0.5,0.0,0.1,6.0,12593,1247,1656
1972,82,4,20260912,1,32,False,90,3,0,0,0,2,0,0,8,0,19,44.0,0.0,0.0,4.4,5.0,702931,34374,58347
1973,83,4,20260912,1,32,False,0,0,0,0,0,0,0,0,0,0,0,0.0,0.0,0.0,0.0,4.5,10856,631,1069
1974,84,4,20260912,1,32,False,0,0,0,0,0,0,0,0,0,0,0,0.0,0.0,0.0,0.0,5.5,146784,1251,78007
1975,85,4,20260912,1,32,False,0,0,0,0,0,0,0,0,0,0,0,0.0,0.0,0.0,0.0,4.9,7443,70,1254
1976,86,4,20260912,1,32,False,59,1,0,0,0,2,0,0,0,0,0,0.8,1.6,6.0,0.8,5.5,223550,26643,32836
1977,87,4,20260912,1,32,False,90,1,0,0,0,2,0,0,0,0,0,15.2,0.5,8.0,2.4,4.5,479881,52109,103890
1978,88,4,20260912,1,32,False,19,1,0,0,0,0,0,0,0,0,5,5.4,14.1,0.0,2.0,4.6,934432,52146,110853
1979,89,4,20260912,1,32,False,0,0,0,0,0,0,0,0,0,0,0,0.0,0.0,0.0,0.0,4.5,21461,309,2002
1980,90,4,20260912,1,32,False,70,1,0,0,0,2,0,0,0,0,4,10.0,2.1,6.0,1.8,4.5,7602,309,711
1982,92,4,20260912,1,32,False,0,0,0,0,0,0,0,0,0,0,0,0.0,0.0,0.0,0.0,4.5,1896,102,227
1983,93,4,20260912,1,32,False,90,3,0,0,0,2,0,0,0,0,5,22.2,0.5,8.0,3.1,4.5,15722,905,735
1984,94,4,20260912,1,32,False,90,15,2,0,0,2,0,0,0,3,49,70.8,8.3,28.0,10.7,6.0,374153,28990,88151
1985,95,4,20260912,1,32,False,30,1,0,0,0,0,0,0,0,0,4,2.0,1.7,6.0,1.0,6.4,64766,1377,23398
1986,96,4,20260912,1,32,False,30,1,0,0,0,0,0,0,0,0,3,0.0,7.8,6.0,1.3,5.5,51791,5734,4927
1987,97,4,20260912,1,32,False,0,0,0,0,0,0,0,0,0,0,0,0.0,0.0,0.0,0.0,5.4,12497,42,4291
1988,98,4,20260912,1,32,False,90,4,0,0,0,2,0,0,0,0,20,28.4,14.4,0.0,4.3,5.0,266936,176461,37454
1989,99,4,20260912,1,32,False,0,0,0,0,0,0,0,0,0,0,0,0.0,0.0,0.0,0.0,5.0,201,27,32
1990,100,4,20260912,1,32,False,0,0,0,0,0,0,0,0,0,0,0,0.0,0.0,0.0,0.0,5.0,2209,335,332
1991,101,4,20260912,14,33,True,0,0,0,0,0,0,0,0,0,0,0,0.0,0.0,0.0,0.0,4.9,3001,145,589
1992,102,4,20260912,1,32,False,59,4,0,1,0,2,0,0,0,0,19,22.0,22.8,4.0,4.9,4.9,78222,706,16415
1993,103,4,20260912,1,32,False,0,0,0,0,0,0,0,0,0,0,0,0.0,0.0,0.0,0.0,4.9,1675,36,650
1995,105,4,20260912,1,32,False,59,1,0,0,0,2,0,0,0,0,12,14.6,15.3,2.0,3.2,6.0,14724,761,2562
1996,106,4,20260912,1,32,False,90,1,0,0,0,2,1,0,0,0,3,0.0,16.0,10.0,2.4,7.9,1129976,24154,321022
1997,107,4,20260912,1,32,False,0,0,0,0,0,0,0,0,0,0,0,0.0,0.0,0.0,0.0,4.5,119195,19067,14541
1998,108,4,20260912,1,32,False,0,0,0,0,0,0,0,0,0,0,0,0.0,0.0,0.0,0.0,5.5,36748,2767,5931
2002,112,4,20260912,11,37,True,90,8,0,0,1,0,0,0,0,0,27,38.4,15.2,7.0,6.1,4.9,718579,37570,83096
2026,136,4,20260912,14,33,True,12,1,0,0,0,0,0,0,0,0,4,7.2,10.6,4.0,2.2,5.9,82997,8018,13130
2030,140,4,20260912,14,33,True,0,0,0,0,0,0,0,0,0,0,0,0.0,0.0,0.0,0.0,4.9,93763,0,44507
2031,141,4,20260912,14,33,True,0,0,0,0,0,0,0,0,0,0,0,0.0,0.0,0.0,0.0,5.0,933,0,95
2032,142,4,20260912,14,33,True,90,1,0,0,0,2,0,0,0,0,11,19.8,10.4,15.0,4.5,5.4,828525,60443,91377
2033,143,4,20260912,14,33,True,0,0,0,0,0,0,0,0,0,0,0,0.0,0.0,0.0,0.0,5.5,8308,0,1338
2034,144,4,20260912,14,33,True,77,1,0,0,0,2,0,0,0,0,7,14.0,23.3,6.0,4.3,5.0,114930,7469,14124
2035,145,4,20260912,14,33,True,85,1,0,0,0,2,0,0,0,0,10,18.4,4.7,4.0,2.7,5.0,18473,9377,2003
2036,146,4,20260912,14,33,True,0,0,0,0,0,0,0,0,0,0,0,0.0,0.0,0.0,0.0,4.5,1183,0,250
2037,147,4,20260912,11,37,True,5,1,0,0,0,0,0,0,0,0,5,9.0,0.2,0.0,0.9,4.4,17024,639,1638
2038,148,4,20260912,14,33,True,45,0,0,0,0,2,0,0,0,0,-8,3.8,2.9,2.0,0.9,4.5,115190,58654,15691
2039,149,4,20260912,14,33,True,90,1,0,0,0,2,0,0,0,0,8,26.8,12.2,4.0,4.3,4.9,112667,5362,22693
2040,150,4,20260912,14,33,True,0,0,0,0,0,0,0,0,0,0,0,0.0,0.0,0.0,0.0,4.5,3449,0,1063
2041,151,4,20260912,14,33,True,0,0,0,0,0,0,0,0,0,0,0,0.0,0.0,0.0,0.0,4.5,42181,6326,4610
2042,152,4,20260912,14,33,True,0,0,0,0,0,0,0,0,0,0,0,0.0,0.0,0.0,0.0,5.4,87915,419,45676
2043,153,4,20260912,15,34,True,33,-3,0,0,0,3,0,1,0,0,-18,2.2,0.1,0.0,0.2,4.5,14882,7208,2487
2044,154,4,20260912,14,33,True,90,5,0,1,0,2,0,0,0,0,28,18.6,37.6,12.0,6.8,9.7,3081598,946062,103959
2046,156,4,20260912,14,33,True,85,2,0,0,0,2,0,0,0,0,17,15.8,31.3,27.0,7.4,6.5,156595,33627,16504
2047,157,4,20260912,14,33,True,4,1,0,0,0,0,0,0,0,0,6,5.0,0.5,21.0,2.7,6.4,79584,3867,14050
2048,158,4,20260912,14,33,True,0,0,0,0,0,0,0,0,0,0,0,0.0,0.0,0.0,0.0,5.9,2962,250,475
2150,260,4,20260914,23,40,True,18,1,0,0,0,1,0,0,0,0,4,3.2,4.7,0.0,0.8,6.3,291023,3258,124782
2216,326,4,20260914,23,40,True,0,0,0,0,0,0,0,0,0,0,0,0.0,0.0,0.0,0.0,4.5,38525,0,6925
2217,327,4,20260914,23,40,True,0,0,0,0,0,0,0,0,0,0,0,0.0,0.0,0.0,0.0,5.0,87595,4371,14839
2219,329,4,20260914,23,40,True,0,0,0,0,0,0,0,0,0,0,0,0.0,0.0,0.0,0.0,4.4,118013,168,112844
2220,330,4,20260914,23,40,True,82,15,1,0,1,0,0,0,0,3,45,47.8,18.5,71.0,13.7,4.5,232034,121956,23933
2221,331,4,20260914,23,40,True,72,6,0,0,1,0,0,0,0,0,26,10.0,8.6,4.0,2.3,4.5,5954,1148,527
2222,332,4,20260914,23,40,True,90,2,0,0,0,1,0,0,0,0,11,18.4,25.6,4.0,4.8,4.5,160487,27752,22126
2223,333,4,20260914,23,40,True,0,0,0,0,0,0,0,0,0,0,0,0.0,0.0,0.0,0.0,4.5,239,0,39
2224,334,4,20260914,23,40,True,90,7,0,1,0,1,0,0,0,0,27,37.0,10.5,2.0,5.0,5.0,410571,135153,68507
2225,335,4,20260914,23,40,True,87,3,0,0,1,0,0,0,0,0,16,12.0,40.4,12.0,6.4,6.0,291170,29721,49086
2226,336,4,20260914,23,40,True,71,9,1,0,1,0,0,0,0,1,35,41.4,17.8,21.0,8.0,5.9,29116,2061,6666
2227,337,4,20260914,23,40,True,18,1,0,0,0,1,0,0,0,0,4,0.2,0.3,2.0,0.3,5.4,61613,1095,11412
2228,338,4,20260914,23,40,True,90,7,0,1,0,1,0,0,0,0,25,8.0,1.7,4.0,1.4,5.4,103938,2529,17018
2229,339,4,20260914,23,40,True,2,1,0,0,0,1,0,0,0,0,4,0.0,0.0,0.0,0.0,4.9,10180,693,1806
2231,341,4,20260914,23,40,True,0,0,0,0,0,0,0,0,0,0,0,0.0,0.0,0.0,0.0,5.0,947,0,435
2232,342,4,20260914,23,40,True,0,0,0,0,0,0,0,0,0,0,0,0.0,0.0,0.0,0.0,5.0,71,0,11
2233,343,4,20260914,23,40,True,7,1,0,0,0,1,0,0,0,0,4,0.0,0.0,3.0,0.3,5.0,10690,786,1993
2234,344,4,20260914,23,40,True,0,0,0,0,0,0,0,0,0,0,0,0.0,0.0,0.0,0.0,5.0,317,13,58
2235,345,4,20260914,23,40,True,71,6,0,1,1,0,0,0,0,0,24,9.2,3.1,2.0,1.4,4.9,25771,5747,3168
2236,346,4,20260914,23,40,True,77,10,1,1,1,0,1,0,0,2,37,51.0,12.2,67.0,13.0,6.0,2292933,100296,477804
2237,347,4,20260914,23,40,True,12,1,0,0,0,1,0,0,0,0,4,0.2,0.3,0.0,0.1,5.4,51359,6623,7677
2238,348,4,20260914,23,40,True,0,0,0,0,0,0,0,0,0,0,0,0.0,0.0,0.0,0.0,5.0,7440,0,1516
2239,349,4,20260914,23,40,True,0,0,0,0,0,0,0,0,0,0,0,0.0,0.0,0.0,0.0,4.5,5498,775,1032
2275,385,4,20260914,23,40,True,90,3,0,0,0,1,0,0,4,0,17,29.0,0.0,0.0,2.9,5.0,583002,64368,49123
2295,405,4,20260914,16,40,False,18,1,0,0,0,0,0,0,0,0,3,0.0,0.1,0.0,0.0,5.5,26871,3834,3619
2332,442,4,20260914,16,40,False,0,0,0,0,0,0,0,0,0,0,0,0.0,0.0,0.0,0.0,4.9,108982,3004,11975
2333,443,4,20260914,16,40,False,0,0,0,0,0,0,0,0,0,0,0,0.0,0.0,0.0,0.0,4.5,3541,141,291
2334,444,4,20260914,16,40,False,0,0,0,0,0,0,0,0,0,0,0,0.0,0.0,0.0,0.0,4.5,2484,97,341
2335,445,4,20260914,16,40,False,90,2,0,0,0,4,0,0,0,0,-6,22.6,0.9,0.0,2.4,5.0,227385,48297,45302
2336,446,4,20260914,16,40,False,0,0,0,0,0,0,0,0,0,0,0,0.0,0.0,0.0,0.0,5.0,23553,1440,3656
2337,447,4,20260914,16,40,False,90,2,0,0,0,4,0,0,0,0,2,31.2,0.3,0.0,3.2,5.0,71884,9972,8764
2338,448,4,20260914,16,40,False,0,0,0,0,0,0,0,0,0,0,0,0.0,0.0,0.0,0.0,4.9,96018,239,20556
2339,449,4,20260914,16,40,False,90,0,0,0,0,4,0,0,0,0,9,21.0,3.9,7.0,3.2,5.2,1512788,563772,115626
2340,450,4,20260914,16,40,False,32,3,0,1,0,1,1,0,0,0,9,4.8,3.8,4.0,1.3,4.9,6615,3493,1041
2341,451,4,20260914,16,40,False,0,0,0,0,0,0,0,0,0,0,0,0.0,0.0,0.0,0.0,4.0,6793,0,957
2343,453,4,20260914,16,40,False,90,2,0,0,0,4,0,0,0,0,13,12.2,16.8,30.0,5.9,6.0,290007,210527,57859
2344,454,4,20260914,16,40,False,0,0,0,0,0,0,0,0,0,0,0,0.0,0.0,0.0,0.0,6.2,1209834,326071,195343
2346,456,4,20260914,16,40,False,0,0,0,0,0,0,0,0,0,0,0,0.0,0.0,0.0,0.0,4.9,39795,11516,4976
2347,457,4,20260914,16,40,False,56,0,0,0,0,3,1,0,0,0,2,1.2,3.7,2.0,0.7,5.9,13575,1062,2165
2348,458,4,20260914,16,40,False,0,0,0,0,0,0,0,0,0,0,0,0.0,0.0,0.0,0.0,5.4,2032,33,282
2349,459,4,20260914,16,40,False,79,0,0,0,0,4,0,0,0,0,9,6.6,4.5,0.0,1.1,5.5,8285,1045,1573
2350,460,4,20260914,16,40,False,32,1,0,0,0,1,0,0,0,0,8,7.6,13.3,18.0,3.9,5.0,52306,16531,9891
2351,461,4,20260914,16,40,False,33,6,1,0,0,1,0,0,0,0,24,36.6,5.3,21.0,6.3,5.8,13401,376,3407
2352,462,4,20260914,16,40,False,71,2,0,0,0,4,0,0,0,0,14,12.0,20.2,0.0,3.2,4.9,8079,390,1454
2353,463,4,20260914,16,40,False,0,0,0,0,0,0,0,0,0,0,0,0.0,0.0,0.0,0.0,5.9,66136,0,39340
2354,464,4,20260914,16,40,False,90,2,0,0,0,4,0,0,0,0,3,2.2,21.5,12.0,3.6,6.2,1925334,578506,259090
2355,465,4,20260914,16,40,False,0,0,0,0,0,0,0,0,0,0,0,0.0,0.0,0.0,0.0,5.9,41129,234,12886
2356,466,4,20260914,16,40,False,0,0,0,0,0,0,0,0,0,0,0,0.0,0.0,0.0,0.0,4.5,66182,0,17854
2449,559,4,20260914,16,40,False,10,1,0,0,0,0,0,0,0,0,4,1.4,0.3,0.0,0.2,4.9,11166,539,1637
2457,567,4,20260914,16,40,False,90,1,0,0,0,4,0,0,3,0,2,29.4,0.0,0.0,2.9,5.0,150531,58083,28617
2483,593,4,20260914,16,40,False,57,0,0,0,0,3,0,0,0,0,-3,10.4,2.7,0.0,1.3,4.5,313784,107522,115071
2488,598,4,20260914,23,40,True,90,2,0,0,0,1,0,0,0,0,8,18.6,0.9,10.0,3.0,4.5,4919,2774,1276
2493,603,4,20260914,23,40,True,0,0,0,0,0,0,0,0,0,0,0,0.0,0.0,0.0,0.0,4.0,11191,1426,1038
2494,604,4,20260914,23,40,True,0,0,0,0,0,0,0,0,0,0,0,0.0,0.0,0.0,0.0,4.5,15793,3443,2191
2499,609,4,20260914,16,40,False,0,0,0,0,0,0,0,0,0,0,0,0.0,0.0,0.0,0.0,4.0,26576,3372,4416
2515,625,4,20260914,23,40,True,0,0,0,0,0,0,0,0,0,0,0,0.0,0.0,0.0,0.0,4.0,20648,6067,2313
2519,629,4,20260914,23,40,True,0,0,0,0,0,0,0,0,0,0,0,0.0,0.0,0.0,0.0,4.0,65838,23210,5098
2524,634,4,20260914,16,40,False,57,1,0,0,0,3,0,0,0,0,5,2.2,10.9,4.0,1.7,6.0,10646,6117,1949
2531,641,4,20260914,23,40,True,18,1,0,0,0,1,0,0,0,0,1,4.4,10.3,0.0,1.5,4.5,576,322,105
2538,648,4,20260914,23,40,True,0,0,0,0,0,0,0,0,0,0,0,0.0,0.0,0.0,0.0,5.0,1465,754,362
2549,659,4,20260914,16,40,False,0,0,0,0,0,0,0,0,0,0,0,0.0,0.0,0.0,0.0,4.5,0,0,0
2577,28,5,20260918,4,41,False,90,2,0,0,0,3,0,0,3,0,7,26.0,10.0,0.0,3.6,5.0,524629,20981,53784
2589,40,5,20260918,4,41,False,90,2,0,0,0,3,0,0,0,0,17,10.0,20.6,30.0,6.1,7.7,4380885,697514,69384
2591,42,5,20260920,16,44,False,0,0,0,0,0,0,0,0,0,0,0,0.0,0.0,0.0,0.0,5.4,4188,319,802
2592,43,5,20260920,12,50,False,90,4,0,0,0,1,0,0,0,0,22,18.2,22.3,6.0,4.7,5.8,165689,8170,25177
2606,57,5,20260920,18,49,True,90,2,0,0,0,1,0,0,2,0,12,18.2,0.0,0.0,1.8,4.5,325591,7119,26540
2607,58,5,20260920,18,49,True,0,0,0,0,0,0,0,0,0,0,0,0.0,0.0,0.0,0.0,4.0,391157,22505,15619
2608,59,5,20260920,18,49,True,0,0,0,0,0,0,0,0,0,0,0,0.0,0.0,0.0,0.0,4.0,13258,0,1059
2609,60,5,20260920,18,49,True,90,4,0,0,0,1,0,0,0,0,15,43.6,5.1,0.0,4.9,5.5,80776,3321,11630
2610,61,5,20260920,18,49,True,90,2,0,0,0,1,0,0,0,0,6,12.6,11.8,5.0,2.9,5.5,334232,6520,34498
2611,62,5,20260920,18,49,True,0,0,0,0,0,0,0,0,0,0,0,0.0,0.0,0.0,0.0,5.0,17170,916,2228
2612,63,5,20260920,18,49,True,0,0,0,0,0,0,0,0,0,0,0,0.0,0.0,0.0,0.0,4.9,843,74,95
2613,64,5,20260920,18,49,True,74,2,0,0,0,1,0,0,0,0,3,0.0,0.8,0.0,0.0,4.5,13093,818,1981
2614,65,5,20260920,18,49,True,0,0,0,0,0,0,0,0,0,0,0,0.0,0.0,0.0,0.0,4.4,1281,101,151
2615,66,5,20260920,18,49,True,0,0,0,0,0,0,0,0,0,0,0,0.0,0.0,0.0,0.0,4.0,28923,2347,2404
2616,67,5,20260920,18,49,True,87,2,0,0,0,1,0,0,0,0,17,8.4,16.9,8.0,3.3,6.4,173374,4733,35360
2617,68,5,20260920,18,49,True,74,2,0,0,0,1,0,0,0,0,14,10.8,19.1,4.0,3.4,6.1,709800,318303,60985
2618,69,5,20260920,18,49,True,90,2,0,0,0,1,0,0,0,0,17,8.2,40.5,13.0,6.2,6.1,624564,72063,77120
2619,70,5,20260920,18,49,True,0,0,0,0,0,0,0,0,0,0,0,0.0,0.0,0.0,0.0,6.0,110738,14541,11079
2620,71,5,20260920,18,49,True,15,1,0,0,0,0,0,0,0,0,3,2.8,0.3,0.0,0.3,5.0,19112,841,3739
2621,72,5,20260920,18,49,True,2,1,0,0,0,0,0,0,0,0,3,0.2,0.8,2.0,0.3,4.9,6412,338,853
2622,73,5,20260920,18,49,True,87,4,0,0,0,1,0,0,0,0,13,15.4,12.9,0.0,2.8,5.0,29052,2995,3866
2623,74,5,20260920,18,49,True,15,1,0,0,0,0,0,0,0,0,4,5.0,21.7,0.0,2.7,5.0,5709,503,897
2624,75,5,20260920,18,49,True,74,2,0,0,0,1,0,0,0,0,0,0.0,2.4,27.0,2.4,5.0,3511,541,659
2625,76,5,20260920,18,49,True,2,1,0,0,0,0,0,0,0,0,3,0.2,0.1,0.0,0.0,4.9,1445,62,142
2626,77,5,20260920,18,49,True,0,0,0,0,0,0,0,0,0,0,0,0.0,0.0,0.0,0.0,4.9,1387,25,209
2627,78,5,20260920,18,49,True,0,0,0,0,0,0,0,0,0,0,0,0.0,0.0,0.0,0.0,7.4,19554,141,1829
2628,79,5,20260920,18,49,True,90,2,0,0,0,1,0,0,0,0,12,11.0,3.4,50.0,6.4,6.0,350510,44404,46982
2629,80,5,20260920,18,49,True,0,0,0,0,0,0,0,0,0,0,0,0.0,0.0,0.0,0.0,5.5,1665,0,121
2630,81,5,20260920,18,49,True,0,0,0,0,0,0,0,0,0,0,0,0.0,0.0,0.0,0.0,6.0,12687,939,1374
2631,82,5,20260918,8,41,True,90,6,0,0,1,0,0,0,2,0,27,16.4,0.0,0.0,1.6,5.0,649762,9126,63050
2632,83,5,20260918,8,41,True,0,0,0,0,0,0,0,0,0,0,0,0.0,0.0,0.0,0.0,4.5,10440,317,884
2633,84,5,20260918,8,41,True,0,0,0,0,0,0,0,0,0,0,0,0.0,0.0,0.0,0.0,5.4,111916,104,39392
2634,85,5,20260918,8,41,True,0,0,0,0,0,0,0,0,0,0,0,0.0,0.0,0.0,0.0,4.9,6772,37,766
2635,86,5,20260918,8,41,True,80,3,0,0,1,0,0,0,0,0,15,19.0,15.1,24.0,5.8,5.5,187862,6251,42502
2636,87,5,20260918,8,41,True,90,7,0,0,1,0,0,0,0,1,29,19.4,11.3,4.0,3.5,4.5,417707,8947,73970
2637,88,5,20260918,8,41,True,68,6,0,0,1,0,0,0,0,0,20,2.6,1.0,0.0,0.4,4.6,819720,18236,134611
2638,89,5,20260918,8,41,True,0,0,0,0,0,0,0,0,0,0,0,0.0,0.0,0.0,0.0,4.4,20442,410,1648
2639,90,5,20260918,8,41,True,21,1,0,0,0,0,0,0,0,0,5,11.2,0.3,0.0,1.2,4.5,7505,329,590
2641,92,5,20260918,8,41,True,0,0,0,0,0,0,0,0,0,0,0,0.0,0.0,0.0,0.0,4.5,1849,69,163
2642,93,5,20260918,8,41,True,90,14,0,1,1,0,0,0,0,3,43,53.0,10.8,4.0,6.8,4.5,15098,349,1075
2643,94,5,20260918,8,41,True,90,9,0,2,1,0,0,0,0,0,27,11.4,3.5,31.0,4.6,6.1,847173,425579,58558
2644,95,5,20260918,8,41,True,9,1,0,0,0,0,0,0,0,0,2,0.2,0.0,0.0,0.0,6.3,52273,1029,14648
2645,96,5,20260918,8,41,True,86,3,0,0,1,0,0,0,0,0,15,13.2,23.2,5.0,4.1,5.4,45391,1526,7978
2646,97,5,20260918,8,41,True,0,0,0,0,0,0,0,0,0,0,0,0.0,0.0,0.0,0.0,5.4,10766,16,1897
2647,98,5,20260918,8,41,True,90,3,0,0,1,0,0,0,0,0,13,18.0,5.8,2.0,2.6,5.0,273119,47235,33762
2648,99,5,20260918,8,41,True,0,0,0,0,0,0,0,0,0,0,0,0.0,0.0,0.0,0.0,5.0,193,20,33
2649,100,5,20260918,8,41,True,3,6,1,0,0,0,0,0,0,0,23,33.2,0.3,33.0,6.7,5.0,2231,265,342
2650,101,5,20260918,4,41,False,90,2,0,0,0,3,0,0,0,0,16,16.6,10.4,0.0,2.7,4.9,2692,45,428
2651,102,5,20260918,8,41,True,68,3,0,0,1,0,0,0,0,0,19,23.4,21.0,7.0,5.1,4.8,72210,1926,9450
2652,103,5,20260918,8,41,True,0,0,0,0,0,0,0,0,0,0,0,0.0,0.0,0.0,0.0,4.9,1428,11,293
2654,105,5,20260918,8,41,True,80,10,1,0,1,0,0,0,0,2,31,36.6,11.0,37.0,8.5,5.9,13639,635,2097
2655,106,5,20260918,8,41,True,90,5,1,0,1,0,1,0,0,0,26,28.2,16.0,30.0,7.4,7.8,958105,32439,221931
2656,107,5,20260918,8,41,True,0,0,0,0,0,0,0,0,0,0,0,0.0,0.0,0.0,0.0,4.5,104422,6535,20393
2657,108,5,20260918,8,41,True,0,0,0,0,0,0,0,0,0,0,0,0.0,0.0,0.0,0.0,5.5,33179,1671,6042
2680,131,5,20260920,12,50,False,0,0,0,0,0,0,0,0,0,0,0,0.0,0.0,0.0,0.0,4.9,12600,636,1716
2685,136,5,20260918,4,41,False,70,2,0,0,0,1,0,0,0,0,8,7.2,21.8,8.0,3.7,5.9,114052,34909,13973
2689,140,5,20260918,4,41,False,0,0,0,0,0,0,0,0,0,0,0,0.0,0.0,0.0,0.0,4.9,79688,0,15548
2690,141,5,20260918,4,41,False,0,0,0,0,0,0,0,0,0,0,0,0.0,0.0,0.0,0.0,5.0,889,0,52
2691,142,5,20260918,4,41,False,0,0,0,0,0,0,0,0,0,0,0,0.0,0.0,0.0,0.0,5.4,704792,18198,138832
2692,143,5,20260918,4,41,False,0,0,0,0,0,0,0,0,0,0,0,0.0,0.0,0.0,0.0,5.5,7643,0,705
2693,144,5,20260918,4,41,False,0,0,0,0,0,0,0,0,0,0,0,0.0,0.0,0.0,0.0,5.0,107892,4607,13888
2694,145,5,20260918,4,41,False,70,4,0,0,0,1,0,0,0,0,11,22.8,0.8,0.0,2.4,5.0,18869,3337,3449
2695,146,5,20260918,4,41,False,0,0,0,0,0,0,0,0,0,0,0,0.0,0.0,0.0,0.0,4.5,1061,0,128
2697,148,5,20260918,4,41,False,0,0,0,0,0,0,0,0,0,0,0,0.0,0.0,0.0,0.0,4.5,93559,4867,21725
2698,149,5,20260918,4,41,False,90,1,0,0,0,3,0,0,0,0,1,15.6,2.4,2.0,2.0,4.9,97080,2003,18955
2699,150,5,20260918,4,41,False,0,0,0,0,0,0,0,0,0,0,0,0.0,0.0,0.0,0.0,4.5,3038,0,455
2700,151,5,20260918,4,41,False,19,0,0,0,0,2,0,0,0,0,-4,1.4,1.4,0.0,0.3,4.5,38029,1529,6034
2701,152,5,20260918,4,41,False,0,0,0,0,0,0,0,0,0,0,0,0.0,0.0,0.0,0.0,5.3,68735,260,20925
2702,153,5,20260920,16,44,False,0,0,0,0,0,0,0,0,0,0,0,0.0,0.0,0.0,0.0,4.5,7522,157,5238
2703,154,5,20260918,4,41,False,90,2,0,0,0,3,0,0,0,0,21,19.4,25.3,20.0,6.5,9.7,2932358,192540,166587
2704,155,5,20260920,29,45,True,90,7,1,0,0,3,0,0,0,0,33,39.8,21.2,9.0,7.0,6.9,380480,56551,32926
2705,156,5,20260918,4,41,False,86,2,0,0,0,2,0,0,0,0,13,9.6,7.8,25.0,4.2,6.5,151580,15985,22206
2706,157,5,20260918,4,41,False,3,1,0,0,0,1,0,0,0,0,3,0.2,0.3,0.0,0.1,6.3,74742,2997,10149
2707,158,5,20260918,4,41,False,0,0,0,0,0,0,0,0,0,0,0,0.0,0.0,0.0,0.0,5.9,2922,198,407
2708,159,5,20260918,4,41,False,0,0,0,0,0,0,0,0,0,0,0,0.0,0.0,0.0,0.0,5.3,120861,584,31719
2710,161,5,20260918,4,41,False,0,0,0,0,0,0,0,0,0,0,0,0.0,0.0,0.0,0.0,5.0,24300,2931,4413
2711,162,5,20260920,12,50,False,0,0,0,0,0,0,0,0,0,0,0,0.0,0.0,0.0,0.0,4.8,64624,2868,12461
2712,163,5,20260918,4,41,False,0,0,0,0,0,0,0,0,0,0,0,0.0,0.0,0.0,0.0,4.5,10348,0,2058
2713,164,5,20260918,4,41,False,19,1,0,0,0,2,0,0,0,0,3,0.4,1.8,6.0,0.8,5.3,3422,155,533
2714,165,5,20260918,4,41,False,0,0,0,0,0,0,0,0,0,0,0,0.0,0.0,0.0,0.0,7.8,7300631,261391,748803
2717,168,5,20260918,4,41,False,0,0,0,0,0,0,0,0,0,0,0,0.0,0.0,0.0,0.0,5.0,21634,0,4081
2718,169,5,20260918,4,41,False,0,0,0,0,0,0,0,0,0,0,0,0.0,0.0,0.0,0.0,4.5,54118,9469,5890
2719,170,5,20260918,4,41,False,0,0,0,0,0,0,0,0,0,0,0,0.0,0.0,0.0,0.0,5.0,12321,122,2781
2747,198,5,20260920,16,44,False,0,0,0,0,0,0,0,0,0,0,0,0.0,0.0,0.0,0.0,5.0,148996,210,59922
2748,199,5,20260920,16,44,False,90,6,0,0,1,0,0,0,2,0,26,18.6,0.0,0.0,1.9,4.5,12323,1413,795
2749,200,5,20260918,4,41,False,90,3,0,0,0,3,0,0,0,0,-1,29.4,1.3,4.0,3.5,6.0,749577,9497,120680
2751,202,5,20260920,16,44,False,90,8,0,0,1,0,0,0,0,0,29,22.6,0.5,0.0,2.3,5.0,63648,1854,9498
2752,203,5,20260920,16,44,False,90,8,0,0,1,0,0,0,0,0,26,19.8,17.2,2.0,3.9,4.9,20646,259,4716
2753,204,5,20260920,16,44,False,90,7,0,0,1,0,0,0,0,1,30,19.2,3.7,6.0,2.9,4.5,647215,21781,73720
2754,205,5,20260920,16,44,False,0,0,0,0,0,0,0,0,0,0,0,0.0,0.0,0.0,0.0,4.5,1673,0,274
2755,206,5,20260920,16,44,False,0,0,0,0,0,0,0,0,0,0,0,0.0,0.0,0.0,0.0,4.4,2215,53,383
2756,207,5,20260920,16,44,False,0,0,0,0,0,0,0,0,0,0,0,0.0,0.0,0.0,0.0,4.4,6288,250,958
2757,208,5,20260920,16,44,False,8,1,0,0,0,0,0,0,0,0,3,0.0,0.5,0.0,0.1,6.2,67923,1443,12388
2759,210,5,20260920,16,44,False,90,2,0,0,1,0,1,0,0,0,13,20.0,26.8,13.0,6.0,5.5,82270,2827,11875
2760,211,5,20260920,16,44,False,81,2,0,0,1,0,1,0,0,0,10,9.4,8.3,10.0,2.8,5.5,38017,1928,14161
2761,212,5,20260920,16,44,False,0,0,0,0,0,0,0,0,0,0,0,0.0,0.0,0.0,0.0,4.4,838201,29011,100935
2762,213,5,20260920,16,44,False,45,0,0,0,0,0,1,0,0,0,3,15.4,0.5,11.0,2.7,4.9,7985,179,856
2763,214,5,20260920,16,44,False,90,3,0,0,1,0,0,0,0,0,12,1.8,4.0,27.0,3.3,5.0,59125,22401,7847
2764,215,5,20260920,16,44,False,0,0,0,0,0,0,0,0,0,0,0,0.0,0.0,0.0,0.0,5.0,537,0,124
2765,216,5,20260920,16,44,False,0,0,0,0,0,0,0,0,0,0,0,0.0,0.0,0.0,0.0,5.0,1807,0,405
2766,217,5,20260920,16,44,False,0,0,0,0,0,0,0,0,0,0,0,0.0,0.0,0.0,0.0,4.9,1249,0,675
2767,218,5,20260920,16,44,False,0,0,0,0,0,0,0,0,0,0,0,0.0,0.0,0.0,0.0,4.9,5232,272,848
2768,219,5,20260920,16,44,False,0,0,0,0,0,0,0,0,0,0,0,0.0,0.0,0.0,0.0,4.9,390,0,101
2769,220,5,20260920,16,44,False,0,0,0,0,0,0,0,0,0,0,0,0.0,0.0,0.0,0.0,4.5,132,0,8
2770,221,5,20260920,16,44,False,0,0,0,0,0,0,0,0,0,0,0,0.0,0.0,0.0,0.0,4.5,7788,360,990
2771,222,5,20260920,16,44,False,81,2,0,0,1,0,0,0,0,0,10,13.2,15.1,13.0,4.1,6.0,69381,15191,11138
2772,223,5,20260920,16,44,False,0,0,0,0,0,0,0,0,0,0,0,0.0,0.0,0.0,0.0,6.3,148086,232,29534
2773,224,5,20260920,16,44,False,8,1,0,0,0,0,0,0,0,0,2,0.0,0.6,0.0,0.0,5.5,55856,1026,22979
2774,225,5,20260920,16,44,False,0,0,0,0,0,0,0,0,0,0,0,0.0,0.0,0.0,0.0,5.0,0,0,0
2786,237,5,20260920,29,45,True,74,5,0,1,0,3,0,0,0,0,31,7.6,28.6,10.0,4.6,5.9,784775,43488,191140
2790,241,5,20260920,16,44,False,0,0,0,0,0,0,0,0,0,0,0,0.0,0.0,0.0,0.0,5.4,12442,185,1559
2799,250,5,20260920,21,50,True,90,3,0,0,0,1,0,0,5,0,18,34.6,0.0,0.0,3.5,4.5,335875,37373,17412
2800,251,5,20260920,21,50,True,0,0,0,0,0,0,0,0,0,0,0,0.0,0.0,0.0,0.0,4.0,123460,3635,4286
2801,252,5,20260920,21,50,True,0,0,0,0,0,0,0,0,0,0,0,0.0,0.0,0.0,0.0,4.0,12542,0,908
2802,253,5,20260920,21,50,True,10,1,0,0,0,1,0,0,0,0,0,10.0,0.0,0.0,1.0,5.0,14092,1831,2077
2803,254,5,20260920,21,50,True,90,2,0,0,0,1,0,0,0,0,19,30.0,30.0,0.0,6.0,4.5,147666,11569,11279
2804,255,5,20260920,21,50,True,0,0,0,0,0,0,0,0,0,0,0,0.0,0.0,0.0,0.0,4.5,2849,89,332
2805,256,5,20260920,21,50,True,0,0,0,0,0,0,0,0,0,0,0,0.0,0.0,0.0,0.0,4.4,20252,326,2073
2806,257,5,20260920,21,50,True,90,6,0,1,0,1,0,0,0,1,26,26.6,1.8,17.0,4.5,4.5,72972,3658,3913
2807,258,5,20260920,21,50,True,90,1,0,0,0,1,1,0,0,0,3,20.6,5.2,2.0,2.8,4.5,92417,14129,7614
2809,260,5,20260920,10,44,True,0,0,0,0,0,0,0,0,0,0,0,0.0,0.0,0.0,0.0,6.2,220557,3457,78547
2810,261,5,20260920,21,50,True,70,5,0,0,1,0,0,0,0,2,27,21.0,63.3,26.0,11.0,5.4,70405,3075,9579
2811,262,5,20260920,21,50,True,0,0,0,0,0,0,0,0,0,0,0,0.0,0.0,0.0,0.0,5.4,26201,582,3491
2812,263,5,20260920,21,50,True,19,1,0,0,0,1,0,0,0,0,6,5.2,0.1,17.0,2.2,5.3,4353,596,671
2813,264,5,20260920,21,50,True,70,3,0,0,1,0,0,0,0,0,6,4.0,3.7,8.0,1.6,5.5,30671,2742,3876
2814,265,5,20260920,21,50,True,76,3,0,0,1,0,0,0,0,0,16,10.0,15.4,7.0,3.2,4.9,31167,1643,3196
2815,266,5,20260920,21,50,True,0,0,0,0,0,0,0,0,0,0,0,0.0,0.0,0.0,0.0,4.9,305,15,61
2817,268,5,20260920,21,50,True,79,2,0,0,1,0,1,0,0,0,10,3.2,6.8,46.0,5.6,5.5,214660,104721,26450
2818,269,5,20260920,21,50,True,0,0,0,0,0,0,0,0,0,0,0,0.0,0.0,0.0,0.0,4.4,29229,228,5290
2819,270,5,20260920,21,50,True,0,0,0,0,0,0,0,0,0,0,0,0.0,0.0,0.0,0.0,4.4,130240,16215,16645
2820,271,5,20260920,21,50,True,10,0,0,0,0,1,1,0,0,0,-1,0.2,0.3,0.0,0.1,5.4,44522,3484,6327
2821,272,5,20260920,21,50,True,0,0,0,0,0,0,0,0,0,0,0,0.0,0.0,0.0,0.0,4.5,610960,30186,70844
2874,325,5,20260920,12,50,False,0,0,0,0,0,0,0,0,0,0,0,0.0,0.0,0.0,0.0,4.5,4302,169,317
2875,326,5,20260920,10,44,True,0,0,0,0,0,0,0,0,0,0,0,0.0,0.0,0.0,0.0,4.5,35299,0,3459
2876,327,5,20260920,10,44,True,0,0,0,0,0,0,0,0,0,0,0,0.0,0.0,0.0,0.0,5.0,79639,3804,13065
2878,329,5,20260920,10,44,True,0,0,0,0,0,0,0,0,0,0,0,0.0,0.0,0.0,0.0,4.4,89396,56,34960
2879,330,5,20260920,10,44,True,66,5,0,0,1,0,1,0,0,0,14,0.0,2.0,11.0,1.3,4.6,695534,393603,26630
2880,331,5,20260920,10,44,True,90,6,0,0,1,0,0,0,0,0,27,16.0,19.7,2.0,3.8,4.5,8163,1740,520
2881,332,5,20260920,10,44,True,90,8,0,0,1,0,0,0,0,2,31,19.2,14.9,5.0,3.9,4.5,160178,10354,11968
2882,333,5,20260920,10,44,True,0,0,0,0,0,0,0,0,0,0,0,0.0,0.0,0.0,0.0,4.5,219,0,22
2883,334,5,20260920,10,44,True,90,6,0,0,1,0,0,0,0,0,22,14.0,0.9,18.0,3.3,5.0,492213,74089,25942
2884,335,5,20260920,10,44,True,90,5,0,0,1,0,0,0,0,0,13,16.6,17.1,4.0,3.8,6.0,291868,24102,32411
2885,336,5,20260920,10,44,True,75,3,0,0,1,0,0,0,0,0,17,7.8,1.5,3.0,1.2,5.8,50221,19172,5061
2886,337,5,20260920,10,44,True,22,1,0,0,0,0,0,0,0,0,5,1.4,0.7,0.0,0.2,5.4,54410,849,8790
2887,338,5,20260920,10,44,True,90,5,0,0,1,0,0,0,0,0,19,18.8,24.2,0.0,4.3,5.4,102625,5751,9951
2888,339,5,20260920,10,44,True,0,0,0,0,0,0,0,0,0,0,0,0.0,0.0,0.0,0.0,4.9,9382,466,1443
2890,341,5,20260920,10,44,True,0,0,0,0,0,0,0,0,0,0,0,0.0,0.0,0.0,0.0,5.0,790,0,179
2891,342,5,20260920,10,44,True,0,0,0,0,0,0,0,0,0,0,0,0.0,0.0,0.0,0.0,5.0,60,0,10
2892,343,5,20260920,10,44,True,23,1,0,0,0,0,0,0,0,0,3,1.2,0.2,4.0,0.5,4.9,10249,721,1430
2893,344,5,20260920,10,44,True,0,0,0,0,0,0,0,0,0,0,0,0.0,0.0,0.0,0.0,5.0,312,24,37
2894,345,5,20260920,10,44,True,67,2,0,0,1,0,1,0,0,0,0,0.0,1.2,5.0,0.4,4.9,35115,10406,3333
2895,346,5,20260920,10,44,True,90,2,0,0,1,0,0,0,0,0,7,10.2,1.3,19.0,3.1,6.0,2888883,533433,142974
2896,347,5,20260920,10,44,True,14,1,0,0,0,0,0,0,0,0,4,2.0,0.0,0.0,0.2,5.4,51218,6227,7661
2897,348,5,20260920,10,44,True,0,0,0,0,0,0,0,0,0,0,0,0.0,0.0,0.0,0.0,5.0,6500,0,983
2898,349,5,20260920,10,44,True,0,0,0,0,0,0,0,0,0,0,0,0.0,0.0,0.0,0.0,4.5,5721,739,809
2899,350,5,20260920,1,49,False,90,8,0,0,1,0,0,0,2,2,30,22.4,0.0,0.0,2.2,5.5,422308,20069,24482
2900,351,5,20260920,1,49,False,0,0,0,0,0,0,0,0,0,0,0,0.0,0.0,0.0,0.0,4.9,13807,439,1285
2901,352,5,20260920,1,49,False,0,0,0,0,0,0,0,0,0,0,0,0.0,0.0,0.0,0.0,4.0,112455,2495,4456
2902,353,5,20260920,1,49,False,0,0,0,0,0,0,0,0,0,0,0,0.0,0.0,0.0,0.0,4.0,1905,0,109
2903,354,5,20260920,1,49,False,0,0,0,0,0,0,0,0,0,0,0,0.0,0.0,0.0,0.0,4.0,2153,268,161
2904,355,5,20260920,1,49,False,0,0,0,0,0,0,0,0,0,0,0,0.0,0.0,0.0,0.0,4.0,17657,896,800
2905,356,5,20260920,1,49,False,90,8,0,0,1,0,0,0,0,0,26,25.8,1.8,0.0,2.8,6.5,1767010,34977,91998
2906,357,5,20260920,1,49,False,0,0,0,0,0,0,0,0,0,0,0,0.0,0.0,0.0,0.0,5.3,198877,3000,42805
2907,358,5,20260920,1,49,False,90,6,0,0,1,0,0,0,0,0,22,9.8,2.3,2.0,1.4,5.4,246708,3035,43472
2908,359,5,20260920,1,49,False,0,0,0,0,0,0,0,0,0,0,0,0.0,0.0,0.0,0.0,4.9,1679,197,119
2909,360,5,20260920,1,49,False,0,0,0,0,0,0,0,0,0,0,0,0.0,0.0,0.0,0.0,5.0,1005,57,114
2910,361,5,20260920,1,49,False,0,0,0,0,0,0,0,0,0,0,0,0.0,0.0,0.0,0.0,4.0,13179,717,1183
2911,362,5,20260920,1,49,False,90,6,0,0,1,0,0,0,0,0,26,20.0,1.7,0.0,2.2,5.0,355709,69754,19011
2912,363,5,20260920,1,49,False,0,0,0,0,0,0,0,0,0,0,0,0.0,0.0,0.0,0.0,4.0,3493,126,337
2913,364,5,20260920,1,49,False,0,0,0,0,0,0,0,0,0,0,0,0.0,0.0,0.0,0.0,4.9,7658,299,661
2914,365,5,20260920,1,49,False,0,0,0,0,0,0,0,0,0,0,0,0.0,0.0,0.0,0.0,4.0,10034,0,1195
2915,366,5,20260920,1,49,False,70,6,0,1,1,0,0,0,0,0,25,13.2,39.3,16.0,6.9,7.3,650329,5737,179586
2916,367,5,20260920,1,49,False,90,3,0,0,1,0,0,0,0,0,13,15.8,43.0,7.0,6.6,7.2,1383393,175676,156133
2917,368,5,20260920,1,49,False,80,2,0,0,1,0,1,0,0,0,5,1.6,4.6,2.0,0.8,7.0,3685230,91695,497521
2918,369,5,20260920,1,49,False,0,0,0,0,0,0,0,0,0,0,0,0.0,0.0,0.0,0.0,5.8,52264,1736,11327
2919,370,5,20260920,1,49,False,0,0,0,0,0,0,0,0,0,0,0,0.0,0.0,0.0,0.0,5.4,5019,16,657
2920,371,5,20260920,1,49,False,9,1,0,0,0,0,0,0,0,0,3,0.0,1.5,0.0,0.1,5.9,124836,3604,22928
2921,372,5,20260920,1,49,False,90,5,0,0,1,0,0,0,0,0,19,14.0,6.5,4.0,2.5,5.4,141772,11435,19335
2922,373,5,20260920,1,49,False,0,0,0,0,0,0,0,0,0,0,0,0.0,0.0,0.0,0.0,5.5,2382,0,157
2923,374,5,20260920,1,49,False,0,0,0,0,0,0,0,0,0,0,0,0.0,0.0,0.0,0.0,4.9,6761,349,836
2924,375,5,20260920,1,49,False,19,1,0,0,0,0,0,0,0,0,3,9.6,0.6,0.0,1.0,4.9,4129,188,538
2925,376,5,20260920,1,49,False,0,0,0,0,0,0,0,0,0,0,0,0.0,0.0,0.0,0.0,5.0,119,0,9
2926,377,5,20260920,1,49,False,18,1,0,0,0,0,0,0,0,0,7,5.8,11.0,0.0,1.7,6.5,105157,5622,30611
2927,378,5,20260920,1,49,False,0,0,0,0,0,0,0,0,0,0,0,0.0,0.0,0.0,0.0,4.4,26448,2718,2620
2928,379,5,20260920,1,49,False,80,8,1,0,1,0,1,0,0,3,31,32.6,13.4,31.0,7.7,9.1,2350302,139899,242932
2929,380,5,20260920,1,49,False,0,0,0,0,0,0,0,0,0,0,0,0.0,0.0,0.0,0.0,7.4,11579,393,1183
2930,381,5,20260920,1,49,False,9,1,0,0,0,0,0,0,0,0,7,3.0,0.0,17.0,2.0,5.0,2933,207,295
2931,382,5,20260920,1,49,False,0,0,0,0,0,0,0,0,0,0,0,0.0,0.0,0.0,0.0,4.5,25967,9567,3341
2932,383,5,20260920,1,49,False,0,0,0,0,0,0,0,0,0,0,0,0.0,0.0,0.0,0.0,5.4,3642,0,576
2933,384,5,20260920,29,45,True,90,2,0,0,0,3,0,0,4,0,9,31.6,0.0,0.0,3.2,5.5,879025,58809,42423
2934,385,5,20260920,10,44,True,90,10,0,0,1,0,0,0,5,3,34,27.8,0.0,0.0,2.8,5.0,601728,32312,31298
2935,386,5,20260920,29,45,True,0,0,0,0,0,0,0,0,0,0,0,0.0,0.0,0.0,0.0,4.5,2873,80,186
2936,387,5,20260920,29,45,True,5,1,0,0,0,0,0,0,0,0,3,5.4,0.8,17.0,2.3,6.4,1243931,12818,191061
2937,388,5,20260920,29,45,True,90,4,0,1,0,3,0,0,0,0,13,32.8,13.1,9.0,5.5,6.0,2017850,86049,72712
2938,389,5,20260920,29,45,True,90,1,0,0,0,3,0,0,0,0,0,25.0,3.3,0.0,2.8,5.9,107181,7244,4222
2939,390,5,20260920,29,45,True,90,1,0,0,0,3,0,0,0,0,-7,4.8,0.3,7.0,1.2,5.5,208870,21282,10748
2940,391,5,20260920,29,45,True,90,4,0,1,0,3,0,0,0,0,22,34.0,11.4,2.0,4.7,5.7,2895075,589540,41089
2941,392,5,20260920,29,45,True,0,0,0,0,0,0,0,0,0,0,0,0.0,0.0,0.0,0.0,5.3,45028,1361,6230
2942,393,5,20260920,29,45,True,0,0,0,0,0,0,0,0,0,0,0,0.0,0.0,0.0,0.0,5.4,154215,3443,18656
2943,394,5,20260920,29,45,True,0,0,0,0,0,0,0,0,0,0,0,0.0,0.0,0.0,0.0,5.0,500,0,39
2944,395,5,20260920,29,45,True,0,0,0,0,0,0,0,0,0,0,0,0.0,0.0,0.0,0.0,4.4,21617,1147,2731
2945,396,5,20260920,29,45,True,0,0,0,0,0,0,0,0,0,0,0,0.0,0.0,0.0,0.0,4.5,3479,156,238
2946,397,5,20260920,29,45,True,90,17,2,1,0,3,0,0,0,2,65,95.6,34.2,42.0,17.2,8.4,1598756,37411,176837
2947,398,5,20260920,29,45,True,0,0,0,0,0,0,0,0,0,0,0,0.0,0.0,0.0,0.0,6.9,209654,2056,206635
2948,399,5,20260920,29,45,True,84,8,1,0,0,3,0,0,0,1,35,42.8,43.6,27.0,11.3,7.8,3041594,163004,289238
2949,400,5,20260920,29,45,True,15,1,0,0,0,0,0,0,0,0,7,3.6,13.8,5.0,2.2,7.4,71797,271,6971
2951,402,5,20260920,29,45,True,0,0,0,0,0,0,0,0,0,0,0,0.0,0.0,0.0,0.0,6.5,1158,0,52
2953,404,5,20260920,29,45,True,0,0,0,0,0,0,0,0,0,0,0,0.0,0.0,0.0,0.0,6.0,3723,0,224
2955,406,5,20260920,29,45,True,0,0,0,0,0,0,0,0,0,0,0,0.0,0.0,0.0,0.0,5.4,8157,241,972
2956,407,5,20260920,29,45,True,0,0,0,0,0,0,0,0,0,0,0,0.0,0.0,0.0,0.0,4.9,955,0,136
2957,408,5,20260920,29,45,True,0,0,0,0,0,0,0,0,0,0,0,0.0,0.0,0.0,0.0,5.0,517,0,39
2958,409,5,20260920,29,45,True,0,0,0,0,0,0,0,0,0,0,0,0.0,0.0,0.0,0.0,4.5,9744,0,1698
2959,410,5,20260920,29,45,True,0,0,0,0,0,0,0,0,0,0,0,0.0,0.0,0.0,0.0,4.9,874,0,122
2960,411,5,20260920,29,45,True,90,6,1,0,0,3,0,0,0,0,25,28.6,2.0,57.0,8.8,15.6,7989349,196912,24421
2961,412,5,20260920,12,50,False,90,4,0,0,0,1,0,0,6,0,22,47.2,0.0,0.0,4.7,4.9,1105256,13915,120164
2962,413,5,20260920,12,50,False,0,0,0,0,0,0,0,0,0,0,0,0.0,0.0,0.0,0.0,4.5,1255,0,93
2963,414,5,20260920,12,50,False,0,0,0,0,0,0,0,0,0,0,0,0.0,0.0,0.0,0.0,4.0,8762,373,491
2964,415,5,20260920,12,50,False,6,4,0,1,0,0,0,0,0,0,12,18.4,11.2,11.0,4.1,5.8,58577,2869,9145
2965,416,5,20260920,12,50,False,0,0,0,0,0,0,0,0,0,0,0,0.0,0.0,0.0,0.0,5.0,2417,79,198
2966,417,5,20260920,12,50,False,90,2,0,0,0,1,0,0,0,0,11,8.6,15.0,7.0,3.1,4.9,180890,3696,20176
2967,418,5,20260920,12,50,False,90,2,0,0,0,1,0,0,0,0,17,17.2,17.1,12.0,4.6,4.9,993742,13938,156456
2968,419,5,20260920,12,50,False,90,0,0,0,0,1,0,0,0,0,6,12.4,13.3,22.0,4.8,5.0,138877,10516,9693
2969,420,5,20260920,12,50,False,0,0,0,0,0,0,0,0,0,0,0,0.0,0.0,0.0,0.0,4.9,50197,617,4939
2970,421,5,20260920,12,50,False,0,0,0,0,0,0,0,0,0,0,0,0.0,0.0,0.0,0.0,4.4,29351,613,3636
2971,422,5,20260920,12,50,False,0,0,0,0,0,0,0,0,0,0,0,0.0,0.0,0.0,0.0,4.4,55791,2584,7916
2972,423,5,20260920,12,50,False,83,2,0,0,0,1,0,0,0,0,7,6.6,6.0,4.0,1.7,4.4,879239,2227,362910
2973,424,5,20260920,12,50,False,0,0,0,0,0,0,0,0,0,0,0,0.0,0.0,0.0,0.0,4.0,21588,1392,1713
2974,425,5,20260920,12,50,False,0,0,0,0,0,0,0,0,0,0,0,0.0,0.0,0.0,0.0,4.0,1329,0,107
2975,426,5,20260920,12,50,False,90,2,0,0,0,1,0,0,0,0,15,14.0,58.8,13.0,8.6,12.0,4318751,68228,350459
2976,427,5,20260920,12,50,False,90,2,0,0,0,1,0,0,0,0,23,14.6,46.3,30.0,9.1,7.9,2322581,95476,302004
2977,428,5,20260920,12,50,False,90,10,1,0,0,1,0,0,0,3,32,42.4,35.2,26.0,10.4,7.9,620030,11557,87051
2978,429,5,20260920,12,50,False,76,2,0,0,0,1,0,0,0,0,15,16.6,53.7,58.0,12.8,7.0,171653,18390,22905
2979,430,5,20260920,12,50,False,10,1,0,0,0,0,0,0,0,0,3,0.6,1.1,5.0,0.7,5.4,3100,361,273
2980,431,5,20260920,12,50,False,0,0,0,0,0,0,0,0,0,0,0,0.0,0.0,0.0,0.0,5.7,33185,75,5879
2981,432,5,20260920,12,50,False,79,4,0,0,0,1,0,0,0,0,18,11.2,17.4,9.0,3.8,5.5,177650,33995,13265
2982,433,5,20260920,12,50,False,0,0,0,0,0,0,0,0,0,0,0,0.0,0.0,0.0,0.0,5.0,386,15,36
2983,434,5,20260920,12,50,False,0,0,0,0,0,0,0,0,0,0,0,0.0,0.0,0.0,0.0,4.9,1151,54,125
2984,435,5,20260920,12,50,False,0,0,0,0,0,0,0,0,0,0,0,0.0,0.0,0.0,0.0,4.9,5831,531,563
2985,436,5,20260920,12,50,False,0,0,0,0,0,0,0,0,0,0,0,0.0,0.0,0.0,0.0,5.0,1099,0,135
2986,437,5,20260920,12,50,False,0,0,0,0,0,0,0,0,0,0,0,0.0,0.0,0.0,0.0,4.5,18231,624,1703
2987,438,5,20260920,12,50,False,0,0,0,0,0,0,0,0,0,0,0,0.0,0.0,0.0,0.0,4.4,36458,3537,3287
2988,439,5,20260920,12,50,False,0,0,0,0,0,0,0,0,0,0,0,0.0,0.0,0.0,0.0,7.0,192336,24959,23329
2989,440,5,20260920,12,50,False,13,1,0,0,0,0,0,0,0,0,4,3.2,10.1,0.0,1.3,5.4,43505,2606,6053
2990,441,5,20260920,12,50,False,0,0,0,0,0,0,0,0,0,0,0,0.0,0.0,0.0,0.0,4.5,111907,5061,21262
3030,481,5,20260920,29,45,True,90,2,0,0,0,3,0,0,0,0,15,13.4,4.7,1.0,1.9,6.3,452582,29694,38511
3050,501,5,20260920,20,45,False,90,0,0,0,0,5,0,0,0,0,-8,17.6,11.0,19.0,4.8,5.0,17126,1530,1546
3078,529,5,20260920,20,45,False,90,0,0,0,0,5,0,0,1,0,-8,14.4,0.0,0.0,1.4,4.9,271819,2559,36319
3079,530,5,20260920,20,45,False,0,0,0,0,0,0,0,0,0,0,0,0.0,0.0,0.0,0.0,4.0,12868,0,743
3080,531,5,20260920,20,45,False,0,0,0,0,0,0,0,0,0,0,0,0.0,0.0,0.0,0.0,4.5,8450,190,550
3081,532,5,20260920,20,45,False,90,2,0,0,0,5,0,0,0,0,-12,28.4,0.3,11.0,4.0,4.9,279291,6303,52793
3082,533,5,20260920,20,45,False,90,0,0,0,0,5,0,0,0,0,5,30.2,30.5,11.0,7.2,5.4,207085,5413,28949
3083,534,5,20260920,20,45,False,11,1,0,0,0,1,0,0,0,0,-2,0.4,0.4,8.0,0.9,4.4,317533,1810,90441
3084,535,5,20260920,20,45,False,0,0,0,0,0,0,0,0,0,0,0,0.0,0.0,0.0,0.0,4.9,25847,280,4216
3085,536,5,20260920,20,45,False,0,0,0,0,0,0,0,0,0,0,0,0.0,0.0,0.0,0.0,4.5,28357,136,9767
3086,537,5,20260920,20,45,False,0,0,0,0,0,0,0,0,0,0,0,0.0,0.0,0.0,0.0,4.5,566,0,55
3087,538,5,20260920,20,45,False,0,0,0,0,0,0,0,0,0,0,0,0.0,0.0,0.0,0.0,4.0,3843,0,298
3088,539,5,20260920,20,45,False,0,0,0,0,0,0,0,0,0,0,0,0.0,0.0,0.0,0.0,4.0,258432,2157,25194
3089,540,5,20260920,20,45,False,0,0,0,0,0,0,0,0,0,0,0,0.0,0.0,0.0,0.0,4.0,14606,0,1276
3090,541,5,20260920,20,45,False,78,3,0,1,0,4,0,0,0,0,5,22.8,12.8,2.0,3.8,4.5,28358,971,2130
3091,542,5,20260920,20,45,False,90,5,0,1,0,5,0,0,0,0,33,33.8,72.8,2.0,10.9,5.8,367322,5741,101057
3092,543,5,20260920,20,45,False,0,0,0,0,0,0,0,0,0,0,0,0.0,0.0,0.0,0.0,5.4,2684,12,672
3093,544,5,20260920,20,45,False,90,2,0,0,0,5,0,0,0,0,25,24.6,37.3,0.0,6.2,5.5,405611,13122,58515
3094,545,5,20260920,20,45,False,67,2,0,0,0,4,0,0,0,0,9,0.0,3.3,1.0,0.3,4.9,24166,1171,3669
3095,546,5,20260920,20,45,False,0,0,0,0,0,0,0,0,0,0,0,0.0,0.0,0.0,0.0,4.9,2712,0,645
3096,547,5,20260920,20,45,False,0,0,0,0,0,0,0,0,0,0,0,0.0,0.0,0.0,0.0,4.9,586,15,135
3097,548,5,20260920,20,45,False,0,0,0,0,0,0,0,0,0,0,0,0.0,0.0,0.0,0.0,4.9,4992,65,504
3098,549,5,20260920,20,45,False,0,0,0,0,0,0,0,0,0,0,0,0.0,0.0,0.0,0.0,5.3,14043,308,1697
3099,550,5,20260920,20,45,False,0,0,0,0,0,0,0,0,0,0,0,0.0,0.0,0.0,0.0,5.0,627,64,88
3100,551,5,20260920,20,45,False,59,4,0,1,0,4,0,0,0,0,13,21.4,11.7,13.0,4.6,5.0,12830,718,2147
3101,552,5,20260920,20,45,False,90,17,3,0,0,5,0,0,0,3,92,104.0,16.1,84.0,20.4,5.8,577036,12010,157147
3102,553,5,20260920,20,45,False,22,1,0,0,0,1,0,0,0,0,3,0.2,0.3,0.0,0.1,5.5,143906,6445,25431
3104,555,5,20260920,16,44,False,0,0,0,0,0,0,0,0,0,0,0,0.0,0.0,0.0,0.0,4.0,185661,3461,5793
3109,560,5,20260918,4,41,False,0,0,0,0,0,0,0,0,0,0,0,0.0,0.0,0.0,0.0,4.4,7232,696,620
3110,561,5,20260918,4,41,False,0,0,0,0,0,0,0,0,0,0,0,0.0,0.0,0.0,0.0,4.5,2152,188,216
3114,565,5,20260918,8,41,True,21,0,0,0,0,0,1,0,0,0,0,2.2,0.0,0.0,0.2,5.7,1186508,29169,213906
3115,566,5,20260920,18,49,True,90,3,0,0,0,1,1,0,0,0,8,32.8,1.5,2.0,3.6,5.0,40509,2672,6575
3117,568,5,20260918,4,41,False,86,2,0,0,0,2,0,0,0,0,21,11.2,4.3,5.0,2.1,5.4,13260,477,1379
3118,569,5,20260920,21,50,True,79,2,0,0,1,0,0,0,0,0,3,0.0,14.8,12.0,2.3,6.0,386933,42871,74168
3119,570,5,20260920,21,50,True,19,1,0,0,0,1,0,0,0,0,5,5.8,10.3,0.0,1.6,5.4,18361,1918,2374
3122,573,5,20260920,18,49,True,0,0,0,0,0,0,0,0,0,0,0,0.0,0.0,0.0,0.0,4.4,18099,314,1296
3126,577,5,20260920,16,44,False,45,1,0,0,0,0,0,0,0,0,4,10.6,10.6,2.0,2.3,4.4,29233,497,2824
3128,579,5,20260920,1,49,False,90,7,0,0,1,0,0,0,0,1,28,12.0,2.8,2.0,1.7,5.4,315443,36773,17488
3129,580,5,20260920,21,50,True,90,4,0,0,0,1,0,0,0,0,16,40.0,3.4,0.0,4.3,5.0,7677,742,693
3132,583,5,20260918,4,41,False,90,1,0,0,0,3,0,0,0,0,7,17.6,27.2,4.0,4.9,4.9,16124,529,1674
3136,587,5,20260920,29,45,True,0,0,0,0,0,0,0,0,0,0,0,0.0,0.0,0.0,0.0,5.0,2254,162,191
3137,588,5,20260920,16,44,False,90,6,0,0,1,0,0,0,0,0,23,15.8,2.5,2.0,2.0,5.0,31883,5814,6531
3144,595,5,20260920,16,44,False,0,0,0,0,0,0,0,0,0,0,0,0.0,0.0,0.0,0.0,5.0,1330,81,198
3147,598,5,20260920,10,44,True,90,6,0,0,1,0,0,0,0,0,27,20.8,2.3,17.0,4.0,4.5,6514,1258,476
3152,603,5,20260920,10,44,True,0,0,0,0,0,0,0,0,0,0,0,0.0,0.0,0.0,0.0,4.0,11401,1223,974
3153,604,5,20260920,10,44,True,0,0,0,0,0,0,0,0,0,0,0,0.0,0.0,0.0,0.0,4.5,14890,1362,1933
3157,608,5,20260920,18,49,True,15,1,0,0,0,0,0,0,0,0,3,0.2,0.8,4.0,0.5,5.0,11675,1986,2048
3159,610,5,20260920,21,50,True,0,0,0,0,0,0,0,0,0,0,0,0.0,0.0,0.0,0.0,4.0,7831,0,1168
3161,612,5,20260920,20,45,False,90,-1,0,0,0,5,1,0,0,0,-8,8.0,2.0,2.0,1.2,4.5,834,145,96
3162,613,5,20260920,20,45,False,0,0,0,0,0,0,0,0,0,0,0,0.0,0.0,0.0,0.0,4.5,26173,2205,3619
3164,615,5,20260920,18,49,True,0,0,0,0,0,0,0,0,0,0,0,0.0,0.0,0.0,0.0,4.5,3687,343,541
3165,616,5,20260920,29,45,True,0,0,0,0,0,0,0,0,0,0,0,0.0,0.0,0.0,0.0,5.5,18994,2946,3870
3169,620,5,20260918,8,41,True,9,1,0,0,0,0,0,0,0,0,3,2.2,0.3,0.0,0.3,4.5,9701,1079,1672
3170,621,5,20260920,29,45,True,0,0,0,0,0,0,0,0,0,0,0,0.0,0.0,0.0,0.0,4.5,11797,905,1872
3171,622,5,20260920,29,45,True,0,0,0,0,0,0,0,0,0,0,0,0.0,0.0,0.0,0.0,4.0,18924,2303,2625
3174,625,5,20260920,10,44,True,0,0,0,0,0,0,0,0,0,0,0,0.0,0.0,0.0,0.0,4.0,23234,3467,1461
3175,626,5,20260920,21,50,True,0,0,0,0,0,0,0,0,0,0,0,0.0,0.0,0.0,0.0,4.5,32375,996,4857
3176,627,5,20260920,1,49,False,71,3,0,0,1,0,0,0,0,0,8,2.2,3.3,21.0,2.7,8.0,203917,24870,45767
3177,628,5,20260920,29,45,True,0,0,0,0,0,0,0,0,0,0,0,0.0,0.0,0.0,0.0,6.0,959,354,242
3178,629,5,20260920,10,44,True,0,0,0,0,0,0,0,0,0,0,0,0.0,0.0,0.0,0.0,4.0,86238,18956,4970
3182,633,5,20260920,16,44,False,0,0,0,0,0,0,0,0,0,0,0,0.0,0.0,0.0,0.0,4.5,1692,710,240
3184,635,5,20260920,21,50,True,13,1,0,0,0,1,0,0,0,0,3,3.2,0.1,0.0,0.3,5.0,760,191,125
3185,636,5,20260920,21,50,True,0,0,0,0,0,0,0,0,0,0,0,0.0,0.0,0.0,0.0,5.0,361,84,74
3190,641,5,20260920,10,44,True,0,0,0,0,0,0,0,0,0,0,0,0.0,0.0,0.0,0.0,4.5,877,363,143
3192,643,5,20260920,16,44,False,0,0,0,0,0,0,0,0,0,0,0,0.0,0.0,0.0,0.0,4.5,50011,3269,9457
3193,644,5,20260920,16,44,False,90,3,0,0,1,0,0,0,0,0,13,8.4,24.0,6.0,3.8,5.0,3505,1410,628
3195,646,5,20260920,20,45,False,30,1,0,0,0,1,0,0,0,0,6,12.4,0.8,38.0,5.1,5.5,3082,472,632
3196,647,5,20260920,16,44,False,0,0,0,0,0,0,0,0,0,0,0,0.0,0.0,0.0,0.0,5.5,833,80,171
3197,648,5,20260920,10,44,True,1,1,0,0,0,0,0,0,0,0,5,1.0,0.3,0.0,0.1,5.0,1449,363,410
3199,650,5,20260920,21,50,True,90,4,0,0,0,1,0,0,0,0,17,32.4,11.3,0.0,4.4,4.5,2846,2400,493
3200,651,5,20260920,20,45,False,0,0,0,0,0,0,0,0,0,0,0,0.0,0.0,0.0,0.0,4.5,87358,33544,11643
3202,653,5,20260920,29,45,True,0,0,0,0,0,0,0,0,0,0,0,0.0,0.0,0.0,0.0,4.5,3973,751,875
3206,657,5,20260918,8,41,True,0,0,0,0,0,0,0,0,0,0,0,0.0,0.0,0.0,0.0,4.5,2569,1742,393
3209,660,5,20260918,8,41,True,0,0,0,0,0,0,0,0,0,0,0,0.0,0.0,0.0,0.0,4.0,0,0,0
3210,661,5,20260918,8,41,True,0,0,0,0,0,0,0,0,0,0,0,0.0,0.0,0.0,0.0,4.0,0,0,0
3211,662,5,20260918,4,41,False,3,1,0,0,0,1,0,0,0,0,5,4.6,1.7,0.0,0.6,4.5,0,0,0
2052,162,4,20260913,20,39,True,0,0,0,0,0,0,0,0,0,0,0,0.0,0.0,0.0,0.0,4.9,72284,3527,16706
2061,171,4,20260913,5,38,True,0,0,0,0,0,0,0,0,0,0,0,0.0,0.0,0.0,0.0,4.0,122705,0,18083
2062,172,4,20260913,5,38,True,0,0,0,0,0,0,0,0,0,0,0,0.0,0.0,0.0,0.0,4.5,40175,242,2314
2063,173,4,20260913,5,38,True,90,0,0,0,0,5,0,0,0,0,-17,6.8,0.4,23.0,3.0,4.0,1003377,154241,83266
2064,174,4,20260913,5,38,True,0,0,0,0,0,0,0,0,0,0,0,0.0,0.0,0.0,0.0,4.0,43580,0,10533
2065,175,4,20260913,5,38,True,90,0,0,0,0,5,0,0,0,0,-5,18.8,11.6,4.0,3.4,4.0,1124770,32583,138909
2066,176,4,20260913,5,38,True,90,0,0,0,0,5,0,0,0,0,-7,12.8,26.0,0.0,3.9,4.0,77723,2492,4813
2067,177,4,20260913,5,38,True,0,0,0,0,0,0,0,0,0,0,0,0.0,0.0,0.0,0.0,4.0,4121,114,710
2068,178,4,20260913,5,38,True,0,0,0,0,0,0,0,0,0,0,0,0.0,0.0,0.0,0.0,4.0,8754,645,805
2069,179,4,20260913,5,38,True,0,0,0,0,0,0,0,0,0,0,0,0.0,0.0,0.0,0.0,4.0,4073,277,378
2070,180,4,20260913,5,38,True,0,0,0,0,0,0,0,0,0,0,0,0.0,0.0,0.0,0.0,4.0,13479,375,1822
2071,181,4,20260913,5,38,True,0,0,0,0,0,0,0,0,0,0,0,0.0,0.0,0.0,0.0,4.0,2631,0,477
2072,182,4,20260913,5,38,True,90,0,0,0,0,5,0,0,0,0,-12,18.2,10.3,4.0,3.3,4.0,81299,3596,5631
2073,183,4,20260913,5,38,True,72,2,0,0,0,3,0,0,0,0,11,10.8,55.5,25.0,9.1,5.0,11698,965,1777
2074,184,4,20260913,5,38,True,83,2,0,0,0,4,0,0,0,0,9,5.6,5.8,2.0,1.3,5.0,14585,532,2633
2075,185,4,20260913,5,38,True,0,0,0,0,0,0,0,0,0,0,0,0.0,0.0,0.0,0.0,4.9,7657,207,1182
2076,186,4,20260913,5,38,True,59,1,0,0,0,2,0,0,0,0,5,6.0,1.0,44.0,5.1,5.4,9746,222,1002
2077,187,4,20260913,5,38,True,0,0,0,0,0,0,0,0,0,0,0,0.0,0.0,0.0,0.0,4.9,1294,93,342
2078,188,4,20260913,5,38,True,6,1,0,0,0,1,0,0,0,0,3,0.4,0.4,0.0,0.1,5.4,11943,52,1594
2079,189,4,20260913,5,38,True,0,0,0,0,0,0,0,0,0,0,0,0.0,0.0,0.0,0.0,4.5,25735,1302,3002
2080,190,4,20260913,5,38,True,0,0,0,0,0,0,0,0,0,0,0,0.0,0.0,0.0,0.0,5.4,11417,187,1577
2081,191,4,20260913,5,38,True,0,0,0,0,0,0,0,0,0,0,0,0.0,0.0,0.0,0.0,4.5,11101,0,3328
2082,192,4,20260913,5,38,True,0,0,0,0,0,0,0,0,0,0,0,0.0,0.0,0.0,0.0,4.5,36602,0,8343
2083,193,4,20260913,5,38,True,0,0,0,0,0,0,0,0,0,0,0,0.0,0.0,0.0,0.0,5.4,8935,117,1906
2084,194,4,20260913,5,38,True,17,1,0,0,0,2,0,0,0,0,7,6.0,0.5,26.0,3.3,5.0,84195,11154,12674
2085,195,4,20260913,5,38,True,0,0,0,0,0,0,0,0,0,0,0,0.0,0.0,0.0,0.0,5.0,81354,5606,14189
2086,196,4,20260913,5,38,True,0,0,0,0,0,0,0,0,0,0,0,0.0,0.0,0.0,0.0,5.0,803,0,136
2087,197,4,20260913,5,38,True,0,0,0,0,0,0,0,0,0,0,0,0.0,0.0,0.0,0.0,4.5,2877,0,350
2127,237,4,20260913,21,39,False,45,1,0,0,0,0,0,0,0,0,15,9.8,1.8,2.0,1.4,5.9,900785,43012,343691
2215,325,4,20260913,20,39,True,0,0,0,0,0,0,0,0,0,0,0,0.0,0.0,0.0,0.0,4.5,4302,256,345
2218,328,4,20260913,9,38,False,12,1,0,0,0,0,0,0,0,0,4,11.2,0.8,0.0,1.2,5.0,20832,1494,2501
2274,384,4,20260913,21,39,False,90,7,0,0,1,0,0,0,3,0,29,20.6,0.0,0.0,2.1,5.5,797609,32234,78476
2276,386,4,20260913,21,39,False,0,0,0,0,0,0,0,0,0,0,0,0.0,0.0,0.0,0.0,4.5,2911,128,241
2277,387,4,20260913,21,39,False,8,1,0,0,0,0,0,0,0,0,3,0.0,0.5,0.0,0.1,6.4,1381174,8499,547090
2278,388,4,20260913,21,39,False,90,6,0,0,1,0,0,0,0,0,27,16.6,0.6,2.0,1.9,6.0,1956435,90239,115446
2279,389,4,20260913,21,39,False,90,9,0,0,1,0,0,0,0,1,34,31.2,1.5,0.0,3.3,5.9,99893,2401,11007
2280,390,4,20260913,21,39,False,90,6,0,0,1,0,0,0,0,0,24,17.4,0.2,2.0,2.0,5.5,188216,11031,17543
2281,391,4,20260913,21,39,False,90,11,0,1,1,0,1,0,0,3,36,16.4,1.1,4.0,2.2,5.6,2126959,315722,162826
2282,392,4,20260913,21,39,False,0,0,0,0,0,0,0,0,0,0,0,0.0,0.0,0.0,0.0,5.3,48901,1355,11329
2283,393,4,20260913,21,39,False,0,0,0,0,0,0,0,0,0,0,0,0.0,0.0,0.0,0.0,5.5,166165,6115,14170
2284,394,4,20260913,21,39,False,0,0,0,0,0,0,0,0,0,0,0,0.0,0.0,0.0,0.0,5.0,537,0,60
2285,395,4,20260913,21,39,False,0,0,0,0,0,0,0,0,0,0,0,0.0,0.0,0.0,0.0,4.4,22298,1037,4079
2286,396,4,20260913,21,39,False,0,0,0,0,0,0,0,0,0,0,0,0.0,0.0,0.0,0.0,4.5,3187,90,283
2287,397,4,20260913,21,39,False,90,3,0,0,1,0,0,0,0,0,7,2.2,16.1,6.0,2.4,8.4,1689535,35764,361532
2288,398,4,20260913,21,39,False,22,-2,0,0,0,0,0,1,0,0,-4,0.0,12.1,6.0,1.6,7.0,396620,18307,209687
2289,399,4,20260913,21,39,False,45,1,0,0,0,0,0,0,0,0,4,1.6,6.6,4.0,1.2,7.8,3069702,314949,454363
2290,400,4,20260913,21,39,False,0,0,0,0,0,0,0,0,0,0,0,0.0,0.0,0.0,0.0,7.4,77943,249,14729
2292,402,4,20260913,21,39,False,0,0,0,0,0,0,0,0,0,0,0,0.0,0.0,0.0,0.0,6.5,1206,0,87
2294,404,4,20260913,21,39,False,0,0,0,0,0,0,0,0,0,0,0,0.0,0.0,0.0,0.0,6.0,3943,0,541
2296,406,4,20260913,21,39,False,0,0,0,0,0,0,0,0,0,0,0,0.0,0.0,0.0,0.0,5.4,8409,425,1421
2297,407,4,20260913,21,39,False,0,0,0,0,0,0,0,0,0,0,0,0.0,0.0,0.0,0.0,4.9,1077,0,350
2298,408,4,20260913,21,39,False,0,0,0,0,0,0,0,0,0,0,0,0.0,0.0,0.0,0.0,5.0,553,0,59
2299,409,4,20260913,21,39,False,0,0,0,0,0,0,0,0,0,0,0,0.0,0.0,0.0,0.0,4.5,11304,0,3408
2300,410,4,20260913,21,39,False,0,0,0,0,0,0,0,0,0,0,0,0.0,0.0,0.0,0.0,4.9,989,0,363
2301,411,4,20260913,21,39,False,90,9,1,0,1,0,0,0,0,3,36,34.0,1.6,37.0,7.3,15.5,7610939,178187,132875
2302,412,4,20260913,20,39,True,90,2,0,0,0,1,0,0,1,0,5,6.6,0.0,0.0,0.7,5.0,1178768,11379,239075
2303,413,4,20260913,20,39,True,0,0,0,0,0,0,0,0,0,0,0,0.0,0.0,0.0,0.0,4.5,1335,0,137
2304,414,4,20260913,20,39,True,0,0,0,0,0,0,0,0,0,0,0,0.0,0.0,0.0,0.0,4.0,8836,696,815
2305,415,4,20260913,20,39,True,90,4,0,0,0,1,0,0,0,0,19,19.6,18.7,4.0,4.2,5.8,62553,2154,19046
2306,416,4,20260913,20,39,True,0,0,0,0,0,0,0,0,0,0,0,0.0,0.0,0.0,0.0,5.0,2411,87,264
2307,417,4,20260913,20,39,True,90,2,0,0,0,1,0,0,0,0,9,6.2,16.5,3.0,2.6,4.9,192489,3882,36002
2308,418,4,20260913,20,39,True,90,1,0,0,0,1,1,0,0,0,4,9.4,1.6,11.0,2.2,4.9,1091541,17287,376211
2309,419,4,20260913,20,39,True,90,2,0,0,0,1,0,0,0,0,14,20.2,3.4,7.0,3.1,5.0,130813,7461,13467
2310,420,4,20260913,20,39,True,0,0,0,0,0,0,0,0,0,0,0,0.0,0.0,0.0,0.0,4.9,52988,894,6963
2311,421,4,20260913,20,39,True,0,0,0,0,0,0,0,0,0,0,0,0.0,0.0,0.0,0.0,4.4,31486,769,5798
2312,422,4,20260913,20,39,True,0,0,0,0,0,0,0,0,0,0,0,0.0,0.0,0.0,0.0,4.4,59306,2102,11056
2313,423,4,20260913,20,39,True,0,0,0,0,0,0,0,0,0,0,0,0.0,0.0,0.0,0.0,4.4,1210238,21871,418040
2314,424,4,20260913,20,39,True,0,0,0,0,0,0,0,0,0,0,0,0.0,0.0,0.0,0.0,4.0,21846,1680,1980
2315,425,4,20260913,20,39,True,0,0,0,0,0,0,0,0,0,0,0,0.0,0.0,0.0,0.0,4.0,1428,0,152
2316,426,4,20260913,20,39,True,90,2,0,0,0,1,0,0,0,0,17,17.0,31.4,7.0,5.5,12.0,4455713,123022,738829
2317,427,4,20260913,20,39,True,90,2,0,0,0,1,0,0,0,0,9,11.2,32.8,24.0,6.8,7.9,2456322,156650,519395
2318,428,4,20260913,20,39,True,90,2,0,0,0,1,0,0,0,0,8,2.4,14.3,15.0,3.2,7.9,680785,11751,150256
2319,429,4,20260913,20,39,True,82,2,0,0,0,1,0,0,0,0,6,5.4,14.1,29.0,4.9,7.0,172900,24764,28243
2320,430,4,20260913,20,39,True,0,0,0,0,0,0,0,0,0,0,0,0.0,0.0,0.0,0.0,5.4,2733,272,218
2321,431,4,20260913,20,39,True,0,0,0,0,0,0,0,0,0,0,0,0.0,0.0,0.0,0.0,5.8,38595,148,13580
2322,432,4,20260913,20,39,True,90,4,0,0,0,1,0,0,0,0,20,19.8,37.2,1.0,5.8,5.5,147734,30157,12188
2323,433,4,20260913,20,39,True,0,0,0,0,0,0,0,0,0,0,0,0.0,0.0,0.0,0.0,5.0,388,25,47
2324,434,4,20260913,20,39,True,0,0,0,0,0,0,0,0,0,0,0,0.0,0.0,0.0,0.0,4.9,1170,101,168
2325,435,4,20260913,20,39,True,0,0,0,0,0,0,0,0,0,0,0,0.0,0.0,0.0,0.0,4.9,5384,197,774
2326,436,4,20260913,20,39,True,0,0,0,0,0,0,0,0,0,0,0,0.0,0.0,0.0,0.0,5.0,1225,0,257
2327,437,4,20260913,20,39,True,0,0,0,0,0,0,0,0,0,0,0,0.0,0.0,0.0,0.0,4.5,19130,1317,2011
2328,438,4,20260913,20,39,True,0,0,0,0,0,0,0,0,0,0,0,0.0,0.0,0.0,0.0,4.5,31369,1320,3178
2329,439,4,20260913,20,39,True,23,1,0,0,0,0,0,0,0,0,4,1.2,0.7,4.0,0.6,7.0,182217,26345,22718
2330,440,4,20260913,20,39,True,7,1,0,0,0,0,0,0,0,0,4,4.4,4.8,0.0,0.9,5.4,45127,3614,8463
2331,441,4,20260913,20,39,True,0,0,0,0,0,0,0,0,0,0,0,0.0,0.0,0.0,0.0,4.5,129085,15048,14273
2371,481,4,20260913,21,39,False,90,5,0,0,1,0,0,0,0,0,18,15.2,3.3,0.0,1.9,6.3,447292,16389,93105
2382,492,4,20260913,5,38,True,52,-2,0,0,0,5,0,1,0,0,-5,0.0,10.9,10.0,1.9,5.5,69089,7191,10299
2394,504,4,20260913,9,38,False,77,6,0,0,1,0,0,0,0,0,27,16.2,1.8,13.0,3.1,5.0,369539,131383,44947
2465,575,4,20260913,5,38,True,17,1,0,0,0,2,0,0,0,0,3,0.0,10.5,0.0,1.0,4.9,18325,641,3130
2474,584,4,20260913,5,38,True,0,0,0,0,0,0,0,0,0,0,0,0.0,0.0,0.0,0.0,5.4,10937,147,1289
2477,587,4,20260913,21,39,False,0,0,0,0,0,0,0,0,0,0,0,0.0,0.0,0.0,0.0,5.0,2136,129,256
2484,594,4,20260913,9,38,False,0,0,0,0,0,0,0,0,0,0,0,0.0,0.0,0.0,0.0,6.0,24399,2799,5214
2489,599,4,20260913,5,38,True,30,1,0,0,0,3,0,0,0,0,3,1.0,0.2,0.0,0.1,5.0,10369,1323,1604
2490,600,4,20260913,9,38,False,12,1,0,0,0,0,0,0,0,0,2,0.0,1.1,13.0,1.2,5.0,1793,153,301
2495,605,4,20260913,9,38,False,64,8,1,0,1,0,0,0,0,0,29,47.4,12.8,43.0,10.3,4.5,374976,185444,60304
2504,614,4,20260913,9,38,False,0,0,0,0,0,0,0,0,0,0,0,0.0,0.0,0.0,0.0,4.5,4155,425,560
2506,616,4,20260913,21,39,False,0,0,0,0,0,0,0,0,0,0,0,0.0,0.0,0.0,0.0,5.5,18618,4899,3962
2511,621,4,20260913,21,39,False,0,0,0,0,0,0,0,0,0,0,0,0.0,0.0,0.0,0.0,4.5,13105,3586,2225
2512,622,4,20260913,21,39,False,0,0,0,0,0,0,0,0,0,0,0,0.0,0.0,0.0,0.0,4.0,20693,4620,2721
2513,623,4,20260913,5,38,True,0,0,0,0,0,0,0,0,0,0,0,0.0,0.0,0.0,0.0,4.0,56982,36983,11094
2514,624,4,20260913,9,38,False,0,0,0,0,0,0,0,0,0,0,0,0.0,0.0,0.0,0.0,5.0,61,0,40
2518,628,4,20260913,21,39,False,0,0,0,0,0,0,0,0,0,0,0,0.0,0.0,0.0,0.0,6.0,671,309,192
2529,639,4,20260913,9,38,False,25,4,0,1,0,0,0,0,0,0,10,18.8,13.1,2.0,3.4,5.5,812,513,195
2542,652,4,20260913,9,38,False,0,0,0,0,0,0,0,0,0,0,0,0.0,0.0,0.0,0.0,5.5,315,121,59
2543,653,4,20260913,21,39,False,0,0,0,0,0,0,0,0,0,0,0,0.0,0.0,0.0,0.0,4.5,5002,2898,808
2545,655,4,20260913,5,38,True,0,0,0,0,0,0,0,0,0,0,0,0.0,0.0,0.0,0.0,5.5,72,65,7
2546,656,4,20260913,5,38,True,0,0,0,0,0,0,0,0,0,0,0,0.0,0.0,0.0,0.0,4.0,7468,2811,267
2548,658,4,20260913,9,38,False,0,0,0,0,0,0,0,0,0,0,0,0.0,0.0,0.0,0.0,4.5,0,0,0
2550,1,5,20260919,5,42,False,90,1,0,0,0,3,0,0,2,0,6,20.6,0.0,0.0,2.1,6.0,4487209,279598,67028
2551,2,5,20260919,5,42,False,0,0,0,0,0,0,0,0,0,0,0,0.0,0.0,0.0,0.0,4.9,7555,181,559
2552,3,5,20260919,5,42,False,0,0,0,0,0,0,0,0,0,0,0,0.0,0.0,0.0,0.0,4.9,3038,86,201
2553,4,5,20260919,5,42,False,90,1,0,0,0,3,0,0,0,0,6,25.8,13.1,0.0,3.9,8.0,2494884,48033,118812
2554,5,5,20260919,5,42,False,59,0,0,0,0,3,0,0,0,0,-6,4.2,2.3,0.0,0.7,6.5,32012,20088,3818
2555,6,5,20260919,5,42,False,0,0,0,0,0,0,0,0,0,0,0,0.0,0.0,0.0,0.0,5.9,21924,399,2004
2556,7,5,20260919,5,42,False,0,0,0,0,0,0,0,0,0,0,0,0.0,0.0,0.0,0.0,5.5,64229,3227,11143
2557,8,5,20260919,5,42,False,90,1,0,0,0,3,0,0,0,0,-3,11.2,23.7,20.0,5.5,5.8,5451521,266900,83603
2558,9,5,20260919,5,42,False,0,0,0,0,0,0,0,0,0,0,0,0.0,0.0,0.0,0.0,5.3,98376,2559,15648
2559,10,5,20260919,5,42,False,0,0,0,0,0,0,0,0,0,0,0,0.0,0.0,0.0,0.0,5.5,573621,21167,239394
2560,11,5,20260919,5,42,False,0,0,0,0,0,0,0,0,0,0,0,0.0,0.0,0.0,0.0,5.3,181804,476,81877
2561,12,5,20260919,5,42,False,80,2,0,0,0,3,0,0,0,0,14,15.8,46.8,36.0,9.9,9.5,1461185,221246,64929
2562,13,5,20260919,5,42,False,90,1,0,0,0,3,1,0,0,0,13,10.6,18.1,1.0,3.0,7.4,1344452,28685,83505
2563,14,5,20260919,5,42,False,17,1,0,0,0,0,0,0,0,0,5,1.2,2.1,4.0,0.7,6.3,113499,3026,18041
2564,15,5,20260919,5,42,False,72,2,0,0,0,3,0,0,0,0,10,0.0,6.2,5.0,1.1,6.8,2167651,326276,132028
2565,16,5,20260919,5,42,False,0,0,0,0,0,0,0,0,0,0,0,0.0,0.0,0.0,0.0,6.2,22229,1193,3636
2566,17,5,20260919,5,42,False,30,1,0,0,0,0,0,0,0,0,4,3.4,0.8,2.0,0.6,5.8,42609,1345,6314
2567,18,5,20260919,5,42,False,0,0,0,0,0,0,0,0,0,0,0,0.0,0.0,0.0,0.0,6.3,7867,0,1499
2568,19,5,20260919,5,42,False,30,1,0,0,0,0,0,0,0,0,2,0.0,0.8,18.0,1.9,5.3,64585,1444,9362
2569,20,5,20260919,5,42,False,9,1,0,0,0,0,0,0,0,0,4,2.0,14.8,0.0,1.7,5.3,7252,878,1050
2570,21,5,20260919,15,43,True,0,0,0,0,0,0,0,0,0,0,0,0.0,0.0,0.0,0.0,4.9,4666,46,783
2571,22,5,20260919,5,42,False,0,0,0,0,0,0,0,0,0,0,0,0.0,0.0,0.0,0.0,5.4,680,0,116
2572,23,5,20260919,5,42,False,0,0,0,0,0,0,0,0,0,0,0,0.0,0.0,0.0,0.0,5.5,633,0,88
2573,24,5,20260919,5,42,False,0,0,0,0,0,0,0,0,0,0,0,0.0,0.0,0.0,0.0,5.5,500,0,66
2574,25,5,20260919,5,42,False,17,1,0,0,0,0,0,0,0,0,5,0.0,14.6,0.0,1.4,7.2,342393,5156,57026
2575,26,5,20260919,5,42,False,90,2,0,0,0,3,0,0,0,0,5,5.2,5.3,28.0,3.9,7.6,915557,147342,102971
2576,27,5,20260919,5,42,False,0,0,0,0,0,0,0,0,0,0,0,0.0,0.0,0.0,0.0,5.9,16588,0,2292
2578,29,5,20260919,31,48,False,0,0,0,0,0,0,0,0,0,0,0,0.0,0.0,0.0,0.0,4.5,13259,416,1492
2579,30,5,20260919,31,48,False,0,0,0,0,0,0,0,0,0,0,0,0.0,0.0,0.0,0.0,4.5,5450,0,431
2580,31,5,20260919,5,42,False,90,1,0,0,0,3,0,0,0,0,2,10.6,12.3,10.0,3.3,4.5,2062931,343094,65530
2581,32,5,20260919,31,48,False,45,-1,0,0,0,2,1,0,0,0,-7,4.0,3.1,0.0,0.7,4.4,542880,5264,110692
2582,33,5,20260919,31,48,False,90,3,0,0,0,2,0,0,0,0,10,27.4,0.6,0.0,2.8,4.5,41769,3533,5157
2583,34,5,20260919,31,48,False,0,0,0,0,0,0,0,0,0,0,0,0.0,0.0,0.0,0.0,4.5,34289,237,9375
2584,35,5,20260919,31,48,False,0,0,0,0,0,0,0,0,0,0,0,0.0,0.0,0.0,0.0,5.0,6803,474,961
2585,36,5,20260919,31,48,False,0,0,0,0,0,0,0,0,0,0,0,0.0,0.0,0.0,0.0,4.5,58351,548,31243
2586,37,5,20260919,31,48,False,90,1,0,0,0,2,0,0,0,0,1,18.8,10.0,0.0,2.9,4.5,33907,3502,3917
2587,38,5,20260919,31,48,False,0,0,0,0,0,0,0,0,0,0,0,0.0,0.0,0.0,0.0,4.0,171537,7152,14173
2588,39,5,20260919,31,48,False,0,0,0,0,0,0,0,0,0,0,0,0.0,0.0,0.0,0.0,4.0,14409,0,1273
2590,41,5,20260919,31,48,False,90,12,1,0,0,2,0,0,0,3,50,61.0,36.3,35.0,13.2,5.9,94622,6405,23281
2593,44,5,20260919,31,48,False,0,0,0,0,0,0,0,0,0,0,0,0.0,0.0,0.0,0.0,5.4,6080,0,1648
2594,45,5,20260919,31,48,False,83,6,0,1,1,0,0,0,0,0,19,23.0,33.5,0.0,5.7,5.4,240695,18814,24586
2595,46,5,20260919,31,48,False,6,1,0,0,0,2,0,0,0,0,3,0.6,0.8,0.0,0.1,5.0,28594,2694,4004
2596,47,5,20260919,31,48,False,83,6,0,1,1,0,0,0,0,0,26,21.0,13.2,4.0,3.8,5.0,32641,1988,4734
2597,48,5,20260919,31,48,False,0,0,0,0,0,0,0,0,0,0,0,0.0,0.0,0.0,0.0,4.9,1654,66,203
2598,49,5,20260919,31,48,False,0,0,0,0,0,0,0,0,0,0,0,0.0,0.0,0.0,0.0,5.0,169,0,20
2599,50,5,20260919,31,48,False,0,0,0,0,0,0,0,0,0,0,0,0.0,0.0,0.0,0.0,4.5,63804,1961,7230
2600,51,5,20260919,31,48,False,18,1,0,0,0,2,0,0,0,0,2,0.0,1.2,0.0,0.0,4.5,135094,14076,17274
2601,52,5,20260919,31,48,False,0,0,0,0,0,0,0,0,0,0,0,0.0,0.0,0.0,0.0,5.0,6101,1608,625
2602,53,5,20260919,31,48,False,71,13,1,1,1,0,0,0,0,2,45,63.2,25.8,60.0,14.9,5.9,14639,1843,990
2603,54,5,20260919,31,48,False,90,4,0,0,0,2,0,0,0,0,13,22.6,13.8,0.0,3.6,5.5,4213,464,327
2604,55,5,20260919,31,48,False,0,0,0,0,0,0,0,0,0,0,0,0.0,0.0,0.0,0.0,7.8,284909,0,35250
2605,56,5,20260919,31,48,False,2,1,0,0,0,1,0,0,0,0,3,0.0,2.4,0.0,0.2,5.5,19806,4340,2925
2640,91,5,20260919,25,47,False,90,8,0,0,1,0,0,0,0,0,24,50.8,0.3,0.0,5.1,4.5,7218,402,714
2653,104,5,20260919,25,47,False,90,3,0,0,1,0,0,0,0,0,10,9.2,1.8,0.0,1.1,4.9,10664,346,1609
2658,109,5,20260919,2,42,True,90,6,0,0,1,0,0,0,2,0,27,20.0,0.0,0.0,2.0,4.5,2292499,89072,136504
2659,110,5,20260919,25,47,False,90,11,0,1,1,0,0,0,2,2,38,29.0,10.0,0.0,3.9,4.5,84063,928,12852
2660,111,5,20260919,2,42,True,0,0,0,0,0,0,0,0,0,0,0,0.0,0.0,0.0,0.0,4.0,463243,20424,21412
2661,112,5,20260919,3,48,True,90,6,1,0,0,3,1,0,0,0,17,62.0,30.4,17.0,10.9,4.9,721559,40803,43952
2662,113,5,20260919,2,42,True,75,5,0,0,1,0,1,0,0,0,18,9.4,13.5,5.0,2.8,4.4,170937,4277,18260
2663,114,5,20260919,2,42,True,90,6,0,0,1,0,0,0,0,0,24,13.0,5.2,2.0,2.0,4.5,28873,1382,2499
2664,115,5,20260919,2,42,True,90,6,0,0,1,0,1,0,0,1,30,14.6,33.8,4.0,5.2,4.9,2649636,410558,122995
2665,116,5,20260919,2,42,True,0,0,0,0,0,0,0,0,0,0,0,0.0,0.0,0.0,0.0,4.5,165566,28113,11621
2666,117,5,20260919,2,42,True,0,0,0,0,0,0,0,0,0,0,0,0.0,0.0,0.0,0.0,4.5,2071,180,213
2667,118,5,20260919,2,42,True,0,0,0,0,0,0,0,0,0,0,0,0.0,0.0,0.0,0.0,4.5,4271,0,883
2668,119,5,20260919,2,42,True,14,1,0,0,0,0,0,0,0,0,2,1.2,3.0,0.0,0.4,4.5,3724,216,306
2669,120,5,20260919,2,42,True,4,1,0,0,0,0,0,0,0,0,5,2.4,0.0,0.0,0.2,5.0,5657,647,957
2670,121,5,20260919,2,42,True,0,0,0,0,0,0,0,0,0,0,0,0.0,0.0,0.0,0.0,5.9,3148,63,292
2671,122,5,20260919,2,42,True,0,0,0,0,0,0,0,0,0,0,0,0.0,0.0,0.0,0.0,5.9,3397,28,476
2672,123,5,20260919,2,42,True,0,0,0,0,0,0,0,0,0,0,0,0.0,0.0,0.0,0.0,5.9,66553,128,26669
2673,124,5,20260919,2,42,True,90,14,1,1,1,0,0,0,0,3,47,58.4,30.3,16.0,10.5,5.7,2264407,604409,105358
2674,125,5,20260919,2,42,True,14,1,0,0,0,0,0,0,0,0,2,0.4,0.3,4.0,0.5,5.4,49762,2315,12484
2675,126,5,20260919,2,42,True,4,1,0,0,0,0,0,0,0,0,2,6.0,0.0,19.0,2.5,5.4,10353,577,1239
2676,127,5,20260919,2,42,True,85,8,0,1,1,0,0,0,0,0,19,29.0,22.6,4.0,5.6,5.0,439801,13377,82046
2677,128,5,20260919,2,42,True,0,0,0,0,0,0,0,0,0,0,0,0.0,0.0,0.0,0.0,5.0,206,0,17
2678,129,5,20260919,2,42,True,90,3,0,0,1,0,0,0,0,0,7,5.6,12.3,17.0,3.5,5.4,39428,3453,4392
2679,130,5,20260919,2,42,True,0,0,0,0,0,0,0,0,0,0,0,0.0,0.0,0.0,0.0,4.9,20558,57,6959
2681,132,5,20260919,2,42,True,0,0,0,0,0,0,0,0,0,0,0,0.0,0.0,0.0,0.0,4.5,3291,0,395
2682,133,5,20260919,2,42,True,0,0,0,0,0,0,0,0,0,0,0,0.0,0.0,0.0,0.0,5.0,112,0,10
2683,134,5,20260919,2,42,True,0,0,0,0,0,0,0,0,0,0,0,0.0,0.0,0.0,0.0,4.5,26306,890,3042
2684,135,5,20260919,2,42,True,0,0,0,0,0,0,0,0,0,0,0,0.0,0.0,0.0,0.0,4.9,3954,35,1196
2686,137,5,20260919,2,42,True,0,0,0,0,0,0,0,0,0,0,0,0.0,0.0,0.0,0.0,5.4,710,63,84
2687,138,5,20260919,2,42,True,75,10,1,1,1,0,1,0,0,2,40,48.2,11.3,38.0,9.8,5.5,105077,57158,15079
2688,139,5,20260919,2,42,True,0,0,0,0,0,0,0,0,0,0,0,0.0,0.0,0.0,0.0,5.0,3174,242,404
2696,147,5,20260919,3,48,True,0,0,0,0,0,0,0,0,0,0,0,0.0,0.0,0.0,0.0,4.4,16621,437,1037
2709,160,5,20260919,31,48,False,0,0,0,0,0,0,0,0,0,0,0,0.0,0.0,0.0,0.0,5.8,35129,839,7041
2715,166,5,20260919,31,48,False,87,6,1,0,0,1,1,0,0,1,31,37.4,11.4,52.0,10.1,6.5,125508,18834,36139
2716,167,5,20260919,9,47,True,90,1,0,0,0,1,1,0,0,0,9,5.0,25.1,21.0,5.1,5.5,344489,222393,21605
2720,171,5,20260919,25,47,False,0,0,0,0,0,0,0,0,0,0,0,0.0,0.0,0.0,0.0,4.0,112931,0,10379
2721,172,5,20260919,25,47,False,0,0,0,0,0,0,0,0,0,0,0,0.0,0.0,0.0,0.0,4.4,39278,436,1736
2722,173,5,20260919,25,47,False,90,9,0,0,1,0,0,0,0,1,37,27.2,0.6,8.0,3.6,4.0,932075,30974,76201
2723,174,5,20260919,25,47,False,0,0,0,0,0,0,0,0,0,0,0,0.0,0.0,0.0,0.0,4.0,38582,0,5337
2724,175,5,20260919,25,47,False,0,0,0,0,0,0,0,0,0,0,0,0.0,0.0,0.0,0.0,4.0,1016866,13159,113940
2725,176,5,20260919,25,47,False,90,15,1,0,1,0,0,0,0,3,40,47.0,15.7,18.0,8.1,4.0,73323,903,4913
2726,177,5,20260919,25,47,False,0,0,0,0,0,0,0,0,0,0,0,0.0,0.0,0.0,0.0,4.0,3839,186,503
2727,178,5,20260919,25,47,False,0,0,0,0,0,0,0,0,0,0,0,0.0,0.0,0.0,0.0,4.0,8565,493,704
2728,179,5,20260919,25,47,False,1,1,0,0,0,0,0,0,0,0,3,7.0,0.0,0.0,0.7,4.0,3922,155,325
2729,180,5,20260919,25,47,False,0,0,0,0,0,0,0,0,0,0,0,0.0,0.0,0.0,0.0,4.0,12244,255,1278
2730,181,5,20260919,25,47,False,0,0,0,0,0,0,0,0,0,0,0,0.0,0.0,0.0,0.0,4.0,2378,0,280
2731,182,5,20260919,25,47,False,0,0,0,0,0,0,0,0,0,0,0,0.0,0.0,0.0,0.0,4.0,71956,1397,8683
2732,183,5,20260919,25,47,False,73,5,0,0,1,0,0,0,0,0,16,13.6,25.3,1.0,4.0,4.9,10665,549,1744
2733,184,5,20260919,25,47,False,90,3,0,0,1,0,0,0,0,0,17,12.6,15.3,1.0,2.9,4.9,13370,594,2218
2734,185,5,20260919,25,47,False,0,0,0,0,0,0,0,0,0,0,0,0.0,0.0,0.0,0.0,4.8,6925,142,992
2735,186,5,20260919,25,47,False,45,1,0,0,0,0,0,0,0,0,6,5.2,33.8,6.0,4.5,5.4,8948,100,936
2736,187,5,20260919,25,47,False,0,0,0,0,0,0,0,0,0,0,0,0.0,0.0,0.0,0.0,4.9,1002,17,331
2737,188,5,20260919,25,47,False,0,0,0,0,0,0,0,0,0,0,0,0.0,0.0,0.0,0.0,5.4,10920,52,1142
2738,189,5,20260919,25,47,False,0,0,0,0,0,0,0,0,0,0,0,0.0,0.0,0.0,0.0,4.4,30329,2708,2959
2739,190,5,20260919,25,47,False,45,1,0,0,0,0,0,0,0,0,5,8.4,1.2,17.0,2.7,5.4,10419,39,1097
2740,191,5,20260919,25,47,False,0,0,0,0,0,0,0,0,0,0,0,0.0,0.0,0.0,0.0,4.5,9331,0,1935
2741,192,5,20260919,25,47,False,0,0,0,0,0,0,0,0,0,0,0,0.0,0.0,0.0,0.0,4.5,31304,0,5803
2742,193,5,20260919,25,47,False,0,0,0,0,0,0,0,0,0,0,0,0.0,0.0,0.0,0.0,5.4,7895,97,1247
2743,194,5,20260919,25,47,False,90,4,0,0,1,0,0,0,0,0,16,15.8,0.6,19.0,3.5,5.0,81447,8488,12964
2744,195,5,20260919,25,47,False,16,1,0,0,0,0,0,0,0,0,3,0.2,0.3,0.0,0.1,5.0,72122,2905,13425
2745,196,5,20260919,25,47,False,0,0,0,0,0,0,0,0,0,0,0,0.0,0.0,0.0,0.0,5.0,704,0,105
2746,197,5,20260919,25,47,False,0,0,0,0,0,0,0,0,0,0,0,0.0,0.0,0.0,0.0,4.5,2648,0,273
2750,201,5,20260919,9,47,True,82,2,0,0,0,1,0,0,0,0,5,4.0,3.8,15.0,2.3,5.4,706118,100431,52336
2758,209,5,20260919,15,43,True,65,3,0,0,1,0,0,0,0,0,6,0.0,0.6,10.0,1.0,5.9,13882,2308,1461
2775,226,5,20260919,15,43,True,90,8,0,0,1,0,0,0,4,1,34,35.0,0.0,0.0,3.5,5.5,1016911,77729,41026
2776,227,5,20260919,15,43,True,0,0,0,0,0,0,0,0,0,0,0,0.0,0.0,0.0,0.0,5.0,4152,576,462
2777,228,5,20260919,15,43,True,0,0,0,0,0,0,0,0,0,0,0,0.0,0.0,0.0,0.0,4.5,4710,243,296
2778,229,5,20260919,15,43,True,90,14,0,1,1,0,0,0,0,3,43,36.0,10.7,1.0,4.8,6.1,1610335,292865,49201
2779,230,5,20260919,15,43,True,90,8,0,0,1,0,0,0,0,0,27,32.6,0.9,0.0,3.4,5.5,255437,50096,13193
2780,231,5,20260919,15,43,True,0,0,0,0,0,0,0,0,0,0,0,0.0,0.0,0.0,0.0,4.8,83228,2083,12209
2781,232,5,20260919,15,43,True,1,1,0,0,0,0,0,0,0,0,3,2.0,0.0,0.0,0.2,4.9,31104,1257,2773
2782,233,5,20260919,15,43,True,90,5,0,0,1,0,1,0,0,0,29,18.8,7.1,7.0,3.3,4.5,463207,238606,24122
2783,234,5,20260919,15,43,True,0,0,0,0,0,0,0,0,0,0,0,0.0,0.0,0.0,0.0,4.5,1666,0,321
2784,235,5,20260919,15,43,True,0,0,0,0,0,0,0,0,0,0,0,0.0,0.0,0.0,0.0,4.0,10301,0,1647
2785,236,5,20260919,15,43,True,90,3,0,0,1,0,0,0,0,0,10,1.6,31.2,28.0,6.1,6.5,731679,216116,59560
2787,238,5,20260919,15,43,True,78,3,0,0,1,0,0,0,0,0,22,11.2,57.6,8.0,7.7,6.5,48806,10313,6038
2788,239,5,20260919,15,43,True,90,3,0,0,1,0,0,0,0,0,14,10.0,19.2,4.0,3.3,6.0,25087,12252,3224
2789,240,5,20260919,23,46,False,45,1,0,0,0,0,0,0,0,0,6,6.2,11.3,10.0,2.8,5.0,1818,374,273
2791,242,5,20260919,15,43,True,11,1,0,0,0,0,0,0,0,0,4,0.4,0.8,4.0,0.5,5.5,111866,50560,10957
2792,243,5,20260919,15,43,True,0,0,0,0,0,0,0,0,0,0,0,0.0,0.0,0.0,0.0,4.9,7950,539,1031
2793,244,5,20260919,15,43,True,90,2,0,0,1,0,1,0,0,0,13,5.0,26.3,4.0,3.5,5.0,43182,5950,8858
2794,245,5,20260919,15,43,True,24,1,0,0,0,0,0,0,0,0,10,7.2,24.4,26.0,5.8,5.4,3032,288,375
2795,246,5,20260919,15,43,True,0,0,0,0,0,0,0,0,0,0,0,0.0,0.0,0.0,0.0,4.9,4100,285,1256
2796,247,5,20260919,15,43,True,1,1,0,0,0,0,0,0,0,0,3,0.2,0.1,0.0,0.0,5.5,20687,726,1962
2797,248,5,20260919,15,43,True,0,0,0,0,0,0,0,0,0,0,0,0.0,0.0,0.0,0.0,5.4,72058,0,25316
2798,249,5,20260919,15,43,True,90,6,1,0,1,0,0,0,0,0,28,34.4,12.3,27.0,7.4,5.6,908127,262211,84330
2808,259,5,20260919,11,43,False,90,4,0,0,0,1,0,0,0,0,13,31.4,10.5,5.0,4.7,4.0,1423347,19674,112946
2816,267,5,20260919,11,43,False,72,2,0,0,0,1,0,0,0,0,14,9.6,16.8,0.0,2.6,5.0,10737,469,1385
2822,273,5,20260919,23,46,False,0,0,0,0,0,0,0,0,0,0,0,0.0,0.0,0.0,0.0,4.0,154014,5096,6736
2823,274,5,20260919,23,46,False,0,0,0,0,0,0,0,0,0,0,0,0.0,0.0,0.0,0.0,4.5,7533,109,569
2824,275,5,20260919,23,46,False,0,0,0,0,0,0,0,0,0,0,0,0.0,0.0,0.0,0.0,4.0,714,0,41
2825,276,5,20260919,23,46,False,0,0,0,0,0,0,0,0,0,0,0,0.0,0.0,0.0,0.0,4.0,2510,0,135
2826,277,5,20260919,23,46,False,77,1,0,0,0,2,0,0,0,0,2,14.0,0.2,13.0,2.7,4.1,776181,120781,44497
2827,278,5,20260919,23,46,False,0,0,0,0,0,0,0,0,0,0,0,0.0,0.0,0.0,0.0,3.9,32994,15378,5637
2828,279,5,20260919,23,46,False,90,1,0,0,0,2,0,0,0,0,5,9.4,1.2,10.0,2.1,4.2,1547412,250066,87117
2829,280,5,20260919,23,46,False,90,1,0,0,0,2,0,0,0,0,3,6.6,2.8,6.0,1.5,4.0,74510,11929,4413
2830,281,5,20260919,23,46,False,0,0,0,0,0,0,0,0,0,0,0,0.0,0.0,0.0,0.0,4.0,4645,0,664
2831,282,5,20260919,23,46,False,90,0,0,0,0,2,1,0,0,0,-1,12.2,38.8,0.0,5.1,4.0,326502,141201,22835
2832,283,5,20260919,23,46,False,0,0,0,0,0,0,0,0,0,0,0,0.0,0.0,0.0,0.0,4.0,831,0,94
2833,284,5,20260919,23,46,False,0,0,0,0,0,0,0,0,0,0,0,0.0,0.0,0.0,0.0,4.0,10301,1366,941
2834,285,5,20260919,23,46,False,0,0,0,0,0,0,0,0,0,0,0,0.0,0.0,0.0,0.0,4.0,12664,725,917
2835,286,5,20260919,23,46,False,82,4,0,1,0,2,1,0,0,0,22,33.0,29.1,41.0,10.3,5.1,497698,362918,33910
2836,287,5,20260919,23,46,False,0,0,0,0,0,0,0,0,0,0,0,0.0,0.0,0.0,0.0,5.0,3415,0,1008
2837,288,5,20260919,23,46,False,0,0,0,0,0,0,0,0,0,0,0,0.0,0.0,0.0,0.0,4.5,33164,1553,4474
2838,289,5,20260919,23,46,False,45,0,0,0,0,2,1,0,0,0,6,7.8,14.5,0.0,2.2,4.5,51411,4076,6306
2839,290,5,20260919,23,46,False,77,2,0,0,0,2,0,0,0,0,9,4.2,23.8,9.0,3.7,4.5,597244,62686,63572
2840,291,5,20260919,23,46,False,0,0,0,0,0,0,0,0,0,0,0,0.0,0.0,0.0,0.0,4.5,638,67,90
2841,292,5,20260919,23,46,False,0,0,0,0,0,0,0,0,0,0,0,0.0,0.0,0.0,0.0,4.9,1845,288,312
2842,293,5,20260919,23,46,False,0,0,0,0,0,0,0,0,0,0,0,0.0,0.0,0.0,0.0,5.0,193,0,22
2843,294,5,20260919,23,46,False,0,0,0,0,0,0,0,0,0,0,0,0.0,0.0,0.0,0.0,4.5,10217,1214,1151
2844,295,5,20260919,23,46,False,90,1,0,0,0,2,1,0,0,0,5,3.0,12.6,20.0,3.6,5.5,213941,35498,28675
2845,296,5,20260919,23,46,False,0,0,0,0,0,0,0,0,0,0,0,0.0,0.0,0.0,0.0,5.0,2690,0,1213
2846,297,5,20260919,23,46,False,0,0,0,0,0,0,0,0,0,0,0,0.0,0.0,0.0,0.0,4.5,1875,61,217
2847,298,5,20260919,23,46,False,0,0,0,0,0,0,0,0,0,0,0,0.0,0.0,0.0,0.0,4.5,19933,0,2761
2848,299,5,20260919,23,46,False,0,0,0,0,0,0,0,0,0,0,0,0.0,0.0,0.0,0.0,4.5,3535,0,365
2849,300,5,20260919,11,43,False,90,2,0,0,0,1,0,0,1,0,10,12.0,0.0,0.0,1.2,4.4,41812,763,2106
2850,301,5,20260919,11,43,False,0,0,0,0,0,0,0,0,0,0,0,0.0,0.0,0.0,0.0,4.0,432976,9183,20140
2851,302,5,20260919,11,43,False,0,0,0,0,0,0,0,0,0,0,0,0.0,0.0,0.0,0.0,4.0,64291,2951,2340
2852,303,5,20260919,11,43,False,0,0,0,0,0,0,0,0,0,0,0,0.0,0.0,0.0,0.0,3.9,129561,43068,10246
2853,304,5,20260919,11,43,False,90,2,0,0,0,1,0,0,0,0,12,28.6,10.5,2.0,4.1,4.0,302768,7422,21615
2854,305,5,20260919,11,43,False,90,2,0,0,0,1,0,0,0,0,2,10.4,6.3,9.0,2.6,4.0,755615,204377,35843
2855,306,5,20260919,11,43,False,0,0,0,0,0,0,0,0,0,0,0,0.0,0.0,0.0,0.0,4.0,121588,1426,7695
2856,307,5,20260919,11,43,False,0,0,0,0,0,0,0,0,0,0,0,0.0,0.0,0.0,0.0,4.0,6704,0,1177
2857,308,5,20260919,11,43,False,0,0,0,0,0,0,0,0,0,0,0,0.0,0.0,0.0,0.0,3.9,80113,11325,4097
2858,309,5,20260919,11,43,False,0,0,0,0,0,0,0,0,0,0,0,0.0,0.0,0.0,0.0,4.9,11613,337,1767
2859,310,5,20260919,11,43,False,0,0,0,0,0,0,0,0,0,0,0,0.0,0.0,0.0,0.0,4.9,330,51,36
2860,311,5,20260919,11,43,False,0,0,0,0,0,0,0,0,0,0,0,0.0,0.0,0.0,0.0,5.0,223,0,21
2861,312,5,20260919,11,43,False,0,0,0,0,0,0,0,0,0,0,0,0.0,0.0,0.0,0.0,4.5,3061,99,349
2862,313,5,20260919,11,43,False,65,2,0,0,0,1,0,0,0,0,10,10.0,30.1,2.0,4.2,5.4,19907,514,2903
2863,314,5,20260919,11,43,False,0,0,0,0,0,0,0,0,0,0,0,0.0,0.0,0.0,0.0,4.9,701,0,155
2864,315,5,20260919,11,43,False,66,-1,0,0,0,1,0,1,0,0,4,3.2,18.8,21.0,4.3,5.4,19671,636,2667
2865,316,5,20260919,11,43,False,80,2,0,0,0,1,0,0,0,0,9,2.4,0.6,21.0,2.4,5.5,360268,160060,26867
2866,317,5,20260919,11,43,False,0,0,0,0,0,0,0,0,0,0,0,0.0,0.0,0.0,0.0,5.0,8627,0,1398
2867,318,5,20260919,11,43,False,24,1,0,0,0,0,0,0,0,0,5,1.4,3.8,4.0,0.9,5.4,7806,83,405
2868,319,5,20260919,11,43,False,0,0,0,0,0,0,0,0,0,0,0,0.0,0.0,0.0,0.0,5.0,295,0,60
2869,320,5,20260919,11,43,False,9,1,0,0,0,0,0,0,0,0,3,0.0,0.8,5.0,0.6,5.0,132823,22206,21609
2870,321,5,20260919,11,43,False,0,0,0,0,0,0,0,0,0,0,0,0.0,0.0,0.0,0.0,4.5,402496,62123,49386
2871,322,5,20260919,11,43,False,0,0,0,0,0,0,0,0,0,0,0,0.0,0.0,0.0,0.0,5.0,5776,0,988
2872,323,5,20260919,11,43,False,0,0,0,0,0,0,0,0,0,0,0,0.0,0.0,0.0,0.0,4.5,114904,2383,14025
2873,324,5,20260919,11,43,False,0,0,0,0,0,0,0,0,0,0,0,0.0,0.0,0.0,0.0,4.9,3505,80,342
2877,328,5,20260919,2,42,True,85,5,0,0,1,0,1,0,0,0,24,20.8,0.6,7.0,2.8,4.9,18865,571,2520
2889,340,5,20260919,23,46,False,7,1,0,0,0,0,0,0,0,0,5,1.6,1.3,12.0,1.5,5.0,1289,281,233
2950,401,5,20260919,3,48,True,90,2,0,0,0,3,0,0,0,0,8,5.6,6.4,6.0,1.8,7.0,240325,35220,45341
2952,403,5,20260919,3,48,True,90,2,0,0,0,3,0,0,0,0,29,24.4,59.0,53.0,13.6,6.5,74946,12804,13285
2954,405,5,20260919,14,46,True,0,0,0,0,0,0,0,0,0,0,0,0.0,0.0,0.0,0.0,5.5,21094,1106,6835
2991,442,5,20260919,14,46,True,0,0,0,0,0,0,0,0,0,0,0,0.0,0.0,0.0,0.0,4.9,105050,1831,7235
2992,443,5,20260919,14,46,True,0,0,0,0,0,0,0,0,0,0,0,0.0,0.0,0.0,0.0,4.5,3606,183,216
2993,444,5,20260919,14,46,True,0,0,0,0,0,0,0,0,0,0,0,0.0,0.0,0.0,0.0,4.5,2273,30,255
2994,445,5,20260919,14,46,True,90,4,0,0,0,1,0,0,0,0,13,31.4,1.4,2.0,3.5,5.0,240813,28969,24848
2995,446,5,20260919,14,46,True,24,1,0,0,0,1,0,0,0,0,1,25.0,10.5,0.0,3.6,4.9,22572,1121,2512
2996,447,5,20260919,14,46,True,90,4,0,0,0,1,0,0,0,0,12,35.2,0.8,17.0,5.3,5.0,76821,8365,6407
2997,448,5,20260919,14,46,True,0,0,0,0,0,0,0,0,0,0,0,0.0,0.0,0.0,0.0,4.9,84798,180,12073
2998,449,5,20260919,14,46,True,90,13,1,0,0,1,0,0,0,3,38,65.6,29.2,24.0,11.9,5.2,1629142,220393,112705
2999,450,5,20260919,14,46,True,0,0,0,0,0,0,0,0,0,0,0,0.0,0.0,0.0,0.0,4.9,12541,6097,1311
3000,451,5,20260919,14,46,True,0,0,0,0,0,0,0,0,0,0,0,0.0,0.0,0.0,0.0,4.0,6248,0,592
3001,452,5,20260919,5,42,False,59,1,0,0,0,3,0,0,0,0,12,4.2,1.8,6.0,1.2,6.7,192568,16199,9883
3002,453,5,20260919,14,46,True,90,9,0,2,0,1,0,0,0,1,34,47.6,36.8,27.0,11.1,6.0,496155,220394,40978
3003,454,5,20260919,14,46,True,0,0,0,0,0,0,0,0,0,0,0,0.0,0.0,0.0,0.0,6.2,616024,53653,618276
3004,455,5,20260919,3,48,True,83,2,0,0,0,3,0,0,0,0,18,16.8,17.6,10.0,4.4,5.4,210274,4540,60910
3005,456,5,20260919,14,46,True,0,0,0,0,0,0,0,0,0,0,0,0.0,0.0,0.0,0.0,4.9,30346,1789,9995
3006,457,5,20260919,14,46,True,90,1,0,0,0,1,1,0,0,0,12,9.4,19.7,4.0,3.3,5.9,14522,2209,1860
3007,458,5,20260919,14,46,True,0,0,0,0,0,0,0,0,0,0,0,0.0,0.0,0.0,0.0,5.4,1916,44,180
3008,459,5,20260919,14,46,True,90,4,0,0,0,1,0,0,0,0,19,21.8,15.6,0.0,3.7,5.5,8479,1217,1318
3009,460,5,20260919,14,46,True,86,10,1,0,0,1,0,0,0,3,38,40.2,7.3,22.0,7.0,5.0,51669,7299,8420
3010,461,5,20260919,14,46,True,16,1,0,0,0,0,0,0,0,0,2,1.0,0.0,0.0,0.1,5.8,14309,1837,1512
3011,462,5,20260919,14,46,True,65,3,0,0,1,0,0,0,0,0,18,16.0,30.3,0.0,4.6,4.9,7714,420,996
3012,463,5,20260919,14,46,True,0,0,0,0,0,0,0,0,0,0,0,0.0,0.0,0.0,0.0,5.9,55762,0,11535
3013,464,5,20260919,14,46,True,90,0,0,0,0,1,0,0,0,0,0,8.8,5.2,20.0,3.4,6.2,2094339,338910,214424
3014,465,5,20260919,14,46,True,0,0,0,0,0,0,0,0,0,0,0,0.0,0.0,0.0,0.0,5.9,35111,188,6663
3015,466,5,20260919,14,46,True,0,0,0,0,0,0,0,0,0,0,0,0.0,0.0,0.0,0.0,4.5,58232,0,9244
3016,467,5,20260919,9,47,True,90,2,0,0,0,1,0,0,2,0,10,13.8,0.0,0.0,1.4,5.0,207232,39386,13191
3017,468,5,20260919,9,47,True,0,0,0,0,0,0,0,0,0,0,0,0.0,0.0,0.0,0.0,4.5,6278,197,332
3018,469,5,20260919,9,47,True,90,2,0,0,0,1,0,0,0,0,19,20.6,61.8,16.0,9.8,5.0,1063643,154932,49932
3019,470,5,20260919,9,47,True,0,0,0,0,0,0,0,0,0,0,0,0.0,0.0,0.0,0.0,5.0,2127,0,425
3020,471,5,20260919,9,47,True,0,0,0,0,0,0,0,0,0,0,0,0.0,0.0,0.0,0.0,5.5,119506,256,50464
3021,472,5,20260919,9,47,True,90,4,0,0,0,1,0,0,0,0,16,30.0,24.3,9.0,6.3,5.5,260474,61530,11413
3022,473,5,20260919,9,47,True,0,0,0,0,0,0,0,0,0,0,0,0.0,0.0,0.0,0.0,4.5,278049,21418,24617
3023,474,5,20260919,9,47,True,90,1,0,0,0,1,1,0,0,0,5,14.2,11.8,1.0,2.7,4.5,19913,225,4760
3024,475,5,20260919,9,47,True,0,0,0,0,0,0,0,0,0,0,0,0.0,0.0,0.0,0.0,4.5,237,17,39
3025,476,5,20260919,9,47,True,0,0,0,0,0,0,0,0,0,0,0,0.0,0.0,0.0,0.0,4.0,22848,1022,1671
3026,477,5,20260919,9,47,True,0,0,0,0,0,0,0,0,0,0,0,0.0,0.0,0.0,0.0,4.0,16093,0,2263
3027,478,5,20260919,9,47,True,7,1,0,0,0,0,0,0,0,0,5,4.0,16.6,2.0,2.3,4.4,3276,246,343
3028,479,5,20260919,9,47,True,0,0,0,0,0,0,0,0,0,0,0,0.0,0.0,0.0,0.0,4.0,12104,0,1397
3029,480,5,20260919,9,47,True,90,2,0,0,0,1,0,0,0,0,25,22.4,81.4,6.0,11.0,8.0,1912107,744604,38690
3031,482,5,20260919,9,47,True,0,0,0,0,0,0,0,0,0,0,0,0.0,0.0,0.0,0.0,5.8,16903,1902,2632
3032,483,5,20260919,9,47,True,58,1,0,0,0,1,0,0,0,0,3,1.4,25.3,16.0,4.3,5.5,87185,26545,11590
3033,484,5,20260919,9,47,True,0,0,0,0,0,0,0,0,0,0,0,0.0,0.0,0.0,0.0,5.4,7897,0,1093
3034,485,5,20260919,9,47,True,0,0,0,0,0,0,0,0,0,0,0,0.0,0.0,0.0,0.0,5.5,579,0,60
3035,486,5,20260919,9,47,True,82,2,0,0,0,1,0,0,0,0,17,13.6,27.0,18.0,5.9,5.5,11916,3622,1633
3036,487,5,20260919,9,47,True,0,0,0,0,0,0,0,0,0,0,0,0.0,0.0,0.0,0.0,4.9,6327,254,713
3037,488,5,20260919,9,47,True,7,1,0,0,0,0,0,0,0,0,3,1.4,0.3,0.0,0.2,4.9,48314,1567,7005
3038,489,5,20260919,9,47,True,0,0,0,0,0,0,0,0,0,0,0,0.0,0.0,0.0,0.0,4.5,132416,2939,15096
3039,490,5,20260919,9,47,True,17,1,0,0,0,0,0,0,0,0,4,1.0,2.3,0.0,0.3,5.8,100797,5666,15594
3040,491,5,20260919,9,47,True,31,1,0,0,0,0,0,0,0,0,4,3.4,9.2,14.0,2.7,5.8,310521,70541,32852
3041,492,5,20260919,25,47,False,0,0,0,0,0,0,0,0,0,0,0,0.0,0.0,0.0,0.0,5.5,46922,586,22047
3042,493,5,20260919,9,47,True,0,0,0,0,0,0,0,0,0,0,0,0.0,0.0,0.0,0.0,5.4,5589,483,825
3043,494,5,20260919,3,48,True,0,0,0,0,0,0,0,0,0,0,0,0.0,0.0,0.0,0.0,4.5,14414,0,1689
3044,495,5,20260919,3,48,True,0,0,0,0,0,0,0,0,0,0,0,0.0,0.0,0.0,0.0,4.0,112272,6139,4580
3045,496,5,20260919,3,48,True,90,2,0,0,0,3,0,0,3,0,5,27.2,0.0,0.0,2.7,4.5,1963942,95710,97025
3046,497,5,20260919,3,48,True,0,0,0,0,0,0,0,0,0,0,0,0.0,0.0,0.0,0.0,4.0,1908194,59833,84839
3047,498,5,20260919,3,48,True,0,0,0,0,0,0,0,0,0,0,0,0.0,0.0,0.0,0.0,5.8,403044,2509,72698
3048,499,5,20260919,3,48,True,18,1,0,0,0,0,0,0,0,0,4,0.0,3.9,1.0,0.5,5.4,889495,5333,242865
3049,500,5,20260919,3,48,True,0,0,0,0,0,0,0,0,0,0,0,0.0,0.0,0.0,0.0,5.0,9526,0,610
3051,502,5,20260919,3,48,True,90,4,0,1,0,3,0,0,0,0,15,29.8,56.1,6.0,9.2,4.4,283003,20149,22707
3052,503,5,20260919,3,48,True,90,1,0,0,0,3,0,0,0,0,7,24.2,2.3,4.0,3.1,5.0,429279,29652,20769
3053,504,5,20260919,2,42,True,90,8,0,0,1,0,0,0,0,0,27,20.6,1.6,2.0,2.4,5.0,332297,27688,34940
3054,505,5,20260919,3,48,True,0,0,0,0,0,0,0,0,0,0,0,0.0,0.0,0.0,0.0,4.5,25713,0,2653
3055,506,5,20260919,3,48,True,0,0,0,0,0,0,0,0,0,0,0,0.0,0.0,0.0,0.0,4.4,37654,949,4959
3056,507,5,20260919,3,48,True,0,0,0,0,0,0,0,0,0,0,0,0.0,0.0,0.0,0.0,4.5,1372,0,106
3057,508,5,20260919,3,48,True,0,0,0,0,0,0,0,0,0,0,0,0.0,0.0,0.0,0.0,4.0,88779,2044,7738
3058,509,5,20260919,3,48,True,0,0,0,0,0,0,0,0,0,0,0,0.0,0.0,0.0,0.0,4.0,6772,556,573
3059,510,5,20260919,3,48,True,0,0,0,0,0,0,0,0,0,0,0,0.0,0.0,0.0,0.0,4.0,9834,672,750
3060,511,5,20260919,3,48,True,0,0,0,0,0,0,0,0,0,0,0,0.0,0.0,0.0,0.0,4.0,18271,0,2391
3061,512,5,20260919,3,48,True,45,4,0,1,0,2,0,0,0,0,24,24.8,17.5,7.0,4.9,6.5,14877,2728,2823
3062,513,5,20260919,3,48,True,0,0,0,0,0,0,0,0,0,0,0,0.0,0.0,0.0,0.0,5.9,1301,51,122
3063,514,5,20260919,3,48,True,0,0,0,0,0,0,0,0,0,0,0,0.0,0.0,0.0,0.0,5.8,21179,897,6217
3064,515,5,20260919,3,48,True,24,1,0,0,0,2,0,0,0,0,9,10.6,2.4,11.0,2.4,6.3,43979,1741,4666
3065,516,5,20260919,3,48,True,83,4,0,0,0,3,0,0,0,0,15,19.0,6.3,2.0,2.7,5.5,19246,2106,1609
3066,517,5,20260919,3,48,True,0,0,0,0,0,0,0,0,0,0,0,0.0,0.0,0.0,0.0,5.5,159,23,20
3067,518,5,20260919,3,48,True,0,0,0,0,0,0,0,0,0,0,0,0.0,0.0,0.0,0.0,4.9,8302,0,2148
3068,519,5,20260919,3,48,True,6,6,1,0,0,0,0,0,0,0,24,38.4,2.3,33.0,7.4,5.3,19752,812,2598
3069,520,5,20260919,3,48,True,6,1,0,0,0,0,0,0,0,0,3,3.0,0.9,2.0,0.6,5.4,15731,344,1257
3070,521,5,20260919,3,48,True,0,0,0,0,0,0,0,0,0,0,0,0.0,0.0,0.0,0.0,6.5,892,63,93
3071,522,5,20260919,3,48,True,71,2,0,0,0,3,0,0,0,0,14,10.8,3.1,17.0,3.1,4.9,19727,1629,2266
3072,523,5,20260919,3,48,True,0,0,0,0,0,0,0,0,0,0,0,0.0,0.0,0.0,0.0,5.0,6388,0,1980
3073,524,5,20260919,3,48,True,0,0,0,0,0,0,0,0,0,0,0,0.0,0.0,0.0,0.0,4.4,117471,32226,14980
3074,525,5,20260919,3,48,True,45,1,0,0,0,1,0,0,0,0,2,0.0,5.7,9.0,1.1,5.8,89133,2671,13945
3075,526,5,20260919,3,48,True,65,2,0,0,0,1,0,0,0,0,9,5.2,12.6,16.0,3.4,5.8,92077,6047,13080
3076,527,5,20260919,3,48,True,0,0,0,0,0,0,0,0,0,0,0,0.0,0.0,0.0,0.0,5.9,74547,0,22415
3077,528,5,20260919,3,48,True,0,0,0,0,0,0,0,0,0,0,0,0.0,0.0,0.0,0.0,4.5,125898,0,18539
3103,554,5,20260919,11,43,False,0,0,0,0,0,0,0,0,0,0,0,0.0,0.0,0.0,0.0,4.5,1878,0,237
3105,556,5,20260919,23,46,False,0,0,0,0,0,0,0,0,0,0,0,0.0,0.0,0.0,0.0,4.0,187250,3674,19477
3106,557,5,20260919,5,42,False,72,2,0,0,0,3,0,0,0,0,9,5.0,6.2,6.0,1.7,6.4,1417272,39605,302938
3107,558,5,20260919,9,47,True,90,2,0,0,0,1,0,0,0,0,16,13.6,5.8,4.0,2.3,5.0,12605,3063,1289
3108,559,5,20260919,14,46,True,3,1,0,0,0,0,0,0,0,0,3,6.2,0.1,0.0,0.6,4.9,10531,377,1158
3111,562,5,20260919,11,43,False,16,1,0,0,0,0,0,0,0,0,5,2.2,0.3,4.0,0.7,5.4,25203,224,4371
3112,563,5,20260919,23,46,False,0,0,0,0,0,0,0,0,0,0,0,0.0,0.0,0.0,0.0,5.0,1759,23,441
3113,564,5,20260919,11,43,False,0,0,0,0,0,0,0,0,0,0,0,0.0,0.0,0.0,0.0,4.5,63895,2903,4238
3116,567,5,20260919,14,46,True,90,3,0,0,0,1,0,0,3,0,14,17.0,0.0,0.0,1.7,5.0,163512,22769,14571
3120,571,5,20260919,11,43,False,17,1,0,0,0,0,0,0,0,0,1,0.0,1.0,0.0,0.0,4.9,8567,181,940
3121,572,5,20260919,23,46,False,90,6,0,0,0,2,1,0,3,0,16,48.2,0.0,0.0,4.8,4.6,1243266,162718,54614
3123,574,5,20260919,23,46,False,0,0,0,0,0,0,0,0,0,0,0,0.0,0.0,0.0,0.0,4.9,6046,289,826
3124,575,5,20260919,25,47,False,90,3,0,0,1,0,0,0,0,0,10,5.0,11.7,0.0,1.7,4.9,15964,236,2746
3125,576,5,20260919,23,46,False,0,0,0,0,0,0,0,0,0,0,0,0.0,0.0,0.0,0.0,5.0,8823,701,909
3127,578,5,20260919,3,48,True,0,0,0,0,0,0,0,0,0,0,0,0.0,0.0,0.0,0.0,5.4,4612,32,2140
3130,581,5,20260919,9,47,True,72,2,0,0,0,1,0,0,0,0,4,7.8,0.6,8.0,1.6,5.4,59651,4010,3391
3131,582,5,20260919,31,48,False,0,0,0,0,0,0,0,0,0,0,0,0.0,0.0,0.0,0.0,5.4,22744,268,4645
3133,584,5,20260919,25,47,False,0,0,0,0,0,0,0,0,0,0,0,0.0,0.0,0.0,0.0,5.4,10051,64,1011
3134,585,5,20260919,23,46,False,90,1,0,0,0,2,0,0,0,0,11,23.6,22.4,11.0,5.7,4.0,63742,3458,3594
3135,586,5,20260919,23,46,False,0,0,0,0,0,0,0,0,0,0,0,0.0,0.0,0.0,0.0,4.1,693276,13422,166297
3138,589,5,20260919,23,46,False,12,1,0,0,0,0,0,0,0,0,5,3.2,11.0,2.0,1.6,5.0,2600,149,292
3139,590,5,20260919,9,47,True,0,0,0,0,0,0,0,0,0,0,0,0.0,0.0,0.0,0.0,4.5,7565,422,563
3140,591,5,20260919,11,43,False,73,2,0,0,0,1,0,0,0,0,11,4.4,12.9,25.0,4.2,5.5,89625,9464,15468
3141,592,5,20260919,11,43,False,90,2,0,0,0,1,0,0,0,0,17,20.0,11.4,9.0,4.0,4.0,94948,2569,5478
3142,593,5,20260919,14,46,True,0,0,0,0,0,0,0,0,0,0,0,0.0,0.0,0.0,0.0,4.5,219257,11096,103620
3143,594,5,20260919,2,42,True,0,0,0,0,0,0,0,0,0,0,0,0.0,0.0,0.0,0.0,6.0,21728,2100,5196
3145,596,5,20260919,31,48,False,90,3,0,0,0,2,0,0,0,0,11,19.4,11.5,1.0,3.2,4.5,9272,779,1174
3146,597,5,20260919,31,48,False,90,2,0,0,0,2,0,0,5,0,17,36.2,0.0,0.0,3.6,5.0,196011,16586,18810
3148,599,5,20260919,25,47,False,0,0,0,0,0,0,0,0,0,0,0,0.0,0.0,0.0,0.0,5.0,10975,1653,1480
3149,600,5,20260919,2,42,True,0,0,0,0,0,0,0,0,0,0,0,0.0,0.0,0.0,0.0,5.0,1757,148,241
3150,601,5,20260919,3,48,True,0,0,0,0,0,0,0,0,0,0,0,0.0,0.0,0.0,0.0,4.5,13898,655,1612
3151,602,5,20260919,11,43,False,0,0,0,0,0,0,0,0,0,0,0,0.0,0.0,0.0,0.0,4.5,2526,0,489
3154,605,5,20260919,2,42,True,5,1,0,0,0,0,0,0,0,0,9,2.2,10.3,6.0,1.9,4.5,450411,130693,43065
3155,606,5,20260919,31,48,False,0,0,0,0,0,0,0,0,0,0,0,0.0,0.0,0.0,0.0,4.0,18299,1822,1599
3156,607,5,20260919,31,48,False,0,0,0,0,0,0,0,0,0,0,0,0.0,0.0,0.0,0.0,4.5,7636,0,1367
3158,609,5,20260919,14,46,True,0,0,0,0,0,0,0,0,0,0,0,0.0,0.0,0.0,0.0,4.0,20140,0,5521
3160,611,5,20260919,31,48,False,45,1,0,0,0,0,0,0,0,0,6,10.4,1.4,0.0,1.2,4.5,23660,4595,2312
3163,614,5,20260919,2,42,True,0,0,0,0,0,0,0,0,0,0,0,0.0,0.0,0.0,0.0,4.5,4264,513,606
3166,617,5,20260919,23,46,False,27,6,1,0,0,0,0,0,0,0,25,39.2,25.1,17.0,8.1,5.0,1422,401,229
3167,618,5,20260919,31,48,False,0,0,0,0,0,0,0,0,0,0,0,0.0,0.0,0.0,0.0,5.9,2971,47,1364
3168,619,5,20260919,11,43,False,80,2,0,0,0,1,0,0,0,0,15,10.0,6.2,0.0,1.6,5.0,7887,4756,1349
3172,623,5,20260919,25,47,False,0,0,0,0,0,0,0,0,0,0,0,0.0,0.0,0.0,0.0,4.0,66230,13315,2971
3173,624,5,20260919,2,42,True,0,0,0,0,0,0,0,0,0,0,0,0.0,0.0,0.0,0.0,5.0,51,0,12
3179,630,5,20260919,31,48,False,0,0,0,0,0,0,0,0,0,0,0,0.0,0.0,0.0,0.0,4.5,1743,379,351
3180,631,5,20260919,31,48,False,6,1,0,0,0,2,0,0,0,0,2,0.0,0.0,0.0,0.0,6.0,7570,2665,1471
3181,632,5,20260919,23,46,False,0,0,0,0,0,0,0,0,0,0,0,0.0,0.0,0.0,0.0,5.0,3032,151,1318
3183,634,5,20260919,14,46,True,73,2,0,0,0,1,0,0,0,0,7,1.2,0.8,5.0,0.7,6.0,12360,3570,2365
3186,637,5,20260919,23,46,False,12,1,0,0,0,0,0,0,0,0,5,2.4,11.2,2.0,1.6,5.0,10422,5586,1718
3187,638,5,20260919,23,46,False,0,0,0,0,0,0,0,0,0,0,0,0.0,0.0,0.0,0.0,4.0,29384,5014,3577
3188,639,5,20260919,2,42,True,84,8,1,0,1,0,0,0,0,0,27,33.4,4.8,37.0,7.5,5.5,1188,470,231
3189,640,5,20260919,11,43,False,9,0,0,0,0,0,1,0,0,0,-2,0.0,10.3,4.0,1.4,5.5,7673,4077,1300
3191,642,5,20260919,23,46,False,62,2,0,0,0,2,0,0,0,0,2,0.0,15.3,8.0,2.0,5.5,2637,1275,514
3194,645,5,20260919,23,46,False,0,0,0,0,0,0,0,0,0,0,0,0.0,0.0,0.0,0.0,5.0,784,212,112
3198,649,5,20260919,15,43,True,90,8,0,0,1,0,0,0,0,2,39,23.8,26.0,0.0,5.0,4.5,111542,54068,6062
3201,652,5,20260919,2,42,True,0,0,0,0,0,0,0,0,0,0,0,0.0,0.0,0.0,0.0,5.5,308,54,64
3203,654,5,20260919,15,43,True,0,0,0,0,0,0,0,0,0,0,0,0.0,0.0,0.0,0.0,4.5,11586,1585,2244
3204,655,5,20260919,25,47,False,0,0,0,0,0,0,0,0,0,0,0,0.0,0.0,0.0,0.0,5.5,195,133,42
3205,656,5,20260919,25,47,False,90,6,0,0,1,0,0,0,0,0,27,17.6,0.7,4.0,2.2,4.0,10713,5501,1534
3207,658,5,20260919,2,42,True,0,0,0,0,0,0,0,0,0,0,0,0.0,0.0,0.0,0.0,4.5,1545,1163,268
3208,659,5,20260919,14,46,True,0,0,0,0,0,0,0,0,0,0,0,0.0,0.0,0.0,0.0,4.5,4509,3438,602
3212,663,5,20260919,14,46,True,0,0,0,0,0,0,0,0,0,0,0,0.0,0.0,0.0,0.0,4.0,0,0,0
3213,664,5,20260919,14,46,True,0,0,0,0,0,0,0,0,0,0,0,0.0,0.0,0.0,0.0,4.5,0,0,0
3214,665,5,20260919,14,46,True,0,0,0,0,0,0,0,0,0,0,0,0.0,0.0,0.0,0.0,4.5,0,0,0
3215,666,5,20260919,14,46,True,0,0,0,0,0,0,0,0,0,0,0,0.0,0.0,0.0,0.0,4.5,0,0,0
3216,667,5,20260919,31,48,False,0,0,0,0,0,0,0,0,0,0,0,0.0,0.0,0.0,0.0,4.0,0,0,0
2049,159,4,20260912,14,33,True,0,0,0,0,0,0,0,0,0,0,0,0.0,0.0,0.0,0.0,5.4,149377,1342,50199
2050,160,4,20260912,25,31,True,0,0,0,0,0,0,0,0,0,0,0,0.0,0.0,0.0,0.0,5.9,40475,1531,8756
2051,161,4,20260912,14,33,True,68,2,0,0,0,2,0,0,0,0,14,7.4,4.9,0.0,1.2,5.0,25157,7547,4020
2053,163,4,20260912,14,33,True,0,0,0,0,0,0,0,0,0,0,0,0.0,0.0,0.0,0.0,4.5,12126,0,4174
2054,164,4,20260912,14,33,True,0,0,0,0,0,0,0,0,0,0,0,0.0,0.0,0.0,0.0,5.4,3551,154,671
2055,165,4,20260912,14,33,True,90,12,1,1,0,2,0,0,0,3,44,54.4,15.7,31.0,10.1,7.7,7935710,401634,104757
2056,166,4,20260912,25,31,True,45,0,0,0,0,0,1,0,0,0,0,0.0,2.0,2.0,0.2,6.5,143354,47223,18366
2057,167,4,20260912,3,31,False,90,5,1,0,0,1,1,0,0,0,25,28.6,12.6,38.0,7.9,5.5,93051,20097,12425
2058,168,4,20260912,14,33,True,0,0,0,0,0,0,0,0,0,0,0,0.0,0.0,0.0,0.0,5.0,25300,0,8710
2059,169,4,20260912,14,33,True,0,0,0,0,0,0,0,0,0,0,0,0.0,0.0,0.0,0.0,4.5,44291,6884,5732
2060,170,4,20260912,14,33,True,0,0,0,0,0,0,0,0,0,0,0,0.0,0.0,0.0,0.0,5.0,14885,1719,3144
2088,198,4,20260912,15,34,True,0,0,0,0,0,0,0,0,0,0,0,0.0,0.0,0.0,0.0,5.0,234983,34005,16877
2089,199,4,20260912,15,34,True,90,2,0,0,0,3,0,0,3,0,3,18.8,0.0,0.0,1.9,4.5,11338,563,952
2090,200,4,20260912,14,33,True,4,1,0,0,0,0,0,0,0,0,4,3.6,0.0,0.0,0.4,6.0,865615,60756,79879
2091,201,4,20260912,3,31,False,90,2,0,0,0,1,0,0,0,0,23,31.6,55.9,39.0,12.7,5.4,588016,11222,94696
2092,202,4,20260912,15,34,True,90,2,0,0,0,3,1,0,0,0,2,22.4,5.9,0.0,2.8,5.0,74063,9105,8608
2093,203,4,20260912,15,34,True,0,0,0,0,0,0,0,0,0,0,0,0.0,0.0,0.0,0.0,4.9,25690,2554,4148
2094,204,4,20260912,15,34,True,76,1,0,0,0,2,0,0,0,0,6,7.8,18.1,0.0,2.6,4.5,768978,259738,46760
2095,205,4,20260912,15,34,True,0,0,0,0,0,0,0,0,0,0,0,0.0,0.0,0.0,0.0,4.5,1928,0,639
2096,206,4,20260912,15,34,True,0,0,0,0,0,0,0,0,0,0,0,0.0,0.0,0.0,0.0,4.4,2510,58,709
2097,207,4,20260912,15,34,True,0,0,0,0,0,0,0,0,0,0,0,0.0,0.0,0.0,0.0,4.4,7027,691,1007
2098,208,4,20260912,15,34,True,0,0,0,0,0,0,0,0,0,0,0,0.0,0.0,0.0,0.0,6.3,77747,179,37056
2099,209,4,20260912,31,37,False,74,3,0,0,1,0,0,0,0,0,13,11.2,29.0,6.0,4.6,5.9,12460,1069,2197
2100,210,4,20260912,15,34,True,76,2,0,0,0,2,0,0,0,0,13,5.2,11.8,3.0,2.0,5.5,91297,8794,10595
2101,211,4,20260912,15,34,True,36,1,0,0,0,1,0,0,0,0,4,0.0,2.7,2.0,0.5,5.5,63756,36851,9196
2102,212,4,20260912,15,34,True,13,1,0,0,0,1,0,0,0,0,6,5.6,15.0,0.0,2.1,4.5,888879,26618,113889
2103,213,4,20260912,15,34,True,6,1,0,0,0,1,0,0,0,0,3,2.2,0.3,0.0,0.3,4.9,8598,327,1133
2104,214,4,20260912,15,34,True,83,8,0,2,0,2,0,0,0,0,30,36.2,21.9,2.0,6.0,5.0,44888,18109,6124
2105,215,4,20260912,15,34,True,0,0,0,0,0,0,0,0,0,0,0,0.0,0.0,0.0,0.0,5.0,646,0,276
2106,216,4,20260912,15,34,True,0,0,0,0,0,0,0,0,0,0,0,0.0,0.0,0.0,0.0,5.0,2168,0,963
2107,217,4,20260912,15,34,True,0,0,0,0,0,0,0,0,0,0,0,0.0,0.0,0.0,0.0,4.9,1885,57,787
2108,218,4,20260912,15,34,True,0,0,0,0,0,0,0,0,0,0,0,0.0,0.0,0.0,0.0,4.9,5759,470,938
2109,219,4,20260912,15,34,True,0,0,0,0,0,0,0,0,0,0,0,0.0,0.0,0.0,0.0,4.9,492,55,140
2110,220,4,20260912,15,34,True,0,0,0,0,0,0,0,0,0,0,0,0.0,0.0,0.0,0.0,4.5,138,0,13
2111,221,4,20260912,15,34,True,0,0,0,0,0,0,0,0,0,0,0,0.0,0.0,0.0,0.0,4.5,8428,850,1076
2112,222,4,20260912,15,34,True,83,8,1,0,0,2,0,0,0,2,39,40.8,12.8,31.0,8.5,6.0,71789,21000,9640
2113,223,4,20260912,15,34,True,0,0,0,0,0,0,0,0,0,0,0,0.0,0.0,0.0,0.0,6.4,175573,343,72992
2114,224,4,20260912,15,34,True,0,0,0,0,0,0,0,0,0,0,0,0.0,0.0,0.0,0.0,5.5,81943,29818,9604
2115,225,4,20260912,15,34,True,0,0,0,0,0,0,0,0,0,0,0,0.0,0.0,0.0,0.0,5.0,0,0,0
2116,226,4,20260912,31,37,False,90,6,0,0,1,0,0,0,2,0,25,11.6,0.0,0.0,1.2,5.5,922558,69771,68979
2117,227,4,20260912,31,37,False,0,0,0,0,0,0,0,0,0,0,0,0.0,0.0,0.0,0.0,5.0,3798,410,439
2118,228,4,20260912,31,37,False,0,0,0,0,0,0,0,0,0,0,0,0.0,0.0,0.0,0.0,4.5,4562,278,378
2119,229,4,20260912,31,37,False,90,8,0,0,1,0,0,0,0,2,32,19.2,1.8,0.0,2.1,6.0,1237976,163569,91762
2120,230,4,20260912,31,37,False,90,6,0,0,1,0,0,0,0,0,27,30.0,3.4,0.0,3.3,5.5,206240,35472,20969
2121,231,4,20260912,31,37,False,0,0,0,0,0,0,0,0,0,0,0,0.0,0.0,0.0,0.0,4.9,92288,1268,16701
2122,232,4,20260912,31,37,False,15,1,0,0,0,0,0,0,0,0,2,1.0,0.0,0.0,0.1,4.9,31964,666,4529
2123,233,4,20260912,31,37,False,90,11,0,0,1,0,0,0,0,3,38,24.4,11.3,4.0,4.0,4.5,216365,70682,37005
2124,234,4,20260912,31,37,False,0,0,0,0,0,0,0,0,0,0,0,0.0,0.0,0.0,0.0,4.5,1949,0,744
2125,235,4,20260912,31,37,False,0,0,0,0,0,0,0,0,0,0,0,0.0,0.0,0.0,0.0,4.0,11804,0,3078
2126,236,4,20260912,31,37,False,90,2,0,0,1,0,1,0,0,0,16,15.0,19.0,28.0,6.2,6.5,497656,141140,99920
2128,238,4,20260912,31,37,False,25,1,0,0,0,0,0,0,0,0,4,3.4,1.2,2.0,0.7,6.5,42527,16008,6311
2129,239,4,20260912,31,37,False,90,4,0,0,1,0,1,0,0,0,23,23.6,5.1,7.0,3.6,6.0,13037,2679,3703
2130,240,4,20260912,8,33,False,21,0,0,0,0,0,1,0,0,0,2,3.0,0.2,0.0,0.3,5.0,1598,334,206
2131,241,4,20260912,15,34,True,0,0,0,0,0,0,0,0,0,0,0,0.0,0.0,0.0,0.0,5.4,13782,510,1860
2132,242,4,20260912,31,37,False,64,3,0,0,1,0,0,0,0,0,13,6.4,15.4,5.0,2.7,5.5,67366,50072,13425
2133,243,4,20260912,31,37,False,0,0,0,0,0,0,0,0,0,0,0,0.0,0.0,0.0,0.0,4.9,8215,594,1325
2134,244,4,20260912,31,37,False,90,3,0,0,1,0,0,0,0,0,6,12.4,4.5,2.0,1.9,5.0,46365,12956,8851
2135,245,4,20260912,31,37,False,0,0,0,0,0,0,0,0,0,0,0,0.0,0.0,0.0,0.0,5.4,3002,210,505
2136,246,4,20260912,31,37,False,0,0,0,0,0,0,0,0,0,0,0,0.0,0.0,0.0,0.0,5.0,5016,572,1041
2137,247,4,20260912,31,37,False,15,1,0,0,0,0,0,0,0,0,3,3.2,10.8,4.0,1.8,5.5,21723,1482,1962
2138,248,4,20260912,31,37,False,0,0,0,0,0,0,0,0,0,0,0,0.0,0.0,0.0,0.0,5.4,94922,0,62064
2139,249,4,20260912,31,37,False,90,2,0,0,1,0,0,0,0,0,5,3.2,14.0,57.0,7.4,5.6,666569,273770,120075
2140,250,4,20260912,18,35,False,90,9,0,0,1,0,0,0,3,2,29,25.4,0.0,0.0,2.5,4.5,308412,19790,35024
2141,251,4,20260912,18,35,False,0,0,0,0,0,0,0,0,0,0,0,0.0,0.0,0.0,0.0,4.0,123844,8151,7170
2142,252,4,20260912,18,35,False,0,0,0,0,0,0,0,0,0,0,0,0.0,0.0,0.0,0.0,4.0,13370,0,1879
2143,253,4,20260912,18,35,False,0,0,0,0,0,0,0,0,0,0,0,0.0,0.0,0.0,0.0,5.0,13284,1887,3265
2144,254,4,20260912,18,35,False,90,6,0,0,1,0,0,0,0,0,25,17.6,22.1,6.0,4.6,4.5,143996,4729,26085
2145,255,4,20260912,18,35,False,0,0,0,0,0,0,0,0,0,0,0,0.0,0.0,0.0,0.0,4.5,3009,104,613
2146,256,4,20260912,18,35,False,27,0,0,0,0,0,1,0,0,0,-1,1.6,0.3,2.0,0.4,4.4,21818,237,2295
2147,257,4,20260912,18,35,False,90,6,0,0,1,0,0,0,0,0,27,23.4,0.7,21.0,4.5,4.5,71722,2294,10216
2148,258,4,20260912,18,35,False,71,6,0,0,1,0,0,0,0,0,23,11.2,0.8,2.0,1.4,4.5,83333,6203,17661
2149,259,4,20260912,10,34,False,90,1,0,0,0,2,0,0,0,0,8,15.0,1.8,2.0,1.9,4.0,1519556,39336,143602
2151,261,4,20260912,18,35,False,76,3,0,0,1,0,0,0,0,0,15,7.6,33.7,10.0,5.1,5.4,75540,2396,16515
2152,262,4,20260912,18,35,False,13,1,0,0,0,0,0,0,0,0,3,1.2,0.5,0.0,0.2,5.4,28676,777,4894
2153,263,4,20260912,18,35,False,18,1,0,0,0,0,0,0,0,0,4,0.2,3.3,1.0,0.5,5.4,4241,236,1062
2154,264,4,20260912,18,35,False,62,3,0,0,1,0,0,0,0,0,12,10.0,30.0,4.0,4.4,5.5,30794,2106,6238
2155,265,4,20260912,18,35,False,90,3,0,0,1,0,0,0,0,0,14,18.6,11.7,6.0,3.6,4.9,32007,748,5043
2156,266,4,20260912,18,35,False,0,0,0,0,0,0,0,0,0,0,0,0.0,0.0,0.0,0.0,5.0,348,50,53
2157,267,4,20260912,10,34,False,76,1,0,0,0,2,1,0,0,0,8,10.2,23.5,2.0,3.6,5.0,11520,772,1417
2158,268,4,20260912,18,35,False,76,3,0,0,1,0,0,0,0,0,19,11.4,14.3,37.0,6.3,5.5,130602,81597,34482
2159,269,4,20260912,18,35,False,0,0,0,0,0,0,0,0,0,0,0,0.0,0.0,0.0,0.0,4.4,34199,369,4551
2160,270,4,20260912,18,35,False,0,0,0,0,0,0,0,0,0,0,0,0.0,0.0,0.0,0.0,4.5,121271,3620,16001
2161,271,4,20260912,18,35,False,13,1,0,0,0,0,0,0,0,0,4,2.0,0.3,2.0,0.4,5.4,46371,3624,7896
2162,272,4,20260912,18,35,False,0,0,0,0,0,0,0,0,0,0,0,0.0,0.0,0.0,0.0,4.5,635399,35011,80739
2163,273,4,20260912,8,33,False,0,0,0,0,0,0,0,0,0,0,0,0.0,0.0,0.0,0.0,4.0,154407,8596,9813
2164,274,4,20260912,8,33,False,0,0,0,0,0,0,0,0,0,0,0,0.0,0.0,0.0,0.0,4.5,7924,170,839
2165,275,4,20260912,8,33,False,0,0,0,0,0,0,0,0,0,0,0,0.0,0.0,0.0,0.0,4.0,751,0,67
2166,276,4,20260912,8,33,False,0,0,0,0,0,0,0,0,0,0,0,0.0,0.0,0.0,0.0,4.0,2640,0,204
2167,277,4,20260912,8,33,False,90,2,0,0,0,2,1,0,0,0,-1,14.2,0.5,6.0,2.1,4.1,688208,223735,73551
2168,278,4,20260912,8,33,False,0,0,0,0,0,0,0,0,0,0,0,0.0,0.0,0.0,0.0,4.0,8103,174,1190
2169,279,4,20260912,8,33,False,90,1,0,0,0,2,0,0,0,0,-6,5.4,1.3,6.0,1.3,4.2,1350778,349993,78543
2170,280,4,20260912,8,33,False,81,1,0,0,0,2,0,0,0,0,2,5.6,10.9,5.0,2.2,4.0,65983,9488,4128
2171,281,4,20260912,8,33,False,0,0,0,0,0,0,0,0,0,0,0,0.0,0.0,0.0,0.0,4.0,5246,0,1503
2172,282,4,20260912,8,33,False,90,4,0,1,0,2,0,0,0,0,20,32.4,33.5,0.0,6.6,4.0,195043,75912,16922
2173,283,4,20260912,8,33,False,0,0,0,0,0,0,0,0,0,0,0,0.0,0.0,0.0,0.0,4.0,927,0,125
2174,284,4,20260912,8,33,False,0,0,0,0,0,0,0,0,0,0,0,0.0,0.0,0.0,0.0,4.0,9522,986,1040
2175,285,4,20260912,8,33,False,0,0,0,0,0,0,0,0,0,0,0,0.0,0.0,0.0,0.0,4.0,12640,574,1203
2176,286,4,20260912,8,33,False,59,13,2,0,0,1,0,0,0,2,43,68.2,11.7,31.0,11.1,5.0,107667,26566,11658
2177,287,4,20260912,8,33,False,0,0,0,0,0,0,0,0,0,0,0,0.0,0.0,0.0,0.0,5.0,4292,0,2492
2178,288,4,20260912,8,33,False,0,0,0,0,0,0,0,0,0,0,0,0.0,0.0,0.0,0.0,4.5,35795,2721,4919
2179,289,4,20260912,8,33,False,68,1,0,0,0,2,1,0,0,0,2,11.0,0.4,0.0,1.1,4.5,52575,2257,8983
2180,290,4,20260912,8,33,False,90,2,0,0,0,2,0,0,0,0,22,19.2,26.9,7.0,5.3,4.5,601956,170308,88811
2181,291,4,20260912,8,33,False,0,0,0,0,0,0,0,0,0,0,0,0.0,0.0,0.0,0.0,4.5,664,117,116
2182,292,4,20260912,8,33,False,0,0,0,0,0,0,0,0,0,0,0,0.0,0.0,0.0,0.0,4.9,1763,298,328
2183,293,4,20260912,8,33,False,0,0,0,0,0,0,0,0,0,0,0,0.0,0.0,0.0,0.0,5.0,215,0,47
2184,294,4,20260912,8,33,False,0,0,0,0,0,0,0,0,0,0,0,0.0,0.0,0.0,0.0,4.5,10293,1379,1121
2185,295,4,20260912,8,33,False,81,4,0,1,0,2,1,0,0,0,17,23.6,10.8,19.0,5.3,5.5,198314,22215,40731
2186,296,4,20260912,8,33,False,0,0,0,0,0,0,0,0,0,0,0,0.0,0.0,0.0,0.0,5.0,3894,522,1125
2187,297,4,20260912,8,33,False,0,0,0,0,0,0,0,0,0,0,0,0.0,0.0,0.0,0.0,4.5,2036,123,282
2188,298,4,20260912,8,33,False,0,0,0,0,0,0,0,0,0,0,0,0.0,0.0,0.0,0.0,4.5,22427,0,3752
2189,299,4,20260912,8,33,False,0,0,0,0,0,0,0,0,0,0,0,0.0,0.0,0.0,0.0,4.5,3872,0,497
2190,300,4,20260912,10,34,False,0,0,0,0,0,0,0,0,0,0,0,0.0,0.0,0.0,0.0,4.4,42889,363,2771
2191,301,4,20260912,10,34,False,0,0,0,0,0,0,0,0,0,0,0,0.0,0.0,0.0,0.0,4.0,443746,24047,32884
2192,302,4,20260912,10,34,False,0,0,0,0,0,0,0,0,0,0,0,0.0,0.0,0.0,0.0,4.0,63364,17503,5812
2193,303,4,20260912,10,34,False,0,0,0,0,0,0,0,0,0,0,0,0.0,0.0,0.0,0.0,4.0,52847,589,4130
2194,304,4,20260912,10,34,False,90,1,0,0,0,2,0,0,0,0,5,29.6,30.8,4.0,6.4,4.0,317758,18186,40551
2195,305,4,20260912,10,34,False,90,14,1,2,0,2,0,0,0,1,35,54.8,17.1,39.0,11.1,4.0,543743,45631,60527
2196,306,4,20260912,10,34,False,87,1,0,0,0,2,0,0,0,0,7,18.8,2.0,0.0,2.1,4.0,127747,1996,9662
2197,307,4,20260912,10,34,False,0,0,0,0,0,0,0,0,0,0,0,0.0,0.0,0.0,0.0,4.0,7782,0,2380
2198,308,4,20260912,10,34,False,0,0,0,0,0,0,0,0,0,0,0,0.0,0.0,0.0,0.0,4.0,52748,431,3716
2199,309,4,20260912,10,34,False,0,0,0,0,0,0,0,0,0,0,0,0.0,0.0,0.0,0.0,5.0,12735,377,1862
2200,310,4,20260912,10,34,False,0,0,0,0,0,0,0,0,0,0,0,0.0,0.0,0.0,0.0,4.9,288,40,46
2201,311,4,20260912,10,34,False,0,0,0,0,0,0,0,0,0,0,0,0.0,0.0,0.0,0.0,5.0,242,0,39
2202,312,4,20260912,10,34,False,0,0,0,0,0,0,0,0,0,0,0,0.0,0.0,0.0,0.0,4.5,3274,176,454
2203,313,4,20260912,10,34,False,62,1,0,0,0,1,1,0,0,0,8,5.0,13.0,21.0,3.9,5.4,22006,468,3722
2204,314,4,20260912,10,34,False,0,0,0,0,0,0,0,0,0,0,0,0.0,0.0,0.0,0.0,4.9,837,0,326
2205,315,4,20260912,10,34,False,61,1,0,0,0,1,1,0,0,0,6,6.2,11.3,6.0,2.4,5.5,21628,1970,2434
2206,316,4,20260912,10,34,False,62,12,1,1,0,1,0,0,0,3,45,46.6,12.4,33.0,9.2,5.5,178755,26091,24353
2207,317,4,20260912,10,34,False,0,0,0,0,0,0,0,0,0,0,0,0.0,0.0,0.0,0.0,5.0,9936,0,2172
2208,318,4,20260912,10,34,False,28,1,0,0,0,1,0,0,0,0,6,3.4,0.8,9.0,1.3,5.4,8038,38,1341
2209,319,4,20260912,10,34,False,0,0,0,0,0,0,0,0,0,0,0,0.0,0.0,0.0,0.0,5.0,350,0,87
2210,320,4,20260912,10,34,False,0,0,0,0,0,0,0,0,0,0,0,0.0,0.0,0.0,0.0,5.0,129479,36471,19354
2211,321,4,20260912,10,34,False,0,0,0,0,0,0,0,0,0,0,0,0.0,0.0,0.0,0.0,4.5,372683,82088,57506
2212,322,4,20260912,10,34,False,0,0,0,0,0,0,0,0,0,0,0,0.0,0.0,0.0,0.0,5.0,6747,0,1678
2213,323,4,20260912,10,34,False,0,0,0,0,0,0,0,0,0,0,0,0.0,0.0,0.0,0.0,4.5,126703,7120,14291
2214,324,4,20260912,10,34,False,0,0,0,0,0,0,0,0,0,0,0,0.0,0.0,0.0,0.0,4.9,3735,90,546
2230,340,4,20260912,8,33,False,0,0,0,0,0,0,0,0,0,0,0,0.0,0.0,0.0,0.0,5.0,1173,185,163
2240,350,4,20260912,12,35,True,90,9,0,0,1,0,0,0,3,2,29,21.0,0.0,0.0,2.1,5.5,438381,45421,29829
2241,351,4,20260912,12,35,True,0,0,0,0,0,0,0,0,0,0,0,0.0,0.0,0.0,0.0,4.9,13938,513,1855
2242,352,4,20260912,12,35,True,0,0,0,0,0,0,0,0,0,0,0,0.0,0.0,0.0,0.0,4.0,111999,3509,6932
2243,353,4,20260912,12,35,True,0,0,0,0,0,0,0,0,0,0,0,0.0,0.0,0.0,0.0,4.0,2007,0,186
2244,354,4,20260912,12,35,True,0,0,0,0,0,0,0,0,0,0,0,0.0,0.0,0.0,0.0,4.0,1961,567,410
2245,355,4,20260912,12,35,True,0,0,0,0,0,0,0,0,0,0,0,0.0,0.0,0.0,0.0,4.0,16844,1195,1128
2246,356,4,20260912,12,35,True,90,8,0,0,1,0,0,0,0,0,25,25.8,12.8,0.0,3.9,6.5,1832589,79775,128080
2247,357,4,20260912,12,35,True,18,1,0,0,0,0,0,0,0,0,12,13.0,24.9,2.0,4.0,5.4,231759,4729,86611
2248,358,4,20260912,12,35,True,45,1,0,0,0,0,0,0,0,0,6,9.8,7.1,0.0,1.7,5.4,288013,12338,34462
2249,359,4,20260912,12,35,True,0,0,0,0,0,0,0,0,0,0,0,0.0,0.0,0.0,0.0,5.0,1392,74,211
2250,360,4,20260912,12,35,True,0,0,0,0,0,0,0,0,0,0,0,0.0,0.0,0.0,0.0,5.0,1010,67,161
2251,361,4,20260912,12,35,True,0,0,0,0,0,0,0,0,0,0,0,0.0,0.0,0.0,0.0,4.0,13224,832,1477
2252,362,4,20260912,12,35,True,90,9,0,0,1,0,0,0,0,3,36,20.2,3.3,0.0,2.4,5.0,298463,48593,32349
2253,363,4,20260912,12,35,True,0,0,0,0,0,0,0,0,0,0,0,0.0,0.0,0.0,0.0,4.0,3654,161,458
2254,364,4,20260912,12,35,True,45,1,0,0,0,0,0,0,0,0,2,2.8,1.6,0.0,0.4,4.9,7588,362,1296
2255,365,4,20260912,12,35,True,0,0,0,0,0,0,0,0,0,0,0,0.0,0.0,0.0,0.0,4.0,11136,0,2067
2256,366,4,20260912,12,35,True,90,3,0,0,1,0,0,0,0,0,14,7.6,31.8,12.0,5.1,7.4,837754,30578,230170
2257,367,4,20260912,12,35,True,30,1,0,0,0,0,0,0,0,0,3,0.8,1.3,7.0,0.9,7.2,1328735,670039,312532
2258,368,4,20260912,12,35,True,90,3,0,0,1,0,0,0,0,0,25,16.0,55.7,9.0,8.1,7.0,4135360,274640,516804
2259,369,4,20260912,12,35,True,18,1,0,0,0,0,0,0,0,0,-1,0.0,0.8,4.0,0.3,5.8,60213,3022,23413
2260,370,4,20260912,12,35,True,0,0,0,0,0,0,0,0,0,0,0,0.0,0.0,0.0,0.0,5.4,5591,14,1380
2261,371,4,20260912,12,35,True,59,1,0,0,0,0,0,0,0,0,13,19.6,11.4,2.0,3.3,5.9,140580,5155,38272
2262,372,4,20260912,12,35,True,30,1,0,0,0,0,0,0,0,0,7,9.2,22.4,4.0,3.6,5.4,145908,12996,20813
2263,373,4,20260912,12,35,True,0,0,0,0,0,0,0,0,0,0,0,0.0,0.0,0.0,0.0,5.5,2535,0,372
2264,374,4,20260912,12,35,True,0,0,0,0,0,0,0,0,0,0,0,0.0,0.0,0.0,0.0,4.9,6867,531,1099
2265,375,4,20260912,12,35,True,0,0,0,0,0,0,0,0,0,0,0,0.0,0.0,0.0,0.0,4.9,4195,427,712
2266,376,4,20260912,12,35,True,0,0,0,0,0,0,0,0,0,0,0,0.0,0.0,0.0,0.0,5.0,128,0,23
2267,377,4,20260912,12,35,True,59,1,0,0,0,0,0,0,0,0,5,3.4,1.4,37.0,4.2,6.5,130437,20664,30617
2268,378,4,20260912,12,35,True,0,0,0,0,0,0,0,0,0,0,0,0.0,0.0,0.0,0.0,4.5,23763,870,2614
2269,379,4,20260912,12,35,True,90,2,0,0,1,0,0,0,0,0,5,1.2,2.8,28.0,3.2,9.1,2626358,732640,109055
2270,380,4,20260912,12,35,True,0,0,0,0,0,0,0,0,0,0,0,0.0,0.0,0.0,0.0,7.4,11892,474,2041
2271,381,4,20260912,12,35,True,0,0,0,0,0,0,0,0,0,0,0,0.0,0.0,0.0,0.0,5.0,2699,155,318
2272,382,4,20260912,12,35,True,0,0,0,0,0,0,0,0,0,0,0,0.0,0.0,0.0,0.0,4.5,14211,7016,2430
2273,383,4,20260912,12,35,True,0,0,0,0,0,0,0,0,0,0,0,0.0,0.0,0.0,0.0,5.4,4155,0,1672
2291,401,4,20260912,11,37,True,76,2,0,0,1,0,0,0,0,0,9,3.2,11.6,14.0,2.9,7.0,250023,46956,40843
2293,403,4,20260912,11,37,True,90,3,0,0,1,0,0,0,0,0,22,20.8,53.7,28.0,10.3,6.5,75171,13225,13808
2342,452,4,20260912,29,36,False,45,7,1,0,0,0,0,0,0,1,29,35.4,3.9,11.0,5.0,6.8,181073,2351,37853
2345,455,4,20260912,11,37,True,90,3,0,0,1,0,0,0,0,0,16,12.2,30.7,6.0,4.9,5.4,265893,12899,44165
2357,467,4,20260912,3,31,False,90,3,0,0,0,1,0,0,5,0,19,35.0,0.0,0.0,3.5,5.0,147158,15113,12902
2358,468,4,20260912,3,31,False,0,0,0,0,0,0,0,0,0,0,0,0.0,0.0,0.0,0.0,4.5,6251,173,411
2359,469,4,20260912,3,31,False,90,2,0,0,0,1,0,0,0,0,9,8.8,19.9,10.0,3.9,5.0,864022,91886,84494
2360,470,4,20260912,3,31,False,0,0,0,0,0,0,0,0,0,0,0,0.0,0.0,0.0,0.0,5.0,2529,0,1122
2361,471,4,20260912,3,31,False,0,0,0,0,0,0,0,0,0,0,0,0.0,0.0,0.0,0.0,5.5,171183,9458,9804
2362,472,4,20260912,3,31,False,90,6,0,1,0,1,1,0,0,0,18,33.0,10.9,0.0,4.4,5.5,172739,15727,9859
2363,473,4,20260912,3,31,False,90,2,0,0,0,1,0,0,0,0,11,17.4,1.7,0.0,1.9,4.5,273323,8317,51323
2364,474,4,20260912,3,31,False,0,0,0,0,0,0,0,0,0,0,0,0.0,0.0,0.0,0.0,4.5,24942,8098,4213
2365,475,4,20260912,3,31,False,0,0,0,0,0,0,0,0,0,0,0,0.0,0.0,0.0,0.0,4.5,263,56,40
2366,476,4,20260912,3,31,False,0,0,0,0,0,0,0,0,0,0,0,0.0,0.0,0.0,0.0,4.0,23161,925,1756
2367,477,4,20260912,3,31,False,0,0,0,0,0,0,0,0,0,0,0,0.0,0.0,0.0,0.0,4.0,18185,0,4322
2368,478,4,20260912,3,31,False,0,0,0,0,0,0,0,0,0,0,0,0.0,0.0,0.0,0.0,4.5,3279,104,368
2369,479,4,20260912,3,31,False,0,0,0,0,0,0,0,0,0,0,0,0.0,0.0,0.0,0.0,4.0,13436,0,2375
2370,480,4,20260912,3,31,False,90,8,0,1,0,1,0,0,0,3,42,39.0,98.5,26.0,16.4,7.9,1011180,175102,148241
2372,482,4,20260912,3,31,False,0,0,0,0,0,0,0,0,0,0,0,0.0,0.0,0.0,0.0,5.9,17097,774,3360
2373,483,4,20260912,3,31,False,74,1,0,0,0,1,1,0,0,0,1,0.0,12.5,38.0,4.7,5.5,67800,9828,13030
2374,484,4,20260912,3,31,False,0,0,0,0,0,0,0,0,0,0,0,0.0,0.0,0.0,0.0,5.4,8921,0,2676
2375,485,4,20260912,3,31,False,0,0,0,0,0,0,0,0,0,0,0,0.0,0.0,0.0,0.0,5.5,638,0,145
2376,486,4,20260912,3,31,False,81,3,0,0,0,1,1,0,0,0,18,14.8,27.3,10.0,5.2,5.5,9321,1956,1410
2377,487,4,20260912,3,31,False,0,0,0,0,0,0,0,0,0,0,0,0.0,0.0,0.0,0.0,4.9,6666,312,881
2378,488,4,20260912,3,31,False,8,1,0,0,0,0,0,0,0,0,2,2.4,0.4,2.0,0.5,4.9,52561,2665,12118
2379,489,4,20260912,3,31,False,0,0,0,0,0,0,0,0,0,0,0,0.0,0.0,0.0,0.0,4.5,144588,7645,15993
2380,490,4,20260912,3,31,False,1,1,0,0,0,0,0,0,0,0,3,0.0,0.0,0.0,0.0,5.9,108335,4564,21994
2381,491,4,20260912,3,31,False,15,7,1,0,0,0,0,0,0,2,34,36.4,11.0,17.0,6.4,5.9,253573,12811,74220
2383,493,4,20260912,3,31,False,0,0,0,0,0,0,0,0,0,0,0,0.0,0.0,0.0,0.0,5.4,5715,1150,869
2384,494,4,20260912,11,37,True,0,0,0,0,0,0,0,0,0,0,0,0.0,0.0,0.0,0.0,4.5,16026,0,2498
2385,495,4,20260912,11,37,True,0,0,0,0,0,0,0,0,0,0,0,0.0,0.0,0.0,0.0,4.0,108986,8583,5585
2386,496,4,20260912,11,37,True,90,7,0,0,1,0,0,0,3,0,29,19.8,0.0,0.0,2.0,4.5,1930350,146399,230912
2387,497,4,20260912,11,37,True,0,0,0,0,0,0,0,0,0,0,0,0.0,0.0,0.0,0.0,4.0,1929614,144708,125163
2388,498,4,20260912,11,37,True,0,0,0,0,0,0,0,0,0,0,0,0.0,0.0,0.0,0.0,5.9,468891,4311,108946
2389,499,4,20260912,11,37,True,0,0,0,0,0,0,0,0,0,0,0,0.0,0.0,0.0,0.0,5.5,1130296,48477,129180
2390,500,4,20260912,11,37,True,0,0,0,0,0,0,0,0,0,0,0,0.0,0.0,0.0,0.0,5.0,10093,0,1362
2391,501,4,20260912,2,36,True,90,1,0,0,0,2,0,0,0,0,6,16.8,11.0,2.0,3.0,5.0,16781,1568,1747
2392,502,4,20260912,11,37,True,90,7,0,0,1,0,0,0,0,1,30,10.8,31.5,8.0,5.0,4.4,278552,5647,63320
2393,503,4,20260912,11,37,True,90,6,0,0,1,0,0,0,0,0,27,15.0,3.1,0.0,1.8,5.0,414668,33873,23753
2395,505,4,20260912,11,37,True,0,0,0,0,0,0,0,0,0,0,0,0.0,0.0,0.0,0.0,4.5,28187,0,5357
2396,506,4,20260912,11,37,True,0,0,0,0,0,0,0,0,0,0,0,0.0,0.0,0.0,0.0,4.5,41192,1478,4392
2397,507,4,20260912,11,37,True,0,0,0,0,0,0,0,0,0,0,0,0.0,0.0,0.0,0.0,4.5,1474,0,139
2398,508,4,20260912,11,37,True,0,0,0,0,0,0,0,0,0,0,0,0.0,0.0,0.0,0.0,4.0,93661,2570,8955
2399,509,4,20260912,11,37,True,0,0,0,0,0,0,0,0,0,0,0,0.0,0.0,0.0,0.0,4.0,6533,621,565
2400,510,4,20260912,11,37,True,0,0,0,0,0,0,0,0,0,0,0,0.0,0.0,0.0,0.0,4.0,9696,824,760
2401,511,4,20260912,11,37,True,0,0,0,0,0,0,0,0,0,0,0,0.0,0.0,0.0,0.0,4.0,20460,0,4759
2402,512,4,20260912,11,37,True,27,1,0,0,0,0,0,0,0,0,8,6.0,12.8,6.0,2.5,6.5,14250,3198,2653
2403,513,4,20260912,11,37,True,0,0,0,0,0,0,0,0,0,0,0,0.0,0.0,0.0,0.0,5.9,1311,86,194
2404,514,4,20260912,11,37,True,27,1,0,0,0,0,0,0,0,0,3,0.6,3.2,9.0,1.3,5.8,26160,1812,8382
2405,515,4,20260912,11,37,True,13,1,0,0,0,0,0,0,0,0,3,6.8,3.8,0.0,1.1,6.3,45874,447,13543
2406,516,4,20260912,11,37,True,62,3,0,0,1,0,0,0,0,0,15,22.6,7.9,0.0,3.1,5.5,18318,1225,1397
2407,517,4,20260912,11,37,True,0,0,0,0,0,0,0,0,0,0,0,0.0,0.0,0.0,0.0,5.5,143,36,18
2408,518,4,20260912,11,37,True,0,0,0,0,0,0,0,0,0,0,0,0.0,0.0,0.0,0.0,4.9,10250,0,4648
2409,519,4,20260912,11,37,True,0,0,0,0,0,0,0,0,0,0,0,0.0,0.0,0.0,0.0,5.4,21226,812,2556
2410,520,4,20260912,11,37,True,27,1,0,0,0,0,0,0,0,0,8,8.0,7.9,7.0,2.3,5.4,16379,319,1983
2411,521,4,20260912,11,37,True,0,0,0,0,0,0,0,0,0,0,0,0.0,0.0,0.0,0.0,6.5,894,81,154
2412,522,4,20260912,11,37,True,84,3,0,0,1,0,0,0,0,0,13,9.6,6.7,10.0,2.6,5.0,19703,876,3315
2413,523,4,20260912,11,37,True,0,0,0,0,0,0,0,0,0,0,0,0.0,0.0,0.0,0.0,5.0,8137,0,5490
2414,524,4,20260912,11,37,True,0,0,0,0,0,0,0,0,0,0,0,0.0,0.0,0.0,0.0,4.4,93913,13763,8087
2415,525,4,20260912,11,37,True,62,3,0,0,1,0,0,0,0,0,15,3.0,13.0,22.0,3.8,5.8,98672,1839,29808
2416,526,4,20260912,11,37,True,62,2,0,0,1,0,0,0,0,0,4,0.0,4.3,6.0,0.8,5.9,96682,5756,19815
2417,527,4,20260912,11,37,True,0,0,0,0,0,0,0,0,0,0,0,0.0,0.0,0.0,0.0,5.9,94527,0,69368
2418,528,4,20260912,11,37,True,0,0,0,0,0,0,0,0,0,0,0,0.0,0.0,0.0,0.0,4.5,142066,0,31099
2419,529,4,20260912,2,36,True,90,2,0,0,0,2,0,0,3,0,9,27.2,0.0,0.0,2.7,5.0,301456,2287,50248
2420,530,4,20260912,2,36,True,0,0,0,0,0,0,0,0,0,0,0,0.0,0.0,0.0,0.0,4.0,13568,0,986
2421,531,4,20260912,2,36,True,0,0,0,0,0,0,0,0,0,0,0,0.0,0.0,0.0,0.0,4.5,8559,235,726
2422,532,4,20260912,2,36,True,90,0,0,0,0,2,1,0,0,0,0,9.0,10.8,9.0,2.9,4.9,317274,7170,103276
2423,533,4,20260912,2,36,True,90,0,0,0,0,2,1,0,0,0,-5,10.4,4.9,46.0,6.1,5.5,227847,6912,28764
2424,534,4,20260912,2,36,True,0,0,0,0,0,0,0,0,0,0,0,0.0,0.0,0.0,0.0,4.4,392084,3636,153310
2425,535,4,20260912,2,36,True,0,0,0,0,0,0,0,0,0,0,0,0.0,0.0,0.0,0.0,4.9,29356,401,6756
2426,536,4,20260912,2,36,True,90,-2,0,0,0,2,0,1,0,0,-12,0.0,1.4,0.0,0.0,4.5,37836,780,5132
2427,537,4,20260912,2,36,True,0,0,0,0,0,0,0,0,0,0,0,0.0,0.0,0.0,0.0,4.5,612,0,100
2428,538,4,20260912,2,36,True,0,0,0,0,0,0,0,0,0,0,0,0.0,0.0,0.0,0.0,4.0,4107,0,403
2429,539,4,20260912,2,36,True,0,0,0,0,0,0,0,0,0,0,0,0.0,0.0,0.0,0.0,4.0,279659,2683,34037
2430,540,4,20260912,2,36,True,0,0,0,0,0,0,0,0,0,0,0,0.0,0.0,0.0,0.0,4.0,15823,0,1719
2431,541,4,20260912,2,36,True,75,2,0,0,0,1,0,0,0,0,5,5.8,1.8,15.0,2.3,4.5,29243,781,2566
2432,542,4,20260912,2,36,True,90,0,0,0,0,2,0,0,0,0,6,6.8,29.7,26.0,6.3,5.8,448859,9125,146558
2433,543,4,20260912,2,36,True,0,0,0,0,0,0,0,0,0,0,0,0.0,0.0,0.0,0.0,5.4,3263,27,1528
2434,544,4,20260912,2,36,True,90,1,0,0,0,2,1,0,0,0,19,14.6,44.0,0.0,5.9,5.5,442948,23504,61283
2435,545,4,20260912,2,36,True,90,2,0,0,0,2,0,0,0,0,11,11.0,1.3,1.0,1.3,4.9,26156,1090,4909
2436,546,4,20260912,2,36,True,0,0,0,0,0,0,0,0,0,0,0,0.0,0.0,0.0,0.0,4.9,3324,0,1088
2437,547,4,20260912,2,36,True,0,0,0,0,0,0,0,0,0,0,0,0.0,0.0,0.0,0.0,4.9,691,53,199
2438,548,4,20260912,2,36,True,0,0,0,0,0,0,0,0,0,0,0,0.0,0.0,0.0,0.0,4.9,5378,130,634
2439,549,4,20260912,2,36,True,0,0,0,0,0,0,0,0,0,0,0,0.0,0.0,0.0,0.0,5.4,15167,214,2552
2440,550,4,20260912,2,36,True,0,0,0,0,0,0,0,0,0,0,0,0.0,0.0,0.0,0.0,5.0,630,79,91
2441,551,4,20260912,2,36,True,69,2,0,0,0,1,0,0,0,0,7,2.2,0.9,2.0,0.5,5.0,14020,1450,3150
2442,552,4,20260912,2,36,True,90,1,0,0,0,2,1,0,0,0,4,0.0,11.5,14.0,2.4,5.8,701070,13895,260381
2443,553,4,20260912,2,36,True,20,1,0,0,0,1,0,0,0,0,1,1.2,0.1,0.0,0.1,5.5,163059,47557,22245
2444,554,4,20260912,10,34,False,0,0,0,0,0,0,0,0,0,0,0,0.0,0.0,0.0,0.0,4.5,2101,0,302
2445,555,4,20260912,15,34,True,0,0,0,0,0,0,0,0,0,0,0,0.0,0.0,0.0,0.0,4.0,187175,5212,7749
2446,556,4,20260912,8,33,False,0,0,0,0,0,0,0,0,0,0,0,0.0,0.0,0.0,0.0,4.0,203969,5238,19245
2447,557,4,20260912,29,36,False,80,3,0,0,1,0,0,0,0,0,10,3.8,7.3,2.0,1.3,6.4,1659753,82691,411246
2448,558,4,20260912,3,31,False,90,3,0,0,0,1,1,0,0,0,18,21.8,15.2,17.0,5.4,5.0,10277,1040,1264
2450,560,4,20260912,14,33,True,0,0,0,0,0,0,0,0,0,0,0,0.0,0.0,0.0,0.0,4.4,6637,321,803
2451,561,4,20260912,14,33,True,0,0,0,0,0,0,0,0,0,0,0,0.0,0.0,0.0,0.0,4.5,2091,222,212
2452,562,4,20260912,10,34,False,27,1,0,0,0,1,0,0,0,0,1,0.0,2.3,0.0,0.0,5.4,29173,861,4518
2453,563,4,20260912,8,33,False,0,0,0,0,0,0,0,0,0,0,0,0.0,0.0,0.0,0.0,5.0,2165,141,510
2454,564,4,20260912,10,34,False,90,1,0,0,0,2,0,0,2,0,6,15.0,0.0,0.0,1.5,4.5,63943,5936,5606
2455,565,4,20260912,1,32,False,90,4,0,0,0,2,0,0,0,0,19,18.2,9.4,0.0,2.8,5.7,1351673,106889,314571
2456,566,4,20260912,4,32,True,90,3,0,0,0,2,0,0,0,0,-2,18.0,5.3,11.0,3.4,5.0,44292,5703,6002
2458,568,4,20260912,14,33,True,21,0,0,0,0,0,1,0,0,0,7,1.6,2.9,2.0,0.7,5.5,13757,863,1454
2459,569,4,20260912,18,35,False,76,2,0,0,1,0,0,0,0,0,5,4.4,10.9,10.0,2.5,6.0,405535,38609,108825
2460,570,4,20260912,18,35,False,0,0,0,0,0,0,0,0,0,0,0,0.0,0.0,0.0,0.0,5.5,18348,1449,2132
2461,571,4,20260912,10,34,False,13,1,0,0,0,0,0,0,0,0,8,9.0,21.3,2.0,3.2,4.9,9156,327,1233
2462,572,4,20260912,8,33,False,90,2,0,0,0,2,0,0,5,0,15,29.4,0.0,0.0,2.9,4.6,1074132,238858,67748
2463,573,4,20260912,4,32,True,0,0,0,0,0,0,0,0,0,0,0,0.0,0.0,0.0,0.0,4.5,18893,285,1607
2464,574,4,20260912,8,33,False,0,0,0,0,0,0,0,0,0,0,0,0.0,0.0,0.0,0.0,4.9,6454,444,865
2466,576,4,20260912,8,33,False,59,1,0,0,0,1,0,0,0,0,3,0.0,1.8,1.0,0.2,5.0,8779,621,1031
2467,577,4,20260912,15,34,True,53,0,0,0,0,2,0,0,0,0,6,10.2,1.3,4.0,1.6,4.5,31339,625,3199
2468,578,4,20260912,11,37,True,0,0,0,0,0,0,0,0,0,0,0,0.0,0.0,0.0,0.0,5.4,6691,1620,2290
2469,579,4,20260912,12,35,True,71,6,0,0,1,0,0,0,0,0,24,9.8,1.8,2.0,1.4,5.4,292366,59861,17887
2470,580,4,20260912,18,35,False,90,5,0,0,1,0,0,0,0,0,19,29.0,3.4,0.0,3.2,5.0,7397,295,931
2471,581,4,20260912,3,31,False,90,4,0,0,0,1,0,0,0,0,10,24.6,0.4,11.0,3.6,5.4,56566,1486,8041
2472,582,4,20260912,25,31,True,0,0,0,0,0,0,0,0,0,0,0,0.0,0.0,0.0,0.0,5.5,26815,357,5846
2473,583,4,20260912,14,33,True,45,1,0,0,0,0,0,0,0,0,4,2.0,1.7,2.0,0.6,4.9,16748,686,2297
2475,585,4,20260912,8,33,False,31,1,0,0,0,1,0,0,0,0,-1,1.6,0.4,0.0,0.2,4.0,62794,2136,4592
2476,586,4,20260912,8,33,False,58,1,0,0,0,1,0,0,0,0,3,12.6,0.2,0.0,1.3,4.1,895270,316492,70463
2478,588,4,20260912,15,34,True,90,7,1,0,0,3,0,0,0,0,4,40.4,16.0,31.0,8.7,5.0,41054,22369,5347
2479,589,4,20260912,8,33,False,0,0,0,0,0,0,0,0,0,0,0,0.0,0.0,0.0,0.0,5.0,2686,172,283
2480,590,4,20260912,3,31,False,0,0,0,0,0,0,0,0,0,0,0,0.0,0.0,0.0,0.0,4.5,7551,543,623
2481,591,4,20260912,10,34,False,90,2,0,0,0,2,0,0,0,0,7,2.2,13.8,13.0,2.9,5.5,96833,28533,15556
2482,592,4,20260912,10,34,False,2,1,0,0,0,0,0,0,0,0,5,2.2,0.2,0.0,0.2,4.0,97893,3046,5631
2485,595,4,20260912,15,34,True,6,1,0,0,0,1,0,0,0,0,3,0.0,0.3,0.0,0.0,5.0,1406,110,198
2486,596,4,20260912,25,31,True,0,0,0,0,0,0,0,0,0,0,0,0.0,0.0,0.0,0.0,4.5,9485,272,1265
2487,597,4,20260912,25,31,True,90,2,0,0,0,2,0,0,5,0,17,38.6,0.0,0.0,3.9,5.0,206678,83655,19004
2491,601,4,20260912,11,37,True,0,0,0,0,0,0,0,0,0,0,0,0.0,0.0,0.0,0.0,4.5,14941,2324,1921
2492,602,4,20260912,10,34,False,0,0,0,0,0,0,0,0,0,0,0,0.0,0.0,0.0,0.0,4.5,2961,0,968
2496,606,4,20260912,25,31,True,0,0,0,0,0,0,0,0,0,0,0,0.0,0.0,0.0,0.0,4.0,18103,2914,1727
2497,607,4,20260912,25,31,True,0,0,0,0,0,0,0,0,0,0,0,0.0,0.0,0.0,0.0,4.5,8828,0,2922
2498,608,4,20260912,4,32,True,0,0,0,0,0,0,0,0,0,0,0,0.0,0.0,0.0,0.0,5.0,11375,3390,1888
2500,610,4,20260912,18,35,False,0,0,0,0,0,0,0,0,0,0,0,0.0,0.0,0.0,0.0,4.0,9207,515,1265
2501,611,4,20260912,25,31,True,90,3,0,0,0,2,0,0,0,0,11,26.0,13.3,0.0,3.9,4.5,19667,4076,2234
2502,612,4,20260912,2,36,True,0,0,0,0,0,0,0,0,0,0,0,0.0,0.0,0.0,0.0,4.5,710,187,203
2503,613,4,20260912,2,36,True,0,0,0,0,0,0,0,0,0,0,0,0.0,0.0,0.0,0.0,4.5,29307,6933,4383
2505,615,4,20260912,4,32,True,0,0,0,0,0,0,0,0,0,0,0,0.0,0.0,0.0,0.0,4.5,3698,755,526
2507,617,4,20260912,8,33,False,30,1,0,0,0,1,0,0,0,0,3,7.2,18.5,21.0,4.7,5.0,1116,339,192
2508,618,4,20260912,25,31,True,0,0,0,0,0,0,0,0,0,0,0,0.0,0.0,0.0,0.0,6.0,4178,901,2102
2509,619,4,20260912,10,34,False,90,4,0,0,0,2,0,0,0,0,14,18.0,5.9,2.0,2.6,5.0,3376,2317,909
2510,620,4,20260912,1,32,False,30,1,0,0,0,0,0,0,0,0,4,3.4,1.0,0.0,0.4,4.5,10030,1940,1971
2516,626,4,20260912,18,35,False,0,0,0,0,0,0,0,0,0,0,0,0.0,0.0,0.0,0.0,4.5,39436,11161,6526
2517,627,4,20260912,12,35,True,71,3,0,0,1,0,0,0,0,0,9,5.6,13.6,8.0,2.7,8.0,238639,116804,45863
2520,630,4,20260912,25,31,True,0,0,0,0,0,0,0,0,0,0,0,0.0,0.0,0.0,0.0,4.5,1586,653,265
2521,631,4,20260912,25,31,True,27,1,0,0,0,1,0,0,0,0,6,9.0,15.2,19.0,4.3,6.0,5917,2787,1580
2522,632,4,20260912,8,33,False,0,0,0,0,0,0,0,0,0,0,0,0.0,0.0,0.0,0.0,5.0,4222,2674,1552
2523,633,4,20260912,15,34,True,90,3,0,0,0,3,0,0,0,0,10,24.6,11.9,4.0,4.1,4.5,1153,848,180
2525,635,4,20260912,18,35,False,13,1,0,0,0,0,0,0,0,0,3,0.0,0.5,0.0,0.1,5.0,614,266,81
2526,636,4,20260912,18,35,False,0,0,0,0,0,0,0,0,0,0,0,0.0,0.0,0.0,0.0,5.0,306,133,54
2527,637,4,20260912,8,33,False,8,1,0,0,0,0,0,0,0,0,3,0.0,0.5,0.0,0.0,5.0,5168,3312,901
2528,638,4,20260912,8,33,False,8,0,0,0,0,0,1,0,0,0,0,0.0,0.3,7.0,0.7,4.0,34986,14148,3476
2530,640,4,20260912,10,34,False,27,5,1,0,0,1,0,0,0,0,32,35.0,1.3,44.0,8.0,5.5,4207,2524,689
2532,642,4,20260912,8,33,False,30,1,0,0,0,1,0,0,0,0,6,5.6,14.8,4.0,2.4,5.5,1526,883,277
2533,643,4,20260912,15,34,True,13,1,0,0,0,1,0,0,0,0,1,0.2,3.5,4.0,0.8,4.5,62478,38522,5669
2534,644,4,20260912,15,34,True,90,4,0,0,0,3,0,0,0,0,24,25.2,4.9,27.0,5.7,5.0,2570,1757,464
2535,645,4,20260912,8,33,False,0,0,0,0,0,0,0,0,0,0,0,0.0,0.0,0.0,0.0,5.0,598,270,90
2536,646,4,20260912,2,36,True,14,1,0,0,0,1,0,0,0,0,2,0.0,0.8,6.0,0.6,5.5,3125,1193,557
2537,647,4,20260912,15,34,True,0,0,0,0,0,0,0,0,0,0,0,0.0,0.0,0.0,0.0,5.5,903,378,115
2539,649,4,20260912,31,37,False,74,6,0,0,1,0,0,0,0,0,23,10.0,12.0,1.0,2.3,4.5,30581,18405,3702
2540,650,4,20260912,18,35,False,90,8,0,0,1,0,0,0,0,0,23,18.6,3.3,0.0,2.2,4.5,573,274,102
2541,651,4,20260912,2,36,True,0,0,0,0,0,0,0,0,0,0,0,0.0,0.0,0.0,0.0,4.5,53783,32385,9536
2544,654,4,20260912,31,37,False,0,0,0,0,0,0,0,0,0,0,0,0.0,0.0,0.0,0.0,4.5,17369,9461,2061
2547,657,4,20260912,1,32,False,0,0,0,0,0,0,0,0,0,0,0,0.0,0.0,0.0,0.0,4.5,0,0,0
