match_id,season_id,date_id,home_team_id,away_team_id,referee_id,kickoff_time,ft_home_goals,ft_away_goals,ft_result,ht_home_goals,ht_away_goals,ht_result,home_shots,away_shots,home_shots_on_target,away_shots_on_target,home_fouls,away_fouls,home_corners,away_corners,home_yellows,away_yellows,home_reds,away_reds,home_points,away_points,total_goals,goal_difference
1,1,20150808,1,3,26,,0,1,A,0,0,D,11,7,2,3,13,13,6,3,3,4,0,0,0,3,1,-1
2,1,20150808,8,30,30,,2,2,D,2,1,H,11,18,3,10,15,16,4,8,1,3,1,0,1,1,4,0
3,1,20150808,11,32,29,,2,2,D,0,1,A,10,11,5,5,7,13,8,2,1,2,0,0,1,1,4,0
4,1,20150808,17,29,22,,4,2,H,3,0,H,19,10,8,5,13,17,6,3,2,4,0,0,3,0,6,2
5,1,20150808,21,31,17,,1,0,H,1,0,H,9,9,1,4,12,12,1,2,2,3,0,0,3,0,1,1
6,1,20150808,24,10,44,,1,3,A,0,1,A,17,11,6,7,14,20,1,4,1,0,0,0,0,3,4,-2
7,1,20150809,2,34,25,,0,2,A,0,1,A,22,8,6,4,12,9,5,4,1,3,0,0,0,3,2,-2
8,1,20150809,23,27,8,,2,2,D,1,1,D,9,15,4,5,9,12,6,6,2,4,0,0,1,1,4,0
9,1,20150809,28,18,6,,0,1,A,0,0,D,7,8,1,3,9,16,3,5,2,4,0,0,0,3,1,-1
10,1,20150810,33,20,27,,0,3,A,0,2,A,9,19,2,7,12,9,6,6,4,1,0,0,0,3,3,-3
11,1,20150814,3,21,27,,0,1,A,0,1,A,5,9,1,2,14,10,3,5,2,2,0,0,0,3,1,-1
12,1,20150815,27,11,30,,0,3,A,0,2,A,17,10,4,4,11,10,9,9,4,2,0,0,0,3,3,-3
13,1,20150815,29,24,19,,1,3,A,0,2,A,6,19,2,6,7,7,6,6,1,2,0,0,0,3,4,-2
14,1,20150815,30,23,29,,2,0,H,1,0,H,19,4,6,2,11,8,4,4,2,1,0,1,3,0,2,2
15,1,20150815,31,28,39,,2,2,D,2,0,H,13,16,7,7,15,11,4,3,2,2,0,0,1,1,4,0
16,1,20150815,32,33,36,,0,0,D,0,0,D,16,6,5,0,13,10,2,4,1,2,0,0,1,1,0,0
17,1,20150815,34,17,6,,1,2,A,0,2,A,10,11,3,6,11,12,8,4,1,3,1,0,0,3,3,-1
18,1,20150816,10,2,22,,1,2,A,1,1,D,11,20,4,7,14,12,6,6,1,1,0,0,0,3,3,-1
19,1,20150816,20,8,25,,3,0,H,1,0,H,18,10,8,3,19,13,5,1,4,2,0,0,3,0,3,3
20,1,20150817,18,1,8,,1,0,H,1,0,H,18,13,2,2,11,18,6,8,1,4,0,0,3,0,1,1
21,1,20150822,10,3,21,,2,1,H,0,0,D,16,11,6,2,12,15,6,4,3,3,0,0,3,0,3,1
22,1,20150822,17,31,25,,1,1,D,0,0,D,13,19,2,6,7,14,2,7,1,4,0,0,1,1,2,0
23,1,20150822,21,23,8,,0,0,D,0,0,D,20,7,8,0,15,11,11,5,2,2,0,0,1,1,0,0
24,1,20150822,24,28,27,,1,1,D,1,1,D,21,6,7,1,16,5,9,0,4,1,0,0,1,1,2,0
25,1,20150822,29,30,32,,1,1,D,0,1,A,10,20,2,9,16,9,3,4,4,2,0,0,1,1,2,0
26,1,20150822,34,1,17,,3,4,A,0,2,A,10,15,4,7,8,11,5,4,0,0,1,0,0,3,7,-1
27,1,20150823,11,20,6,,0,2,A,0,0,D,10,16,1,9,5,7,8,7,0,3,0,0,0,3,2,-2
28,1,20150823,32,27,4,,0,0,D,0,0,D,13,14,0,5,10,11,5,2,0,2,0,0,1,1,0,0
29,1,20150823,33,8,26,,2,3,A,1,3,A,15,15,6,5,9,12,8,7,2,1,0,1,0,3,5,-1
30,1,20150824,2,18,30,,0,0,D,0,0,D,19,15,5,8,2,13,7,8,1,4,0,0,1,1,0,0
31,1,20150829,1,17,32,,1,1,D,1,0,H,5,4,2,2,9,19,4,4,2,4,0,0,1,1,2,0
32,1,20150829,3,29,39,,2,2,D,2,1,H,21,7,6,3,10,14,5,4,2,1,0,0,1,1,4,0
33,1,20150829,8,10,8,,1,2,A,0,0,D,26,13,9,6,9,15,7,7,1,1,0,0,0,3,3,-1
34,1,20150829,18,34,19,,0,3,A,0,2,A,13,12,1,5,17,11,5,7,3,1,1,1,0,3,3,-3
35,1,20150829,20,32,26,,2,0,H,0,0,D,18,7,5,0,9,12,9,3,1,2,0,0,3,0,2,2
36,1,20150829,23,2,4,,0,1,A,0,0,D,1,22,0,9,15,8,0,9,6,1,1,0,0,3,1,-1
37,1,20150829,28,33,30,,0,1,A,0,1,A,13,15,5,5,4,9,6,5,1,4,2,0,0,3,1,-1
38,1,20150829,31,11,29,,0,0,D,0,0,D,20,8,6,3,20,9,6,2,4,1,0,0,1,1,0,0
39,1,20150830,27,24,17,,3,0,H,1,0,H,23,6,8,1,4,12,6,4,0,0,0,1,3,0,3,3
40,1,20150830,30,21,25,,2,1,H,0,0,D,9,11,4,4,6,15,0,1,2,2,0,0,3,0,3,1
41,1,20150912,2,28,17,,2,0,H,1,0,H,29,9,12,4,6,13,13,1,1,1,0,0,3,0,2,2
42,1,20150912,10,20,29,,0,1,A,0,0,D,10,21,2,7,13,13,4,4,2,3,0,0,0,3,1,-1
43,1,20150912,11,8,4,,3,1,H,2,1,H,14,15,9,2,12,12,7,14,2,2,0,0,3,0,4,2
44,1,20150912,21,18,30,,3,1,H,0,0,D,9,8,3,4,6,11,4,4,1,2,0,0,3,0,4,2
45,1,20150912,24,1,25,,3,1,H,1,0,H,12,7,4,2,10,11,4,4,2,3,0,0,3,0,4,2
46,1,20150912,32,30,39,,1,0,H,0,0,D,17,8,6,3,11,14,1,3,1,1,1,0,3,0,1,1
47,1,20150912,33,27,42,,0,0,D,0,0,D,8,14,1,4,5,5,4,5,1,0,0,0,1,1,0,0
48,1,20150913,17,3,27,,3,2,H,0,1,A,21,11,6,4,8,13,4,5,2,1,0,0,3,0,5,1
49,1,20150913,29,31,8,,0,1,A,0,0,D,12,15,2,4,11,12,6,8,2,1,0,0,0,3,1,-1
50,1,20150914,34,23,6,,2,0,H,1,0,H,17,14,3,4,8,11,6,7,0,2,0,0,3,0,2,2
51,1,20150919,1,29,19,,2,0,H,2,0,H,15,9,5,2,14,15,7,3,2,4,0,1,3,0,2,2
52,1,20150919,3,33,25,,0,1,A,0,1,A,13,11,3,6,10,11,2,7,2,3,0,0,0,3,1,-1
53,1,20150919,8,2,27,,2,0,H,0,0,D,22,9,7,2,12,11,5,5,3,1,0,2,3,0,2,2
54,1,20150919,20,34,39,,1,2,A,1,2,A,27,6,8,3,10,7,16,3,1,2,0,0,0,3,3,-1
55,1,20150919,23,32,37,,1,2,A,0,2,A,15,13,5,4,8,12,5,5,1,2,0,0,0,3,3,-1
56,1,20150919,28,17,4,,2,2,D,2,0,H,11,12,4,5,7,12,3,4,1,4,0,0,1,1,4,0
57,1,20150919,30,11,42,,0,0,D,0,0,D,12,17,3,2,12,11,2,4,2,2,0,1,1,1,0,0
58,1,20150920,18,24,6,,1,1,D,0,0,D,23,7,7,2,4,13,6,2,1,2,0,0,1,1,2,0
59,1,20150920,27,21,26,,2,3,A,1,1,D,15,10,8,3,6,13,5,5,2,0,0,0,0,3,5,-1
60,1,20150920,31,10,30,,1,0,H,0,0,D,22,12,6,4,9,11,6,5,1,2,0,0,3,0,1,1
61,1,20150926,17,2,8,,2,5,A,1,2,A,16,26,7,12,9,12,6,5,1,1,0,0,0,3,7,-3
62,1,20150926,18,3,17,,3,2,H,1,0,H,21,10,12,4,8,13,11,1,0,0,0,0,3,0,5,1
63,1,20150926,21,29,29,,3,0,H,1,0,H,12,9,7,4,12,17,5,2,0,3,0,0,3,0,3,3
64,1,20150926,23,8,25,,2,2,D,1,0,H,11,16,5,4,12,15,4,6,1,2,0,0,1,1,4,0
65,1,20150926,27,30,37,,3,1,H,1,0,H,18,11,7,4,18,14,4,3,3,1,0,0,3,0,4,2
66,1,20150926,28,1,22,,2,1,H,1,0,H,8,11,5,6,13,11,3,7,1,0,0,0,3,0,3,1
67,1,20150926,31,20,26,,4,1,H,1,1,D,15,22,8,8,17,6,5,9,5,1,0,0,3,0,5,3
68,1,20150926,34,24,27,,2,2,D,1,1,D,19,16,7,7,7,17,7,5,0,0,0,0,1,1,4,0
69,1,20150927,32,10,6,,0,1,A,0,0,D,15,16,2,3,17,22,6,4,4,4,0,0,0,3,1,-1
70,1,20150928,33,11,39,,2,3,A,1,0,H,9,12,4,4,9,8,6,4,0,3,0,0,0,3,5,-1
71,1,20151003,1,32,30,,1,1,D,1,1,D,12,11,6,2,8,13,5,3,1,1,0,0,1,1,2,0
72,1,20151003,3,28,29,,0,1,A,0,0,D,13,12,2,5,12,12,9,5,1,0,0,0,0,3,1,-1
73,1,20151003,8,27,39,,1,3,A,1,1,D,10,13,3,5,14,14,4,6,2,5,0,0,0,3,4,-2
74,1,20151003,10,33,17,,2,0,H,0,0,D,21,7,8,2,14,13,8,3,3,3,0,0,3,0,2,2
75,1,20151003,20,23,19,,6,1,H,1,1,D,23,6,11,4,13,8,6,3,3,1,0,0,3,0,7,5
76,1,20151003,24,17,26,,1,2,A,0,1,A,17,16,2,5,4,4,16,8,0,1,0,0,0,3,3,-1
77,1,20151003,29,34,32,,2,2,D,2,1,H,12,20,3,6,14,11,1,8,2,4,1,0,1,1,4,0
78,1,20151004,2,21,6,,3,0,H,3,0,H,12,9,5,5,8,17,3,6,1,3,0,0,3,0,3,3
79,1,20151004,11,18,25,,1,1,D,1,1,D,14,13,4,4,10,19,5,11,3,3,0,0,1,1,2,0
80,1,20151004,30,31,27,,2,2,D,2,1,H,11,19,2,11,8,19,5,6,1,4,0,0,1,1,4,0
81,1,20151017,8,3,37,,2,0,H,1,0,H,9,8,3,1,22,17,4,4,1,3,0,0,3,0,2,2
82,1,20151017,10,34,26,,1,3,A,1,1,D,6,24,1,4,9,11,1,9,1,3,1,0,0,3,4,-2
83,1,20151017,11,21,17,,0,3,A,0,2,A,12,10,3,7,12,14,5,3,2,2,0,0,0,3,3,-3
84,1,20151017,20,1,27,,5,1,H,4,1,H,15,5,11,1,11,5,1,7,2,1,0,0,3,0,6,4
85,1,20151017,27,17,36,,2,2,D,2,0,H,14,26,6,7,16,10,6,7,2,0,0,0,1,1,4,0
86,1,20151017,31,18,8,,0,0,D,0,0,D,13,12,4,3,15,11,8,6,1,2,0,0,1,1,0,0
87,1,20151017,32,2,29,,0,3,A,0,0,D,8,17,1,6,11,12,3,9,2,1,0,0,0,3,3,-3
88,1,20151017,33,29,25,,1,0,H,0,0,D,8,9,1,2,12,13,1,5,2,2,0,0,3,0,1,1
89,1,20151018,23,24,6,,6,2,H,3,2,H,11,18,6,6,10,10,3,7,1,1,0,0,3,0,8,4
90,1,20151019,30,28,39,,0,1,A,0,1,A,14,9,2,2,6,14,1,2,2,2,0,0,0,3,1,-1
91,1,20151024,2,11,22,,2,1,H,2,1,H,20,10,5,5,11,14,7,5,2,0,0,1,3,0,3,1
92,1,20151024,3,30,32,,1,2,A,0,0,D,9,11,3,4,10,8,4,6,2,3,0,0,0,3,3,-1
93,1,20151024,17,10,27,,1,0,H,0,0,D,12,9,3,4,7,11,3,2,3,1,0,0,3,0,1,1
94,1,20151024,24,33,19,,0,1,A,0,0,D,16,7,3,4,11,6,13,3,1,2,0,0,0,3,1,-1
95,1,20151024,28,32,25,,0,2,A,0,1,A,12,13,1,3,10,18,11,5,3,1,0,0,0,3,2,-2
96,1,20151024,34,8,17,,2,1,H,1,0,H,12,8,5,4,10,12,7,4,1,5,0,1,3,0,3,1
97,1,20151025,1,31,37,,1,5,A,1,3,A,11,14,3,9,8,15,4,5,0,1,0,0,0,3,6,-4
98,1,20151025,18,27,4,,1,1,D,0,0,D,15,8,2,3,8,11,10,7,1,0,0,1,1,1,2,0
99,1,20151025,21,20,26,,0,0,D,0,0,D,6,6,1,1,17,13,6,4,2,2,0,0,1,1,0,0
100,1,20151025,29,23,39,,3,0,H,1,0,H,9,21,3,8,12,10,1,10,0,2,0,1,3,0,3,3
101,1,20151031,8,18,26,,1,3,A,1,1,D,8,16,2,7,9,21,1,7,1,4,0,0,0,3,4,-2
102,1,20151031,10,21,29,,0,0,D,0,0,D,10,5,5,1,12,15,7,3,3,3,0,0,1,1,0,0
103,1,20151031,20,24,39,,2,1,H,0,0,D,21,5,5,3,4,13,12,4,2,2,0,1,3,0,3,1
104,1,20151031,23,28,37,,0,0,D,0,0,D,15,9,6,2,6,16,11,4,1,3,0,0,1,1,0,0
105,1,20151031,30,2,19,,0,3,A,0,0,D,8,15,3,5,12,7,4,4,2,0,0,0,0,3,3,-3
106,1,20151031,32,34,21,,2,0,H,1,0,H,20,8,5,3,16,12,7,2,3,0,0,1,3,0,2,2
107,1,20151031,33,17,6,,2,3,A,1,0,H,14,13,6,5,3,11,6,4,0,2,0,0,0,3,5,-1
108,1,20151101,11,29,4,,6,2,H,2,1,H,15,17,8,9,6,5,6,1,3,2,0,0,3,0,8,4
109,1,20151101,27,1,8,,2,0,H,2,0,H,11,16,2,2,5,5,4,6,0,2,1,0,3,0,2,2
110,1,20151102,31,3,27,,3,1,H,2,0,H,17,13,6,2,6,15,4,3,0,3,0,0,3,0,4,2
111,1,20151107,1,23,22,,0,1,A,0,1,A,20,2,5,1,9,11,16,0,2,2,0,0,0,3,1,-1
112,1,20151107,17,32,37,,2,1,H,0,0,D,12,8,6,4,10,10,4,2,0,1,0,0,3,0,3,1
113,1,20151107,21,33,27,,2,0,H,0,0,D,13,4,3,0,11,10,5,1,1,3,0,1,3,0,2,2
114,1,20151107,24,30,26,,1,0,H,0,0,D,9,8,5,0,12,7,5,2,1,0,0,0,3,0,1,1
115,1,20151107,28,8,6,,1,0,H,0,0,D,8,19,2,4,13,10,1,9,3,1,0,0,3,0,1,1
116,1,20151107,29,27,29,,0,1,A,0,0,D,9,11,3,4,3,7,10,11,1,3,0,0,0,3,1,-1
117,1,20151107,34,11,36,,1,1,D,1,1,D,16,13,5,4,11,12,3,5,1,2,0,0,1,1,2,0
118,1,20151108,2,31,25,,1,1,D,0,1,A,10,14,4,4,12,17,7,6,0,1,0,0,1,1,2,0
119,1,20151108,3,20,8,,0,0,D,0,0,D,3,13,0,3,7,7,3,8,1,1,0,0,1,1,0,0
120,1,20151108,18,10,32,,1,2,A,1,1,D,22,9,4,4,7,6,14,6,1,2,0,0,0,3,3,-1
121,1,20151121,8,24,8,,1,0,H,0,0,D,21,4,7,2,4,12,6,5,1,4,0,0,3,0,1,1
122,1,20151121,11,3,30,,4,0,H,3,0,H,16,10,9,3,6,9,2,3,0,0,0,0,3,0,4,4
123,1,20151121,20,18,17,,1,4,A,1,3,A,11,14,3,9,5,13,11,5,0,3,0,0,0,3,5,-3
124,1,20151121,23,17,29,,0,3,A,0,1,A,9,18,1,7,9,12,4,9,4,1,0,0,0,3,3,-3
125,1,20151121,27,28,22,,0,1,A,0,1,A,16,16,1,4,8,8,7,3,2,0,0,0,0,3,1,-1
126,1,20151121,30,1,4,,2,2,D,2,2,D,11,16,4,4,7,9,4,5,3,2,0,0,1,1,4,0
127,1,20151121,32,21,39,,1,2,A,0,1,A,10,13,5,6,6,12,4,10,1,2,0,0,0,3,3,-1
128,1,20151121,33,2,26,,2,1,H,2,1,H,4,11,1,3,14,10,3,5,3,2,0,0,3,0,3,1
129,1,20151122,31,34,6,,4,1,H,2,0,H,22,10,12,4,13,9,7,6,2,2,0,0,3,0,5,3
130,1,20151123,10,29,25,,0,1,A,0,0,D,19,12,7,4,18,11,11,2,1,3,0,0,0,3,1,-1
131,1,20151128,1,11,19,,3,3,D,0,2,A,19,11,10,6,6,6,10,5,2,0,0,0,1,1,6,0
132,1,20151128,3,32,22,,2,3,A,1,1,D,12,14,6,6,6,13,10,10,2,3,0,0,0,3,5,-1
133,1,20151128,10,23,42,,5,1,H,3,1,H,19,7,8,2,7,13,7,5,1,1,0,0,3,0,6,4
134,1,20151128,17,21,8,,1,1,D,1,1,D,7,10,3,2,5,7,1,8,0,1,0,0,1,1,2,0
135,1,20151128,20,27,37,,3,1,H,2,0,H,16,12,9,8,14,11,6,4,2,1,0,0,3,0,4,2
136,1,20151128,29,28,27,,2,0,H,0,0,D,18,7,5,3,4,10,9,5,0,2,0,1,3,0,2,2
137,1,20151129,18,30,6,,1,0,H,0,0,D,10,8,2,0,12,6,8,7,3,1,0,0,3,0,1,1
138,1,20151129,24,2,17,,1,1,D,1,1,D,7,12,2,3,8,6,3,6,1,1,0,0,1,1,2,0
139,1,20151129,31,8,30,,0,0,D,0,0,D,9,5,4,1,14,9,4,4,4,2,0,0,1,1,0,0
140,1,20151129,34,33,25,,1,1,D,1,0,H,17,7,6,3,15,16,5,2,0,2,0,0,1,1,2,0
141,1,20151205,2,29,39,,3,1,H,1,1,D,16,11,7,4,7,11,3,2,1,1,0,0,3,0,4,2
142,1,20151205,8,1,29,,0,1,A,0,0,D,19,15,6,5,10,13,11,4,2,1,0,0,0,3,1,-1
143,1,20151205,21,34,26,,0,0,D,0,0,D,21,9,1,2,9,13,6,2,1,0,0,0,1,1,0,0
144,1,20151205,27,3,6,,1,1,D,0,1,A,23,9,5,2,4,9,10,4,1,2,0,0,1,1,2,0
145,1,20151205,28,20,25,,2,0,H,2,0,H,7,11,4,4,9,10,1,6,0,1,0,0,3,0,2,2
146,1,20151205,30,17,30,,0,3,A,0,2,A,10,16,2,5,3,19,3,8,2,3,0,0,0,3,3,-3
147,1,20151205,32,24,27,,2,0,H,1,0,H,14,6,7,1,11,10,4,1,3,3,0,0,3,0,2,2
148,1,20151205,33,31,17,,1,1,D,1,1,D,11,9,4,3,13,10,3,6,3,2,0,0,1,1,2,0
149,1,20151206,23,18,4,,2,0,H,0,0,D,6,10,1,1,6,10,2,7,3,1,0,0,3,0,2,2
150,1,20151207,11,10,8,,1,1,D,0,0,D,19,14,4,5,4,11,13,6,1,2,0,0,1,1,2,0
151,1,20151212,1,21,6,,2,1,H,1,1,D,11,11,5,5,12,12,5,7,2,1,0,0,3,0,3,1
152,1,20151212,10,27,27,,1,0,H,1,0,H,12,15,5,3,11,13,8,5,0,0,0,0,3,0,1,1
153,1,20151212,20,30,39,,2,1,H,1,0,H,13,13,5,7,13,15,5,5,3,1,0,0,3,0,3,1
154,1,20151212,24,11,25,,1,1,D,0,1,A,9,15,2,3,9,6,5,4,1,0,0,0,1,1,2,0
155,1,20151212,29,32,14,,0,1,A,0,1,A,14,13,2,6,6,9,8,3,1,0,0,0,0,3,1,-1
156,1,20151212,34,28,4,,0,0,D,0,0,D,22,12,9,3,7,9,11,7,1,2,0,0,1,1,0,0
157,1,20151213,3,2,19,,0,2,A,0,2,A,18,8,2,4,8,7,5,5,0,0,0,0,0,3,2,-2
158,1,20151213,18,33,8,,2,2,D,1,1,D,28,4,8,2,7,10,4,4,0,0,0,0,1,1,4,0
159,1,20151213,31,23,37,,1,2,A,1,0,H,20,8,8,4,13,14,6,2,2,2,0,0,0,3,3,-1
160,1,20151214,17,8,26,,2,1,H,1,0,H,9,11,5,5,16,8,1,8,2,0,0,0,3,0,3,1
161,1,20151219,8,29,37,,3,1,H,2,0,H,17,11,7,3,12,12,2,2,1,3,0,0,3,0,4,2
162,1,20151219,11,17,17,,2,3,A,1,1,D,13,10,5,5,6,14,10,2,2,1,0,0,0,3,5,-1
163,1,20151219,21,24,30,,1,2,A,0,1,A,11,6,2,4,4,10,11,0,0,2,0,0,0,3,3,-1
164,1,20151219,23,3,25,,1,1,D,1,0,H,8,10,4,7,9,14,3,7,1,3,0,0,1,1,2,0
165,1,20151219,27,31,19,,0,2,A,0,2,A,11,13,4,6,18,9,4,7,1,1,0,0,0,3,2,-2
166,1,20151219,28,10,39,,1,2,A,0,1,A,26,12,5,3,6,12,7,3,2,0,0,0,0,3,3,-1
167,1,20151219,33,1,27,,1,2,A,0,0,D,6,16,2,7,12,9,4,8,2,1,2,0,0,3,3,-1
168,1,20151220,30,34,22,,0,0,D,0,0,D,21,11,2,2,6,9,8,9,0,1,0,0,1,1,0,0
169,1,20151220,32,18,26,,3,0,H,2,0,H,6,12,5,4,6,9,7,9,1,0,0,0,3,0,3,3
170,1,20151221,2,20,4,,2,1,H,2,0,H,8,20,5,6,5,16,4,8,0,2,0,0,3,0,3,1
171,1,20151226,1,10,30,,0,0,D,0,0,D,10,8,4,0,10,13,8,9,1,0,0,0,1,1,0,0
172,1,20151226,3,34,27,,1,1,D,0,1,A,15,10,8,4,14,13,9,6,3,3,0,0,1,1,2,0
173,1,20151226,8,32,4,,2,2,D,1,1,D,17,12,2,3,7,15,9,4,1,4,0,0,1,1,4,0
174,1,20151226,18,17,25,,1,0,H,0,0,D,25,7,4,3,11,8,7,6,2,1,0,0,3,0,1,1
175,1,20151226,20,29,6,,4,1,H,3,0,H,19,11,9,3,10,11,5,1,1,1,0,0,3,0,5,3
176,1,20151226,23,11,22,,0,1,A,0,0,D,10,20,1,7,16,12,1,7,2,2,0,0,0,3,1,-1
177,1,20151226,27,2,17,,4,0,H,1,0,H,15,7,5,4,10,9,3,4,1,0,0,0,3,0,4,4
178,1,20151226,28,21,19,,2,0,H,2,0,H,13,11,3,6,13,16,1,12,1,2,0,0,3,0,2,2
179,1,20151226,30,33,37,,1,0,H,1,0,H,7,9,2,3,10,13,0,7,1,3,0,0,3,0,1,1
180,1,20151226,31,24,29,,3,0,H,2,0,H,15,11,10,3,4,13,9,4,1,2,0,0,3,0,3,3
181,1,20151228,2,1,37,,2,0,H,1,0,H,13,10,6,3,7,8,9,3,2,0,0,0,3,0,2,2
182,1,20151228,10,30,32,,0,0,D,0,0,D,10,5,2,3,11,16,7,4,3,2,0,0,1,1,0,0
183,1,20151228,11,28,26,,3,4,A,1,2,A,15,8,3,5,10,12,6,2,2,1,0,0,0,3,7,-1
184,1,20151228,21,8,25,,0,0,D,0,0,D,12,8,2,3,16,6,5,3,4,2,0,0,1,1,0,0
185,1,20151228,24,3,14,,2,0,H,1,0,H,9,6,4,3,10,21,3,7,2,5,0,0,3,0,2,2
186,1,20151228,32,31,6,,1,2,A,1,1,D,9,10,1,3,11,13,5,3,4,2,1,0,0,3,3,-1
187,1,20151228,33,23,29,,1,0,H,0,0,D,22,7,5,2,7,13,18,6,0,0,0,0,3,0,1,1
188,1,20151228,34,27,30,,2,1,H,0,1,A,13,15,5,4,6,12,4,7,1,3,0,0,3,0,3,1
189,1,20151229,17,20,8,,0,0,D,0,0,D,11,21,4,5,11,8,1,13,1,3,0,0,1,1,0,0
190,1,20151230,29,18,19,,0,1,A,0,0,D,8,17,3,6,8,16,6,4,1,3,0,0,0,3,1,-1
191,1,20160102,2,23,6,,1,0,H,0,0,D,16,15,3,6,10,9,7,4,2,2,0,0,3,0,1,1
192,1,20160102,17,1,4,,0,0,D,0,0,D,16,9,2,0,9,5,7,1,1,1,0,1,1,1,0,0
193,1,20160102,21,30,17,,2,1,H,0,0,D,19,9,6,4,14,10,4,2,2,1,0,0,3,0,3,1
194,1,20160102,24,27,26,,1,0,H,0,0,D,10,10,1,4,9,7,4,9,1,0,0,1,3,0,1,1
195,1,20160102,29,3,8,,3,1,H,1,0,H,13,8,6,3,8,13,3,3,3,4,0,0,3,0,4,2
196,1,20160102,32,20,25,,1,2,A,0,0,D,11,16,3,5,6,10,4,5,1,0,0,0,0,3,3,-1
197,1,20160102,33,28,22,,2,1,H,0,0,D,16,10,5,3,7,15,4,6,1,1,0,1,3,0,3,1
198,1,20160102,34,18,39,,2,0,H,1,0,H,18,23,10,2,11,8,3,9,1,1,0,0,3,0,2,2
199,1,20160103,10,8,19,,0,3,A,0,1,A,8,10,4,4,12,15,5,7,3,0,0,0,0,3,3,-3
200,1,20160103,11,31,30,,1,1,D,1,1,D,12,19,3,4,8,11,4,4,1,2,0,0,1,1,2,0
201,1,20160112,1,34,25,,1,3,A,1,0,H,11,10,4,5,8,5,4,7,1,1,0,0,0,3,4,-2
202,1,20160112,3,10,26,,1,0,H,0,0,D,13,9,3,1,15,9,9,0,2,1,0,0,3,0,1,1
203,1,20160112,23,21,27,,3,3,D,1,2,A,14,12,6,4,10,12,5,3,1,3,0,0,1,1,6,0
204,1,20160113,8,33,6,,2,2,D,1,1,D,14,13,2,6,13,8,7,7,3,3,0,0,1,1,4,0
205,1,20160113,18,2,29,,3,3,D,2,2,D,22,14,6,5,9,7,9,3,2,0,0,0,1,1,6,0
206,1,20160113,20,11,37,,0,0,D,0,0,D,22,7,5,2,5,6,12,5,0,1,0,0,1,1,0,0
207,1,20160113,27,32,8,,2,0,H,1,0,H,15,4,7,1,9,11,8,1,1,2,0,0,3,0,2,2
208,1,20160113,28,24,32,,3,1,H,0,0,D,14,5,4,2,5,8,7,3,0,1,0,1,3,0,4,2
209,1,20160113,30,29,14,,2,4,A,2,1,H,10,7,5,5,9,12,8,6,2,0,1,0,0,3,6,-2
210,1,20160113,31,17,22,,0,1,A,0,0,D,21,10,5,2,13,10,16,8,1,0,0,0,0,3,1,-1
211,1,20160116,1,24,39,,3,0,H,1,0,H,15,10,8,3,8,13,5,3,1,1,0,0,3,0,3,3
212,1,20160116,3,17,37,,1,1,D,0,1,A,14,12,5,5,13,15,3,4,3,2,0,0,1,1,2,0
213,1,20160116,8,11,29,,3,3,D,0,0,D,14,9,7,4,12,5,6,4,1,1,0,0,1,1,6,0
214,1,20160116,20,10,17,,4,0,H,2,0,H,17,9,4,3,10,11,5,6,0,2,0,0,3,0,4,4
215,1,20160116,23,34,32,,2,1,H,2,0,H,23,10,10,3,9,4,3,3,1,0,0,0,3,0,3,1
216,1,20160116,27,33,25,,3,0,H,2,0,H,9,9,5,0,10,11,1,3,0,0,0,0,3,0,3,3
217,1,20160116,31,29,27,,4,1,H,1,1,D,26,5,11,2,8,13,11,3,0,2,0,0,3,0,5,3
218,1,20160117,18,21,26,,0,1,A,0,0,D,19,7,4,1,6,18,5,4,0,2,0,0,0,3,1,-1
219,1,20160117,28,2,8,,0,0,D,0,0,D,14,8,6,3,16,10,6,6,0,0,0,0,1,1,0,0
220,1,20160118,30,32,30,,1,0,H,1,0,H,10,13,2,2,8,11,6,3,2,2,0,0,3,0,1,1
221,1,20160123,10,31,25,,1,3,A,1,0,H,11,24,3,11,11,12,3,10,2,2,0,0,0,3,4,-2
222,1,20160123,17,28,27,,3,0,H,1,0,H,15,3,5,2,10,13,8,4,0,1,0,0,3,0,3,3
223,1,20160123,21,27,29,,0,1,A,0,0,D,8,7,1,2,11,8,4,4,0,0,0,0,0,3,1,-1
224,1,20160123,24,18,22,,4,5,A,2,1,H,6,13,5,7,10,14,3,3,0,1,0,0,0,3,9,-1
225,1,20160123,29,1,37,,1,1,D,1,1,D,10,15,5,5,5,9,3,4,1,1,0,0,1,1,2,0
226,1,20160123,32,23,4,,2,1,H,0,0,D,13,11,5,2,10,12,2,7,2,1,0,0,3,0,3,1
227,1,20160123,33,3,39,,0,0,D,0,0,D,4,15,0,4,7,13,2,6,0,1,0,0,1,1,0,0
228,1,20160123,34,20,8,,2,2,D,1,1,D,10,16,3,3,11,15,5,2,2,3,0,0,1,1,4,0
229,1,20160124,2,8,26,,0,1,A,0,1,A,9,12,1,6,14,13,6,7,1,3,1,0,0,3,1,-1
230,1,20160124,11,30,6,,1,2,A,1,2,A,20,7,2,5,5,12,7,1,0,3,0,0,0,3,3,-1
231,1,20160202,2,27,22,,0,0,D,0,0,D,21,14,11,3,11,19,13,3,2,1,0,0,1,1,0,0
232,1,20160202,10,1,29,,1,2,A,1,1,D,14,8,3,4,11,15,5,3,3,4,0,0,0,3,3,-1
233,1,20160202,17,18,4,,2,0,H,0,0,D,13,14,6,2,6,7,3,12,0,1,0,0,3,0,2,2
234,1,20160202,21,28,37,,3,0,H,2,0,H,15,10,5,0,13,13,2,5,2,1,0,0,3,0,3,3
235,1,20160202,24,31,19,,0,3,A,0,2,A,10,17,2,6,8,9,6,8,2,2,0,0,0,3,3,-3
236,1,20160202,29,20,42,,0,1,A,0,1,A,11,6,2,2,6,15,8,4,1,4,0,0,0,3,1,-1
237,1,20160202,33,30,32,,1,1,D,0,0,D,17,18,7,4,12,13,7,7,0,0,0,0,1,1,2,0
238,1,20160202,34,3,17,,2,0,H,0,0,D,25,6,6,2,9,11,5,5,3,0,0,1,3,0,2,2
239,1,20160203,11,23,8,,3,0,H,1,0,H,18,7,7,3,8,15,3,3,1,2,0,1,3,0,3,3
240,1,20160203,32,8,27,,0,0,D,0,0,D,12,12,3,4,10,13,7,7,2,1,0,0,1,1,0,0
241,1,20160206,3,24,25,,2,0,H,1,0,H,10,12,3,4,10,11,2,11,0,2,0,0,3,0,2,2
242,1,20160206,18,29,39,,2,2,D,0,0,D,16,7,5,2,4,12,7,2,1,1,0,0,1,1,4,0
243,1,20160206,20,17,6,,1,3,A,0,1,A,22,14,4,7,9,15,11,4,2,2,0,0,0,3,4,-2
244,1,20160206,23,33,22,,1,0,H,1,0,H,19,7,7,0,12,12,8,4,0,3,0,0,3,0,1,1
245,1,20160206,27,34,26,,1,0,H,1,0,H,8,18,2,2,17,10,4,5,1,2,1,0,3,0,1,1
246,1,20160206,28,11,4,,0,3,A,0,3,A,11,14,3,6,11,8,6,4,1,0,0,0,0,3,3,-3
247,1,20160206,30,10,27,,1,1,D,1,0,H,19,12,3,2,11,14,9,5,1,2,0,0,1,1,2,0
248,1,20160206,31,32,37,,1,0,H,0,0,D,26,3,9,0,12,9,15,1,0,1,0,0,3,0,1,1
249,1,20160207,1,2,19,,0,2,A,0,2,A,17,10,4,5,6,8,7,3,0,1,0,0,0,3,2,-2
250,1,20160207,8,21,30,,1,1,D,0,0,D,16,17,5,7,6,9,10,11,0,3,0,0,1,1,2,0
251,1,20160213,1,28,14,,1,3,A,0,1,A,11,11,2,6,7,18,9,2,4,2,0,0,0,3,4,-2
252,1,20160213,8,23,39,,5,1,H,3,0,H,15,10,5,4,16,14,8,3,0,1,1,0,3,0,6,4
253,1,20160213,10,32,37,,1,2,A,1,1,D,14,10,7,3,11,16,8,5,0,2,0,0,0,3,3,-1
254,1,20160213,11,33,30,,0,1,A,0,1,A,34,5,6,1,9,12,14,1,1,3,0,0,0,3,1,-1
255,1,20160213,24,34,29,,2,2,D,0,0,D,13,11,3,6,16,11,3,3,2,2,0,0,1,1,4,0
256,1,20160213,29,21,4,,2,1,H,1,1,D,21,12,5,6,7,15,6,8,2,3,0,0,3,0,3,1
257,1,20160213,30,27,17,,0,1,A,0,0,D,13,13,2,5,10,12,5,4,0,3,0,0,0,3,1,-1
258,1,20160214,2,17,25,,2,1,H,0,1,A,24,7,6,3,9,10,11,1,4,3,0,1,3,0,3,1
259,1,20160214,3,18,32,,0,6,A,0,2,A,6,11,1,9,10,9,0,6,3,1,0,0,0,3,6,-6
260,1,20160214,20,31,26,,1,2,A,0,0,D,19,6,4,3,12,17,7,1,1,3,0,0,0,3,3,-1
261,1,20160227,17,24,32,,1,0,H,0,0,D,13,9,3,1,9,11,3,4,0,2,0,0,3,0,1,1
262,1,20160227,27,8,25,,1,2,A,1,0,H,7,16,2,4,10,11,7,8,3,1,0,0,0,3,3,-1
263,1,20160227,28,3,19,,2,1,H,0,0,D,11,5,3,1,7,15,11,0,0,3,0,0,3,0,3,1
264,1,20160227,32,1,6,,0,0,D,0,0,D,14,11,1,3,14,17,4,5,3,1,0,0,1,1,0,0
265,1,20160227,33,10,17,,3,2,H,3,0,H,11,15,5,2,14,16,3,6,2,2,0,0,3,0,5,1
266,1,20160227,34,29,27,,1,0,H,1,0,H,9,13,3,4,11,9,5,6,1,0,0,0,3,0,1,1
267,1,20160228,21,2,8,,3,2,H,2,1,H,7,13,5,5,21,15,2,3,4,3,0,0,3,0,5,1
268,1,20160228,31,30,29,,2,1,H,0,1,A,34,10,14,4,11,14,7,7,2,3,0,0,3,0,3,1
269,1,20160301,1,27,27,,2,0,H,1,0,H,9,6,4,1,11,18,10,2,0,0,0,0,3,0,2,2
270,1,20160301,3,11,37,,1,3,A,0,2,A,14,10,5,7,8,7,9,8,3,1,0,0,0,3,4,-2
271,1,20160301,17,33,26,,2,2,D,2,1,H,22,11,5,3,10,8,11,3,0,2,0,0,1,1,4,0
272,1,20160301,24,8,22,,1,2,A,0,2,A,13,10,2,2,17,5,4,4,3,2,0,0,0,3,3,-1
273,1,20160301,29,10,6,,2,2,D,1,0,H,17,13,6,5,11,14,4,5,1,1,0,0,1,1,4,0
274,1,20160302,2,30,39,,1,2,A,1,1,D,18,11,4,2,8,11,7,3,0,2,0,0,0,3,3,-1
275,1,20160302,18,20,25,,3,0,H,2,0,H,11,4,7,2,14,14,3,2,0,1,0,0,3,0,3,3
276,1,20160302,21,32,29,,1,0,H,0,0,D,14,13,3,3,7,17,9,7,1,2,0,0,3,0,1,1
277,1,20160302,28,23,32,,1,0,H,0,0,D,9,5,2,3,11,6,5,2,1,0,0,0,3,0,1,1
278,1,20160302,34,31,4,,1,0,H,1,0,H,14,9,3,2,10,11,6,3,0,3,0,0,3,0,1,1
279,1,20160305,8,28,26,,1,1,D,1,0,H,20,16,7,5,9,10,8,4,1,2,0,0,1,1,2,0
280,1,20160305,11,34,6,,2,3,A,1,0,H,15,17,8,5,12,13,9,6,2,3,1,0,0,3,5,-1
281,1,20160305,20,3,22,,4,0,H,0,0,D,22,2,9,1,10,10,9,1,0,1,0,0,3,0,4,4
282,1,20160305,23,1,36,,1,3,A,0,1,A,14,16,3,5,13,8,5,4,1,3,0,0,0,3,4,-2
283,1,20160305,27,29,32,,1,1,D,0,0,D,16,11,5,3,9,9,12,2,2,1,1,0,1,1,2,0
284,1,20160305,30,24,8,,1,0,H,0,0,D,10,8,3,3,14,15,5,0,2,5,0,0,3,0,1,1
285,1,20160305,31,2,30,,2,2,D,0,1,A,26,10,11,4,9,10,9,2,2,2,0,1,1,1,4,0
286,1,20160305,32,17,17,,0,1,A,0,0,D,11,14,4,7,10,11,3,8,2,2,0,0,0,3,1,-1
287,1,20160306,10,18,4,,1,2,A,0,0,D,14,19,4,5,12,16,6,6,1,2,0,1,0,3,3,-1
288,1,20160306,33,21,27,,1,0,H,0,0,D,9,7,2,1,8,7,4,5,1,0,0,1,3,0,1,1
289,1,20160312,1,30,37,,3,2,H,1,1,D,12,12,4,4,12,11,5,3,1,0,0,0,3,0,5,1
290,1,20160312,24,20,17,,0,0,D,0,0,D,5,15,0,3,15,10,3,8,3,1,0,0,1,1,0,0
291,1,20160312,28,27,22,,1,2,A,0,2,A,13,11,2,4,13,12,1,4,1,2,0,1,0,3,3,-1
292,1,20160313,3,31,6,,0,2,A,0,1,A,11,19,2,8,6,6,5,8,0,0,0,0,0,3,2,-2
293,1,20160314,17,23,8,,1,0,H,1,0,H,10,13,1,2,4,9,8,4,0,0,0,0,3,0,1,1
294,1,20160319,8,34,39,,2,2,D,1,1,D,22,13,5,6,13,14,10,9,3,5,0,0,1,1,4,0
295,1,20160319,10,17,29,,0,1,A,0,1,A,12,8,4,3,9,13,10,7,1,1,0,0,0,3,1,-1
296,1,20160319,11,2,26,,0,2,A,0,2,A,8,11,2,3,7,10,7,5,0,0,0,0,0,3,2,-2
297,1,20160319,30,3,27,,1,0,H,0,0,D,10,12,1,2,9,10,4,6,3,2,0,0,3,0,1,1
298,1,20160319,32,28,8,,1,2,A,0,1,A,9,9,4,6,10,14,9,2,3,1,0,0,0,3,3,-1
299,1,20160319,33,24,6,,0,1,A,0,0,D,10,7,0,1,8,13,4,3,1,2,0,0,0,3,1,-1
300,1,20160320,20,21,30,,0,1,A,0,1,A,26,5,2,3,9,12,11,5,1,1,0,0,0,3,1,-1
301,1,20160320,23,29,25,,1,1,D,0,1,A,17,14,8,4,14,7,2,5,4,1,0,0,1,1,2,0
302,1,20160320,27,18,37,,3,2,H,0,2,A,16,18,5,9,10,13,3,5,1,3,0,0,3,0,5,1
303,1,20160320,31,1,32,,3,0,H,2,0,H,17,2,8,0,11,6,4,5,0,1,0,0,3,0,3,3
304,1,20160402,1,20,39,,0,4,A,0,3,A,11,15,2,7,9,8,4,4,0,1,0,0,0,3,4,-4
305,1,20160402,2,32,6,,4,0,H,2,0,H,19,6,12,2,7,10,8,3,1,1,0,0,3,0,4,4
306,1,20160402,3,8,32,,0,4,A,0,2,A,15,11,4,8,12,8,7,2,4,1,1,0,0,3,4,-4
307,1,20160402,18,31,17,,1,1,D,0,0,D,15,18,7,5,11,11,12,9,2,0,0,0,1,1,2,0
308,1,20160402,24,23,27,,3,2,H,1,0,H,13,13,6,5,6,11,6,5,0,0,0,0,3,0,5,1
309,1,20160402,28,30,25,,2,2,D,1,0,H,12,12,5,3,6,16,5,5,0,1,0,0,1,1,4,0
310,1,20160402,29,33,37,,0,0,D,0,0,D,22,3,7,0,11,13,9,3,1,1,0,0,1,1,0,0
311,1,20160402,34,10,26,,2,2,D,2,1,H,18,12,6,5,12,19,4,5,2,2,1,0,1,1,4,0
312,1,20160403,17,27,30,,1,0,H,1,0,H,11,10,4,2,12,13,7,8,2,2,0,0,3,0,1,1
313,1,20160403,21,11,4,,1,0,H,0,0,D,10,7,2,1,15,6,5,5,2,0,0,0,3,0,1,1
314,1,20160409,3,1,25,,1,2,A,0,1,A,6,12,1,3,13,11,3,8,2,2,0,0,0,3,3,-1
315,1,20160409,10,24,30,,1,0,H,0,0,D,13,13,6,4,13,10,10,4,2,1,0,0,3,0,1,1
316,1,20160409,20,33,29,,2,1,H,1,1,D,13,13,4,2,10,7,8,8,0,1,0,0,3,0,3,1
317,1,20160409,27,23,39,,3,1,H,2,0,H,20,5,6,3,8,7,11,2,0,0,0,0,3,0,4,2
318,1,20160409,30,8,4,,1,0,H,1,0,H,12,8,6,2,15,13,1,9,5,4,0,0,3,0,1,1
319,1,20160409,32,11,19,,1,1,D,1,1,D,13,12,5,7,13,10,7,6,2,1,0,0,1,1,2,0
320,1,20160409,34,2,8,,3,3,D,2,2,D,19,11,7,6,11,8,7,4,2,0,0,0,1,1,6,0
321,1,20160410,18,28,26,,4,1,H,2,1,H,14,10,6,3,14,14,6,3,0,2,0,0,3,0,5,3
322,1,20160410,29,17,6,,0,2,A,0,0,D,15,17,1,7,9,9,1,7,1,1,0,0,0,3,2,-2
323,1,20160410,31,21,27,,3,0,H,0,0,D,16,5,8,1,10,10,2,7,3,3,0,0,3,0,3,3
324,1,20160413,10,11,29,,0,0,D,0,0,D,18,9,6,5,7,9,10,7,0,1,0,1,1,1,0,0
325,1,20160416,8,20,27,,0,3,A,0,1,A,11,11,4,8,12,15,11,3,2,3,1,0,0,3,3,-3
326,1,20160416,11,27,8,,1,1,D,0,0,D,7,18,2,4,8,14,3,10,1,1,0,0,1,1,2,0
327,1,20160416,21,3,19,,1,0,H,1,0,H,13,7,4,1,9,10,14,3,0,1,0,0,3,0,1,1
328,1,20160416,23,30,22,,3,0,H,1,0,H,12,11,7,1,13,9,3,7,2,1,0,0,3,0,3,3
329,1,20160416,24,29,4,,0,3,A,0,1,A,19,8,6,3,7,11,14,0,2,2,0,0,0,3,3,-3
330,1,20160416,33,32,30,,0,1,A,0,1,A,16,11,4,4,11,17,9,3,0,3,0,0,0,3,1,-1
331,1,20160417,1,18,29,,1,2,A,0,2,A,18,19,5,6,9,9,5,4,0,0,0,0,0,3,3,-1
332,1,20160417,2,10,37,,1,1,D,1,0,H,21,7,6,2,7,13,10,5,0,2,0,0,1,1,2,0
333,1,20160417,17,34,17,,2,2,D,1,0,H,6,19,2,4,14,14,0,5,1,3,1,0,1,1,4,0
334,1,20160418,28,31,32,,0,4,A,0,1,A,12,23,2,6,12,12,5,3,2,0,0,0,0,3,4,-4
335,1,20160419,23,20,19,,1,1,D,1,1,D,5,9,3,5,13,8,5,3,3,2,0,0,1,1,2,0
336,1,20160420,18,11,39,,4,0,H,2,0,H,37,3,13,0,8,11,9,1,1,1,0,1,3,0,4,4
337,1,20160420,21,10,22,,2,0,H,1,0,H,16,5,10,0,13,7,10,2,1,2,0,0,3,0,2,2
338,1,20160420,34,32,27,,3,1,H,2,0,H,18,7,7,4,11,17,4,2,0,2,0,1,3,0,4,2
339,1,20160421,2,33,17,,2,0,H,2,0,H,16,8,7,1,14,14,2,6,0,1,0,0,3,0,2,2
340,1,20160423,1,8,37,,1,4,A,1,2,A,13,16,4,4,11,4,10,7,1,0,0,0,0,3,5,-3
341,1,20160423,3,27,32,,2,4,A,1,2,A,16,17,7,7,8,9,6,11,2,0,0,0,0,3,6,-2
342,1,20160423,18,23,4,,2,2,D,2,0,H,13,6,4,3,8,17,5,4,1,1,0,0,1,1,4,0
343,1,20160423,20,28,39,,4,0,H,2,0,H,11,14,6,2,8,8,9,4,0,0,0,0,3,0,4,4
344,1,20160424,17,30,26,,4,0,H,2,0,H,18,9,9,1,15,10,4,6,1,2,0,0,3,0,4,4
345,1,20160424,29,2,27,,0,0,D,0,0,D,12,20,3,7,10,8,7,7,2,4,0,0,1,1,0,0
346,1,20160425,31,33,29,,1,1,D,1,0,H,19,16,2,3,8,13,9,7,0,1,0,0,1,1,2,0
347,1,20160430,2,24,29,,1,0,H,0,0,D,14,12,3,3,8,7,7,3,1,0,0,0,3,0,1,1
348,1,20160430,11,1,32,,2,1,H,1,1,D,12,16,5,2,4,8,3,5,1,0,0,0,3,0,3,1
349,1,20160430,23,10,27,,1,0,H,0,0,D,10,9,4,3,11,12,4,8,2,0,0,0,3,0,1,1
350,1,20160430,28,29,8,,1,1,D,0,0,D,11,14,3,5,13,13,2,8,2,2,0,0,1,1,2,0
351,1,20160430,32,3,6,,3,2,H,1,1,D,18,7,6,2,14,10,8,4,2,3,0,1,3,0,5,1
352,1,20160430,33,34,22,,0,3,A,0,2,A,15,8,5,4,14,7,8,6,0,0,0,0,0,3,3,-3
353,1,20160501,21,17,30,,1,1,D,1,1,D,21,14,6,3,16,10,6,5,3,0,0,1,1,1,2,0
354,1,20160501,27,20,4,,4,2,H,2,1,H,14,6,7,5,12,9,8,2,2,1,0,0,3,0,6,2
355,1,20160501,30,18,37,,3,1,H,2,0,H,18,11,9,3,12,13,4,7,2,2,0,1,3,0,4,2
356,1,20160502,8,31,26,,2,2,D,0,2,A,13,16,5,5,9,20,7,8,3,9,0,0,1,1,4,0
357,1,20160507,1,33,26,,1,1,D,0,1,A,12,12,4,4,5,8,5,3,2,1,0,0,1,1,2,0
358,1,20160507,3,23,39,,0,0,D,0,0,D,2,9,0,3,8,13,0,5,1,1,0,0,1,1,0,0
359,1,20160507,10,28,19,,2,1,H,0,1,A,17,12,4,3,8,18,4,3,2,3,0,0,3,0,3,1
360,1,20160507,17,11,4,,3,1,H,2,0,H,32,9,8,5,4,12,12,4,0,3,0,0,3,0,4,2
361,1,20160507,24,21,8,,0,1,A,0,0,D,8,15,2,2,11,10,1,6,1,0,0,0,0,3,1,-1
362,1,20160507,29,8,29,,3,2,H,1,2,A,15,9,4,8,11,9,3,3,4,1,0,1,3,0,5,1
363,1,20160507,34,30,30,,1,4,A,0,2,A,25,13,7,6,11,8,13,3,3,0,0,0,0,3,5,-3
364,1,20160508,18,32,22,,2,0,H,1,0,H,19,14,5,3,10,15,8,8,1,2,0,0,3,0,2,2
365,1,20160508,20,2,6,,2,2,D,1,1,D,14,5,3,2,16,10,7,2,2,1,0,0,1,1,4,0
366,1,20160508,31,27,17,,1,2,A,1,1,D,20,10,6,2,8,16,10,2,0,3,0,0,0,3,3,-1
367,1,20160510,34,21,27,,3,2,H,1,0,H,20,3,6,2,6,18,6,2,1,3,0,0,3,0,5,1
368,1,20160511,18,8,30,,1,1,D,0,1,A,28,13,9,7,11,12,7,3,3,1,0,0,1,1,2,0
369,1,20160511,24,32,37,,4,2,H,3,1,H,18,12,6,7,8,12,5,1,2,3,0,0,3,0,6,2
370,1,20160511,29,11,6,,3,0,H,2,0,H,14,17,8,6,15,7,5,5,1,0,0,0,3,0,3,3
371,1,20160515,2,3,26,,4,0,H,1,0,H,16,5,7,2,12,6,5,4,0,1,0,0,3,0,4,4
372,1,20160515,8,17,8,,1,1,D,0,0,D,17,18,4,5,4,12,7,6,0,0,0,0,1,1,2,0
373,1,20160515,11,24,22,,3,0,H,2,0,H,15,10,8,2,7,11,4,11,0,0,0,0,3,0,3,3
374,1,20160515,23,31,6,,5,1,H,2,0,H,19,17,10,5,7,6,3,8,1,2,1,0,3,0,6,4
375,1,20160515,27,10,30,,4,1,H,1,0,H,18,16,5,4,7,14,2,5,1,2,0,0,3,0,5,3
376,1,20160515,28,34,29,,2,1,H,0,1,A,7,20,4,7,8,12,4,10,3,1,0,0,3,0,3,1
377,1,20160515,30,20,27,,1,1,D,1,1,D,4,18,1,5,4,19,4,4,1,3,0,0,1,1,2,0
378,1,20160515,32,29,19,,2,2,D,0,1,A,21,6,6,4,11,10,7,4,1,0,0,0,1,1,4,0
379,1,20160515,33,18,39,,1,1,D,1,1,D,13,7,1,3,11,14,7,5,3,1,0,0,1,1,2,0
380,1,20160517,21,1,17,,3,1,H,1,0,H,12,7,5,0,9,8,7,1,1,0,0,0,3,0,4,2
381,2,20160813,6,30,17,,0,1,A,0,0,D,10,17,3,9,10,14,7,4,3,2,0,0,0,3,1,-1
382,2,20160813,10,33,8,,0,1,A,0,0,D,14,13,4,3,12,15,3,6,2,2,0,0,0,3,1,-1
383,2,20160813,11,31,25,,1,1,D,1,0,H,12,13,6,4,10,14,5,6,0,0,0,0,1,1,2,0
384,2,20160813,14,17,27,,2,1,H,1,0,H,14,18,5,5,8,17,5,3,2,2,0,0,3,0,3,1
385,2,20160813,20,29,39,,2,1,H,1,0,H,16,7,4,3,11,14,9,6,1,2,0,0,3,0,3,1
386,2,20160813,22,28,19,,1,1,D,1,0,H,12,12,2,1,18,14,9,6,3,5,0,0,1,1,2,0
387,2,20160813,27,32,37,,1,1,D,0,1,A,24,5,6,1,8,12,6,2,1,2,0,1,1,1,2,0
388,2,20160814,1,21,4,,1,3,A,0,1,A,9,11,3,7,7,10,4,2,0,1,0,0,0,3,4,-2
389,2,20160814,2,18,30,,3,4,A,1,1,D,9,16,5,7,13,17,5,4,3,3,0,0,0,3,7,-1
390,2,20160815,8,34,6,,2,1,H,0,0,D,16,7,6,3,16,16,7,1,5,2,0,0,3,0,3,1
391,2,20160819,21,27,6,,2,0,H,1,0,H,12,13,5,1,11,8,4,0,0,0,0,0,3,0,2,2
392,2,20160820,6,18,22,,2,0,H,2,0,H,3,26,2,5,14,5,1,12,0,1,0,0,3,0,2,2
393,2,20160820,17,2,26,,0,0,D,0,0,D,8,13,1,4,11,7,2,7,1,2,0,0,1,1,0,0
394,2,20160820,28,20,27,,1,4,A,0,2,A,8,12,3,6,12,13,7,7,3,4,0,0,0,3,5,-3
395,2,20160820,30,14,42,,0,2,A,0,0,D,13,12,3,4,7,10,8,3,0,0,0,0,0,3,2,-2
396,2,20160820,31,10,30,,1,0,H,0,0,D,20,10,5,2,19,9,10,4,3,3,0,0,3,0,1,1
397,2,20160820,32,8,17,,1,2,A,0,0,D,6,13,2,4,20,10,0,5,4,3,0,0,0,3,3,-1
398,2,20160820,33,11,32,,1,2,A,1,1,D,11,13,4,7,16,10,7,4,3,1,0,0,0,3,3,-1
399,2,20160821,29,22,25,,1,2,A,0,2,A,18,8,5,3,11,14,8,1,1,1,0,0,0,3,3,-1
400,2,20160821,34,1,8,,1,0,H,0,0,D,15,8,2,5,15,15,1,6,3,1,0,1,3,0,1,1
401,2,20160827,8,6,26,,3,0,H,2,0,H,22,6,10,0,6,9,9,5,2,2,0,0,3,0,3,3
402,2,20160827,10,1,27,,1,1,D,0,1,A,24,10,5,3,15,10,10,4,2,1,0,0,1,1,2,0
403,2,20160827,11,28,30,,1,0,H,0,0,D,21,8,9,1,14,11,9,2,2,1,0,0,3,0,1,1
404,2,20160827,14,21,17,,0,1,A,0,0,D,8,29,2,9,9,6,1,6,2,3,0,0,0,3,1,-1
405,2,20160827,17,30,37,,2,1,H,1,0,H,13,9,6,3,14,10,4,6,2,2,0,0,3,0,3,1
406,2,20160827,27,29,22,,1,1,D,0,0,D,16,5,7,2,15,8,5,5,2,2,0,0,1,1,2,0
407,2,20160827,31,18,39,,1,1,D,0,1,A,11,13,4,3,11,17,5,5,3,5,0,0,1,1,2,0
408,2,20160827,32,2,19,,1,3,A,0,3,A,14,10,6,7,18,15,3,2,6,1,0,0,0,3,4,-2
409,2,20160828,20,34,4,,3,1,H,2,0,H,22,9,5,2,5,10,5,4,1,3,0,0,3,0,4,2
410,2,20160828,33,22,6,,0,0,D,0,0,D,13,7,2,2,12,11,5,4,1,3,0,0,1,1,0,0
411,2,20160910,1,33,19,,1,0,H,0,0,D,12,12,5,2,9,11,10,5,1,3,0,0,3,0,1,1
412,2,20160910,2,27,39,,2,1,H,1,1,D,17,11,2,5,10,8,6,1,2,5,0,0,3,0,3,1
413,2,20160910,6,14,36,,1,1,D,0,0,D,13,11,2,3,13,3,5,9,2,0,0,0,1,1,2,0
414,2,20160910,18,17,8,,4,1,H,2,1,H,17,12,11,3,4,8,1,7,1,2,0,0,3,0,5,3
415,2,20160910,21,20,26,,1,2,A,1,2,A,14,18,3,6,15,10,4,4,4,2,0,0,0,3,3,-1
416,2,20160910,22,10,32,,1,2,A,1,1,D,12,12,4,4,5,9,6,6,1,2,0,0,0,3,3,-1
417,2,20160910,28,31,6,,0,4,A,0,1,A,15,20,2,8,13,18,10,8,3,2,0,0,0,3,4,-4
418,2,20160910,34,32,25,,2,4,A,2,2,D,19,13,4,8,10,15,4,4,2,2,0,0,0,3,6,-2
419,2,20160911,30,8,4,,2,2,D,0,1,A,6,28,2,7,17,8,1,11,3,4,0,0,1,1,4,0
420,2,20160912,29,11,29,,0,3,A,0,0,D,11,20,2,9,11,8,5,4,1,1,0,0,0,3,3,-3
421,2,20160916,8,18,25,,1,2,A,0,2,A,12,13,4,5,6,13,6,4,1,1,0,0,0,3,3,-1
422,2,20160917,11,22,22,,3,1,H,3,1,H,11,7,6,0,5,15,6,3,2,1,0,0,3,0,4,2
423,2,20160917,14,2,37,,1,4,A,0,1,A,6,24,2,9,9,12,2,4,0,2,1,0,0,3,5,-3
424,2,20160917,17,6,6,,3,0,H,1,0,H,14,7,6,2,10,9,7,1,0,1,0,0,3,0,3,3
425,2,20160917,20,1,17,,4,0,H,2,0,H,20,6,12,2,8,11,5,5,1,1,1,0,3,0,4,4
426,2,20160917,33,34,26,,4,2,H,3,0,H,8,23,6,5,14,6,2,6,2,1,0,0,3,0,6,2
427,2,20160918,10,28,8,,4,1,H,2,0,H,14,11,8,4,15,9,10,5,2,1,0,0,3,0,5,3
428,2,20160918,27,30,29,,1,0,H,0,0,D,19,9,6,3,14,9,7,1,1,1,0,0,3,0,1,1
429,2,20160918,31,29,27,,1,0,H,0,0,D,31,6,9,2,7,16,14,1,1,5,0,1,3,0,1,1
430,2,20160918,32,21,30,,3,1,H,1,0,H,10,15,5,2,14,19,5,7,3,4,0,0,3,0,4,2
431,2,20160924,1,11,39,,1,0,H,1,0,H,12,13,1,2,10,14,5,3,2,2,0,0,3,0,1,1
432,2,20160924,2,8,30,,3,0,H,3,0,H,14,9,5,2,9,11,9,1,0,2,0,0,3,0,3,3
433,2,20160924,18,14,4,,5,1,H,3,0,H,32,2,12,1,8,8,13,2,1,2,0,1,3,0,6,4
434,2,20160924,21,17,27,,4,1,H,4,0,H,16,10,7,3,9,12,8,6,0,2,0,0,3,0,5,3
435,2,20160924,22,31,14,,1,2,A,0,2,A,6,19,2,5,14,9,2,10,2,1,0,0,0,3,3,-1
436,2,20160924,28,33,25,,1,1,D,0,0,D,12,9,2,3,9,13,6,6,3,4,0,0,1,1,2,0
437,2,20160924,29,10,6,,2,3,A,1,0,H,11,20,4,4,15,12,3,5,0,2,0,0,0,3,5,-1
438,2,20160924,30,20,32,,1,3,A,1,1,D,13,18,5,4,15,9,2,7,2,4,0,0,0,3,4,-2
439,2,20160925,34,27,17,,0,3,A,0,1,A,13,18,1,9,9,14,6,2,5,2,0,0,0,3,3,-3
440,2,20160926,6,32,29,,2,0,H,1,0,H,13,12,4,3,11,15,7,6,1,3,0,0,3,0,2,2
441,2,20160930,11,10,17,,1,1,D,1,0,H,13,10,3,2,16,11,10,9,5,4,0,0,1,1,2,0
442,2,20161001,14,8,6,,0,2,A,0,0,D,8,22,3,9,13,15,5,7,2,2,0,0,0,3,2,-2
443,2,20161001,29,33,42,,1,1,D,0,1,A,7,17,2,7,7,13,6,5,1,3,0,0,1,1,2,0
444,2,20161001,30,18,30,,1,2,A,1,0,H,8,18,3,6,11,9,3,10,2,2,0,0,0,3,3,-1
445,2,20161001,32,1,27,,2,2,D,0,1,A,17,11,7,2,17,12,4,5,3,4,0,0,1,1,4,0
446,2,20161001,34,22,32,,1,1,D,0,0,D,19,9,2,3,13,12,4,5,2,3,0,0,1,1,2,0
447,2,20161002,6,2,8,,0,1,A,0,0,D,10,18,1,3,2,3,2,6,0,0,0,0,0,3,1,-1
448,2,20161002,17,27,25,,0,0,D,0,0,D,9,11,1,5,9,9,3,6,1,0,0,0,1,1,0,0
449,2,20161002,21,28,39,,1,1,D,0,0,D,24,7,9,6,14,9,13,2,3,0,0,0,1,1,2,0
450,2,20161002,31,20,4,,2,0,H,2,0,H,13,12,7,6,20,10,4,3,2,2,0,0,3,0,2,2
451,2,20161015,1,14,22,,6,1,H,3,1,H,22,11,10,4,8,14,5,4,0,3,0,0,3,0,7,5
452,2,20161015,2,30,17,,3,2,H,2,1,H,16,13,6,6,7,10,5,6,0,1,1,0,3,0,5,1
453,2,20161015,8,17,4,,3,0,H,2,0,H,16,5,6,0,6,12,8,5,1,1,0,0,3,0,3,3
454,2,20161015,10,34,25,,0,1,A,0,1,A,12,12,3,4,12,13,7,6,1,3,0,1,0,3,1,-1
455,2,20161015,20,11,30,,1,1,D,0,0,D,19,3,8,2,7,9,13,1,0,2,0,0,1,1,2,0
456,2,20161015,28,29,29,,2,0,H,2,0,H,18,11,6,1,10,13,6,4,1,1,0,0,3,0,2,2
457,2,20161015,33,31,19,,1,1,D,0,0,D,8,20,4,8,14,10,5,8,2,2,0,0,1,1,2,0
458,2,20161016,22,32,37,,0,1,A,0,0,D,10,4,3,2,15,10,4,6,4,1,0,0,0,3,1,-1
459,2,20161016,27,6,27,,3,1,H,0,0,D,34,6,14,1,11,10,8,4,1,2,0,0,3,0,4,2
460,2,20161017,18,21,6,,0,0,D,0,0,D,9,7,3,1,14,20,3,1,0,4,0,0,1,1,0,0
461,2,20161022,1,31,8,,0,0,D,0,0,D,8,16,1,4,10,15,7,4,2,4,0,0,1,1,0,0
462,2,20161022,2,22,27,,0,0,D,0,0,D,9,11,5,4,6,13,8,3,1,0,0,0,1,1,0,0
463,2,20161022,6,11,29,,2,1,H,1,0,H,9,20,3,8,16,15,2,8,2,3,0,0,3,0,3,1
464,2,20161022,14,28,19,,0,2,A,0,1,A,9,12,2,6,16,8,5,7,2,3,0,0,0,3,2,-2
465,2,20161022,17,10,30,,3,1,H,1,0,H,17,23,4,7,10,8,8,8,0,0,0,0,3,0,4,2
466,2,20161022,18,33,32,,2,1,H,2,0,H,21,6,7,1,9,13,3,2,1,3,0,0,3,0,3,1
467,2,20161022,30,32,36,,0,0,D,0,0,D,11,10,5,2,15,16,7,2,2,1,0,0,1,1,0,0
468,2,20161022,34,29,39,,1,0,H,0,0,D,20,10,3,2,10,13,6,2,2,5,0,0,3,0,1,1
469,2,20161023,8,21,25,,4,0,H,2,0,H,14,16,6,5,7,17,5,7,3,2,0,0,3,0,4,4
470,2,20161023,20,27,26,,1,1,D,0,1,A,14,6,3,2,11,10,10,3,3,3,0,0,1,1,2,0
471,2,20161029,10,18,4,,2,4,A,2,3,A,7,17,6,10,15,5,3,3,1,2,0,0,0,3,6,-2
472,2,20161029,21,6,26,,0,0,D,0,0,D,37,7,11,1,12,9,19,1,1,3,1,0,1,1,0,0
473,2,20161029,22,1,42,,2,0,H,1,0,H,10,15,3,3,3,5,4,7,1,1,0,0,3,0,2,2
474,2,20161029,29,2,25,,1,4,A,0,1,A,3,21,1,7,9,13,0,8,4,3,0,0,0,3,5,-3
475,2,20161029,31,17,39,,1,1,D,1,0,H,22,6,5,1,11,20,8,1,3,4,0,0,1,1,2,0
476,2,20161029,32,14,17,,1,0,H,0,0,D,22,8,0,2,13,8,7,2,1,2,0,0,3,0,1,1
477,2,20161029,33,20,22,,0,4,A,0,2,A,9,21,1,8,17,10,1,7,4,3,0,0,0,3,4,-4
478,2,20161030,11,34,6,,2,0,H,0,0,D,17,13,6,3,15,12,8,8,2,3,0,0,3,0,2,2
479,2,20161030,27,8,29,,0,2,A,0,1,A,9,13,1,7,13,16,7,3,0,0,0,0,0,3,2,-2
480,2,20161031,28,30,30,,3,1,H,1,1,D,17,14,4,6,7,14,6,4,2,0,0,0,3,0,4,2
481,2,20161105,1,29,27,,1,2,A,1,1,D,22,9,7,4,14,17,12,2,3,2,0,1,0,3,3,-1
482,2,20161105,6,10,6,,3,2,H,2,0,H,14,16,7,5,11,12,4,7,1,2,0,0,3,0,5,1
483,2,20161105,8,11,39,,5,0,H,3,0,H,21,1,9,0,5,16,4,2,0,3,0,0,3,0,5,5
484,2,20161105,20,22,19,,1,1,D,1,0,H,25,5,7,3,7,15,8,2,1,3,0,0,1,1,2,0
485,2,20161105,34,28,4,,1,1,D,0,0,D,9,12,2,4,11,10,6,4,4,1,0,0,1,1,2,0
486,2,20161106,2,31,26,,1,1,D,1,0,H,15,10,2,3,11,17,7,2,1,2,0,0,1,1,2,0
487,2,20161106,14,27,14,,2,1,H,0,1,A,6,19,2,7,13,15,1,10,0,5,0,0,3,0,3,1
488,2,20161106,17,33,8,,1,2,A,0,0,D,5,11,2,5,8,8,5,6,0,2,0,0,0,3,3,-1
489,2,20161106,18,32,30,,6,1,H,3,0,H,28,11,17,8,14,10,6,3,1,2,0,0,3,0,7,5
490,2,20161106,30,21,32,,1,3,A,0,3,A,6,9,1,3,9,16,2,0,0,2,0,0,0,3,4,-2
491,2,20161119,10,20,39,,1,2,A,0,1,A,9,10,2,4,12,15,2,7,1,2,0,0,0,3,3,-1
492,2,20161119,11,30,25,,1,1,D,0,1,A,14,5,6,3,13,12,10,3,4,2,0,0,1,1,2,0
493,2,20161119,21,2,4,,1,1,D,0,0,D,12,5,5,1,14,11,10,4,3,3,0,0,1,1,2,0
494,2,20161119,27,18,26,,0,0,D,0,0,D,3,15,0,2,8,11,1,8,1,1,0,0,1,1,0,0
495,2,20161119,28,1,37,,0,1,A,0,1,A,14,9,6,2,17,10,3,4,3,2,0,0,0,3,1,-1
496,2,20161119,29,14,22,,3,0,H,1,0,H,11,17,4,7,9,8,2,8,1,0,1,0,3,0,3,3
497,2,20161119,31,34,27,,3,2,H,0,1,A,14,11,6,3,13,16,4,5,3,2,0,1,3,0,5,1
498,2,20161119,32,17,32,,2,1,H,2,1,H,10,10,3,2,12,18,4,6,2,3,0,0,3,0,3,1
499,2,20161120,22,8,17,,0,1,A,0,1,A,12,13,1,3,13,10,2,3,2,3,0,0,0,3,1,-1
500,2,20161121,33,6,29,,4,0,H,3,0,H,16,5,6,2,12,12,4,3,0,0,0,0,3,0,4,4
501,2,20161126,6,20,4,,1,2,A,1,1,D,10,21,5,5,5,15,5,8,2,3,0,0,0,3,3,-1
502,2,20161126,8,31,30,,2,1,H,1,1,D,9,12,5,6,13,16,3,8,2,1,0,0,3,0,3,1
503,2,20161126,14,33,36,,1,1,D,0,1,A,10,11,4,2,7,10,2,6,3,2,0,0,1,1,2,0
504,2,20161126,17,22,22,,2,2,D,1,1,D,11,6,3,2,15,12,2,3,4,4,0,0,1,1,4,0
505,2,20161126,18,29,6,,2,0,H,0,0,D,27,6,7,1,5,9,9,4,1,3,0,0,3,0,2,2
506,2,20161126,30,10,19,,5,4,H,1,1,D,18,12,9,4,12,24,10,6,4,5,0,0,3,0,9,1
507,2,20161127,2,1,29,,3,1,H,1,1,D,16,9,3,3,12,13,3,10,3,5,0,0,3,0,4,2
508,2,20161127,21,34,17,,1,1,D,1,1,D,17,6,8,2,16,16,8,4,3,1,0,0,1,1,2,0
509,2,20161127,27,11,8,,1,0,H,1,0,H,17,13,7,1,11,15,5,2,0,2,0,0,3,0,1,1
510,2,20161127,32,28,39,,0,1,A,0,1,A,11,14,2,1,24,14,3,3,3,0,1,0,0,3,1,-1
511,2,20161203,10,27,32,,3,0,H,2,0,H,9,17,4,3,11,13,4,9,3,1,0,0,3,0,3,3
512,2,20161203,20,8,6,,1,3,A,1,0,H,14,10,5,4,14,9,9,2,2,3,2,0,0,3,4,-2
513,2,20161203,28,6,26,,2,0,H,2,0,H,10,14,4,4,7,13,4,9,3,2,0,0,3,0,2,2
514,2,20161203,29,17,4,,2,1,H,0,0,D,22,17,6,5,8,12,3,4,3,1,0,0,3,0,3,1
515,2,20161203,31,30,17,,5,0,H,2,0,H,28,1,15,0,11,17,5,0,0,4,0,0,3,0,5,5
516,2,20161203,33,32,14,,3,1,H,2,0,H,11,17,3,5,12,8,3,4,2,1,0,1,3,0,4,2
517,2,20161203,34,2,8,,1,5,A,0,1,A,10,19,3,10,10,11,3,2,3,3,0,0,0,3,6,-4
518,2,20161204,1,18,39,,4,3,H,0,2,A,12,10,8,3,9,17,4,9,2,2,0,0,3,0,7,1
519,2,20161204,11,21,30,,1,1,D,0,1,A,13,10,6,2,13,11,6,3,2,3,0,0,1,1,2,0
520,2,20161205,22,14,27,,1,0,H,0,0,D,16,6,4,2,6,11,13,7,1,1,0,0,3,0,1,1
521,2,20161210,2,28,22,,3,1,H,1,1,D,21,12,6,5,9,6,7,7,0,0,0,0,3,0,4,2
522,2,20161210,6,1,25,,3,2,H,2,1,H,16,17,7,4,14,18,4,11,2,2,0,0,3,0,5,1
523,2,20161210,14,10,29,,3,3,D,1,0,H,15,14,6,6,16,14,4,7,2,4,0,0,1,1,6,0
524,2,20161210,17,20,30,,4,2,H,3,0,H,10,19,6,4,10,7,3,11,2,1,0,0,3,0,6,2
525,2,20161210,30,29,8,,3,0,H,0,0,D,14,11,5,2,10,8,7,4,1,2,0,0,3,0,3,3
526,2,20161210,32,11,6,,3,2,H,1,1,D,11,11,6,4,11,16,2,4,2,2,0,0,3,0,5,1
527,2,20161211,8,33,27,,1,0,H,0,0,D,12,6,2,1,6,10,3,1,2,4,0,0,3,0,1,1
528,2,20161211,18,34,26,,2,2,D,1,2,A,18,7,3,3,7,8,11,4,2,0,0,0,1,1,4,0
529,2,20161211,21,31,39,,1,0,H,1,0,H,15,12,5,4,19,17,3,8,3,3,0,0,3,0,1,1
530,2,20161211,27,22,42,,1,0,H,0,0,D,14,6,3,2,14,12,4,2,4,3,0,0,3,0,1,1
531,2,20161213,1,17,36,,1,0,H,1,0,H,9,12,3,4,5,15,4,11,0,3,0,0,3,0,1,1
532,2,20161213,11,2,26,,2,1,H,1,1,D,14,9,4,3,10,10,8,3,1,1,1,0,3,0,3,1
533,2,20161214,10,21,8,,1,2,A,0,1,A,6,16,3,6,16,10,1,8,2,2,0,0,0,3,3,-1
534,2,20161214,20,32,19,,2,0,H,1,0,H,13,5,7,2,16,20,5,2,1,2,0,0,3,0,2,2
535,2,20161214,22,18,17,,0,3,A,0,1,A,8,15,3,4,11,14,5,2,1,0,0,0,0,3,3,-3
536,2,20161214,28,27,6,,0,0,D,0,0,D,5,15,3,4,9,10,3,11,1,2,1,0,1,1,0,0
537,2,20161214,29,8,32,,0,1,A,0,1,A,8,19,3,6,15,10,5,5,3,2,0,0,0,3,1,-1
538,2,20161214,31,14,4,,3,0,H,1,0,H,27,10,9,5,6,14,5,5,0,2,0,0,3,0,3,3
539,2,20161214,33,30,30,,3,1,H,0,0,D,13,8,4,4,8,8,0,11,0,0,0,0,3,0,4,2
540,2,20161214,34,6,39,,1,0,H,1,0,H,20,8,7,2,12,15,6,1,0,2,0,0,3,0,1,1
541,2,20161217,10,8,17,,0,1,A,0,1,A,6,13,2,6,12,15,5,3,2,3,0,0,0,3,1,-1
542,2,20161217,22,30,32,,3,0,H,2,0,H,10,14,4,2,10,11,3,8,1,0,0,0,3,0,3,3
543,2,20161217,28,17,8,,2,2,D,2,0,H,16,14,7,8,9,12,9,9,2,6,0,1,1,1,4,0
544,2,20161217,29,32,39,,1,0,H,0,0,D,12,9,4,4,10,9,4,11,1,2,0,0,3,0,1,1
545,2,20161217,33,21,6,,0,2,A,0,1,A,10,10,1,5,9,13,2,3,3,3,0,0,0,3,2,-2
546,2,20161217,34,14,22,,1,0,H,0,0,D,18,16,6,5,13,9,10,6,2,4,0,0,3,0,1,1
547,2,20161218,1,27,26,,1,3,A,1,1,D,10,14,5,8,6,12,7,4,0,2,0,0,0,3,4,-2
548,2,20161218,20,2,25,,2,1,H,0,1,A,14,6,5,1,9,13,8,1,4,2,0,0,3,0,3,1
549,2,20161218,31,6,19,,2,1,H,1,1,D,30,5,9,2,10,11,11,2,1,2,0,0,3,0,3,1
550,2,20161219,11,18,27,,0,1,A,0,0,D,6,11,1,4,13,9,1,6,3,1,0,0,0,3,1,-1
551,2,20161226,2,33,32,,1,0,H,0,0,D,26,3,11,1,11,7,6,5,2,1,0,0,3,0,1,1
552,2,20161226,6,22,8,,1,0,H,0,0,D,6,8,4,2,17,18,7,3,6,5,0,0,3,0,1,1
553,2,20161226,8,1,29,,3,0,H,1,0,H,14,7,4,3,13,14,5,5,1,1,0,0,3,0,3,3
554,2,20161226,14,20,39,,0,3,A,0,0,D,10,16,3,6,11,14,4,7,1,0,0,0,0,3,3,-3
555,2,20161226,17,11,42,,0,2,A,0,0,D,7,8,2,3,14,7,3,4,3,0,0,0,0,3,2,-2
556,2,20161226,21,29,25,,3,1,H,1,0,H,26,7,9,4,6,9,5,5,1,1,0,0,3,0,4,2
557,2,20161226,30,34,4,,1,4,A,0,1,A,14,14,7,7,10,12,8,4,0,0,0,0,0,3,5,-3
558,2,20161226,32,10,26,,1,1,D,0,1,A,9,10,3,4,18,17,7,3,2,4,0,0,1,1,2,0
559,2,20161227,18,28,30,,4,1,H,2,1,H,20,6,6,2,9,6,8,2,0,1,0,0,3,0,5,3
560,2,20161228,27,31,27,,1,4,A,1,1,D,9,17,2,5,7,16,2,10,1,4,1,0,0,3,5,-3
561,2,20161230,14,11,17,,2,2,D,1,1,D,13,20,4,7,10,13,5,5,2,2,0,0,1,1,4,0
562,2,20161231,6,29,14,,4,1,H,1,0,H,16,11,6,3,10,8,6,2,1,1,0,0,3,0,5,3
563,2,20161231,8,28,39,,4,2,H,1,0,H,18,5,7,2,12,10,8,3,3,2,0,0,3,0,6,2
564,2,20161231,17,34,6,,1,0,H,1,0,H,12,25,4,5,11,8,7,7,5,3,0,0,3,0,1,1
565,2,20161231,18,20,8,,1,0,H,1,0,H,5,9,1,2,12,12,4,6,2,1,0,0,3,0,1,1
566,2,20161231,21,22,22,,2,1,H,0,0,D,32,9,12,2,9,14,12,2,1,1,0,0,3,0,3,1
567,2,20161231,27,33,29,,1,2,A,1,1,D,10,7,1,3,13,17,8,3,1,3,1,0,0,3,3,-1
568,2,20161231,30,1,19,,0,3,A,0,2,A,14,11,5,6,14,9,4,3,2,0,0,0,0,3,3,-3
569,2,20170101,2,10,4,,2,0,H,1,0,H,22,7,7,4,9,7,8,4,1,1,0,0,3,0,2,2
570,2,20170101,32,31,30,,1,4,A,0,3,A,6,19,2,6,11,6,0,3,3,0,0,0,0,3,5,-3
571,2,20170102,11,27,19,,3,0,H,0,0,D,17,12,6,3,5,14,10,8,0,1,0,0,3,0,3,3
572,2,20170102,20,6,22,,2,1,H,0,0,D,14,11,3,3,11,11,8,8,4,3,1,0,3,0,3,1
573,2,20170102,22,17,39,,0,0,D,0,0,D,9,10,1,4,10,9,2,2,3,0,0,0,1,1,0,0
574,2,20170102,29,18,6,,2,2,D,1,1,D,10,21,5,15,10,10,2,5,2,3,0,0,1,1,4,0
575,2,20170102,33,14,26,,3,1,H,0,1,A,8,17,5,6,5,4,7,9,0,0,0,0,3,0,4,2
576,2,20170102,34,21,27,,0,2,A,0,0,D,8,13,2,6,9,13,2,1,1,2,1,0,0,3,2,-2
577,2,20170103,1,2,30,,3,3,D,2,0,H,12,14,6,4,10,12,4,7,3,3,1,0,1,1,6,0
578,2,20170103,10,30,36,,1,2,A,0,1,A,7,11,3,4,13,14,4,5,2,1,0,0,0,3,3,-1
579,2,20170103,28,32,32,,2,0,H,1,0,H,17,9,5,2,10,15,7,6,1,2,0,0,3,0,2,2
580,2,20170104,31,8,25,,2,0,H,1,0,H,9,11,2,2,9,8,1,6,3,2,0,0,3,0,2,2
581,2,20170114,6,27,36,,1,0,H,0,0,D,9,20,3,5,14,14,2,7,1,2,0,0,3,0,1,1
582,2,20170114,14,1,25,,3,1,H,1,1,D,14,8,3,6,13,11,4,5,0,1,0,0,3,0,4,2
583,2,20170114,17,8,4,,0,3,A,0,1,A,7,8,2,3,8,9,3,5,1,0,0,0,0,3,3,-3
584,2,20170114,29,28,27,,1,3,A,1,3,A,14,14,3,6,16,11,5,2,3,1,0,0,0,3,4,-2
585,2,20170114,30,2,29,,0,4,A,0,1,A,12,14,3,6,12,8,3,2,2,0,0,0,0,3,4,-4
586,2,20170114,31,33,6,,4,0,H,2,0,H,21,3,11,0,11,12,8,0,0,2,0,0,3,0,4,4
587,2,20170114,32,22,17,,0,0,D,0,0,D,12,5,5,1,15,15,3,1,3,1,0,0,1,1,0,0
588,2,20170114,34,10,32,,3,0,H,0,0,D,14,10,3,1,10,14,2,2,4,2,0,0,3,0,3,3
589,2,20170115,11,20,26,,4,0,H,1,0,H,6,13,4,5,17,7,3,6,2,2,0,0,3,0,4,4
590,2,20170115,21,18,30,,1,1,D,0,1,A,9,13,3,4,17,13,5,7,1,3,0,0,1,1,2,0
591,2,20170121,1,32,22,,2,2,D,0,1,A,15,10,5,3,6,16,9,4,1,1,0,0,1,1,4,0
592,2,20170121,10,11,6,,0,1,A,0,0,D,8,16,2,8,10,15,8,7,0,1,0,0,0,3,1,-1
593,2,20170121,18,30,19,,2,3,A,0,0,D,16,6,5,3,7,7,6,3,1,1,0,0,0,3,5,-1
594,2,20170121,20,31,4,,2,2,D,0,0,D,17,6,7,2,10,7,5,4,2,4,0,0,1,1,4,0
595,2,20170121,22,34,25,,1,3,A,1,2,A,11,13,2,5,7,14,7,5,2,1,0,0,0,3,4,-2
596,2,20170121,28,21,26,,1,1,D,1,0,H,6,25,1,8,12,13,1,7,4,0,0,0,1,1,2,0
597,2,20170121,33,29,8,,2,0,H,2,0,H,14,9,5,3,15,12,1,4,1,1,0,0,3,0,2,2
598,2,20170122,2,6,17,,2,1,H,0,0,D,24,13,8,7,12,11,10,4,1,3,1,0,3,0,3,1
599,2,20170122,8,14,32,,2,0,H,1,0,H,9,9,5,4,12,10,9,7,1,3,0,0,3,0,2,2
600,2,20170122,27,17,30,,3,0,H,2,0,H,20,11,7,2,8,10,7,2,0,1,0,0,3,0,3,3
601,2,20170131,1,10,17,,0,2,A,0,0,D,10,11,2,4,14,23,2,3,0,4,0,0,0,3,2,-2
602,2,20170131,2,32,4,,1,2,A,0,2,A,20,10,5,6,12,15,9,5,3,3,0,0,0,3,3,-1
603,2,20170131,6,17,27,,1,0,H,0,0,D,24,13,3,5,4,8,10,2,1,0,0,0,3,0,1,1
604,2,20170131,18,8,26,,1,1,D,0,1,A,7,8,3,2,13,8,3,3,2,1,0,0,1,1,2,0
605,2,20170131,22,33,42,,1,1,D,1,1,D,11,16,3,5,12,13,4,2,2,1,0,0,1,1,2,0
606,2,20170131,29,31,22,,0,0,D,0,0,D,3,14,1,3,9,13,2,12,2,1,0,0,1,1,0,0
607,2,20170131,30,27,37,,2,1,H,1,0,H,11,10,5,2,10,19,5,4,2,0,0,0,3,0,3,1
608,2,20170201,21,14,29,,0,0,D,0,0,D,15,6,6,2,20,16,7,1,1,4,0,0,1,1,0,0
609,2,20170201,28,11,8,,1,1,D,1,1,D,14,14,7,5,21,12,5,5,1,0,0,0,1,1,2,0
610,2,20170201,34,20,19,,0,4,A,0,3,A,6,11,1,4,11,14,2,4,3,3,0,0,0,3,4,-4
611,2,20170204,8,2,25,,3,1,H,1,0,H,13,9,6,5,14,8,10,13,1,1,0,0,3,0,4,2
612,2,20170204,10,29,4,,0,4,A,0,4,A,21,10,9,7,8,8,6,1,3,3,0,0,0,3,4,-4
613,2,20170204,11,1,29,,6,3,H,3,0,H,15,18,10,8,14,4,4,8,3,1,0,0,3,0,9,3
614,2,20170204,14,18,22,,2,0,H,1,0,H,7,22,4,5,9,12,1,15,2,1,0,0,3,0,2,2
615,2,20170204,27,34,14,,1,3,A,1,2,A,21,6,7,4,12,15,3,2,0,2,0,0,0,3,4,-2
616,2,20170204,31,22,26,,1,0,H,0,0,D,17,8,5,0,8,11,11,2,0,1,0,0,3,0,1,1
617,2,20170204,32,6,30,,2,1,H,2,0,H,16,11,7,7,12,10,3,6,5,0,0,1,3,0,3,1
618,2,20170204,33,28,19,,1,0,H,1,0,H,16,12,4,2,6,13,5,6,2,2,0,0,3,0,1,1
619,2,20170205,17,21,6,,0,3,A,0,2,A,11,15,1,9,12,13,10,3,2,4,0,0,0,3,3,-3
620,2,20170205,20,30,27,,2,1,H,1,0,H,17,4,5,2,9,13,10,3,2,3,0,0,3,0,3,1
621,2,20170211,2,14,26,,2,0,H,1,0,H,17,9,7,4,12,9,3,8,3,1,0,1,3,0,2,2
622,2,20170211,18,31,6,,2,0,H,2,0,H,17,7,9,2,14,14,10,3,3,4,0,0,3,0,2,2
623,2,20170211,21,32,39,,2,0,H,1,0,H,22,9,11,3,10,12,5,1,1,0,0,0,3,0,2,2
624,2,20170211,22,11,27,,0,0,D,0,0,D,9,7,3,3,14,9,5,2,2,0,0,0,1,1,0,0
625,2,20170211,28,10,25,,1,0,H,0,0,D,7,6,4,1,10,14,5,5,1,3,0,0,3,0,1,1
626,2,20170211,29,27,36,,0,4,A,0,2,A,6,15,1,8,12,14,6,2,1,0,0,0,0,3,4,-4
627,2,20170211,34,33,30,,2,2,D,0,1,A,16,8,4,3,7,14,7,5,3,2,0,0,1,1,4,0
628,2,20170212,6,8,19,,1,1,D,1,1,D,6,13,4,2,12,11,1,1,3,2,0,0,1,1,2,0
629,2,20170212,30,17,17,,2,0,H,2,0,H,10,9,4,1,7,14,7,3,2,2,0,0,3,0,2,2
630,2,20170213,1,20,32,,0,2,A,0,1,A,5,17,1,5,8,11,3,7,2,3,0,0,0,3,2,-2
631,2,20170225,8,30,32,,3,1,H,1,1,D,16,3,5,2,11,14,8,1,1,3,0,0,3,0,4,2
632,2,20170225,10,22,39,,1,0,H,1,0,H,15,11,3,4,13,15,4,2,3,1,0,0,3,0,1,1
633,2,20170225,11,29,42,,2,0,H,1,0,H,20,10,8,1,10,16,10,6,0,2,0,0,3,0,2,2
634,2,20170225,14,6,25,,1,1,D,0,0,D,15,10,1,3,8,13,6,3,1,1,0,1,1,1,2,0
635,2,20170225,32,34,8,,1,1,D,1,0,H,9,13,1,2,18,14,4,6,4,1,0,1,1,1,2,0
636,2,20170225,33,1,26,,2,1,H,2,1,H,13,12,4,4,12,5,8,6,2,0,0,0,3,0,3,1
637,2,20170226,31,28,17,,4,0,H,4,0,H,21,5,9,3,11,14,8,5,2,3,0,0,3,0,4,4
638,2,20170227,17,18,30,,3,1,H,2,0,H,13,17,7,7,8,5,5,12,0,0,0,0,3,0,4,2
639,2,20170304,17,14,27,,3,1,H,1,1,D,17,10,5,4,12,13,10,4,1,1,0,0,3,0,4,2
640,2,20170304,18,2,39,,3,1,H,2,0,H,18,7,7,3,8,15,9,3,1,2,0,0,3,0,4,2
641,2,20170304,21,1,19,,1,1,D,1,1,D,20,3,7,1,9,11,15,2,3,2,0,1,1,1,2,0
642,2,20170304,28,22,8,,2,0,H,2,0,H,13,8,8,2,16,20,6,1,1,2,0,0,3,0,2,2
643,2,20170304,30,6,6,,3,2,H,1,1,D,23,6,10,4,7,13,9,2,2,2,0,0,3,0,5,1
644,2,20170304,32,27,17,,3,4,A,1,2,A,16,20,4,11,16,9,6,5,3,2,0,0,0,3,7,-1
645,2,20170304,33,10,29,,0,2,A,0,0,D,11,10,1,4,8,12,5,5,0,1,0,0,0,3,2,-2
646,2,20170305,29,20,25,,0,2,A,0,1,A,11,14,3,7,11,4,6,4,1,0,0,0,0,3,2,-2
647,2,20170305,31,11,30,,3,2,H,1,0,H,20,8,7,4,9,14,7,2,1,2,0,0,3,0,5,1
648,2,20170306,34,8,4,,1,2,A,0,1,A,11,9,2,4,8,8,6,4,0,1,0,0,0,3,3,-1
649,2,20170308,20,28,32,,0,0,D,0,0,D,12,5,1,2,8,11,8,1,1,3,0,0,1,1,0,0
650,2,20170311,1,34,39,,3,2,H,1,1,D,21,15,9,7,20,15,5,6,4,2,0,0,3,0,5,1
651,2,20170311,11,33,14,,3,0,H,2,0,H,16,5,5,2,8,12,4,6,1,2,0,0,3,0,3,3
652,2,20170311,14,30,4,,2,1,H,0,0,D,15,11,7,3,14,5,2,7,3,1,0,0,3,0,3,1
653,2,20170312,18,6,8,,2,1,H,1,1,D,10,11,3,1,12,16,11,1,2,2,0,0,3,0,3,1
654,2,20170318,1,30,27,,2,0,H,1,0,H,12,10,6,1,10,9,2,4,0,2,0,0,3,0,2,2
655,2,20170318,10,32,25,,1,0,H,0,0,D,7,6,0,2,8,15,3,2,0,2,0,0,3,0,1,1
656,2,20170318,11,14,36,,4,0,H,1,0,H,14,6,8,0,9,7,5,8,2,0,0,1,3,0,4,4
657,2,20170318,28,8,6,,1,2,A,1,1,D,5,20,1,7,16,11,5,11,4,2,1,0,0,3,3,-1
658,2,20170318,29,6,39,,0,0,D,0,0,D,14,17,5,3,14,7,3,5,2,1,0,0,1,1,0,0
659,2,20170318,33,2,32,,3,1,H,1,1,D,12,11,8,2,5,6,4,5,1,0,0,0,3,0,4,2
660,2,20170318,34,17,37,,2,3,A,1,3,A,20,11,7,5,10,14,6,5,0,1,0,0,0,3,5,-1
661,2,20170319,20,18,30,,1,1,D,0,0,D,13,13,3,4,14,7,9,8,3,3,0,0,1,1,2,0
662,2,20170319,22,21,17,,1,3,A,0,1,A,10,14,3,6,9,8,8,3,1,1,0,0,0,3,4,-2
663,2,20170319,31,27,4,,2,1,H,2,0,H,12,8,6,3,12,13,5,1,3,3,0,0,3,0,3,1
664,2,20170401,6,31,42,,0,2,A,0,0,D,13,19,2,7,9,6,3,7,2,0,0,0,0,3,2,-2
665,2,20170401,8,10,8,,1,2,A,1,2,A,24,8,11,3,12,14,9,3,3,2,0,0,0,3,3,-1
666,2,20170401,14,34,29,,2,1,H,0,1,A,7,12,3,4,16,9,5,5,2,2,0,0,3,0,3,1
667,2,20170401,17,28,22,,2,0,H,1,0,H,23,10,10,2,7,11,10,4,1,4,0,0,3,0,2,2
668,2,20170401,18,11,6,,3,1,H,2,1,H,10,9,6,4,17,10,2,3,1,3,0,0,3,0,4,2
669,2,20170401,21,33,27,,0,0,D,0,0,D,18,3,3,1,15,13,6,1,3,3,0,0,1,1,0,0
670,2,20170401,27,1,17,,0,0,D,0,0,D,14,12,4,3,14,8,6,3,1,0,0,0,1,1,0,0
671,2,20170401,32,29,23,,1,0,H,0,0,D,23,11,10,3,12,8,13,9,1,3,0,0,3,0,1,1
672,2,20170402,2,20,4,,2,2,D,1,2,A,8,14,3,5,8,15,3,8,3,2,0,0,1,1,4,0
673,2,20170402,30,22,39,,0,0,D,0,0,D,15,8,3,1,9,16,11,3,2,3,0,0,1,1,0,0
674,2,20170404,6,28,19,,1,0,H,0,0,D,7,15,3,2,9,16,3,5,3,2,0,0,3,0,1,1
675,2,20170404,17,29,14,,2,0,H,0,0,D,19,15,8,3,12,13,5,6,0,1,0,0,3,0,2,2
676,2,20170404,21,11,32,,1,1,D,0,1,A,18,11,3,4,10,18,6,5,1,4,0,1,1,1,2,0
677,2,20170404,32,33,36,,2,0,H,1,0,H,9,18,2,2,11,14,5,6,1,4,1,0,3,0,2,2
678,2,20170405,2,34,25,,3,0,H,0,0,D,21,7,8,2,11,5,5,0,2,2,0,0,3,0,3,3
679,2,20170405,8,20,27,,2,1,H,2,1,H,10,17,4,7,10,14,2,9,1,3,0,0,3,0,3,1
680,2,20170405,14,22,30,,4,2,H,3,2,H,17,12,5,4,13,12,8,4,2,1,0,0,3,0,6,2
681,2,20170405,18,1,22,,2,2,D,1,1,D,20,7,8,2,11,8,7,2,1,1,0,0,1,1,4,0
682,2,20170405,27,10,37,,3,1,H,1,1,D,25,17,9,3,16,11,11,11,2,1,0,0,3,0,4,2
683,2,20170405,30,31,17,,1,3,A,1,0,H,4,18,1,8,7,8,5,7,1,1,0,0,0,3,4,-2
684,2,20170408,1,8,4,,1,3,A,1,2,A,12,15,1,5,7,11,4,4,2,3,0,0,0,3,4,-2
685,2,20170408,20,14,17,,3,1,H,1,0,H,23,6,7,1,6,8,7,3,0,2,0,0,3,0,4,2
686,2,20170408,22,6,25,,0,0,D,0,0,D,12,7,5,2,9,12,4,3,0,3,0,0,1,1,0,0
687,2,20170408,28,18,27,,1,2,A,1,0,H,9,14,4,4,7,11,5,8,0,2,0,0,0,3,3,-1
688,2,20170408,31,32,6,,4,0,H,3,0,H,19,8,6,2,12,12,7,5,0,1,0,0,3,0,4,4
689,2,20170408,33,27,7,,0,1,A,0,1,A,17,10,6,3,12,12,7,3,2,2,0,0,0,3,1,-1
690,2,20170408,34,30,19,,1,0,H,1,0,H,14,4,6,1,12,12,4,3,5,1,0,0,3,0,1,1
691,2,20170409,11,17,39,,4,2,H,3,2,H,12,6,7,4,8,15,4,6,2,2,0,0,3,0,6,2
692,2,20170409,29,21,8,,0,3,A,0,1,A,9,18,4,9,14,20,4,5,1,5,1,0,0,3,3,-3
693,2,20170410,10,2,30,,3,0,H,1,0,H,17,11,6,3,11,10,5,8,0,1,0,0,3,0,3,3
694,2,20170415,10,17,27,,2,2,D,0,1,A,15,6,4,2,10,16,8,5,0,2,0,0,1,1,4,0
695,2,20170415,11,6,26,,3,1,H,0,0,D,29,13,7,6,15,14,6,7,2,0,0,0,3,0,4,2
696,2,20170415,27,20,32,,0,3,A,0,0,D,8,18,1,5,9,8,3,8,3,0,0,0,0,3,3,-3
697,2,20170415,28,14,42,,3,1,H,1,0,H,14,14,4,3,12,5,3,7,0,2,0,0,3,0,4,2
698,2,20170415,29,34,4,,2,2,D,1,1,D,14,7,4,3,14,10,8,1,1,0,0,1,1,1,4,0
699,2,20170415,31,1,30,,4,0,H,2,0,H,24,5,14,1,8,10,13,1,0,1,0,0,3,0,4,4
700,2,20170415,32,30,22,,1,0,H,1,0,H,15,13,7,4,8,13,6,2,0,0,0,0,3,0,1,1
701,2,20170416,21,8,39,,2,0,H,1,0,H,9,5,3,0,16,20,1,3,3,3,0,0,3,0,2,2
702,2,20170416,33,18,17,,0,1,A,0,1,A,7,15,2,2,15,9,4,4,3,1,0,0,0,3,1,-1
703,2,20170417,22,2,6,,1,2,A,0,1,A,13,12,5,4,11,16,2,4,2,2,0,0,0,3,3,-1
704,2,20170422,1,22,14,,4,0,H,2,0,H,20,5,10,2,4,14,4,3,0,2,0,1,3,0,4,4
705,2,20170422,14,32,39,,2,0,H,0,0,D,8,13,3,2,10,11,4,7,3,1,1,0,3,0,2,2
706,2,20170422,30,28,30,,2,0,H,1,0,H,10,9,6,3,5,14,11,4,2,2,0,0,3,0,2,2
707,2,20170422,34,11,37,,0,0,D,0,0,D,15,4,3,0,9,15,8,4,2,3,0,0,1,1,0,0
708,2,20170423,6,21,6,,0,2,A,0,2,A,8,12,0,6,17,16,3,3,2,1,0,0,0,3,2,-2
709,2,20170423,18,10,4,,1,2,A,1,1,D,14,7,1,3,8,10,4,3,1,2,0,0,0,3,3,-1
710,2,20170425,8,27,22,,4,2,H,2,1,H,17,12,7,4,13,9,6,7,2,2,0,0,3,0,6,2
711,2,20170426,2,17,29,,1,0,H,0,0,D,12,7,5,3,9,13,12,1,2,4,0,0,3,0,1,1
712,2,20170426,10,31,17,,0,1,A,0,0,D,6,18,1,4,13,15,2,11,3,3,0,0,0,3,1,-1
713,2,20170426,22,29,27,,1,0,H,1,0,H,6,10,2,4,15,11,3,5,3,3,0,0,3,0,1,1
714,2,20170427,20,21,25,,0,0,D,0,0,D,19,3,6,1,10,8,7,4,1,0,0,1,1,1,0,0
715,2,20170429,10,6,39,,0,2,A,0,1,A,15,9,5,3,11,12,14,4,2,0,0,0,0,3,2,-2
716,2,20170429,27,14,27,,0,0,D,0,0,D,11,9,2,1,9,13,6,6,0,3,0,0,1,1,0,0
717,2,20170429,28,34,23,,0,0,D,0,0,D,19,12,4,4,12,3,5,3,1,0,0,0,1,1,0,0
718,2,20170429,29,1,42,,0,1,A,0,0,D,17,15,5,7,13,9,6,5,3,2,0,0,0,3,1,-1
719,2,20170429,33,17,26,,0,1,A,0,1,A,16,6,4,1,14,9,5,6,2,2,0,0,0,3,1,-1
720,2,20170430,11,8,17,,0,3,A,0,0,D,12,11,4,5,13,11,2,4,3,4,0,0,0,3,3,-3
721,2,20170430,21,30,32,,1,1,D,1,0,H,12,12,6,4,11,13,5,2,2,2,0,0,1,1,2,0
722,2,20170430,22,20,19,,2,2,D,1,0,H,14,22,6,4,9,9,4,11,4,4,0,0,1,1,4,0
723,2,20170430,31,2,30,,2,0,H,0,0,D,20,12,11,4,7,15,14,5,1,3,0,0,3,0,2,2
724,2,20170501,32,18,8,,0,1,A,0,1,A,9,12,2,8,11,9,3,5,3,1,0,0,0,3,1,-1
725,2,20170505,34,31,6,,1,0,H,0,0,D,13,11,5,5,8,9,3,7,4,2,0,0,3,0,1,1
726,2,20170506,1,28,36,,2,2,D,0,1,A,12,14,2,3,10,15,0,7,2,0,0,0,1,1,4,0
727,2,20170506,6,33,29,,2,2,D,0,0,D,14,11,4,3,9,14,5,8,1,3,0,0,1,1,4,0
728,2,20170506,14,29,32,,0,2,A,0,0,D,16,12,6,5,10,8,7,4,3,1,0,0,0,3,2,-2
729,2,20170506,17,32,37,,3,0,H,1,0,H,11,14,5,7,8,10,10,1,0,0,0,0,3,0,3,3
730,2,20170506,20,10,30,,5,0,H,1,0,H,26,5,12,2,12,8,9,3,1,3,0,0,3,0,5,5
731,2,20170506,30,11,25,,1,0,H,1,0,H,9,8,4,2,5,13,9,5,0,0,0,0,3,0,1,1
732,2,20170507,2,21,4,,2,0,H,0,0,D,9,10,4,4,14,10,5,9,1,0,0,0,3,0,2,2
733,2,20170507,18,27,39,,0,0,D,0,0,D,17,4,8,0,9,4,3,6,1,3,0,0,1,1,0,0
734,2,20170508,8,22,8,,3,0,H,2,0,H,21,2,7,1,8,21,8,1,0,2,0,0,3,0,3,3
735,2,20170510,27,2,17,,0,2,A,0,0,D,14,11,3,4,5,5,8,5,1,2,0,0,0,3,2,-2
736,2,20170512,11,32,19,,1,0,H,0,0,D,15,14,6,2,7,11,9,8,0,3,0,0,3,0,1,1
737,2,20170512,33,8,30,,0,1,A,0,0,D,7,24,2,5,13,8,5,8,3,0,0,0,0,3,1,-1
738,2,20170513,1,6,23,,2,1,H,1,0,H,18,14,6,3,6,11,7,1,0,1,0,0,3,0,3,1
739,2,20170513,20,17,39,,2,1,H,2,1,H,17,9,5,4,12,16,9,3,3,3,0,0,3,0,3,1
740,2,20170513,22,27,6,,1,2,A,0,1,A,14,14,3,4,19,11,6,3,3,0,0,0,0,3,3,-1
741,2,20170513,28,2,27,,1,4,A,0,1,A,10,10,4,6,13,7,7,6,1,2,0,0,0,3,5,-3
742,2,20170513,29,30,4,,0,2,A,0,2,A,13,3,4,3,13,6,8,4,4,0,0,0,0,3,2,-2
743,2,20170514,10,14,25,,4,0,H,2,0,H,12,9,4,0,13,14,3,7,3,5,0,0,3,0,4,4
744,2,20170514,31,21,17,,2,1,H,1,0,H,14,8,7,2,14,15,8,3,1,2,0,0,3,0,3,1
745,2,20170514,34,18,32,,0,4,A,0,1,A,10,26,3,11,5,10,4,6,2,0,0,0,0,3,4,-4
746,2,20170515,8,32,22,,4,3,H,2,1,H,24,9,9,3,7,12,8,3,2,4,0,1,3,0,7,1
747,2,20170516,2,29,37,,2,0,H,0,0,D,36,6,13,2,15,10,17,3,4,2,0,0,3,0,2,2
748,2,20170516,20,33,8,,3,1,H,2,0,H,21,5,10,2,8,11,7,1,1,2,0,0,3,0,4,2
749,2,20170517,27,21,27,,0,0,D,0,0,D,17,11,6,1,7,10,7,3,2,1,0,0,1,1,0,0
750,2,20170518,17,31,30,,1,6,A,0,2,A,12,26,5,12,11,8,4,4,3,1,0,0,0,3,7,-5
751,2,20170521,2,11,30,,3,1,H,2,0,H,17,22,9,7,10,15,4,6,2,4,1,0,3,0,4,2
752,2,20170521,6,34,39,,1,2,A,1,1,D,9,14,1,4,11,14,2,5,2,2,0,0,0,3,3,-1
753,2,20170521,8,29,32,,5,1,H,1,1,D,28,7,8,3,8,15,11,1,1,1,0,0,3,0,6,4
754,2,20170521,14,31,4,,1,7,A,0,3,A,10,19,4,14,14,5,2,3,0,0,0,0,0,3,8,-6
755,2,20170521,17,1,51,,1,1,D,0,1,A,21,10,5,4,11,10,9,1,4,1,0,0,1,1,2,0
756,2,20170521,18,22,25,,3,0,H,1,0,H,25,9,10,3,13,8,3,3,0,1,0,0,3,0,3,3
757,2,20170521,21,10,6,,2,0,H,2,0,H,9,6,2,1,16,10,3,6,2,0,0,0,3,0,2,2
758,2,20170521,27,28,23,,0,1,A,0,0,D,14,14,6,3,12,10,4,10,2,4,0,0,0,3,1,-1
759,2,20170521,30,33,27,,2,1,H,0,1,A,12,16,2,5,8,10,7,4,1,1,0,0,3,0,3,1
760,2,20170521,32,20,17,,0,5,A,0,4,A,6,15,3,9,12,10,4,5,1,0,0,0,0,3,5,-5
761,3,20170811,2,17,27,,4,3,H,2,2,D,27,6,10,3,9,12,9,4,0,1,0,0,3,0,7,1
762,3,20170812,5,20,30,,0,2,A,0,0,D,6,14,2,4,6,9,3,10,0,2,0,0,0,3,2,-2
763,3,20170812,8,6,8,,2,3,A,0,3,A,19,10,6,5,16,11,8,5,3,3,2,0,0,3,5,-1
764,3,20170812,10,13,17,,0,3,A,0,2,A,14,8,4,6,7,19,12,9,1,3,0,0,0,3,3,-3
765,3,20170812,11,28,32,,1,0,H,1,0,H,9,9,4,1,13,10,6,7,1,1,0,0,3,0,1,1
766,3,20170812,27,30,29,,0,0,D,0,0,D,29,4,2,0,10,13,13,0,2,1,0,0,1,1,0,0
767,3,20170812,32,18,6,,3,3,D,2,1,H,9,14,4,5,14,8,3,3,0,3,0,0,1,1,6,0
768,3,20170812,33,1,39,,1,0,H,1,0,H,16,9,6,2,15,3,8,2,3,1,0,0,3,0,1,1
769,3,20170813,21,34,25,,4,0,H,1,0,H,22,9,6,1,19,7,11,1,2,2,0,0,3,0,4,4
770,3,20170813,23,31,4,,0,2,A,0,0,D,6,18,3,6,6,10,5,7,1,2,1,0,0,3,2,-2
771,3,20170819,1,32,37,,0,2,A,0,0,D,6,19,2,7,6,14,8,5,1,3,0,0,0,3,2,-2
772,3,20170819,6,33,25,,0,1,A,0,0,D,20,8,0,1,11,11,5,5,1,0,0,1,0,3,1,-1
773,3,20170819,17,5,23,,2,0,H,1,0,H,14,5,4,2,8,10,6,2,1,0,0,0,3,0,2,2
774,3,20170819,18,10,19,,1,0,H,0,0,D,23,4,13,1,12,13,4,2,1,3,0,0,3,0,1,1
775,3,20170819,27,34,22,,3,2,H,2,1,H,14,16,5,8,18,10,7,2,1,1,0,1,3,0,5,1
776,3,20170819,28,2,4,,1,0,H,0,0,D,11,18,4,6,6,11,2,9,0,0,0,0,3,0,1,1
777,3,20170819,30,21,17,,0,4,A,0,1,A,6,17,1,8,12,11,3,5,1,1,0,0,0,3,4,-4
778,3,20170820,13,23,8,,1,0,H,0,0,D,7,13,3,5,13,10,7,3,3,4,0,0,3,0,1,1
779,3,20170820,31,8,6,,1,2,A,0,1,A,18,9,6,2,14,21,14,3,3,3,0,0,0,3,3,-1
780,3,20170821,20,11,39,,1,1,D,0,1,A,19,7,6,2,7,9,7,1,1,2,1,1,1,1,2,0
781,3,20170826,1,20,27,,1,2,A,1,1,D,9,19,3,8,13,14,2,5,5,4,0,1,0,3,3,-1
782,3,20170826,10,30,4,,0,2,A,0,1,A,16,7,3,3,9,6,1,1,4,1,0,0,0,3,2,-2
783,3,20170826,13,27,42,,0,0,D,0,0,D,16,6,6,3,10,10,5,4,0,1,0,0,1,1,0,0
784,3,20170826,21,17,30,,2,0,H,0,0,D,22,11,7,4,8,7,9,3,1,2,0,0,3,0,2,2
785,3,20170826,23,34,32,,3,0,H,1,0,H,16,8,8,3,17,11,7,5,1,3,0,0,3,0,3,3
786,3,20170826,32,5,14,,0,0,D,0,0,D,8,16,0,2,7,18,3,11,0,1,1,0,1,1,0,0
787,3,20170827,8,11,17,,2,0,H,2,0,H,18,7,7,0,12,7,6,3,2,2,0,0,3,0,2,2
788,3,20170827,18,2,8,,4,0,H,2,0,H,18,8,10,0,6,9,4,3,2,4,0,0,3,0,4,4
789,3,20170827,31,6,22,,1,1,D,0,0,D,28,13,5,3,9,9,10,7,0,0,0,0,1,1,2,0
790,3,20170827,33,28,6,,1,1,D,0,0,D,10,16,2,2,10,9,10,4,2,2,0,0,1,1,2,0
791,3,20170909,2,1,6,,3,0,H,2,0,H,17,7,9,2,14,10,10,3,0,1,0,0,3,0,3,3
792,3,20170909,5,33,7,,3,1,H,1,0,H,12,12,6,3,9,4,2,6,2,0,0,0,3,0,4,2
793,3,20170909,11,31,14,,0,3,A,0,2,A,12,15,1,6,14,14,7,3,3,1,0,0,0,3,3,-3
794,3,20170909,17,8,22,,1,2,A,0,1,A,8,16,2,6,11,8,2,9,1,0,0,0,0,3,3,-1
795,3,20170909,20,18,17,,5,0,H,2,0,H,13,10,7,3,10,9,8,3,2,2,0,1,3,0,5,5
796,3,20170909,27,32,23,,0,2,A,0,1,A,9,12,1,3,8,11,7,4,0,0,0,0,0,3,2,-2
797,3,20170909,28,21,32,,2,2,D,1,1,D,10,18,5,8,10,10,5,11,0,0,0,0,1,1,4,0
798,3,20170910,6,10,30,,1,0,H,1,0,H,4,23,2,5,7,14,3,13,1,1,0,0,3,0,1,1
799,3,20170910,30,23,29,,0,1,A,0,0,D,10,16,4,8,11,15,7,5,2,3,0,0,0,3,1,-1
800,3,20170911,34,13,19,,2,0,H,0,0,D,19,10,3,2,11,14,10,3,1,2,0,0,3,0,2,2
801,3,20170915,1,5,8,,2,1,H,0,0,D,15,9,3,2,5,12,6,4,0,0,0,0,3,0,3,1
802,3,20170916,10,27,39,,0,1,A,0,1,A,14,13,3,4,14,13,5,5,5,1,0,0,0,3,1,-1
803,3,20170916,13,17,17,,1,1,D,0,0,D,15,10,3,1,6,6,8,4,1,1,0,0,1,1,2,0
804,3,20170916,18,6,37,,1,1,D,1,1,D,35,5,9,4,7,9,12,2,1,2,0,0,1,1,2,0
805,3,20170916,23,28,42,,2,1,H,1,0,H,14,13,3,4,13,11,7,5,3,1,0,0,3,0,3,1
806,3,20170916,31,30,27,,0,0,D,0,0,D,26,4,8,0,11,9,11,1,1,3,0,0,1,1,0,0
807,3,20170916,32,20,6,,0,6,A,0,3,A,7,28,1,10,8,6,3,11,2,0,0,0,0,3,6,-6
808,3,20170916,33,34,36,,0,0,D,0,0,D,6,9,1,1,15,7,2,3,2,2,0,0,1,1,0,0
809,3,20170917,8,2,30,,0,0,D,0,0,D,13,11,4,2,11,15,5,1,1,3,1,0,1,1,0,0
810,3,20170917,21,11,4,,4,0,H,1,0,H,16,7,7,3,15,14,4,1,1,1,0,0,3,0,4,4
811,3,20170923,6,13,7,,0,0,D,0,0,D,5,9,3,2,9,13,3,4,3,2,0,0,1,1,0,0
812,3,20170923,11,1,25,,2,1,H,0,0,D,12,8,4,4,12,11,4,6,3,1,0,0,3,0,3,1
813,3,20170923,17,18,6,,2,3,A,1,2,A,12,23,7,6,13,14,3,6,3,3,0,0,0,3,5,-1
814,3,20170923,20,10,32,,5,0,H,1,0,H,25,5,9,0,6,7,8,2,3,1,0,0,3,0,5,5
815,3,20170923,27,21,8,,0,1,A,0,1,A,14,9,4,4,12,9,8,4,1,4,0,0,0,3,1,-1
816,3,20170923,28,8,27,,0,4,A,0,2,A,13,7,2,4,5,14,5,0,2,2,0,0,0,3,4,-4
817,3,20170923,30,32,22,,1,2,A,0,1,A,10,8,3,4,9,16,5,4,1,3,0,0,0,3,3,-1
818,3,20170923,34,31,30,,2,3,A,0,2,A,10,15,4,5,10,20,4,3,4,2,0,1,0,3,5,-1
819,3,20170924,5,23,4,,1,0,H,0,0,D,7,17,3,5,6,8,2,8,2,1,0,0,3,0,1,1
820,3,20170925,2,33,39,,2,0,H,1,0,H,16,7,6,3,8,17,7,4,1,4,0,0,3,0,2,2
821,3,20170930,1,17,14,,0,0,D,0,0,D,19,8,4,1,6,10,7,5,1,0,0,0,1,1,0,0
822,3,20170930,8,20,25,,0,1,A,0,0,D,4,17,2,6,8,13,4,8,0,2,0,0,0,3,1,-1
823,3,20170930,13,31,32,,0,4,A,0,3,A,6,14,1,7,7,4,4,7,1,1,0,0,0,3,4,-4
824,3,20170930,21,10,27,,4,0,H,2,0,H,18,6,7,1,6,9,6,5,0,0,0,0,3,0,4,4
825,3,20170930,28,27,29,,2,1,H,1,0,H,17,21,6,3,11,10,5,6,1,2,0,0,3,0,3,1
826,3,20170930,33,32,30,,2,2,D,2,1,H,9,15,4,3,12,11,7,6,3,0,0,0,1,1,4,0
827,3,20170930,34,30,37,,1,0,H,0,0,D,9,6,4,1,15,13,2,1,3,2,0,0,3,0,1,1
828,3,20171001,2,5,19,,2,0,H,1,0,H,25,9,12,1,7,8,6,5,0,2,0,0,3,0,2,2
829,3,20171001,11,6,17,,0,1,A,0,1,A,23,5,4,2,14,7,9,3,2,2,0,0,0,3,1,-1
830,3,20171001,23,18,8,,1,1,D,1,1,D,8,17,5,2,11,6,1,5,1,1,0,0,1,1,2,0
831,3,20171014,6,34,42,,1,1,D,0,1,A,20,8,5,6,11,14,7,4,2,2,0,1,1,1,2,0
832,3,20171014,10,8,4,,2,1,H,2,1,H,14,15,5,5,7,6,5,8,2,1,0,0,3,0,3,1
833,3,20171014,18,21,25,,0,0,D,0,0,D,19,6,5,1,7,13,7,3,0,2,0,0,1,1,0,0
834,3,20171014,20,28,8,,7,2,H,3,1,H,20,5,11,1,5,8,5,0,0,1,0,0,3,0,9,5
835,3,20171014,30,13,36,,2,0,H,1,0,H,7,7,3,2,12,16,5,3,1,5,0,0,3,0,2,2
836,3,20171014,31,1,39,,1,0,H,0,0,D,18,5,6,1,9,7,9,5,1,3,0,0,3,0,1,1
837,3,20171014,32,2,32,,2,1,H,0,1,A,11,9,2,6,8,10,2,5,1,0,0,0,3,0,3,1
838,3,20171015,5,11,30,,1,1,D,0,0,D,12,13,3,6,12,10,7,1,4,1,0,0,1,1,2,0
839,3,20171015,27,23,19,,2,2,D,0,1,A,12,19,2,5,11,12,3,8,1,2,0,0,1,1,4,0
840,3,20171016,17,33,27,,1,1,D,0,0,D,11,5,3,1,13,6,4,1,2,2,0,0,1,1,2,0
841,3,20171020,34,5,25,,0,3,A,0,2,A,16,7,2,5,5,13,10,3,1,0,0,0,0,3,3,-3
842,3,20171021,8,32,17,,4,2,H,1,1,D,14,16,8,5,13,16,6,6,2,3,0,0,3,0,6,2
843,3,20171021,13,21,22,,2,1,H,2,0,H,5,9,3,3,10,12,4,7,4,2,0,0,3,0,3,1
844,3,20171021,20,6,37,,3,0,H,1,0,H,15,6,10,0,10,6,4,5,2,3,0,0,3,0,3,3
845,3,20171021,23,10,42,,1,0,H,0,0,D,7,10,3,0,12,14,3,5,4,2,0,0,3,0,1,1
846,3,20171021,27,33,14,,1,0,H,0,0,D,20,7,6,2,10,8,8,3,0,1,0,0,3,0,1,1
847,3,20171021,28,1,23,,1,2,A,0,2,A,10,7,2,3,17,10,8,3,0,1,0,0,0,3,3,-1
848,3,20171021,30,17,30,,1,2,A,0,1,A,19,11,4,6,6,9,7,6,0,1,0,0,0,3,3,-1
849,3,20171022,11,2,8,,2,5,A,1,1,D,8,30,3,14,14,14,0,7,1,1,1,0,0,3,7,-3
850,3,20171022,31,18,4,,4,1,H,3,1,H,14,12,6,7,2,8,3,5,0,1,0,0,3,0,5,3
851,3,20171028,1,8,8,,0,1,A,0,0,D,7,18,1,5,5,5,5,5,2,0,0,0,0,3,1,-1
852,3,20171028,2,30,22,,2,1,H,0,1,A,17,4,5,2,9,9,5,2,0,0,0,0,3,0,3,1
853,3,20171028,10,34,39,,2,2,D,0,2,A,19,6,9,2,18,15,11,2,1,2,0,0,1,1,4,0
854,3,20171028,18,13,19,,3,0,H,0,0,D,16,1,8,0,10,8,9,2,0,1,0,0,3,0,3,3
855,3,20171028,21,31,17,,1,0,H,0,0,D,11,13,3,4,12,14,6,3,1,0,0,0,3,0,1,1
856,3,20171028,32,28,30,,0,1,A,0,1,A,13,6,0,2,10,9,8,1,4,4,0,0,0,3,1,-1
857,3,20171028,33,20,29,,2,3,A,1,2,A,6,15,4,5,10,7,1,2,2,3,0,0,0,3,5,-1
858,3,20171029,5,27,32,,1,1,D,0,1,A,7,6,2,1,9,10,2,7,3,1,0,0,1,1,2,0
859,3,20171029,17,11,4,,2,0,H,2,0,H,9,16,3,2,6,10,3,10,0,2,0,0,3,0,2,2
860,3,20171030,6,23,27,,1,0,H,0,0,D,12,12,5,5,9,10,5,3,3,0,0,0,3,0,1,1
861,3,20171104,13,33,37,,1,0,H,1,0,H,7,9,3,3,8,15,3,5,1,4,1,0,3,0,1,1
862,3,20171104,23,1,36,,0,1,A,0,0,D,16,16,4,6,11,12,11,9,2,2,0,0,0,3,1,-1
863,3,20171104,27,6,23,,0,1,A,0,0,D,13,5,3,1,4,4,9,1,0,0,0,0,0,3,1,-1
864,3,20171104,28,17,39,,2,2,D,1,1,D,11,14,7,4,12,8,4,10,0,0,0,0,1,1,4,0
865,3,20171104,30,5,27,,0,1,A,0,1,A,12,5,2,2,13,12,8,7,2,1,0,0,0,3,1,-1
866,3,20171104,34,18,32,,1,4,A,0,2,A,6,15,1,7,9,13,2,3,3,0,0,0,0,3,5,-3
867,3,20171105,8,21,6,,1,0,H,0,0,D,18,10,8,2,16,20,4,7,1,3,0,0,3,0,1,1
868,3,20171105,11,32,14,,3,2,H,0,0,D,10,11,5,3,14,12,2,5,0,2,0,0,3,0,5,1
869,3,20171105,20,2,30,,3,1,H,1,0,H,9,6,5,3,15,15,5,5,1,6,0,0,3,0,4,2
870,3,20171105,31,10,19,,1,0,H,0,0,D,12,11,2,3,6,7,10,9,0,2,0,0,3,0,1,1
871,3,20171118,1,13,23,,4,0,H,2,0,H,11,20,5,3,13,10,8,11,3,2,1,0,3,0,4,4
872,3,20171118,2,31,27,,2,0,H,2,0,H,14,14,5,4,11,16,7,4,4,1,0,0,3,0,2,2
873,3,20171118,6,30,25,,2,0,H,2,0,H,16,13,7,1,12,12,8,6,1,1,0,0,3,0,2,2
874,3,20171118,10,11,6,,2,2,D,2,2,D,16,8,7,5,9,26,9,4,2,3,0,0,1,1,4,0
875,3,20171118,17,20,14,,0,2,A,0,1,A,2,12,0,4,8,10,1,7,1,1,0,0,0,3,2,-2
876,3,20171118,18,27,29,,3,0,H,2,0,H,21,5,8,0,15,9,10,2,1,1,0,0,3,0,3,3
877,3,20171118,21,23,8,,4,1,H,2,1,H,16,12,7,5,10,9,11,4,1,1,0,0,3,0,5,3
878,3,20171118,33,8,17,,0,4,A,0,3,A,7,11,2,7,13,12,3,4,2,3,0,0,0,3,4,-4
879,3,20171119,32,34,4,,2,0,H,1,0,H,17,10,7,6,13,10,3,1,1,4,0,0,3,0,2,2
880,3,20171120,5,28,22,,2,2,D,1,2,A,9,13,3,6,13,5,6,7,1,0,0,0,1,1,4,0
881,3,20171124,34,17,25,,1,1,D,1,1,D,8,7,4,2,9,12,5,5,1,1,0,0,1,1,2,0
882,3,20171125,10,28,27,,2,1,H,0,0,D,10,9,5,3,9,5,5,2,1,1,0,0,3,0,3,1
883,3,20171125,18,8,30,,1,1,D,0,0,D,16,11,4,3,10,7,7,8,0,0,0,0,1,1,2,0
884,3,20171125,21,5,32,,1,0,H,0,0,D,15,8,4,2,9,9,5,0,0,2,0,0,3,0,1,1
885,3,20171125,23,32,7,,0,3,A,0,2,A,12,12,2,4,8,13,6,3,1,2,0,0,0,3,3,-3
886,3,20171125,30,1,42,,0,0,D,0,0,D,10,9,1,5,18,6,4,5,4,2,0,0,1,1,0,0
887,3,20171125,31,33,29,,1,1,D,0,1,A,24,5,5,2,10,13,8,0,1,4,0,0,1,1,2,0
888,3,20171126,6,2,22,,0,1,A,0,0,D,8,17,2,2,8,14,5,5,2,0,0,0,0,3,1,-1
889,3,20171126,13,20,8,,1,2,A,1,0,H,4,14,0,5,10,10,3,7,2,3,1,0,0,3,3,-1
890,3,20171126,27,11,19,,4,1,H,1,1,D,17,5,5,2,6,13,7,2,0,0,0,0,3,0,5,3
891,3,20171128,5,10,4,,0,0,D,0,0,D,10,10,4,4,13,8,10,5,2,0,0,0,1,1,0,0
892,3,20171128,17,31,6,,2,1,H,2,0,H,7,18,4,6,7,10,4,9,1,2,0,0,3,0,3,1
893,3,20171128,32,21,17,,2,4,A,0,3,A,12,15,3,7,12,10,5,5,2,1,0,0,0,3,6,-2
894,3,20171128,33,23,23,,2,2,D,1,0,H,8,14,4,4,13,12,1,6,0,0,0,0,1,1,4,0
895,3,20171129,1,6,37,,1,2,A,0,1,A,10,10,2,4,9,11,4,6,0,1,0,0,0,3,3,-1
896,3,20171129,2,13,14,,5,0,H,1,0,H,21,7,7,2,10,12,7,2,0,1,0,0,3,0,5,5
897,3,20171129,8,30,32,,1,0,H,0,0,D,21,2,10,0,10,7,15,1,1,0,0,0,3,0,1,1
898,3,20171129,11,34,30,,4,0,H,2,0,H,8,7,5,3,16,6,2,6,2,1,0,0,3,0,4,4
899,3,20171129,20,27,36,,2,1,H,0,0,D,26,7,12,2,12,11,6,5,1,1,0,0,3,0,3,1
900,3,20171129,28,18,25,,0,3,A,0,1,A,10,14,1,7,8,10,5,9,1,5,0,0,0,3,3,-3
901,3,20171202,2,21,4,,1,3,A,0,2,A,33,8,15,4,11,10,12,1,3,2,0,1,0,3,4,-2
902,3,20171202,5,18,14,,1,5,A,0,2,A,6,12,2,6,8,7,2,2,1,0,0,0,0,3,6,-4
903,3,20171202,8,23,19,,3,1,H,2,1,H,23,8,9,2,8,13,11,4,0,1,0,0,3,0,4,2
904,3,20171202,11,13,7,,2,0,H,0,0,D,6,5,4,3,12,9,2,5,2,1,0,0,3,0,2,2
905,3,20171202,17,6,36,,1,0,H,1,0,H,16,14,3,4,3,11,10,7,0,2,0,0,3,0,1,1
906,3,20171202,28,30,8,,2,1,H,2,1,H,10,10,3,3,12,10,2,6,2,0,0,0,3,0,3,1
907,3,20171202,32,31,25,,1,1,D,1,1,D,6,8,2,2,16,8,7,2,4,1,0,1,1,1,2,0
908,3,20171202,33,10,30,,0,0,D,0,0,D,20,10,6,2,11,10,3,7,3,1,0,0,1,1,0,0
909,3,20171203,1,27,17,,1,1,D,1,0,H,16,15,5,4,6,12,5,4,2,1,0,0,1,1,2,0
910,3,20171203,20,34,27,,2,1,H,0,1,A,24,7,8,4,5,7,10,4,2,2,0,0,3,0,3,1
911,3,20171209,6,32,23,,1,0,H,1,0,H,8,11,5,2,10,12,3,5,1,0,0,1,3,0,1,1
912,3,20171209,10,1,19,,2,2,D,2,2,D,24,11,8,5,14,14,6,3,5,2,0,0,1,1,4,0
913,3,20171209,13,5,42,,2,0,H,2,0,H,19,7,6,2,6,10,8,1,0,0,0,0,3,0,2,2
914,3,20171209,23,17,32,,2,3,A,1,1,D,10,13,4,5,10,9,6,5,2,1,0,0,0,3,5,-1
915,3,20171209,30,33,27,,1,0,H,0,0,D,18,7,3,1,8,18,6,3,2,5,0,0,3,0,1,1
916,3,20171209,31,28,37,,5,1,H,1,0,H,20,4,11,3,12,9,12,6,1,0,0,0,3,0,6,4
917,3,20171209,34,8,6,,1,0,H,1,0,H,5,19,2,2,10,10,4,3,6,1,0,0,3,0,1,1
918,3,20171210,18,11,8,,1,1,D,1,0,H,23,3,3,2,8,11,12,1,1,3,0,0,1,1,2,0
919,3,20171210,21,20,30,,1,2,A,1,1,D,8,14,5,7,16,10,2,8,4,2,0,0,0,3,3,-1
920,3,20171210,27,2,39,,1,1,D,1,0,H,6,11,3,6,12,10,4,5,2,2,0,0,1,1,2,0
921,3,20171212,6,28,29,,1,0,H,0,0,D,10,14,2,7,6,14,6,4,0,0,0,0,3,0,1,1
922,3,20171212,10,32,22,,2,1,H,0,1,A,14,7,4,2,14,18,4,6,2,1,0,1,3,0,3,1
923,3,20171212,13,8,4,,1,3,A,0,2,A,7,12,2,5,11,4,1,3,0,0,0,0,0,3,4,-2
924,3,20171213,18,33,36,,0,0,D,0,0,D,14,6,5,1,16,6,5,7,1,0,0,0,1,1,0,0
925,3,20171213,21,1,14,,1,0,H,1,0,H,9,14,2,7,14,12,4,9,1,2,0,0,3,0,1,1
926,3,20171213,23,11,25,,0,1,A,0,1,A,16,7,4,4,10,11,4,1,1,2,1,0,0,3,1,-1
927,3,20171213,27,17,7,,1,4,A,0,3,A,12,16,4,11,13,9,9,9,1,0,0,0,0,3,5,-3
928,3,20171213,30,20,6,,0,4,A,0,2,A,7,23,3,10,12,6,2,5,0,0,0,0,0,3,4,-4
929,3,20171213,31,5,39,,2,0,H,1,0,H,25,7,8,4,5,10,10,2,1,1,0,0,3,0,2,2
930,3,20171213,34,2,17,,0,0,D,0,0,D,6,22,0,3,9,9,1,7,1,0,0,0,1,1,0,0
931,3,20171216,2,23,42,,1,0,H,1,0,H,23,10,5,2,13,9,7,5,2,1,0,0,3,0,1,1
932,3,20171216,5,6,7,,0,0,D,0,0,D,12,11,2,6,13,13,8,2,4,2,0,0,1,1,0,0
933,3,20171216,8,27,37,,1,0,H,1,0,H,24,6,8,2,8,16,8,4,1,3,0,0,3,0,1,1
934,3,20171216,17,10,25,,0,3,A,0,2,A,11,13,2,6,12,13,6,4,2,2,1,0,0,3,3,-3
935,3,20171216,20,31,8,,4,1,H,1,0,H,20,7,11,2,13,20,5,1,2,4,0,0,3,0,5,3
936,3,20171216,28,34,14,,0,3,A,0,1,A,17,14,0,7,12,13,7,9,2,1,0,0,0,3,3,-3
937,3,20171216,32,13,30,,1,4,A,0,2,A,13,15,3,9,12,17,8,7,2,1,1,1,0,3,5,-3
938,3,20171217,1,18,4,,0,4,A,0,3,A,6,21,2,7,5,10,2,3,1,1,0,0,0,3,4,-4
939,3,20171217,33,21,6,,1,2,A,0,2,A,12,8,5,3,14,7,6,3,1,3,0,0,0,3,3,-1
940,3,20171218,11,30,17,,3,1,H,1,1,D,12,8,7,3,12,12,6,3,2,3,0,0,3,0,4,2
941,3,20171222,2,18,25,,3,3,D,0,1,A,11,14,4,9,9,11,7,8,1,0,0,0,1,1,6,0
942,3,20171223,5,32,36,,1,0,H,0,0,D,14,13,3,1,8,11,6,4,0,0,0,0,3,0,1,1
943,3,20171223,6,31,30,,0,3,A,0,1,A,5,18,2,8,10,10,4,4,1,2,0,0,0,3,3,-3
944,3,20171223,11,8,39,,0,0,D,0,0,D,5,25,0,8,8,4,2,7,3,0,0,0,1,1,0,0
945,3,20171223,17,21,17,,2,2,D,1,1,D,11,19,3,6,19,8,4,6,2,2,1,0,1,1,4,0
946,3,20171223,20,1,29,,4,0,H,1,0,H,14,5,5,1,8,7,4,6,0,1,0,0,3,0,4,4
947,3,20171223,27,13,23,,1,1,D,1,0,H,12,10,6,3,16,9,9,1,2,1,0,0,1,1,2,0
948,3,20171223,28,33,32,,3,1,H,2,0,H,9,17,5,7,9,11,1,11,1,0,0,0,3,0,4,2
949,3,20171223,30,10,8,,1,1,D,0,0,D,7,13,2,5,13,11,6,3,2,3,0,0,1,1,2,0
950,3,20171223,34,23,22,,2,3,A,1,1,D,19,11,6,4,9,12,6,3,1,1,0,0,0,3,5,-1
951,3,20171226,1,34,42,,3,3,D,1,1,D,26,10,10,5,12,14,7,4,3,4,0,0,1,1,6,0
952,3,20171226,8,5,27,,2,0,H,0,0,D,25,8,8,1,8,8,13,1,0,1,0,0,3,0,2,2
953,3,20171226,13,28,6,,1,1,D,1,0,H,18,15,8,7,9,12,8,5,2,4,0,0,1,1,2,0
954,3,20171226,18,30,19,,5,0,H,1,0,H,22,7,9,4,5,8,4,2,0,1,0,0,3,0,5,5
955,3,20171226,21,6,25,,2,2,D,0,2,A,23,3,6,2,10,14,12,2,3,7,0,0,1,1,4,0
956,3,20171226,31,27,14,,5,2,H,2,0,H,16,16,7,6,8,15,3,8,0,2,0,0,3,0,7,3
957,3,20171226,32,17,7,,2,1,H,1,1,D,11,11,1,5,7,13,8,8,3,3,0,0,3,0,3,1
958,3,20171226,33,11,37,,0,0,D,0,0,D,17,7,3,3,14,13,10,2,2,0,0,0,1,1,0,0
959,3,20171227,23,20,4,,0,1,A,0,1,A,6,22,2,6,11,6,3,8,1,0,0,0,0,3,1,-1
960,3,20171228,10,2,30,,2,3,A,0,1,A,16,16,2,9,12,7,5,4,0,1,0,0,0,3,5,-1
961,3,20171230,1,11,23,,2,1,H,1,0,H,19,6,7,1,8,13,4,4,0,0,0,0,3,0,3,1
962,3,20171230,8,28,19,,5,0,H,3,0,H,21,1,12,1,5,10,7,0,1,1,0,0,3,0,5,5
963,3,20171230,13,6,36,,0,0,D,0,0,D,3,11,1,4,14,14,5,4,2,1,0,0,1,1,0,0
964,3,20171230,18,17,32,,2,1,H,0,1,A,17,7,6,1,7,3,7,1,3,2,0,0,3,0,3,1
965,3,20171230,21,27,8,,0,0,D,0,0,D,15,8,3,3,12,13,10,7,2,4,0,0,1,1,0,0
966,3,20171230,23,5,6,,0,0,D,0,0,D,11,10,2,3,11,10,3,6,2,2,0,0,1,1,0,0
967,3,20171230,32,30,25,,1,2,A,1,0,H,9,9,4,4,14,13,1,8,4,2,0,0,0,3,3,-1
968,3,20171231,10,20,17,,0,0,D,0,0,D,10,15,1,4,14,11,7,8,5,4,0,0,1,1,0,0
969,3,20171231,33,2,27,,1,1,D,0,0,D,14,14,3,4,14,9,5,6,3,3,0,0,1,1,2,0
970,3,20180101,5,1,30,,2,2,D,1,1,D,15,26,6,8,13,9,5,12,2,1,0,0,1,1,4,0
971,3,20180101,6,18,37,,1,2,A,0,0,D,13,19,4,5,4,12,3,9,0,0,0,0,0,3,3,-1
972,3,20180101,11,21,4,,0,2,A,0,0,D,12,21,0,6,11,10,6,6,2,0,0,0,0,3,2,-2
973,3,20180101,17,13,14,,3,0,H,0,0,D,11,6,5,1,7,9,4,1,1,1,0,0,3,0,3,3
974,3,20180101,28,23,7,,0,1,A,0,0,D,11,14,4,6,10,11,10,5,3,1,0,0,0,3,1,-1
975,3,20180102,20,32,22,,3,1,H,2,0,H,17,7,7,4,8,12,9,1,1,1,0,0,3,0,4,2
976,3,20180102,27,10,42,,1,2,A,1,0,H,10,11,3,4,8,11,4,7,0,1,0,0,0,3,3,-1
977,3,20180102,30,31,39,,0,2,A,0,1,A,8,12,1,5,12,9,6,5,2,2,0,0,0,3,2,-2
978,3,20180102,34,33,29,,2,1,H,0,1,A,13,10,5,3,12,12,3,4,3,2,0,0,3,0,3,1
979,3,20180103,2,8,6,,2,2,D,0,0,D,14,19,6,6,11,11,10,8,3,2,0,0,1,1,4,0
980,3,20180104,31,34,27,,1,1,D,0,0,D,31,3,8,1,10,6,7,1,0,2,0,0,1,1,2,0
981,3,20180113,8,17,29,,0,0,D,0,0,D,17,14,7,1,14,13,6,3,2,2,0,1,1,1,0,0
982,3,20180113,10,6,30,,1,0,H,1,0,H,17,8,2,2,16,10,3,2,0,3,0,0,3,0,1,1
983,3,20180113,13,34,17,,1,4,A,1,1,D,8,8,2,6,7,9,7,3,1,1,0,0,0,3,5,-3
984,3,20180113,23,30,14,,1,1,D,0,0,D,12,8,4,5,11,10,4,5,0,3,0,0,1,1,2,0
985,3,20180113,31,11,8,,4,0,H,1,0,H,20,7,10,0,11,15,3,3,0,2,0,0,3,0,4,4
986,3,20180113,32,27,37,,2,2,D,0,2,A,16,10,4,4,11,13,5,4,0,5,0,0,1,1,4,0
987,3,20180113,33,5,25,,2,0,H,1,0,H,15,13,4,1,8,15,9,6,0,0,0,0,3,0,2,2
988,3,20180114,1,2,19,,2,1,H,0,0,D,13,12,5,3,8,10,4,5,2,2,0,0,3,0,3,1
989,3,20180114,18,20,4,,4,3,H,1,1,D,16,11,7,4,10,7,5,6,2,3,0,0,3,0,7,1
990,3,20180115,21,28,6,,3,0,H,2,0,H,20,11,9,5,14,10,6,1,2,1,0,0,3,0,3,3
991,3,20180120,2,10,7,,4,1,H,4,0,H,16,9,10,5,6,8,5,10,0,0,0,0,3,0,5,3
992,3,20180120,5,8,17,,0,4,A,0,2,A,10,14,3,10,12,5,5,3,3,0,0,0,0,3,4,-4
993,3,20180120,6,21,27,,0,1,A,0,0,D,13,12,2,2,7,12,5,4,3,3,0,0,0,3,1,-1
994,3,20180120,11,33,42,,1,1,D,0,1,A,9,15,4,5,15,10,0,3,2,1,0,0,1,1,2,0
995,3,20180120,17,32,23,,2,0,H,1,0,H,9,11,5,3,11,10,4,5,0,0,0,0,3,0,2,2
996,3,20180120,20,23,36,,3,1,H,1,0,H,21,6,9,4,5,10,18,0,0,1,0,0,3,0,4,2
997,3,20180120,28,13,30,,2,0,H,0,0,D,11,6,6,3,18,13,3,2,1,1,0,0,3,0,2,2
998,3,20180120,34,1,25,,1,1,D,0,0,D,12,8,4,3,8,7,6,3,3,1,0,0,1,1,2,0
999,3,20180121,27,31,19,,1,1,D,1,1,D,10,17,4,2,8,15,2,9,2,3,0,0,1,1,2,0
1000,3,20180122,30,18,32,,1,0,H,1,0,H,3,21,2,4,5,9,3,9,0,2,0,0,3,0,1,1
1001,3,20180130,13,18,19,,0,3,A,0,2,A,5,14,1,7,8,8,1,4,0,0,0,0,0,3,3,-3
1002,3,20180130,30,2,22,,3,1,H,1,1,D,12,9,4,4,4,8,4,3,0,3,0,0,3,0,4,2
1003,3,20180130,34,10,32,,1,1,D,1,1,D,8,9,3,3,11,15,5,3,1,3,0,0,1,1,2,0
1004,3,20180131,8,1,23,,0,3,A,0,0,D,21,11,5,5,5,12,8,5,1,0,0,0,0,3,3,-3
1005,3,20180131,11,17,7,,2,1,H,2,0,H,9,8,4,1,9,10,5,5,0,2,0,0,3,0,3,1
1006,3,20180131,20,33,39,,3,0,H,1,0,H,19,3,10,1,10,10,9,1,1,3,0,0,3,0,3,3
1007,3,20180131,23,6,44,,1,1,D,0,0,D,14,11,4,2,15,15,7,4,1,2,0,0,1,1,2,0
1008,3,20180131,27,5,27,,1,1,D,0,1,A,18,9,3,2,8,10,7,2,3,1,0,0,1,1,2,0
1009,3,20180131,28,32,17,,0,0,D,0,0,D,11,12,4,2,12,12,2,6,4,3,0,0,1,1,0,0
1010,3,20180131,31,21,4,,2,0,H,2,0,H,22,6,6,3,10,13,6,3,2,2,0,0,3,0,2,2
1011,3,20180203,1,28,36,,2,1,H,0,1,A,15,13,8,4,14,19,8,1,2,3,0,0,3,0,3,1
1012,3,20180203,2,11,32,,5,1,H,4,0,H,15,11,7,2,8,8,4,6,2,0,0,0,3,0,6,4
1013,3,20180203,5,34,37,,3,1,H,1,1,D,21,4,5,1,11,7,4,1,3,1,0,0,3,0,4,2
1014,3,20180203,6,20,25,,1,1,D,0,1,A,8,20,3,7,9,6,3,13,4,1,0,0,1,1,2,0
1015,3,20180203,17,30,6,,1,1,D,1,0,H,13,3,5,1,9,8,3,3,1,0,0,0,1,1,2,0
1016,3,20180203,21,13,42,,2,0,H,0,0,D,16,4,7,0,5,19,5,2,2,4,0,0,3,0,2,2
1017,3,20180203,33,27,30,,2,3,A,1,2,A,9,13,3,5,12,10,5,7,2,1,0,0,0,3,5,-1
1018,3,20180204,10,23,4,,1,1,D,0,1,A,21,11,6,8,11,8,5,6,1,1,0,0,1,1,2,0
1019,3,20180204,18,31,17,,2,2,D,1,0,H,9,13,3,6,15,9,3,7,3,1,0,0,1,1,4,0
1020,3,20180205,32,8,27,,4,1,H,1,0,H,21,7,8,3,11,8,6,2,2,2,0,1,3,0,5,3
1021,3,20180210,11,10,17,,3,1,H,0,0,D,11,16,5,4,14,15,8,7,1,1,0,0,3,0,4,2
1022,3,20180210,20,17,29,,5,1,H,1,1,D,19,2,11,2,10,12,8,2,2,3,0,0,3,0,6,4
1023,3,20180210,28,5,39,,1,1,D,0,1,A,15,14,3,6,6,10,7,4,0,0,0,0,1,1,2,0
1024,3,20180210,30,6,4,,1,0,H,0,0,D,12,13,4,1,10,9,5,2,2,1,0,0,3,0,1,1
1025,3,20180210,31,2,6,,1,0,H,0,0,D,18,6,6,1,13,9,10,2,2,1,0,0,3,0,1,1
1026,3,20180210,34,32,14,,2,0,H,1,0,H,8,11,4,4,11,7,8,7,1,1,0,0,3,0,2,2
1027,3,20180211,13,1,30,,4,1,H,2,1,H,15,7,4,2,12,12,2,6,0,3,0,0,3,0,5,3
1028,3,20180211,23,21,8,,1,0,H,0,0,D,10,13,3,6,12,15,0,10,0,2,0,0,3,0,1,1
1029,3,20180211,27,18,25,,0,2,A,0,2,A,6,16,4,4,5,8,3,1,1,2,0,0,0,3,2,-2
1030,3,20180212,8,33,22,,3,0,H,1,0,H,20,8,8,1,11,11,8,7,0,2,0,0,3,0,3,3
1031,3,20180224,1,23,37,,2,2,D,0,2,A,18,15,5,4,12,10,8,1,1,4,0,0,1,1,4,0
1032,3,20180224,5,30,27,,4,1,H,1,0,H,16,11,5,1,17,6,3,5,1,0,0,0,3,0,5,3
1033,3,20180224,6,27,39,,1,1,D,0,0,D,9,13,3,6,8,14,7,5,1,0,0,0,1,1,2,0
1034,3,20180224,17,28,30,,1,1,D,0,1,A,19,6,9,2,10,16,13,1,1,3,0,0,1,1,2,0
1035,3,20180224,18,34,42,,4,1,H,1,0,H,21,7,12,4,7,7,8,2,0,2,0,0,3,0,5,3
1036,3,20180224,32,11,6,,1,0,H,0,0,D,13,7,5,2,10,9,6,5,3,1,0,0,3,0,1,1
1037,3,20180224,33,13,17,,1,2,A,0,0,D,10,16,3,7,11,9,6,3,1,1,0,0,0,3,3,-1
1038,3,20180225,10,31,19,,0,1,A,0,0,D,5,14,3,4,12,5,2,13,0,1,0,0,0,3,1,-1
1039,3,20180225,21,8,25,,2,1,H,1,1,D,10,14,5,7,13,12,3,4,2,2,0,0,3,0,3,1
1040,3,20180301,2,20,4,,0,3,A,0,3,A,10,9,5,5,11,11,6,1,1,1,0,0,0,3,3,-3
1041,3,20180303,6,11,7,,2,1,H,0,1,A,21,10,8,4,9,12,10,4,1,1,0,1,3,0,3,1
1042,3,20180303,17,1,23,,1,1,D,0,1,A,23,8,4,3,11,7,13,1,2,1,0,0,1,1,2,0
1043,3,20180303,18,23,14,,2,0,H,1,0,H,14,7,3,2,7,9,8,3,0,0,0,0,3,0,2,2
1044,3,20180303,27,28,6,,0,0,D,0,0,D,18,12,6,3,8,13,15,4,0,1,0,0,1,1,0,0
1045,3,20180303,30,34,25,,4,1,H,2,0,H,9,7,8,2,9,14,4,5,0,3,0,0,3,0,5,3
1046,3,20180303,31,13,19,,2,0,H,1,0,H,15,3,7,3,6,8,8,1,1,1,0,0,3,0,2,2
1047,3,20180303,32,33,36,,1,0,H,0,0,D,15,9,4,2,11,12,4,6,2,0,0,0,3,0,1,1
1048,3,20180304,5,2,42,,2,1,H,2,1,H,13,15,6,7,13,12,6,11,3,3,0,0,3,0,3,1
1049,3,20180304,20,8,30,,1,0,H,0,0,D,13,3,3,0,8,9,5,2,2,1,0,0,3,0,1,1
1050,3,20180305,10,21,32,,2,3,A,1,0,H,10,17,4,8,10,8,3,7,1,3,0,0,0,3,5,-1
1051,3,20180310,8,10,6,,2,1,H,2,0,H,27,9,11,2,8,9,12,3,1,2,0,0,3,0,3,1
1052,3,20180310,11,5,37,,2,0,H,0,0,D,13,10,3,4,10,14,10,3,0,1,0,1,3,0,2,2
1053,3,20180310,13,30,30,,0,0,D,0,0,D,30,0,4,0,9,9,12,0,2,3,0,1,1,1,0,0
1054,3,20180310,21,18,8,,2,1,H,2,0,H,5,14,2,2,10,16,1,13,2,1,0,0,3,0,3,1
1055,3,20180310,23,27,4,,3,0,H,2,0,H,7,6,5,2,10,10,2,6,0,2,0,0,3,0,3,3
1056,3,20180310,33,17,39,,1,4,A,1,1,D,6,14,2,6,6,7,7,6,1,3,0,0,0,3,5,-3
1057,3,20180310,34,6,22,,0,3,A,0,0,D,13,7,4,4,13,7,5,1,2,2,0,0,0,3,3,-3
1058,3,20180311,1,31,27,,1,4,A,1,1,D,14,12,3,8,10,7,4,5,1,1,0,0,0,3,5,-3
1059,3,20180311,2,32,25,,3,0,H,1,0,H,11,11,7,4,12,9,4,9,2,1,0,0,3,0,3,3
1060,3,20180312,28,20,17,,0,2,A,0,1,A,3,17,0,6,6,8,3,10,1,0,0,0,0,3,2,-2
1061,3,20180317,1,33,14,,2,1,H,0,0,D,17,11,5,6,6,9,3,2,1,2,0,0,3,0,3,1
1062,3,20180317,13,10,27,,0,2,A,0,1,A,6,17,2,6,11,12,4,7,3,2,0,0,0,3,2,-2
1063,3,20180317,18,32,6,,5,0,H,2,0,H,13,4,10,1,5,4,6,1,1,0,0,0,3,0,5,5
1064,3,20180317,28,11,25,,1,2,A,0,0,D,9,17,4,9,13,12,1,9,1,1,1,0,0,3,3,-1
1065,3,20180331,5,17,7,,0,2,A,0,0,D,15,6,3,4,11,13,6,1,2,4,0,1,0,3,2,-2
1066,3,20180331,10,18,32,,1,2,A,1,0,H,6,16,3,6,6,8,4,6,2,2,0,0,0,3,3,-1
1067,3,20180331,11,20,36,,1,3,A,0,3,A,6,18,2,4,10,8,2,11,0,0,0,0,0,3,4,-2
1068,3,20180331,21,30,39,,2,0,H,2,0,H,11,3,5,2,5,13,3,3,0,0,0,0,3,0,2,2
1069,3,20180331,23,13,25,,1,0,H,0,0,D,18,4,3,0,9,10,3,3,1,4,0,0,3,0,1,1
1070,3,20180331,32,1,4,,2,2,D,1,1,D,16,13,5,6,16,6,7,4,4,0,0,0,1,1,4,0
1071,3,20180331,33,6,23,,1,2,A,0,1,A,8,11,3,4,12,9,1,6,1,3,0,0,0,3,3,-1
1072,3,20180331,34,27,17,,3,0,H,3,0,H,13,9,5,0,9,16,5,9,0,3,0,0,3,0,3,3
1073,3,20180401,2,28,8,,3,0,H,0,0,D,24,8,11,2,9,13,6,5,1,2,0,0,3,0,3,3
1074,3,20180401,8,31,4,,1,3,A,1,1,D,14,12,4,7,4,11,5,5,0,1,0,0,0,3,4,-2
1075,3,20180407,1,10,17,,2,2,D,0,0,D,20,13,5,6,8,9,11,3,2,2,0,0,1,1,4,0
1076,3,20180407,5,13,6,,1,1,D,1,1,D,13,14,4,5,13,7,5,3,1,0,1,0,1,1,2,0
1077,3,20180407,11,18,30,,0,0,D,0,0,D,6,10,1,3,12,7,3,2,0,0,0,0,1,1,0,0
1078,3,20180407,17,23,42,,1,2,A,0,1,A,8,8,1,4,7,14,7,5,1,3,0,0,0,3,3,-1
1079,3,20180407,20,21,25,,2,3,A,2,0,H,20,5,6,4,17,9,8,4,6,3,0,0,0,3,5,-1
1080,3,20180407,28,31,14,,1,2,A,0,0,D,10,15,4,4,19,8,6,3,4,3,0,0,0,3,3,-1
1081,3,20180407,32,6,36,,1,2,A,0,0,D,14,7,5,4,18,12,11,1,2,2,0,0,0,3,3,-1
1082,3,20180407,33,30,37,,1,1,D,0,0,D,15,7,3,1,15,5,5,1,3,2,0,0,1,1,2,0
1083,3,20180408,2,27,4,,3,2,H,2,1,H,13,15,7,8,11,7,8,6,2,1,1,1,3,0,5,1
1084,3,20180408,8,34,19,,1,1,D,1,0,H,23,5,6,2,7,11,10,6,0,1,0,0,1,1,2,0
1085,3,20180414,6,17,25,,2,1,H,2,0,H,8,15,3,6,9,10,4,8,2,1,0,0,3,0,3,1
1086,3,20180414,10,5,4,,3,2,H,3,2,H,15,12,8,3,12,16,5,6,3,2,0,0,3,0,5,1
1087,3,20180414,13,32,8,,1,0,H,0,0,D,9,4,1,2,9,8,9,6,2,2,0,0,3,0,1,1
1088,3,20180414,18,1,7,,3,0,H,1,0,H,20,6,7,1,9,9,7,5,1,1,0,0,3,0,3,3
1089,3,20180414,27,8,27,,2,3,A,1,0,H,10,17,7,5,13,14,4,7,5,3,0,0,0,3,5,-1
1090,3,20180414,30,11,22,,1,1,D,0,1,A,17,12,7,3,10,11,6,3,1,1,0,0,1,1,2,0
1091,3,20180414,31,20,17,,1,3,A,1,2,A,8,17,3,6,11,12,5,7,3,4,0,0,0,3,4,-2
1092,3,20180415,21,33,36,,0,1,A,0,0,D,14,10,4,4,8,13,4,4,1,1,0,0,0,3,1,-1
1093,3,20180415,23,2,6,,2,1,H,1,1,D,8,15,4,3,11,9,2,5,1,0,0,0,3,0,3,1
1094,3,20180416,34,28,30,,1,1,D,0,0,D,18,11,6,7,15,21,10,1,2,3,0,0,1,1,2,0
1095,3,20180417,5,31,19,,1,1,D,0,0,D,8,16,5,6,6,5,3,4,1,0,0,0,1,1,2,0
1096,3,20180418,1,21,14,,0,2,A,0,1,A,13,13,2,4,9,8,8,5,3,1,0,0,0,3,2,-2
1097,3,20180419,6,8,39,,1,2,A,0,1,A,5,16,2,5,9,11,3,2,1,0,0,0,0,3,3,-1
1098,3,20180419,17,27,37,,0,0,D,0,0,D,11,6,3,2,10,10,11,3,0,0,0,0,1,1,0,0
1099,3,20180421,32,10,7,,0,0,D,0,0,D,14,6,4,1,17,13,4,3,3,5,0,0,1,1,0,0
1100,3,20180421,33,18,42,,2,2,D,0,1,A,13,9,6,3,12,5,7,4,0,1,0,0,1,1,4,0
1101,3,20180422,2,34,22,,4,1,H,0,0,D,20,11,8,4,11,9,8,6,3,2,0,0,3,0,5,3
1102,3,20180422,20,30,8,,5,0,H,2,0,H,19,4,12,1,6,8,5,1,0,1,0,0,3,0,5,5
1103,3,20180422,28,6,27,,1,1,D,1,0,H,8,16,3,7,15,5,3,8,2,1,0,0,1,1,2,0
1104,3,20180423,11,23,39,,1,0,H,0,0,D,9,9,1,2,10,11,4,6,2,1,0,0,3,0,1,1
1105,3,20180428,6,5,37,,0,0,D,0,0,D,10,9,4,1,5,17,3,4,0,2,0,0,1,1,0,0
1106,3,20180428,10,17,27,,5,0,H,2,0,H,15,6,9,1,11,9,8,2,1,1,0,1,3,0,5,5
1107,3,20180428,13,11,23,,0,2,A,0,1,A,9,7,2,5,9,8,4,3,1,0,0,0,0,3,2,-2
1108,3,20180428,18,28,4,,0,0,D,0,0,D,20,5,2,1,7,14,9,2,1,2,0,0,1,1,0,0
1109,3,20180428,23,33,10,,0,1,A,0,1,A,17,9,2,2,8,13,5,1,1,3,0,0,0,3,1,-1
1110,3,20180428,27,1,6,,2,1,H,1,1,D,14,14,6,7,12,11,5,8,5,1,0,0,3,0,3,1
1111,3,20180428,30,8,17,,0,1,A,0,1,A,10,11,3,3,13,9,1,2,1,1,0,0,0,3,1,-1
1112,3,20180429,21,2,19,,2,1,H,1,0,H,17,8,3,3,12,7,9,0,0,1,0,0,3,0,3,1
1113,3,20180429,34,20,32,,1,4,A,1,2,A,4,19,1,7,5,11,0,7,0,1,0,0,0,3,5,-3
1114,3,20180430,31,32,30,,2,0,H,1,0,H,13,13,3,5,11,10,4,0,1,0,0,0,3,0,2,2
1115,3,20180504,5,21,8,,1,0,H,0,0,D,11,16,4,3,5,3,5,6,2,0,0,0,3,0,1,1
1116,3,20180505,1,30,19,,1,0,H,1,0,H,13,12,5,3,10,10,11,6,1,4,0,0,3,0,1,1
1117,3,20180505,11,27,17,,1,1,D,0,0,D,9,11,3,5,14,12,3,4,2,4,0,1,1,1,2,0
1118,3,20180505,17,34,7,,0,2,A,0,1,A,13,13,2,3,8,9,8,3,1,2,0,0,0,3,2,-2
1119,3,20180505,28,10,25,,1,2,A,1,0,H,7,13,2,2,18,12,1,7,5,2,0,0,0,3,3,-1
1120,3,20180505,32,23,37,,2,1,H,2,0,H,11,9,8,1,9,11,2,5,2,1,0,0,3,0,3,1
1121,3,20180505,33,31,29,,1,0,H,0,0,D,9,18,1,5,13,12,5,9,4,1,0,0,3,0,1,1
1122,3,20180506,2,6,4,,5,0,H,2,0,H,16,6,8,2,6,7,4,5,0,1,0,0,3,0,5,5
1123,3,20180506,8,18,6,,1,0,H,1,0,H,12,10,4,5,12,9,3,1,3,2,0,0,3,0,1,1
1124,3,20180506,20,13,27,,0,0,D,0,0,D,15,5,2,3,9,4,10,1,0,3,0,0,1,1,0,0
1125,3,20180508,30,27,30,,0,1,A,0,0,D,11,13,3,8,7,15,7,6,2,1,0,0,0,3,1,-1
1126,3,20180509,8,13,22,,1,1,D,0,0,D,22,3,5,2,7,10,9,0,0,1,0,0,1,1,2,0
1127,3,20180509,17,2,14,,3,1,H,1,0,H,19,14,10,7,7,12,6,6,2,2,0,1,3,0,4,2
1128,3,20180509,20,5,36,,3,1,H,2,1,H,19,6,7,3,5,7,4,3,0,1,0,0,3,0,4,2
1129,3,20180509,31,23,32,,1,0,H,0,0,D,11,14,7,3,10,8,6,4,2,3,0,0,3,0,1,1
1130,3,20180510,34,21,17,,0,0,D,0,0,D,9,16,2,6,12,12,1,6,1,1,0,0,1,1,0,0
1131,3,20180513,6,1,36,,1,2,A,1,0,H,12,16,4,5,14,9,7,8,0,0,0,0,0,3,3,-1
1132,3,20180513,10,33,17,,2,0,H,0,0,D,11,7,5,1,10,11,4,2,2,3,0,0,3,0,2,2
1133,3,20180513,13,2,30,,0,1,A,0,1,A,18,9,3,4,11,7,7,4,1,0,0,0,0,3,1,-1
1134,3,20180513,18,5,19,,4,0,H,2,0,H,22,2,11,1,3,6,7,3,0,0,0,0,3,0,4,4
1135,3,20180513,21,32,22,,1,0,H,1,0,H,7,7,1,3,6,11,6,5,4,0,0,0,3,0,1,1
1136,3,20180513,23,8,25,,3,0,H,1,0,H,16,6,6,2,11,10,4,2,0,1,0,0,3,0,3,3
1137,3,20180513,27,20,4,,0,1,A,0,0,D,8,13,3,2,8,10,1,12,3,1,0,0,0,3,1,-1
1138,3,20180513,30,28,6,,1,2,A,1,2,A,26,8,11,5,12,9,6,0,1,2,0,0,0,3,3,-1
1139,3,20180513,31,17,8,,5,4,H,1,2,A,14,16,6,9,9,13,4,4,1,2,0,0,3,0,9,1
1140,3,20180513,34,11,14,,3,1,H,1,0,H,15,14,4,7,10,13,6,6,0,1,0,0,3,0,4,2
1141,4,20180810,21,17,4,,2,1,H,1,0,H,8,13,6,4,11,8,2,5,2,1,0,0,3,0,3,1
1142,4,20180811,1,7,19,,2,0,H,1,0,H,12,10,4,1,11,9,7,4,1,1,0,0,3,0,2,2
1143,4,20180811,12,10,27,,0,2,A,0,1,A,15,10,6,9,9,11,5,5,1,2,0,0,0,3,2,-2
1144,4,20180811,13,8,7,,0,3,A,0,2,A,6,13,1,4,9,8,2,5,2,1,0,0,0,3,3,-3
1145,4,20180811,23,31,25,,1,2,A,1,2,A,15,15,2,5,11,12,3,5,2,2,0,0,0,3,3,-1
1146,4,20180811,32,5,17,,2,0,H,1,0,H,19,6,5,0,10,16,8,2,2,2,0,0,3,0,2,2
1147,4,20180811,35,11,8,,2,2,D,1,1,D,11,6,4,5,8,7,3,6,0,1,0,1,1,1,4,0
1148,4,20180812,2,20,30,,0,2,A,0,1,A,9,17,3,8,11,14,2,9,2,2,0,0,0,3,2,-2
1149,4,20180812,18,34,6,,4,0,H,2,0,H,18,5,8,2,14,9,5,4,1,2,0,0,3,0,4,4
1150,4,20180812,27,6,14,,0,0,D,0,0,D,18,16,3,6,10,9,8,5,0,1,0,0,1,1,0,0
1151,4,20180818,7,23,8,,0,0,D,0,0,D,12,12,1,6,14,16,5,5,2,2,0,1,1,1,0,0
1152,4,20180818,8,2,25,,3,2,H,2,2,D,24,15,11,6,12,9,5,1,0,2,0,0,3,0,5,1
1153,4,20180818,11,27,22,,2,1,H,2,0,H,13,15,7,4,8,20,2,5,0,5,0,0,3,0,3,1
1154,4,20180818,17,35,27,,2,0,H,2,0,H,6,11,2,3,10,8,1,9,2,1,1,0,3,0,2,2
1155,4,20180818,31,12,6,,3,1,H,1,0,H,25,10,11,3,9,5,5,2,0,0,0,0,3,0,4,2
1156,4,20180818,34,1,42,,1,2,A,1,0,H,11,12,5,5,14,10,6,4,6,2,0,0,0,3,3,-1
1157,4,20180819,5,21,19,,3,2,H,3,1,H,6,9,3,3,16,13,3,5,1,1,0,0,3,0,5,1
1158,4,20180819,6,32,36,,1,3,A,1,1,D,8,9,3,6,8,19,5,2,1,2,0,0,0,3,4,-2
1159,4,20180819,20,13,4,,6,1,H,3,1,H,32,5,14,1,9,4,10,3,0,2,0,0,3,0,7,5
1160,4,20180820,10,18,30,,0,2,A,0,1,A,8,16,2,6,6,13,6,7,1,1,1,0,0,3,2,-2
1161,4,20180825,1,11,23,,2,2,D,0,0,D,17,11,5,3,12,10,6,2,0,3,1,1,1,1,4,0
1162,4,20180825,2,34,14,,3,1,H,1,1,D,17,13,10,5,16,13,10,2,1,3,0,0,3,0,4,2
1163,4,20180825,13,7,30,,0,0,D,0,0,D,5,14,1,4,8,10,7,7,0,1,1,0,1,1,0,0
1164,4,20180825,18,5,7,,1,0,H,1,0,H,22,6,8,2,8,14,8,5,1,1,0,0,3,0,1,1
1165,4,20180825,27,17,17,,1,2,A,0,0,D,11,8,5,5,13,11,10,3,1,1,1,0,0,3,3,-1
1166,4,20180825,35,20,25,,1,1,D,0,0,D,11,18,2,6,13,8,5,9,1,2,0,0,1,1,2,0
1167,4,20180826,12,6,10,,4,2,H,3,2,H,25,12,12,2,11,8,6,4,2,1,0,0,3,0,6,2
1168,4,20180826,23,8,36,,1,2,A,0,0,D,6,15,2,3,16,8,4,5,3,1,0,0,0,3,3,-1
1169,4,20180826,32,10,6,,2,1,H,0,0,D,13,9,5,3,14,11,6,3,4,2,0,0,3,0,3,1
1170,4,20180827,21,31,8,,0,3,A,0,0,D,23,9,5,5,11,16,5,2,2,4,0,0,0,3,3,-3
1171,4,20180901,5,12,23,,2,2,D,0,1,A,15,10,5,5,12,14,7,1,3,3,0,0,1,1,4,0
1172,4,20180901,8,1,22,,2,0,H,0,0,D,24,8,6,1,10,7,7,6,2,2,0,0,3,0,2,2
1173,4,20180901,10,27,25,,0,2,A,0,0,D,20,19,6,6,11,12,7,4,1,1,0,0,0,3,2,-2
1174,4,20180901,11,13,42,,1,1,D,1,1,D,11,9,1,6,13,14,4,3,3,3,0,0,1,1,2,0
1175,4,20180901,17,18,36,,1,2,A,0,2,A,12,10,5,4,9,12,4,4,3,2,0,0,0,3,3,-1
1176,4,20180901,20,23,19,,2,1,H,1,1,D,24,3,8,2,5,13,4,0,0,0,0,0,3,0,3,1
1177,4,20180901,34,35,7,,0,1,A,0,0,D,13,15,3,6,10,11,4,4,2,1,0,0,0,3,1,-1
1178,4,20180902,6,21,17,,0,2,A,0,2,A,9,21,2,9,7,13,2,5,2,3,0,1,0,3,2,-2
1179,4,20180902,7,2,6,,2,3,A,1,1,D,14,17,3,11,12,14,3,9,3,4,0,0,0,3,5,-1
1180,4,20180902,32,31,4,,2,1,H,0,0,D,7,11,3,2,9,8,3,10,2,1,0,0,3,0,3,1
1181,4,20180915,1,17,8,,4,2,H,3,0,H,10,14,5,8,13,15,4,6,3,2,0,1,3,0,6,2
1182,4,20180915,8,7,17,,4,1,H,2,1,H,18,6,7,2,8,10,5,4,0,0,0,0,3,0,5,3
1183,4,20180915,13,10,22,,0,1,A,0,1,A,15,7,2,2,11,17,5,3,1,2,0,0,0,3,1,-1
1184,4,20180915,20,12,42,,3,0,H,2,0,H,28,9,9,3,7,7,10,4,0,0,0,0,3,0,3,3
1185,4,20180915,23,2,23,,1,2,A,0,0,D,4,12,2,2,13,11,10,4,0,0,0,0,0,3,3,-1
1186,4,20180915,31,18,30,,1,2,A,0,1,A,11,17,3,10,17,16,5,4,0,0,0,0,0,3,3,-1
1187,4,20180915,32,21,27,,1,2,A,0,2,A,14,9,5,6,9,11,6,8,2,1,0,1,0,3,3,-1
1188,4,20180916,11,34,25,,1,3,A,1,2,A,16,9,4,4,15,12,4,2,2,5,0,0,0,3,4,-2
1189,4,20180916,35,6,4,,1,0,H,0,0,D,30,7,7,2,10,9,8,2,2,4,0,0,3,0,1,1
1190,4,20180917,27,5,6,,2,2,D,1,0,H,14,12,5,4,10,13,1,4,2,3,0,0,1,1,4,0
1191,4,20180922,5,31,7,,1,2,A,0,1,A,8,16,4,7,15,9,5,7,2,1,0,0,0,3,3,-1
1192,4,20180922,6,1,6,,4,0,H,2,0,H,12,19,5,5,17,6,3,8,2,0,0,0,3,0,4,4
1193,4,20180922,7,20,30,,0,5,A,0,3,A,2,21,2,10,6,4,1,9,1,1,0,0,0,3,5,-5
1194,4,20180922,10,23,4,,0,0,D,0,0,D,16,6,4,3,8,11,9,5,1,1,0,0,1,1,0,0
1195,4,20180922,12,32,25,,1,1,D,0,1,A,15,11,3,6,11,9,8,8,2,1,0,0,1,1,2,0
1196,4,20180922,17,13,10,,3,1,H,1,1,D,18,9,8,2,10,16,3,1,2,1,0,0,3,0,4,2
1197,4,20180922,18,27,36,,3,0,H,3,0,H,12,7,4,1,7,10,5,4,0,2,0,0,3,0,3,3
1198,4,20180922,21,35,19,,1,1,D,1,0,H,15,11,6,8,5,17,5,4,1,1,0,0,1,1,2,0
1199,4,20180923,2,11,17,,2,0,H,0,0,D,9,9,5,6,17,12,5,9,2,1,0,0,3,0,2,2
1200,4,20180923,34,8,27,,0,0,D,0,0,D,6,17,1,6,11,9,1,8,2,1,0,0,1,1,0,0
1201,4,20180929,2,32,6,,2,0,H,0,0,D,9,13,2,4,11,17,6,6,2,2,0,0,3,0,2,2
1202,4,20180929,8,18,4,,1,1,D,1,0,H,10,13,4,6,7,9,4,4,0,2,0,0,1,1,2,0
1203,4,20180929,11,12,37,,3,0,H,0,0,D,19,6,6,0,13,13,12,1,0,3,0,0,3,0,3,3
1204,4,20180929,13,31,8,,0,2,A,0,2,A,9,10,5,6,17,16,3,0,2,2,0,0,0,3,2,-2
1205,4,20180929,20,5,22,,2,0,H,1,0,H,28,4,8,1,4,10,10,3,0,3,0,0,3,0,2,2
1206,4,20180929,23,17,44,,0,2,A,0,1,A,6,12,1,5,11,5,5,9,0,0,0,0,0,3,2,-2
1207,4,20180929,34,21,30,,3,1,H,2,0,H,8,9,3,4,12,12,4,9,0,1,0,0,3,0,4,2
1208,4,20180929,35,27,42,,2,0,H,0,0,D,14,17,6,6,11,7,8,6,3,1,0,0,3,0,2,2
1209,4,20180930,7,6,25,,1,2,A,0,0,D,19,3,5,2,11,15,10,2,1,3,0,0,0,3,3,-1
1210,4,20181001,1,10,27,,2,1,H,1,0,H,11,10,5,2,9,12,3,3,3,4,0,0,3,0,3,1
1211,4,20181005,5,34,19,,1,0,H,1,0,H,9,17,4,4,12,8,2,9,3,2,0,0,3,0,1,1
1212,4,20181006,6,13,7,,1,1,D,1,0,H,6,19,3,2,8,11,1,10,2,2,0,0,1,1,2,0
1213,4,20181006,10,35,30,,0,1,A,0,0,D,11,7,4,2,11,13,6,3,3,4,0,0,0,3,1,-1
1214,4,20181006,17,11,4,,1,2,A,1,1,D,8,17,2,8,10,11,2,10,2,1,1,0,0,3,3,-1
1215,4,20181006,21,23,6,,3,2,H,0,2,A,18,13,10,8,16,8,10,6,2,2,0,0,3,0,5,1
1216,4,20181006,31,7,27,,1,0,H,1,0,H,19,8,7,6,7,11,6,2,2,1,0,1,3,0,1,1
1217,4,20181006,32,1,17,,0,4,A,0,3,A,14,10,2,7,11,9,10,7,3,1,1,0,0,3,4,-4
1218,4,20181007,12,2,36,,1,5,A,1,1,D,21,9,4,7,11,12,4,2,2,0,0,0,0,3,6,-4
1219,4,20181007,18,20,25,,0,0,D,0,0,D,7,6,2,2,10,10,2,6,1,3,0,0,1,1,0,0
1220,4,20181007,27,8,8,,0,3,A,0,1,A,15,21,6,6,13,11,4,12,6,0,0,0,0,3,3,-3
1221,4,20181020,1,27,23,,0,0,D,0,0,D,10,8,2,4,10,14,6,4,1,2,0,0,1,1,0,0
1222,4,20181020,7,12,19,,4,2,H,2,2,D,22,9,5,4,15,16,4,4,3,3,0,0,3,0,6,2
1223,4,20181020,8,21,27,,2,2,D,1,0,H,21,7,6,4,9,17,5,3,2,5,0,0,1,1,4,0
1224,4,20181020,13,18,30,,0,1,A,0,1,A,13,11,1,2,9,6,2,4,0,2,0,0,0,3,1,-1
1225,4,20181020,20,6,17,,5,0,H,1,0,H,24,5,10,0,11,5,10,1,2,2,0,0,3,0,5,5
1226,4,20181020,23,5,4,,0,1,A,0,1,A,27,8,6,2,13,17,10,2,0,2,0,0,0,3,1,-1
1227,4,20181020,34,31,25,,0,1,A,0,1,A,13,10,4,2,8,10,10,6,3,0,0,0,0,3,1,-1
1228,4,20181020,35,32,22,,0,2,A,0,2,A,10,9,1,3,23,13,8,2,3,1,0,0,0,3,2,-2
1229,4,20181021,11,10,6,,2,0,H,0,0,D,20,7,4,3,13,17,10,5,2,1,0,0,3,0,2,2
1230,4,20181022,2,17,7,,3,1,H,1,1,D,19,8,6,2,10,10,6,4,2,2,0,0,3,0,4,2
1231,4,20181027,5,35,6,,1,0,H,0,0,D,2,25,1,7,11,8,1,10,3,0,0,0,3,0,1,1
1232,4,20181027,12,1,4,,0,3,A,0,1,A,11,12,1,5,16,3,5,5,2,1,1,0,0,3,3,-3
1233,4,20181027,17,34,30,,1,1,D,0,1,A,21,11,7,3,17,5,8,0,1,1,0,1,1,1,2,0
1234,4,20181027,18,7,42,,4,1,H,1,0,H,19,2,7,1,6,4,8,0,0,0,0,0,3,0,5,3
1235,4,20181027,27,23,7,,0,0,D,0,0,D,22,6,4,0,9,12,7,2,0,1,0,0,1,1,0,0
1236,4,20181027,32,13,27,,3,0,H,2,0,H,12,13,6,7,9,13,3,3,1,2,0,0,3,0,3,3
1237,4,20181028,6,8,8,,0,4,A,0,1,A,7,24,1,8,14,10,4,4,4,2,0,0,0,3,4,-4
1238,4,20181028,10,2,25,,2,2,D,1,0,H,16,7,3,2,10,16,6,4,1,2,0,0,1,1,4,0
1239,4,20181028,21,11,17,,2,1,H,1,0,H,14,14,10,6,15,12,8,4,2,1,0,0,3,0,3,1
1240,4,20181029,31,20,19,,0,1,A,0,1,A,4,13,1,6,13,13,3,6,2,2,0,0,0,3,1,-1
1241,4,20181103,1,21,36,,1,2,A,1,1,D,18,18,7,8,12,12,9,5,4,3,0,0,0,3,3,-1
1242,4,20181103,2,18,4,,1,1,D,0,0,D,12,13,4,4,7,7,5,8,1,1,0,0,1,1,2,0
1243,4,20181103,7,17,23,,0,1,A,0,0,D,11,13,2,5,13,12,6,12,2,2,0,0,0,3,1,-1
1244,4,20181103,11,5,10,,3,1,H,1,1,D,14,5,3,3,9,17,6,4,0,1,0,0,3,0,4,2
1245,4,20181103,23,32,8,,1,0,H,0,0,D,10,16,2,1,12,11,8,9,1,5,0,0,3,0,1,1
1246,4,20181103,34,6,37,,4,2,H,1,1,D,22,6,10,3,7,9,10,4,1,4,0,0,3,0,6,2
1247,4,20181103,35,31,27,,2,3,A,0,2,A,16,10,7,8,11,8,5,1,1,2,0,0,0,3,5,-1
1248,4,20181104,8,10,30,,3,1,H,1,0,H,15,7,6,2,6,13,4,2,0,1,0,0,3,0,4,2
1249,4,20181104,20,27,22,,6,1,H,4,1,H,18,12,8,6,14,9,4,4,1,1,0,0,3,0,7,5
1250,4,20181105,13,12,6,,1,0,H,1,0,H,10,7,2,1,11,8,5,4,1,2,0,0,3,0,1,1
1251,4,20181110,7,5,25,,2,1,H,1,1,D,20,7,6,3,7,21,4,1,2,1,0,1,3,0,3,1
1252,4,20181110,10,31,17,,0,1,A,0,0,D,11,11,4,2,12,9,10,6,1,1,0,0,0,3,1,-1
1253,4,20181110,13,34,7,,1,1,D,1,0,H,15,12,7,5,9,8,5,6,1,1,0,0,1,1,2,0
1254,4,20181110,17,6,27,,0,0,D,0,0,D,22,6,5,1,13,10,12,1,2,0,0,0,1,1,0,0
1255,4,20181110,23,1,23,,2,1,H,2,1,H,18,14,6,4,9,11,7,10,2,1,0,0,3,0,3,1
1256,4,20181110,27,32,44,,1,1,D,1,0,H,14,12,4,6,13,13,7,6,3,2,0,0,1,1,2,0
1257,4,20181111,2,35,42,,1,1,D,0,1,A,10,12,3,5,9,16,11,2,2,2,0,0,1,1,2,0
1258,4,20181111,8,11,19,,0,0,D,0,0,D,15,6,4,1,7,11,5,5,4,3,0,0,1,1,0,0
1259,4,20181111,18,12,36,,2,0,H,1,0,H,20,8,7,3,11,9,6,3,1,1,0,0,3,0,2,2
1260,4,20181111,20,21,6,,3,1,H,1,0,H,17,6,5,1,12,12,5,1,1,1,0,0,3,0,4,2
1261,4,20181124,5,17,7,,1,1,D,1,0,H,14,8,3,3,10,7,6,1,3,1,0,1,1,1,2,0
1262,4,20181124,11,7,36,,1,0,H,0,0,D,16,7,8,1,12,13,7,3,0,3,0,0,3,0,1,1
1263,4,20181124,12,27,30,,3,2,H,2,1,H,10,19,5,8,10,6,2,5,2,3,0,0,3,0,5,1
1264,4,20181124,21,10,22,,0,0,D,0,0,D,12,13,5,2,13,12,10,3,1,2,0,0,1,1,0,0
1265,4,20181124,31,8,25,,3,1,H,2,0,H,18,13,9,2,19,12,4,4,0,3,0,0,3,0,4,2
1266,4,20181124,32,18,17,,0,3,A,0,0,D,5,10,1,7,12,13,5,5,0,0,0,1,0,3,3,-3
1267,4,20181124,34,20,4,,0,4,A,0,3,A,9,9,1,6,6,3,8,1,0,0,0,0,0,3,4,-4
1268,4,20181125,1,2,8,,1,2,A,1,1,D,11,20,5,4,6,9,5,8,2,1,0,0,0,3,3,-1
1269,4,20181125,35,13,19,,0,2,A,0,1,A,12,14,3,6,9,8,3,5,1,2,0,0,0,3,2,-2
1270,4,20181126,6,23,6,,1,2,A,1,2,A,14,17,4,3,6,11,5,5,0,1,0,0,0,3,3,-1
1271,4,20181130,7,35,4,,2,1,H,0,1,A,17,15,3,4,3,12,7,6,1,2,0,0,3,0,3,1
1272,4,20181201,10,6,23,,2,0,H,1,0,H,29,4,9,0,9,10,10,2,1,1,0,0,3,0,2,2
1273,4,20181201,13,5,30,,1,2,A,1,1,D,7,14,2,6,10,12,2,6,0,2,1,0,0,3,3,-1
1274,4,20181201,17,32,14,,2,0,H,2,0,H,7,8,3,0,7,6,4,8,2,1,0,1,3,0,2,2
1275,4,20181201,20,1,42,,3,1,H,1,1,D,16,4,6,1,9,3,8,4,0,0,0,0,3,0,4,2
1276,4,20181201,23,34,36,,0,3,A,0,1,A,16,7,4,4,10,10,7,3,3,3,0,0,0,3,3,-3
1277,4,20181201,27,21,19,,2,2,D,2,2,D,16,11,6,5,12,13,3,5,4,4,0,0,1,1,4,0
1278,4,20181202,2,31,27,,4,2,H,1,2,A,22,11,7,6,15,17,8,5,3,3,0,1,3,0,6,2
1279,4,20181202,8,12,8,,2,0,H,1,0,H,16,9,9,4,8,17,4,6,2,1,0,0,3,0,2,2
1280,4,20181202,18,11,7,,1,0,H,0,0,D,16,9,3,3,12,7,8,1,3,2,0,0,3,0,1,1
1281,4,20181204,1,13,37,,2,1,H,2,1,H,6,23,2,6,14,11,4,8,4,2,0,0,3,0,3,1
1282,4,20181204,5,10,19,,3,1,H,3,0,H,9,18,3,5,14,12,4,5,2,3,1,0,3,0,4,2
1283,4,20181204,32,20,36,,1,2,A,0,1,A,11,15,7,7,4,8,3,11,0,1,0,0,0,3,3,-1
1284,4,20181204,34,7,14,,3,1,H,0,0,D,17,9,11,5,10,10,10,4,1,2,0,0,3,0,4,2
1285,4,20181205,6,18,42,,1,3,A,0,0,D,10,18,6,12,10,3,5,9,1,0,0,0,0,3,4,-2
1286,4,20181205,11,23,22,,1,1,D,1,1,D,19,8,3,5,7,18,14,2,0,5,0,0,1,1,2,0
1287,4,20181205,12,17,10,,1,1,D,1,0,H,25,13,7,5,12,7,10,8,0,0,0,0,1,1,2,0
1288,4,20181205,21,2,4,,2,2,D,1,1,D,10,9,7,4,13,10,4,4,3,3,0,0,1,1,4,0
1289,4,20181205,31,27,6,,3,1,H,1,0,H,13,18,8,5,7,5,8,6,0,0,0,0,3,0,4,2
1290,4,20181205,35,8,17,,2,1,H,0,1,A,6,17,2,3,18,10,1,5,4,4,0,0,3,0,3,1
1291,4,20181208,1,18,22,,0,4,A,0,1,A,8,10,2,4,9,11,6,6,2,1,0,0,0,3,4,-4
1292,4,20181208,2,13,36,,1,0,H,0,0,D,14,6,2,0,13,20,7,1,5,4,0,0,3,0,1,1
1293,4,20181208,6,5,25,,1,0,H,1,0,H,14,14,4,1,11,11,2,7,2,0,0,0,3,0,1,1
1294,4,20181208,7,27,17,,1,0,H,0,0,D,13,12,4,1,9,10,7,7,2,2,0,0,3,0,1,1
1295,4,20181208,8,20,30,,2,0,H,1,0,H,8,14,5,4,12,11,1,13,2,0,0,0,3,0,2,2
1296,4,20181208,17,31,8,,0,2,A,0,1,A,11,7,3,2,12,7,6,5,3,1,0,0,0,3,2,-2
1297,4,20181208,21,12,23,,4,1,H,3,0,H,20,10,11,4,11,15,10,3,1,1,0,1,3,0,5,3
1298,4,20181208,34,10,6,,3,2,H,0,1,A,13,8,6,4,10,8,5,3,1,2,0,0,3,0,5,1
1299,4,20181209,23,35,27,,1,2,A,1,1,D,12,13,4,6,10,17,4,6,2,5,1,0,0,3,3,-1
1300,4,20181210,11,32,19,,2,2,D,1,0,H,12,15,5,3,13,13,6,6,1,1,0,0,1,1,4,0
1301,4,20181215,10,17,30,,1,0,H,1,0,H,8,12,1,2,10,8,4,4,2,1,0,0,3,0,1,1
1302,4,20181215,12,34,27,,0,2,A,0,2,A,16,6,4,3,14,10,6,4,2,1,0,0,0,3,2,-2
1303,4,20181215,13,23,6,,0,1,A,0,0,D,15,8,5,5,5,13,10,1,1,1,0,0,0,3,1,-1
1304,4,20181215,20,11,8,,3,1,H,1,0,H,13,9,5,2,7,9,6,2,1,2,0,0,3,0,4,2
1305,4,20181215,31,6,14,,1,0,H,0,0,D,15,4,3,0,7,8,8,3,0,2,0,0,3,0,1,1
1306,4,20181215,32,7,3,,3,2,H,1,0,H,17,10,8,3,7,5,5,0,0,0,0,0,3,0,5,1
1307,4,20181215,35,1,44,,2,0,H,1,0,H,9,13,3,3,15,7,5,3,1,2,0,0,3,0,2,2
1308,4,20181216,5,8,42,,1,2,A,0,2,A,6,10,2,3,14,6,4,1,2,2,0,0,0,3,3,-1
1309,4,20181216,18,21,25,,3,1,H,1,1,D,36,6,11,2,6,14,13,2,0,2,0,0,3,0,4,2
1310,4,20181216,27,2,7,,3,2,H,2,1,H,12,13,7,4,12,10,4,5,3,1,0,0,3,0,5,1
1311,4,20181221,35,18,8,,0,2,A,0,1,A,11,15,5,6,7,3,1,10,0,0,0,0,0,3,2,-2
1312,4,20181222,1,5,27,,2,0,H,1,0,H,14,10,3,5,8,18,6,5,2,0,0,1,3,0,2,2
1313,4,20181222,2,6,19,,3,1,H,1,0,H,10,7,6,2,10,14,1,3,2,5,0,0,3,0,4,2
1314,4,20181222,7,21,30,,1,5,A,1,3,A,9,17,3,9,13,13,4,7,2,1,0,0,0,3,6,-4
1315,4,20181222,8,17,23,,0,1,A,0,0,D,17,8,5,3,10,9,9,5,0,2,0,0,0,3,1,-1
1316,4,20181222,13,27,42,,1,3,A,0,2,A,16,13,5,6,12,9,8,2,2,3,0,0,0,3,4,-2
1317,4,20181222,20,10,4,,2,3,A,1,2,A,19,5,5,3,7,6,13,0,0,4,0,0,0,3,5,-1
1318,4,20181222,23,12,25,,0,0,D,0,0,D,9,4,0,2,9,12,6,0,1,2,0,0,1,1,0,0
1319,4,20181222,34,32,22,,0,2,A,0,1,A,18,11,7,5,9,11,10,4,3,2,0,0,0,3,2,-2
1320,4,20181223,11,31,36,,2,6,A,1,3,A,10,17,3,8,13,9,2,1,0,2,0,0,0,3,8,-4
1321,4,20181226,5,2,6,,1,1,D,1,1,D,12,7,3,4,10,4,4,9,2,1,0,0,1,1,2,0
1322,4,20181226,6,11,30,,1,5,A,1,3,A,11,13,4,6,11,19,5,7,2,4,0,0,0,3,6,-4
1323,4,20181226,10,7,23,,0,0,D,0,0,D,31,9,5,4,9,11,12,1,0,3,0,0,1,1,0,0
1324,4,20181226,12,35,4,,1,1,D,0,0,D,11,14,9,5,9,6,2,0,2,1,0,0,1,1,2,0
1325,4,20181226,17,20,27,,2,1,H,1,1,D,10,11,5,4,5,8,3,7,2,2,0,1,3,0,3,1
1326,4,20181226,18,23,14,,4,0,H,1,0,H,16,6,8,2,7,9,10,2,0,0,0,0,3,0,4,4
1327,4,20181226,21,13,17,,3,1,H,1,0,H,16,10,10,2,9,13,5,3,1,1,0,0,3,0,4,2
1328,4,20181226,31,1,7,,5,0,H,3,0,H,10,14,7,4,4,8,3,4,2,1,0,0,3,0,5,5
1329,4,20181226,32,8,25,,1,2,A,1,1,D,10,10,2,4,15,5,3,4,1,0,0,0,0,3,3,-1
1330,4,20181227,27,34,8,,1,2,A,0,0,D,11,16,5,5,10,3,4,5,2,0,0,0,0,3,3,-1
1331,4,20181229,5,11,3,,1,0,H,0,0,D,11,13,3,4,10,11,6,6,0,2,0,0,3,0,1,1
1332,4,20181229,12,13,19,,1,0,H,0,0,D,14,9,5,5,12,10,4,3,3,1,0,0,3,0,1,1
1333,4,20181229,17,7,44,,0,1,A,0,0,D,16,12,7,3,14,16,10,4,0,2,0,0,0,3,1,-1
1334,4,20181229,18,2,30,,5,1,H,4,1,H,15,8,10,2,8,13,5,3,1,2,0,0,3,0,6,4
1335,4,20181229,31,35,42,,1,3,A,1,0,H,10,11,3,4,7,7,6,7,3,2,0,0,0,3,4,-2
1336,4,20181229,32,23,37,,1,1,D,0,1,A,12,8,5,2,17,16,3,6,1,2,0,0,1,1,2,0
1337,4,20181230,6,34,10,,2,0,H,2,0,H,17,11,5,4,15,11,5,5,1,4,0,0,3,0,2,2
1338,4,20181230,10,8,8,,0,1,A,0,0,D,4,12,0,4,11,8,3,4,0,1,0,0,0,3,1,-1
1339,4,20181230,21,1,22,,4,1,H,3,1,H,11,7,8,3,10,7,4,5,2,0,1,0,3,0,5,3
1340,4,20181230,27,20,36,,1,3,A,1,3,A,5,14,4,6,11,10,3,8,2,3,1,0,0,3,4,-2
1341,4,20190101,2,12,14,,4,1,H,1,0,H,16,9,9,4,7,12,8,3,0,1,0,0,3,0,5,3
1342,4,20190101,7,31,19,,0,3,A,0,3,A,6,13,3,4,6,6,5,3,1,0,0,0,0,3,3,-3
1343,4,20190101,11,17,25,,0,1,A,0,0,D,17,8,2,4,5,8,6,5,3,1,0,0,0,3,1,-1
1344,4,20190102,1,32,10,,3,3,D,3,3,D,25,11,12,3,9,15,4,2,1,4,0,0,1,1,6,0
1345,4,20190102,8,27,17,,0,0,D,0,0,D,17,6,6,2,8,11,7,2,1,2,0,0,1,1,0,0
1346,4,20190102,13,6,27,,1,2,A,1,1,D,9,16,2,8,11,9,5,2,0,4,1,1,0,3,3,-1
1347,4,20190102,23,21,4,,0,2,A,0,0,D,14,16,3,7,10,9,1,2,1,2,0,0,0,3,2,-2
1348,4,20190102,34,5,7,,2,2,D,0,0,D,13,13,6,6,9,11,1,5,0,1,0,0,1,1,4,0
1349,4,20190102,35,10,37,,0,2,A,0,0,D,9,17,1,4,9,7,3,10,4,1,0,0,0,3,2,-2
1350,4,20190103,20,18,6,,2,1,H,1,0,H,9,7,4,5,12,7,2,1,4,2,0,0,3,0,3,1
1351,4,20190112,5,18,19,,0,1,A,0,0,D,7,10,0,3,15,5,2,7,0,0,0,0,0,3,1,-1
1352,4,20190112,6,12,25,,2,1,H,2,1,H,11,12,0,4,5,9,2,6,1,2,0,0,3,0,3,1
1353,4,20190112,7,13,22,,0,0,D,0,0,D,3,14,0,2,12,14,3,10,3,1,0,0,1,1,0,0
1354,4,20190112,8,23,7,,2,1,H,1,1,D,10,9,6,2,6,13,8,5,1,1,0,0,3,0,3,1
1355,4,20190112,10,32,36,,1,2,A,1,0,H,15,16,6,2,11,11,7,7,1,4,0,0,0,3,3,-1
1356,4,20190112,17,27,30,,1,2,A,0,2,A,23,8,6,3,7,9,10,3,2,1,0,1,0,3,3,-1
1357,4,20190112,34,2,17,,1,0,H,0,0,D,11,11,3,2,7,10,7,3,0,2,0,0,3,0,1,1
1358,4,20190113,11,1,6,,2,0,H,0,0,D,15,16,3,7,17,8,5,9,5,0,0,0,3,0,2,2
1359,4,20190113,31,21,27,,0,1,A,0,1,A,21,13,11,8,8,8,7,4,1,2,0,0,0,3,1,-1
1360,4,20190114,20,35,8,,3,0,H,2,0,H,24,3,9,0,6,3,12,1,1,0,0,1,3,0,3,3
1361,4,20190119,1,34,44,,2,0,H,0,0,D,10,9,4,1,6,10,2,3,0,1,0,0,3,0,2,2
1362,4,20190119,2,8,6,,2,0,H,2,0,H,13,13,5,1,13,15,5,6,0,2,0,0,3,0,2,2
1363,4,20190119,18,10,17,,4,3,H,0,1,A,19,9,9,3,6,8,8,3,0,1,1,0,3,0,7,1
1364,4,20190119,21,5,36,,2,1,H,2,0,H,20,7,5,3,11,11,6,5,1,0,0,0,3,0,3,1
1365,4,20190119,23,7,42,,3,0,H,1,0,H,16,9,6,1,11,6,7,10,0,1,0,0,3,0,3,3
1366,4,20190119,27,11,14,,2,1,H,0,0,D,11,7,4,2,12,11,7,6,2,1,0,0,3,0,3,1
1367,4,20190119,32,6,30,,0,0,D,0,0,D,9,11,4,3,14,9,1,7,1,2,0,0,1,1,0,0
1368,4,20190119,35,17,7,,4,3,H,2,0,H,12,16,7,6,11,10,5,9,3,3,0,0,3,0,7,1
1369,4,20190120,12,31,8,,1,2,A,1,0,H,12,14,4,5,10,8,7,10,2,3,0,0,0,3,3,-1
1370,4,20190120,13,20,4,,0,3,A,0,1,A,5,12,2,4,10,9,1,4,2,2,0,0,0,3,3,-3
1371,4,20190129,2,7,27,,2,1,H,0,0,D,15,19,4,2,14,12,4,7,3,3,0,0,3,0,3,1
1372,4,20190129,12,5,23,,4,2,H,0,2,A,24,15,7,6,10,5,10,1,2,3,0,0,3,0,6,2
1373,4,20190129,13,11,42,,0,1,A,0,1,A,10,10,2,5,13,10,3,4,1,4,0,1,0,3,1,-1
1374,4,20190129,21,6,17,,2,2,D,0,0,D,28,6,9,4,10,9,11,3,1,3,0,0,1,1,4,0
1375,4,20190129,23,20,36,,2,1,H,0,1,A,6,12,2,4,9,7,1,8,2,3,0,0,3,0,3,1
1376,4,20190129,35,34,10,,3,0,H,0,0,D,20,4,9,0,8,10,5,1,4,1,0,0,3,0,3,3
1377,4,20190130,1,8,37,,4,0,H,0,0,D,12,11,7,7,8,6,3,7,1,0,0,0,3,0,4,4
1378,4,20190130,18,17,25,,1,1,D,1,1,D,10,5,3,2,13,6,7,1,1,3,0,0,1,1,2,0
1379,4,20190130,27,10,4,,1,1,D,0,1,A,13,15,4,3,11,8,3,8,2,2,0,1,1,1,2,0
1380,4,20190130,31,32,14,,2,1,H,0,1,A,17,9,3,1,6,9,9,5,0,4,0,0,3,0,3,1
1381,4,20190202,5,32,44,,0,0,D,0,0,D,21,5,4,0,15,10,7,0,1,0,0,0,1,1,0,0
1382,4,20190202,6,27,6,,1,1,D,0,0,D,15,10,6,4,10,9,4,2,3,1,0,0,1,1,2,0
1383,4,20190202,7,1,17,,2,0,H,1,0,H,12,9,5,2,17,14,6,7,1,2,0,0,3,0,2,2
1384,4,20190202,8,13,36,,5,0,H,2,0,H,23,5,7,2,8,5,11,2,0,0,0,0,3,0,5,5
1385,4,20190202,10,12,30,,2,0,H,1,0,H,17,8,6,0,9,12,11,1,2,3,0,0,3,0,2,2
1386,4,20190202,11,35,22,,1,3,A,1,2,A,13,8,4,4,12,14,3,1,3,1,0,0,0,3,4,-2
1387,4,20190202,31,23,4,,1,0,H,0,0,D,21,8,4,2,6,6,6,3,0,1,0,0,3,0,1,1
1388,4,20190203,17,21,27,,0,1,A,0,1,A,17,10,6,6,14,9,7,2,4,4,0,0,0,3,1,-1
1389,4,20190203,20,2,25,,3,1,H,2,1,H,19,4,12,2,11,8,4,2,1,1,0,0,3,0,4,2
1390,4,20190204,34,18,19,,1,1,D,1,1,D,13,11,2,6,9,11,2,5,1,1,0,0,1,1,2,0
1391,4,20190206,11,20,8,,0,2,A,0,1,A,4,15,1,4,12,6,5,6,1,1,0,0,0,3,2,-2
1392,4,20190209,5,6,42,,1,3,A,0,1,A,16,9,6,5,8,7,9,3,1,1,0,0,0,3,4,-2
1393,4,20190209,10,34,8,,1,1,D,0,1,A,25,6,5,4,12,9,10,4,3,0,0,0,1,1,2,0
1394,4,20190209,12,21,36,,0,3,A,0,2,A,15,15,3,7,14,9,5,4,3,2,0,0,0,3,3,-3
1395,4,20190209,13,2,17,,1,2,A,0,2,A,15,9,6,4,17,12,5,0,3,2,0,0,0,3,3,-1
1396,4,20190209,18,1,6,,3,0,H,2,0,H,20,12,9,2,14,6,8,5,2,2,0,0,3,0,3,3
1397,4,20190209,27,7,25,,1,2,A,0,0,D,14,6,7,3,15,12,8,2,3,3,0,0,0,3,3,-1
1398,4,20190209,32,11,23,,1,0,H,0,0,D,7,9,2,4,21,10,8,2,2,0,0,1,3,0,1,1
1399,4,20190210,20,8,27,,6,0,H,4,0,H,15,12,9,4,9,13,2,2,1,2,0,0,3,0,6,6
1400,4,20190210,31,17,30,,3,1,H,1,0,H,12,20,5,9,11,4,2,9,3,1,0,0,3,0,4,2
1401,4,20190211,35,23,14,,1,1,D,0,0,D,22,9,6,3,7,9,13,1,1,3,0,0,1,1,2,0
1402,4,20190222,7,32,44,,1,5,A,0,1,A,15,12,6,7,10,11,3,3,1,2,0,0,0,3,6,-4
1403,4,20190222,34,12,22,,3,1,H,2,1,H,21,8,7,5,11,11,12,0,1,1,0,0,3,0,4,2
1404,4,20190223,1,35,37,,1,1,D,1,0,H,10,10,3,2,10,15,9,8,4,5,0,0,1,1,2,0
1405,4,20190223,6,31,27,,2,1,H,0,0,D,10,17,4,6,9,12,7,6,1,3,0,0,3,0,3,1
1406,4,20190223,17,10,6,,1,4,A,0,1,A,27,7,5,5,7,14,8,3,2,1,0,0,0,3,5,-3
1407,4,20190223,23,13,19,,2,0,H,0,0,D,29,3,12,1,11,7,12,0,2,0,0,1,3,0,2,2
1408,4,20190224,2,27,14,,2,0,H,2,0,H,12,10,4,4,7,14,6,4,0,0,0,0,3,0,2,2
1409,4,20190224,21,18,30,,0,0,D,0,0,D,6,7,3,1,15,17,3,7,1,3,0,0,1,1,0,0
1410,4,20190226,7,11,19,,0,3,A,0,1,A,6,12,0,4,12,12,3,4,3,1,0,0,0,3,3,-3
1411,4,20190226,13,35,10,,1,0,H,0,0,D,15,7,3,0,10,10,3,5,2,2,0,0,3,0,1,1
1412,4,20190226,17,5,23,,2,1,H,1,0,H,19,15,3,3,6,4,4,8,1,1,0,0,3,0,3,1
1413,4,20190226,23,6,8,,2,0,H,2,0,H,12,12,3,2,8,8,4,7,1,3,0,0,3,0,2,2
1414,4,20190227,2,1,7,,5,1,H,2,1,H,16,13,6,5,11,9,9,4,2,2,0,0,3,0,6,4
1415,4,20190227,8,31,4,,2,0,H,0,0,D,11,9,1,0,7,14,2,2,1,1,0,0,3,0,2,2
1416,4,20190227,10,21,25,,1,3,A,0,1,A,17,13,2,4,8,9,5,6,2,3,0,0,0,3,4,-2
1417,4,20190227,18,32,14,,5,0,H,2,0,H,19,5,10,3,5,7,6,4,0,2,0,0,3,0,5,5
1418,4,20190227,20,34,42,,1,0,H,0,0,D,20,2,7,1,2,6,12,2,0,2,0,0,3,0,1,1
1419,4,20190227,27,12,6,,2,0,H,2,0,H,14,14,4,4,15,13,7,4,0,1,0,0,3,0,2,2
1420,4,20190302,1,20,19,,0,1,A,0,0,D,0,23,0,7,7,7,0,14,1,2,0,0,0,3,1,-1
1421,4,20190302,5,13,27,,1,0,H,0,0,D,13,6,4,4,11,6,6,3,2,2,0,0,3,0,1,1
1422,4,20190302,6,10,23,,1,3,A,0,1,A,18,10,4,4,9,9,8,5,1,2,0,0,0,3,4,-2
1423,4,20190302,21,27,42,,3,2,H,0,1,A,16,6,6,3,7,10,9,7,2,1,0,0,3,0,5,1
1424,4,20190302,31,2,6,,1,1,D,0,1,A,10,9,3,4,15,14,3,4,3,2,0,1,1,1,2,0
1425,4,20190302,34,23,7,,2,0,H,2,0,H,10,17,4,2,8,14,1,6,3,4,0,0,3,0,2,2
1426,4,20190302,35,7,4,,2,0,H,2,0,H,13,12,6,4,11,6,7,8,1,2,0,0,3,0,2,2
1427,4,20190303,11,18,25,,0,0,D,0,0,D,7,10,3,3,12,10,3,7,1,2,0,0,1,1,0,0
1428,4,20190303,12,8,14,,1,2,A,1,2,A,12,20,5,7,11,10,5,4,2,1,0,0,0,3,3,-1
1429,4,20190303,32,17,17,,2,1,H,1,0,H,6,14,5,2,15,12,1,5,5,1,0,0,3,0,3,1
1430,4,20190309,7,34,14,,2,0,H,1,0,H,16,9,7,2,7,12,7,5,2,1,0,0,3,0,2,2
1431,4,20190309,10,5,8,,1,2,A,0,1,A,15,4,3,3,8,18,8,0,1,5,0,0,0,3,3,-1
1432,4,20190309,13,1,6,,0,2,A,0,1,A,8,8,1,5,14,9,6,5,3,1,0,0,0,3,2,-2
1433,4,20190309,17,12,10,,3,1,H,1,0,H,18,6,8,3,9,13,6,5,0,2,0,0,3,0,4,2
1434,4,20190309,20,32,36,,3,1,H,0,0,D,19,2,9,1,11,7,9,1,1,1,0,0,3,0,4,2
1435,4,20190309,23,11,22,,3,2,H,0,2,A,19,7,7,3,13,10,8,2,3,1,0,0,3,0,5,1
1436,4,20190309,27,31,19,,2,1,H,0,1,A,12,16,4,5,16,9,1,10,4,2,0,0,3,0,3,1
1437,4,20190310,2,21,17,,2,0,H,1,0,H,14,14,3,4,12,18,5,2,2,2,0,0,3,0,2,2
1438,4,20190310,8,35,30,,1,1,D,0,0,D,22,2,6,1,8,14,13,0,1,4,0,0,1,1,2,0
1439,4,20190310,18,6,4,,4,2,H,2,1,H,23,3,5,2,4,7,7,3,2,0,0,0,3,0,6,2
1440,4,20190316,1,23,27,,2,2,D,0,1,A,10,12,3,4,9,12,6,6,3,2,0,0,1,1,4,0
1441,4,20190316,6,17,30,,1,2,A,1,1,D,13,9,2,4,9,10,9,3,1,1,0,1,0,3,3,-1
1442,4,20190316,34,13,17,,4,3,H,1,2,A,16,15,5,5,7,15,5,8,0,2,0,0,3,0,7,1
1443,4,20190317,11,8,6,,2,0,H,0,0,D,15,16,8,5,17,9,3,4,1,2,0,0,3,0,2,2
1444,4,20190317,12,18,8,,1,2,A,0,1,A,7,16,2,6,11,7,1,10,2,1,0,0,0,3,3,-1
1445,4,20190330,5,27,30,,0,1,A,0,0,D,14,8,1,2,8,10,6,5,1,2,0,0,0,3,1,-1
1446,4,20190330,6,35,7,,2,0,H,1,0,H,5,8,1,1,12,10,1,5,1,1,0,0,3,0,2,2
1447,4,20190330,10,13,23,,2,0,H,0,0,D,19,15,5,5,10,7,5,5,0,0,0,0,3,0,2,2
1448,4,20190330,12,20,19,,0,2,A,0,2,A,5,24,0,7,4,12,0,11,2,0,0,0,0,3,2,-2
1449,4,20190330,17,1,22,,2,0,H,1,0,H,18,8,4,2,6,12,6,1,0,2,0,0,3,0,2,2
1450,4,20190330,21,32,42,,2,1,H,1,0,H,8,20,5,8,14,9,3,5,1,2,0,0,3,0,3,1
1451,4,20190330,34,11,36,,0,2,A,0,2,A,3,17,1,9,7,14,4,9,1,1,0,0,0,3,2,-2
1452,4,20190331,7,8,8,,1,2,A,0,0,D,8,21,3,3,8,14,2,7,2,3,0,0,0,3,3,-1
1453,4,20190331,18,31,25,,2,1,H,1,0,H,14,11,3,2,5,8,10,3,0,1,0,0,3,0,3,1
1454,4,20190401,2,23,6,,2,0,H,1,0,H,7,3,4,1,11,10,6,2,2,0,0,0,3,0,2,2
1455,4,20190402,32,12,37,,4,1,H,1,1,D,15,17,7,7,12,5,6,4,3,2,0,0,3,0,5,3
1456,4,20190402,35,21,27,,2,1,H,1,1,D,9,18,2,4,5,11,3,5,1,2,0,1,3,0,3,1
1457,4,20190403,8,5,14,,3,0,H,1,0,H,17,3,4,1,5,9,7,1,0,0,0,0,3,0,3,3
1458,4,20190403,20,7,17,,2,0,H,2,0,H,27,4,11,1,3,17,7,4,0,3,0,0,3,0,2,2
1459,4,20190403,31,10,4,,2,0,H,0,0,D,26,5,10,1,8,5,8,2,1,0,0,0,3,0,2,2
1460,4,20190405,27,18,36,,1,3,A,1,1,D,11,17,1,5,8,7,7,5,2,4,0,0,0,3,4,-2
1461,4,20190406,1,6,25,,1,3,A,1,2,A,10,11,2,3,12,16,3,6,2,3,0,0,0,3,4,-2
1462,4,20190406,13,17,10,,1,4,A,0,1,A,10,18,4,9,13,11,8,5,3,0,0,0,0,3,5,-3
1463,4,20190406,23,10,42,,0,1,A,0,0,D,18,3,5,1,12,13,9,4,1,2,0,0,0,3,1,-1
1464,4,20190407,11,2,19,,1,0,H,1,0,H,23,7,6,2,8,9,9,6,1,4,0,0,3,0,1,1
1465,4,20190408,8,34,7,,2,0,H,1,0,H,16,9,7,2,8,7,7,4,2,1,0,0,3,0,2,2
1466,4,20190412,17,23,7,,0,1,A,0,1,A,12,11,5,5,6,10,2,3,2,3,0,0,0,3,1,-1
1467,4,20190413,5,1,19,,0,5,A,0,1,A,8,14,1,7,10,6,4,1,2,4,1,0,0,3,5,-5
1468,4,20190413,6,7,27,,2,0,H,1,0,H,14,14,7,2,7,10,8,4,2,3,0,0,3,0,2,2
1469,4,20190413,12,11,23,,2,0,H,0,0,D,12,8,5,1,8,10,7,3,2,1,0,0,3,0,2,2
1470,4,20190413,21,34,14,,2,1,H,1,0,H,14,18,4,4,14,5,3,11,1,1,0,0,3,0,3,1
1471,4,20190413,27,35,17,,3,1,H,2,1,H,13,17,6,2,13,8,4,9,1,3,0,0,3,0,4,2
1472,4,20190413,31,13,22,,4,0,H,2,0,H,22,7,5,1,10,12,4,2,2,2,0,0,3,0,4,4
1473,4,20190414,10,20,25,,1,3,A,0,1,A,7,20,3,6,5,11,2,9,0,0,0,0,0,3,4,-2
1474,4,20190414,18,8,30,,2,0,H,0,0,D,15,6,7,3,5,9,9,2,0,1,0,0,3,0,2,2
1475,4,20190415,32,2,8,,0,1,A,0,1,A,11,19,3,6,12,8,6,4,2,0,1,0,0,3,1,-1
1476,4,20190416,5,7,4,,0,2,A,0,1,A,14,10,2,3,11,13,5,4,0,1,0,0,0,3,2,-2
1477,4,20190420,1,12,10,,0,1,A,0,0,D,15,17,5,5,11,18,3,7,1,3,0,0,0,3,1,-1
1478,4,20190420,13,32,37,,1,2,A,0,1,A,13,11,3,6,15,9,2,2,2,2,0,0,0,3,3,-1
1479,4,20190420,20,31,30,,1,0,H,1,0,H,15,10,4,4,11,11,4,4,1,2,0,0,3,0,1,1
1480,4,20190420,23,27,6,,3,1,H,2,0,H,15,15,6,3,5,11,4,11,0,2,0,0,3,0,4,2
1481,4,20190420,34,17,23,,2,2,D,1,0,H,11,11,3,5,8,9,6,8,2,0,0,0,1,1,4,0
1482,4,20190420,35,5,8,,0,0,D,0,0,D,22,5,5,0,0,8,14,1,0,1,0,0,1,1,0,0
1483,4,20190421,2,10,17,,2,3,A,0,1,A,12,16,5,7,15,12,8,3,4,1,0,0,0,3,5,-1
1484,4,20190421,7,18,25,,0,2,A,0,0,D,7,17,2,6,6,5,5,10,1,1,0,0,0,3,2,-2
1485,4,20190421,11,21,36,,4,0,H,2,0,H,15,7,8,1,11,7,10,2,1,1,0,0,3,0,4,4
1486,4,20190422,8,6,19,,2,2,D,2,2,D,22,6,9,3,9,4,10,1,2,1,0,0,1,1,4,0
1487,4,20190423,31,5,7,,1,0,H,0,0,D,29,6,5,1,7,13,6,3,1,2,0,0,3,0,1,1
1488,4,20190423,32,27,27,,1,1,D,0,1,A,15,8,4,4,10,14,3,4,5,2,0,0,1,1,2,0
1489,4,20190424,21,20,4,,0,2,A,0,0,D,12,8,1,5,10,10,1,1,2,2,0,0,0,3,2,-2
1490,4,20190424,35,2,42,,3,1,H,3,0,H,11,11,3,1,12,9,5,5,2,3,0,0,3,0,4,2
1491,4,20190426,18,13,19,,5,0,H,3,0,H,21,5,7,1,5,14,4,4,0,0,0,0,3,0,5,5
1492,4,20190427,5,23,27,,1,1,D,0,1,A,9,9,2,1,7,10,7,4,2,3,0,0,1,1,2,0
1493,4,20190427,10,11,22,,0,0,D,0,0,D,8,22,0,3,9,15,5,10,2,0,0,0,1,1,0,0
1494,4,20190427,12,7,7,,1,0,H,0,0,D,8,13,2,8,10,8,10,3,0,0,0,0,3,0,1,1
1495,4,20190427,27,1,14,,3,3,D,1,2,A,22,9,7,5,8,9,9,3,2,1,0,0,1,1,6,0
1496,4,20190427,31,34,6,,0,1,A,0,0,D,14,16,4,7,3,8,2,7,0,2,0,0,0,3,1,-1
1497,4,20190427,32,35,44,,1,2,A,0,1,A,10,11,1,4,10,11,4,5,3,2,0,0,0,3,3,-1
1498,4,20190428,6,20,36,,0,1,A,0,0,D,2,25,0,7,5,7,0,6,1,1,0,0,0,3,1,-1
1499,4,20190428,17,2,30,,3,0,H,0,0,D,24,6,12,1,13,13,8,6,3,1,0,1,3,0,3,3
1500,4,20190428,21,8,25,,1,1,D,1,1,D,7,16,5,3,9,14,6,6,3,2,0,0,1,1,2,0
1501,4,20190503,11,6,7,,2,0,H,2,0,H,20,5,6,1,8,9,8,1,0,2,0,0,3,0,2,2
1502,4,20190504,1,31,8,,1,0,H,0,0,D,20,11,6,5,11,12,10,6,1,5,0,2,3,0,1,1
1503,4,20190504,7,10,30,,2,3,A,1,2,A,18,21,8,7,14,11,10,5,0,0,0,0,0,3,5,-1
1504,4,20190504,23,18,4,,2,3,A,1,2,A,14,11,7,4,10,4,2,3,1,1,0,0,0,3,5,-1
1505,4,20190504,34,27,42,,3,0,H,1,0,H,17,11,6,1,2,11,2,7,1,1,0,0,3,0,3,3
1506,4,20190504,35,12,17,,1,0,H,0,0,D,19,6,6,2,10,15,7,1,1,3,0,0,3,0,1,1
1507,4,20190505,2,5,6,,1,1,D,1,0,H,20,11,8,5,9,14,16,3,5,2,0,0,1,1,2,0
1508,4,20190505,8,32,36,,3,0,H,0,0,D,19,15,9,3,6,12,6,6,0,1,0,0,3,0,3,3
1509,4,20190505,13,21,22,,1,1,D,0,1,A,7,23,3,7,10,10,3,7,1,1,0,0,1,1,2,0
1510,4,20190506,20,17,27,,1,0,H,0,0,D,19,7,5,2,12,5,11,0,3,2,0,0,3,0,1,1
1511,4,20190512,5,20,30,,1,4,A,1,2,A,6,20,2,9,12,8,2,6,0,0,0,0,0,3,5,-3
1512,4,20190512,6,2,27,,1,3,A,0,0,D,14,17,5,6,11,3,4,5,5,1,0,0,0,3,4,-2
1513,4,20190512,10,1,37,,5,3,H,3,1,H,17,16,8,8,11,8,4,4,3,0,0,0,3,0,8,2
1514,4,20190512,12,23,19,,0,4,A,0,2,A,16,13,2,6,6,8,5,5,1,0,0,0,0,3,4,-4
1515,4,20190512,17,8,6,,0,0,D,0,0,D,9,14,3,4,9,8,4,5,0,1,0,0,1,1,0,0
1516,4,20190512,18,35,25,,2,0,H,1,0,H,13,7,5,2,3,11,4,1,0,2,0,0,3,0,2,2
1517,4,20190512,21,7,17,,0,2,A,0,1,A,26,13,10,4,9,6,11,2,3,3,0,0,0,3,2,-2
1518,4,20190512,27,13,23,,1,1,D,1,0,H,10,10,3,3,8,6,4,3,0,1,0,0,1,1,2,0
1519,4,20190512,31,11,4,,2,2,D,1,0,H,11,17,3,9,10,13,7,4,0,2,0,0,1,1,4,0
1520,4,20190512,32,34,7,,1,4,A,0,2,A,17,16,8,9,10,10,7,2,1,0,1,0,0,3,5,-3
1521,5,20190809,18,24,30,20:00,4,1,H,4,0,H,15,12,7,5,9,9,11,2,0,2,0,0,3,0,5,3
1522,5,20190810,1,26,19,15:00,1,1,D,0,0,D,13,8,3,3,10,19,3,4,2,1,0,0,1,1,2,0
1523,5,20190810,6,27,14,15:00,3,0,H,0,0,D,10,11,4,3,6,12,2,7,0,0,0,0,3,0,3,3
1524,5,20190810,10,11,17,15:00,0,0,D,0,0,D,6,10,2,3,16,14,6,2,2,1,0,1,1,1,0,0
1525,5,20190810,31,3,7,17:30,3,1,H,0,1,A,31,7,7,4,13,9,14,0,1,0,0,0,3,0,4,2
1526,5,20190810,32,5,8,15:00,0,3,A,0,1,A,11,5,3,3,15,11,5,2,0,1,0,0,0,3,3,-3
1527,5,20190810,34,20,27,12:30,0,5,A,0,1,A,5,14,3,9,6,13,1,1,2,2,0,0,0,3,5,-5
1528,5,20190811,17,35,4,14:00,0,0,D,0,0,D,15,8,1,2,3,13,12,3,0,2,0,0,1,1,0,0
1529,5,20190811,21,8,6,16:30,4,0,H,1,0,H,11,18,5,7,15,13,3,5,3,4,0,0,3,0,4,4
1530,5,20190811,23,2,25,14:00,0,1,A,0,0,D,9,8,2,2,12,7,5,3,1,3,0,0,0,3,1,-1
1531,5,20190817,2,6,27,12:30,2,1,H,1,1,D,16,18,9,5,13,11,10,7,2,1,0,0,3,0,3,1
1532,5,20190817,3,1,25,15:00,1,2,A,0,2,A,22,12,7,4,10,13,10,5,0,2,0,0,0,3,3,-1
1533,5,20190817,5,34,6,15:00,1,1,D,0,0,D,16,8,4,3,11,10,8,6,0,2,0,0,1,1,2,0
1534,5,20190817,11,32,22,15:00,1,0,H,1,0,H,12,8,2,2,11,11,4,7,2,3,0,0,3,0,1,1
1535,5,20190817,20,31,30,17:30,2,2,D,2,1,H,30,3,10,2,14,4,13,2,1,0,0,0,1,1,4,0
1536,5,20190817,24,23,42,15:00,3,1,H,1,0,H,15,10,8,3,9,11,7,5,1,3,0,0,3,0,4,2
1537,5,20190817,27,18,4,15:00,1,2,A,0,1,A,14,15,3,6,10,6,5,9,2,1,0,0,0,3,3,-1
1538,5,20190818,8,17,33,16:30,1,1,D,1,0,H,14,12,5,3,9,14,4,5,1,0,0,0,1,1,2,0
1539,5,20190818,26,10,10,14:00,1,0,H,0,0,D,15,6,3,4,16,11,8,4,3,1,0,0,3,0,1,1
1540,5,20190819,35,21,17,20:00,1,1,D,0,1,A,6,9,2,2,17,8,4,6,2,2,0,0,1,1,2,0
1541,5,20190823,3,11,30,20:00,2,0,H,1,0,H,7,12,3,1,10,18,0,6,2,3,0,0,3,0,2,2
1542,5,20190824,5,27,19,15:00,0,2,A,0,0,D,12,12,3,4,9,10,8,5,1,3,1,0,0,3,2,-2
1543,5,20190824,18,2,6,17:30,3,1,H,1,0,H,25,9,5,3,8,5,6,4,1,1,0,0,3,0,4,2
1544,5,20190824,21,10,36,15:00,1,2,A,0,1,A,22,5,3,3,8,18,8,1,2,4,0,0,0,3,3,-1
1545,5,20190824,24,8,25,12:30,2,3,A,2,2,D,6,23,5,8,9,9,1,8,1,1,0,0,0,3,5,-1
1546,5,20190824,26,17,3,15:00,1,2,A,0,1,A,8,10,3,2,11,6,7,4,1,0,0,0,0,3,3,-1
1547,5,20190824,32,34,7,15:00,1,3,A,1,1,D,23,16,3,10,12,11,8,7,1,1,0,0,0,3,4,-2
1548,5,20190825,1,20,4,14:00,1,3,A,1,2,A,10,19,7,5,7,13,4,5,1,3,0,0,0,3,4,-2
1549,5,20190825,31,23,27,16:30,0,1,A,0,1,A,17,8,2,3,10,5,6,6,2,2,0,0,0,3,1,-1
1550,5,20190825,35,6,8,16:30,1,1,D,0,1,A,17,13,2,4,9,11,4,3,0,2,0,0,1,1,2,0
1551,5,20190831,6,18,7,17:30,0,3,A,0,2,A,7,15,2,7,10,16,6,4,0,0,0,0,0,3,3,-3
1552,5,20190831,8,26,42,15:00,2,2,D,2,0,H,13,8,5,2,6,11,3,4,0,1,0,0,1,1,4,0
1553,5,20190831,10,3,19,15:00,1,0,H,0,0,D,22,10,5,2,15,16,13,2,2,4,0,1,3,0,1,1
1554,5,20190831,17,1,35,15:00,3,1,H,2,1,H,13,8,5,2,9,11,4,5,1,3,0,0,3,0,4,2
1555,5,20190831,20,5,17,15:00,4,0,H,2,0,H,15,6,6,2,10,6,8,1,1,1,0,0,3,0,4,4
1556,5,20190831,23,32,14,15:00,1,1,D,1,1,D,13,13,5,3,5,11,6,5,2,3,0,0,1,1,2,0
1557,5,20190831,27,21,27,12:30,1,1,D,0,1,A,10,21,2,8,17,7,2,3,1,2,1,0,1,1,2,0
1558,5,20190831,34,24,36,15:00,2,0,H,1,0,H,18,8,8,3,16,10,8,2,2,1,0,0,3,0,2,2
1559,5,20190901,2,31,25,16:30,2,2,D,1,2,A,26,13,8,9,13,19,11,6,3,5,0,0,1,1,4,0
1560,5,20190901,11,35,6,14:00,3,2,H,2,1,H,15,8,6,5,12,12,7,7,1,4,0,1,3,0,5,1
1561,5,20190914,5,6,30,15:00,1,1,D,0,0,D,14,7,5,1,13,7,3,6,0,2,0,0,1,1,2,0
1562,5,20190914,18,23,4,12:30,3,1,H,2,1,H,21,8,9,1,5,4,10,1,0,0,0,0,3,0,4,2
1563,5,20190914,21,17,25,15:00,1,0,H,1,0,H,10,9,5,3,14,14,3,9,1,2,0,0,3,0,1,1
1564,5,20190914,24,20,19,17:30,3,2,H,2,1,H,7,25,3,8,8,7,3,16,3,1,0,0,3,0,5,1
1565,5,20190914,26,27,22,15:00,0,1,A,0,0,D,17,11,4,7,10,7,12,6,1,1,1,0,0,3,1,-1
1566,5,20190914,31,10,8,15:00,4,0,H,4,0,H,13,11,5,6,19,11,4,3,4,2,0,0,3,0,4,4
1567,5,20190914,35,8,14,15:00,2,5,A,0,3,A,11,15,4,6,8,11,7,5,1,2,0,0,0,3,7,-3
1568,5,20190915,1,11,36,14:00,3,1,H,1,1,D,13,14,6,5,5,14,7,7,0,4,0,0,3,0,4,2
1569,5,20190915,32,2,6,16:30,2,2,D,0,2,A,31,10,7,4,14,4,7,1,3,3,0,0,1,1,4,0
1570,5,20190916,3,34,27,20:00,0,0,D,0,0,D,10,13,5,1,13,12,2,4,2,1,0,1,1,1,0,0
1571,5,20190920,27,1,7,20:00,1,3,A,0,2,A,25,6,6,3,8,9,4,5,1,3,0,0,0,3,4,-2
1572,5,20190921,6,24,10,15:00,2,0,H,2,0,H,13,11,6,2,11,10,7,3,0,1,0,0,3,0,2,2
1573,5,20190921,11,26,44,15:00,0,2,A,0,1,A,16,2,3,1,9,9,12,3,1,3,0,0,0,3,2,-2
1574,5,20190921,17,31,36,12:30,2,1,H,0,1,A,16,11,7,4,16,13,8,2,1,2,0,0,3,0,3,1
1575,5,20190921,20,32,27,15:00,8,0,H,5,0,H,28,5,11,4,5,9,5,4,2,2,0,0,3,0,8,8
1576,5,20190921,23,5,25,17:30,0,0,D,0,0,D,11,16,4,3,12,8,5,3,2,1,0,0,1,1,0,0
1577,5,20190922,2,3,17,16:30,3,2,H,0,1,A,21,14,6,9,13,15,9,4,5,1,1,0,3,0,5,1
1578,5,20190922,8,18,30,16:30,1,2,A,0,2,A,13,6,2,3,8,13,6,4,3,3,0,0,0,3,3,-1
1579,5,20190922,10,35,42,14:00,1,1,D,0,0,D,13,14,4,4,7,10,6,7,2,1,0,1,1,1,2,0
1580,5,20190922,34,21,6,14:00,2,0,H,1,0,H,8,9,6,3,8,9,3,7,2,2,0,0,3,0,2,2
1581,5,20190928,1,34,42,15:00,2,2,D,1,1,D,13,17,5,6,7,8,6,6,3,1,0,0,1,1,4,0
1582,5,20190928,3,6,22,15:00,2,2,D,1,0,H,16,10,3,3,10,16,7,3,1,4,0,0,1,1,4,0
1583,5,20190928,8,5,7,15:00,2,0,H,0,0,D,24,8,10,1,5,13,5,2,2,3,0,0,3,0,2,2
1584,5,20190928,10,24,17,15:00,2,0,H,1,0,H,15,10,3,3,14,10,5,5,3,1,0,0,3,0,2,2
1585,5,20190928,11,20,30,17:30,1,3,A,1,1,D,12,20,8,9,4,8,5,2,2,2,0,0,0,3,4,-2
1586,5,20190928,26,18,6,12:30,0,1,A,0,0,D,12,16,2,4,8,4,6,5,1,1,0,0,0,3,1,-1
1587,5,20190928,31,27,14,15:00,2,1,H,2,1,H,9,14,4,6,5,16,6,6,0,2,1,0,3,0,3,1
1588,5,20190928,35,32,36,15:00,2,0,H,1,0,H,6,14,2,5,5,6,1,6,0,1,0,0,3,0,2,2
1589,5,20190929,17,23,8,16:30,5,0,H,1,0,H,13,3,5,0,12,9,9,0,1,1,0,1,3,0,5,5
1590,5,20190930,21,2,19,20:00,1,1,D,1,0,H,16,10,4,5,18,13,8,7,4,2,0,0,1,1,2,0
1591,5,20191005,5,31,17,12:30,3,0,H,2,0,H,17,8,6,3,11,7,4,4,2,1,0,0,3,0,3,3
1592,5,20191005,6,11,14,15:00,1,0,H,0,0,D,9,11,3,2,5,12,7,9,2,1,0,1,3,0,1,1
1593,5,20191005,18,17,7,15:00,2,1,H,1,0,H,18,2,8,1,9,17,4,6,1,4,0,0,3,0,3,1
1594,5,20191005,24,3,3,15:00,1,5,A,0,2,A,21,22,5,12,14,17,10,6,1,3,0,0,0,3,6,-4
1595,5,20191005,32,26,4,15:00,0,0,D,0,0,D,8,9,2,3,7,6,7,7,0,2,0,0,1,1,0,0
1596,5,20191005,34,10,30,17:30,1,2,A,0,0,D,9,7,4,4,11,7,2,2,3,2,0,0,0,3,3,-1
1597,5,20191006,2,1,25,14:00,1,0,H,1,0,H,12,10,2,2,12,6,14,5,1,2,0,0,3,0,1,1
1598,5,20191006,20,35,8,14:00,0,2,A,0,0,D,18,7,2,2,11,14,9,1,5,2,0,0,0,3,2,-2
1599,5,20191006,23,21,27,16:30,1,0,H,0,0,D,12,12,2,3,12,10,4,6,3,3,0,0,3,0,1,1
1600,5,20191006,27,8,36,14:00,1,4,A,1,3,A,10,13,3,7,8,15,3,4,0,1,0,0,0,3,5,-3
1601,5,20191019,1,24,22,15:00,0,0,D,0,0,D,11,10,2,1,8,11,6,7,1,3,0,0,1,1,0,0
1602,5,20191019,3,5,10,15:00,2,1,H,1,1,D,24,20,8,5,9,17,7,5,1,2,0,1,3,0,3,1
1603,5,20191019,8,23,4,15:00,1,0,H,0,0,D,16,5,8,0,9,12,11,0,2,1,0,0,3,0,1,1
1604,5,20191019,10,20,6,17:30,0,2,A,0,2,A,7,21,2,10,8,10,1,8,1,1,0,0,0,3,2,-2
1605,5,20191019,11,34,36,12:30,2,0,H,1,0,H,19,8,10,4,15,15,11,2,2,2,0,0,3,0,2,2
1606,5,20191019,17,6,17,15:00,2,1,H,1,1,D,19,13,3,4,4,10,9,4,0,3,0,0,3,0,3,1
1607,5,20191019,31,32,7,15:00,1,1,D,0,1,A,12,7,2,2,5,9,11,2,4,3,0,0,1,1,2,0
1608,5,20191019,35,27,35,15:00,1,1,D,0,0,D,4,14,1,5,10,17,1,3,3,2,0,0,1,1,2,0
1609,5,20191020,21,18,25,16:30,1,1,D,1,0,H,7,10,2,4,6,14,3,1,0,1,0,0,1,1,2,0
1610,5,20191021,26,2,27,20:00,1,0,H,1,0,H,8,9,2,3,10,12,7,12,4,4,0,0,3,0,1,1
1611,5,20191025,27,17,4,20:00,0,9,A,0,5,A,6,25,3,15,3,12,2,7,0,0,1,0,0,3,9,-9
1612,5,20191026,5,11,3,15:00,3,2,H,1,1,D,8,10,4,6,12,12,0,5,2,1,0,0,3,0,5,1
1613,5,20191026,6,8,30,17:30,2,4,A,0,2,A,13,16,5,7,7,8,5,6,3,2,0,0,0,3,6,-2
1614,5,20191026,20,3,14,12:30,3,0,H,0,0,D,25,11,9,5,10,5,13,7,1,1,1,0,3,0,3,3
1615,5,20191026,32,1,27,15:00,0,0,D,0,0,D,7,15,3,5,14,8,5,10,5,3,0,0,1,1,0,0
1616,5,20191026,34,26,10,15:00,1,1,D,1,0,H,12,10,4,4,7,10,10,4,2,2,0,0,1,1,2,0
1617,5,20191027,2,10,25,16:30,2,2,D,2,1,H,15,10,6,4,18,9,12,5,2,0,0,0,1,1,4,0
1618,5,20191027,18,31,6,16:30,2,1,H,0,1,A,21,11,13,4,9,11,8,3,3,3,0,0,3,0,3,1
1619,5,20191027,23,35,19,14:00,1,1,D,1,0,H,13,13,2,5,8,15,3,6,2,2,1,0,1,1,2,0
1620,5,20191027,24,21,42,16:30,1,3,A,0,2,A,10,21,3,11,13,10,1,10,2,2,0,0,0,3,4,-2
1621,5,20191102,1,21,7,12:30,1,0,H,1,0,H,12,15,6,4,14,12,4,10,4,3,0,0,3,0,1,1
1622,5,20191102,2,35,30,15:00,1,1,D,1,0,H,10,25,4,8,6,15,8,9,0,2,0,0,1,1,2,0
1623,5,20191102,3,18,17,15:00,1,2,A,1,0,H,5,25,2,6,12,9,2,10,1,2,0,0,0,3,3,-1
1624,5,20191102,5,24,19,15:00,2,0,H,0,0,D,21,7,5,0,11,8,8,3,0,1,0,0,3,0,2,2
1625,5,20191102,20,27,22,15:00,2,1,H,0,1,A,26,3,4,3,11,10,17,0,3,1,0,0,3,0,3,1
1626,5,20191102,26,6,44,15:00,3,0,H,3,0,H,13,6,6,0,8,12,7,6,1,2,0,0,3,0,3,3
1627,5,20191102,32,8,6,17:30,1,2,A,0,1,A,12,16,3,10,8,5,1,6,4,2,0,0,0,3,3,-1
1628,5,20191102,34,23,42,15:00,2,3,A,0,2,A,16,12,6,9,10,7,7,3,2,1,0,0,0,3,5,-1
1629,5,20191103,10,17,36,14:00,0,2,A,0,0,D,12,14,3,5,15,16,5,6,2,2,0,0,0,3,2,-2
1630,5,20191103,11,31,25,16:30,1,1,D,0,0,D,7,4,3,2,9,8,5,2,1,2,0,1,1,1,2,0
1631,5,20191108,24,32,4,20:00,0,2,A,0,1,A,17,12,5,2,7,13,10,4,1,2,0,1,0,3,2,-2
1632,5,20191109,6,34,19,15:00,3,0,H,2,0,H,14,7,12,4,17,10,11,4,2,1,0,0,3,0,3,3
1633,5,20191109,8,10,27,12:30,2,0,H,0,0,D,23,3,5,1,9,17,7,0,3,2,0,0,3,0,2,2
1634,5,20191109,17,2,7,17:30,2,0,H,0,0,D,19,8,7,1,10,10,5,4,1,1,0,0,3,0,2,2
1635,5,20191109,23,1,25,15:00,2,1,H,1,1,D,20,16,9,3,10,5,5,4,2,0,0,0,3,0,3,1
1636,5,20191109,27,11,36,15:00,1,2,A,0,1,A,4,24,3,5,12,12,5,9,1,1,0,0,0,3,3,-1
1637,5,20191109,31,26,14,15:00,1,1,D,0,0,D,17,14,5,4,6,9,4,4,2,2,0,0,1,1,2,0
1638,5,20191110,18,20,30,16:30,3,1,H,2,0,H,12,18,5,3,10,5,4,13,0,2,0,0,3,0,4,2
1639,5,20191110,21,5,17,14:00,3,1,H,2,0,H,21,6,11,2,10,14,5,2,2,5,0,0,3,0,4,2
1640,5,20191110,35,3,6,14:00,2,1,H,1,0,H,17,13,5,4,17,8,6,3,4,3,0,0,3,0,3,1
1641,5,20191123,1,35,44,15:00,1,2,A,0,2,A,9,17,2,7,10,12,5,9,2,1,1,0,0,3,3,-1
1642,5,20191123,2,27,42,15:00,2,2,D,1,1,D,12,21,5,6,13,19,6,8,6,2,0,0,1,1,4,0
1643,5,20191123,5,17,27,15:00,0,2,A,0,0,D,7,19,0,9,9,1,6,7,2,0,0,0,0,3,2,-2
1644,5,20191123,10,18,19,15:00,1,2,A,0,0,D,16,12,6,4,8,7,9,8,0,1,0,0,0,3,3,-1
1645,5,20191123,11,24,6,15:00,0,2,A,0,0,D,18,13,7,5,12,11,7,7,3,5,0,0,0,3,2,-2
1646,5,20191123,20,8,25,17:30,2,1,H,2,1,H,15,11,4,2,5,9,8,2,1,1,0,0,3,0,3,1
1647,5,20191123,32,6,36,15:00,0,3,A,0,0,D,15,11,4,5,14,13,7,5,0,3,0,0,0,3,3,-3
1648,5,20191123,34,31,30,12:30,2,3,A,0,2,A,11,15,4,6,12,14,3,7,3,2,0,0,0,3,5,-1
1649,5,20191124,26,21,4,16:30,3,3,D,1,0,H,12,11,8,5,13,10,6,3,1,2,0,0,1,1,6,0
1650,5,20191125,3,23,22,20:00,2,0,H,2,0,H,17,11,8,5,10,9,11,6,1,1,0,0,3,0,2,2
1651,5,20191130,6,10,35,15:00,0,2,A,0,1,A,15,7,4,2,13,10,5,6,2,0,0,0,0,3,2,-2
1652,5,20191130,8,34,17,15:00,0,1,A,0,0,D,19,5,6,4,0,16,9,3,0,3,0,0,0,3,1,-1
1653,5,20191130,18,5,25,15:00,2,1,H,2,0,H,15,12,7,5,3,10,4,5,0,0,1,0,3,0,3,1
1654,5,20191130,23,20,7,12:30,2,2,D,1,1,D,6,24,3,9,4,6,1,10,1,2,0,0,1,1,4,0
1655,5,20191130,27,32,30,17:30,2,1,H,0,1,A,11,6,6,3,6,10,6,7,1,0,0,0,3,0,3,1
1656,5,20191130,31,1,22,15:00,3,2,H,1,0,H,15,20,5,6,10,12,4,8,0,2,0,0,3,0,5,1
1657,5,20191201,17,11,14,16:30,2,1,H,0,1,A,16,11,6,3,7,9,4,4,0,1,0,0,3,0,3,1
1658,5,20191201,21,3,8,16:30,2,2,D,1,1,D,16,9,6,3,16,8,9,9,4,1,0,0,1,1,4,0
1659,5,20191201,24,2,36,14:00,2,2,D,2,1,H,15,16,8,7,8,10,7,12,2,1,0,0,1,1,4,0
1660,5,20191201,35,26,10,14:00,1,1,D,0,1,A,13,9,3,4,12,18,7,2,1,4,0,0,1,1,2,0
1661,5,20191203,6,20,17,20:15,1,4,A,0,1,A,4,17,2,8,9,6,3,6,1,1,0,0,0,3,5,-3
1662,5,20191203,10,1,6,19:30,1,0,H,0,0,D,7,6,2,3,6,15,6,9,3,3,1,0,3,0,1,1
1663,5,20191204,8,3,7,19:30,2,1,H,1,1,D,25,9,9,3,18,10,9,5,2,1,0,0,3,0,3,1
1664,5,20191204,17,32,8,19:30,2,0,H,0,0,D,12,4,6,1,13,16,7,2,3,2,0,0,3,0,2,2
1665,5,20191204,18,11,27,20:15,5,2,H,4,2,H,11,12,5,4,13,17,5,6,1,2,0,0,3,0,7,3
1666,5,20191204,21,31,36,19:30,2,1,H,1,1,D,12,8,7,5,9,9,4,3,0,1,0,0,3,0,3,1
1667,5,20191204,27,24,19,19:30,2,1,H,2,0,H,14,10,5,3,12,7,6,1,1,1,0,0,3,0,3,1
1668,5,20191204,35,34,4,19:30,2,0,H,1,0,H,13,6,7,3,8,9,5,4,1,2,0,0,3,0,2,2
1669,5,20191205,2,5,14,20:15,1,2,A,0,1,A,12,20,5,9,10,11,9,9,3,1,0,0,0,3,3,-1
1670,5,20191205,26,23,42,19:30,0,2,A,0,1,A,13,6,6,4,10,6,8,1,2,0,0,0,0,3,2,-2
1671,5,20191207,1,18,7,15:00,0,3,A,0,2,A,3,21,0,9,5,6,1,3,0,1,0,0,0,3,3,-3
1672,5,20191207,11,8,8,12:30,3,1,H,1,0,H,13,15,7,4,14,9,1,5,3,0,0,0,3,0,4,2
1673,5,20191207,20,21,6,17:30,1,2,A,0,2,A,22,11,5,7,10,10,16,3,3,2,0,0,0,3,3,-1
1674,5,20191207,31,6,19,15:00,5,0,H,3,0,H,13,7,7,1,12,8,1,1,1,1,0,0,3,0,5,5
1675,5,20191207,32,10,25,15:00,0,0,D,0,0,D,13,3,3,0,15,16,6,2,4,2,0,0,1,1,0,0
1676,5,20191208,3,17,30,14:00,1,4,A,1,2,A,15,23,2,8,21,15,8,5,6,2,0,0,0,3,5,-3
1677,5,20191208,5,35,17,16:30,2,2,D,2,2,D,13,13,4,5,10,7,3,4,3,0,0,0,1,1,4,0
1678,5,20191208,23,27,10,14:00,2,1,H,0,0,D,12,19,6,4,11,17,3,12,1,3,0,0,3,0,3,1
1679,5,20191208,24,26,44,14:00,1,2,A,1,0,H,14,9,4,3,6,12,9,1,0,4,0,0,0,3,3,-1
1680,5,20191209,34,2,27,20:00,1,3,A,1,0,H,11,10,4,3,12,6,4,3,2,0,0,0,0,3,4,-2
1681,5,20191214,6,23,50,15:00,1,0,H,0,0,D,7,9,4,0,15,12,4,3,0,2,0,0,3,0,1,1
1682,5,20191214,8,1,14,15:00,0,1,A,0,0,D,18,11,5,2,9,14,9,4,1,2,0,0,0,3,1,-1
1683,5,20191214,17,24,3,15:00,1,1,D,1,1,D,18,10,5,3,11,15,12,4,0,4,0,0,1,1,2,0
1684,5,20191214,18,32,4,12:30,2,0,H,1,0,H,16,8,6,2,8,6,6,3,2,1,0,0,3,0,2,2
1685,5,20191214,26,3,35,15:00,2,0,H,0,0,D,7,8,3,0,10,9,3,2,2,2,0,0,3,0,2,2
1686,5,20191214,27,34,25,17:30,0,1,A,0,1,A,11,11,2,4,9,14,5,8,1,3,0,0,0,3,1,-1
1687,5,20191215,2,20,36,16:30,0,3,A,0,3,A,6,14,1,7,9,24,3,3,1,4,0,0,0,3,3,-3
1688,5,20191215,21,11,30,14:00,1,1,D,0,1,A,24,8,8,3,10,12,6,5,1,2,0,0,1,1,2,0
1689,5,20191215,35,31,42,14:00,1,2,A,0,1,A,18,9,5,5,14,10,11,2,4,4,0,0,0,3,3,-1
1690,5,20191216,10,5,8,19:45,1,1,D,0,0,D,11,15,4,10,7,12,3,7,1,1,0,0,1,1,2,0
1691,5,20191221,1,6,25,15:00,0,1,A,0,0,D,3,2,0,1,13,21,4,5,2,4,0,0,0,3,1,-1
1692,5,20191221,3,27,8,15:00,1,3,A,0,2,A,19,17,6,8,16,15,7,5,2,1,0,0,0,3,4,-2
1693,5,20191221,5,26,38,15:00,0,1,A,0,1,A,9,7,2,2,6,11,4,3,1,3,0,0,0,3,1,-1
1694,5,20191221,11,2,19,12:30,0,0,D,0,0,D,9,6,0,2,10,11,5,4,2,3,0,0,1,1,0,0
1695,5,20191221,20,17,27,17:30,3,1,H,2,1,H,23,5,12,2,14,9,6,1,2,2,0,0,3,0,4,2
1696,5,20191221,23,10,44,15:00,1,0,H,0,0,D,8,16,3,4,12,11,4,5,2,0,0,0,3,0,1,1
1697,5,20191221,24,35,35,15:00,1,2,A,1,0,H,13,14,7,4,7,14,3,11,2,4,0,0,0,3,3,-1
1698,5,20191222,31,8,6,16:30,0,2,A,0,2,A,5,13,1,3,9,11,3,5,4,3,1,0,0,3,2,-2
1699,5,20191222,32,21,22,14:00,2,0,H,0,0,D,11,17,3,8,16,11,3,5,3,1,0,0,3,0,2,2
1700,5,20191226,1,2,42,15:00,1,1,D,1,0,H,12,17,4,2,5,13,8,3,4,4,0,0,1,1,2,0
1701,5,20191226,3,24,7,15:00,1,0,H,0,0,D,11,16,2,6,15,12,5,8,2,3,0,0,3,0,1,1
1702,5,20191226,8,27,17,15:00,0,2,A,0,1,A,10,5,3,3,10,9,8,1,3,2,0,0,0,3,2,-2
1703,5,20191226,10,34,4,15:00,2,1,H,0,0,D,13,10,4,2,5,10,7,6,0,2,0,0,3,0,3,1
1704,5,20191226,11,6,6,15:00,1,0,H,0,0,D,21,6,5,0,15,14,10,2,0,0,0,0,3,0,1,1
1705,5,20191226,17,18,30,20:00,0,4,A,0,1,A,3,15,0,6,5,7,2,8,1,1,0,0,0,3,4,-4
1706,5,20191226,21,23,19,17:30,4,1,H,3,1,H,22,7,10,2,10,7,5,0,2,2,0,0,3,0,5,3
1707,5,20191226,26,32,10,15:00,1,1,D,1,1,D,16,5,4,2,11,8,9,1,1,3,0,0,1,1,2,0
1708,5,20191226,31,5,14,12:30,2,1,H,0,1,A,11,11,5,5,10,9,9,2,4,2,0,0,3,0,3,1
1709,5,20191227,35,20,25,19:45,3,2,H,0,1,A,20,7,8,3,7,13,3,1,0,1,0,1,3,0,5,1
1710,5,20191228,5,1,36,12:30,2,0,H,1,0,H,16,10,6,2,8,11,9,2,0,2,0,0,3,0,2,2
1711,5,20191228,6,21,27,19:45,0,2,A,0,1,A,8,14,1,5,17,10,5,4,4,3,0,0,0,3,2,-2
1712,5,20191228,23,11,22,15:00,1,2,A,0,1,A,20,22,5,9,13,13,5,8,2,2,0,0,0,3,3,-1
1713,5,20191228,24,31,19,17:30,2,2,D,1,0,H,5,15,2,7,12,10,4,6,3,3,0,0,1,1,4,0
1714,5,20191228,27,10,3,15:00,1,1,D,0,0,D,14,5,5,2,13,7,12,4,1,2,0,0,1,1,2,0
1715,5,20191228,32,3,44,15:00,3,0,H,1,0,H,20,11,6,2,16,9,6,3,3,1,1,0,3,0,3,3
1716,5,20191228,34,17,10,17:30,1,2,A,1,1,D,14,13,4,8,16,4,5,5,4,1,0,0,0,3,3,-1
1717,5,20191229,2,8,8,14:00,1,2,A,1,0,H,7,13,2,4,13,19,2,3,5,4,0,0,0,3,3,-1
1718,5,20191229,18,35,6,16:30,1,0,H,1,0,H,10,10,3,2,7,3,5,6,1,0,0,0,3,0,1,1
1719,5,20191229,20,26,7,18:00,2,0,H,0,0,D,16,8,4,0,5,6,8,5,1,1,0,0,3,0,2,2
1720,5,20200101,2,21,7,20:00,2,0,H,2,0,H,10,10,4,4,11,15,1,4,2,0,0,0,3,0,2,2
1721,5,20200101,5,8,42,12:30,1,1,D,0,1,A,16,16,5,5,8,15,5,3,2,3,0,0,1,1,2,0
1722,5,20200101,6,3,30,12:30,1,2,A,0,2,A,20,11,1,6,12,10,8,4,1,1,0,0,0,3,3,-1
1723,5,20200101,20,11,4,17:30,2,1,H,0,0,D,16,7,7,2,11,11,3,6,0,4,0,0,3,0,3,1
1724,5,20200101,23,17,25,15:00,0,3,A,0,2,A,5,17,2,10,8,12,4,5,1,1,0,0,0,3,3,-3
1725,5,20200101,24,10,17,17:30,1,1,D,1,0,H,15,12,4,3,12,9,2,5,5,0,0,0,1,1,2,0
1726,5,20200101,27,31,27,15:00,1,0,H,1,0,H,12,11,3,5,21,8,6,9,3,4,0,0,3,0,1,1
1727,5,20200101,32,35,3,15:00,2,1,H,1,0,H,9,16,3,4,12,6,4,7,3,1,1,0,3,0,3,1
1728,5,20200101,34,1,14,17:30,4,0,H,3,0,H,14,3,7,2,3,12,9,2,1,2,0,0,3,0,4,4
1729,5,20200102,18,26,36,20:00,2,0,H,1,0,H,19,3,7,2,5,8,8,4,0,0,0,0,3,0,2,2
1730,5,20200110,26,34,30,20:00,1,0,H,0,0,D,13,7,3,2,11,6,7,3,1,0,0,0,3,0,1,1
1731,5,20200111,8,6,19,15:00,3,0,H,2,0,H,18,7,8,2,7,4,10,3,0,3,0,0,3,0,3,3
1732,5,20200111,10,2,36,12:30,1,1,D,0,1,A,6,7,3,4,14,22,1,4,2,3,0,1,1,1,2,0
1733,5,20200111,11,5,10,15:00,1,0,H,1,0,H,14,9,6,2,7,7,4,3,2,1,0,0,3,0,1,1
1734,5,20200111,17,27,22,15:00,1,2,A,1,1,D,5,16,5,10,9,17,2,4,0,3,0,0,0,3,3,-1
1735,5,20200111,21,24,6,15:00,4,0,H,1,0,H,13,8,6,3,18,7,4,2,0,0,0,0,3,0,4,4
1736,5,20200111,31,18,25,17:30,0,1,A,0,1,A,14,13,4,7,4,8,4,3,0,2,0,0,0,3,1,-1
1737,5,20200111,35,23,35,15:00,1,1,D,1,1,D,9,5,4,1,13,12,5,2,0,3,0,0,1,1,2,0
1738,5,20200112,1,32,27,14:00,0,3,A,0,1,A,10,18,1,6,3,13,5,5,1,1,0,0,0,3,3,-3
1739,5,20200112,3,20,17,16:30,1,6,A,0,4,A,7,22,1,12,5,12,2,4,2,1,0,0,0,3,7,-5
1740,5,20200118,2,26,27,15:00,1,1,D,1,0,H,11,12,4,4,9,13,4,5,1,2,0,0,1,1,2,0
1741,5,20200118,5,3,3,15:00,1,1,D,1,0,H,10,8,2,3,11,13,3,4,3,3,0,0,1,1,2,0
1742,5,20200118,20,10,45,15:00,2,2,D,0,1,A,25,5,6,3,9,7,14,2,1,2,0,0,1,1,4,0
1743,5,20200118,23,8,7,17:30,1,0,H,0,0,D,7,19,2,4,9,14,1,10,1,1,0,0,3,0,1,1
1744,5,20200118,24,1,36,15:00,1,0,H,1,0,H,16,6,5,3,10,10,4,5,2,2,1,1,3,0,1,1
1745,5,20200118,27,35,11,15:00,2,3,A,2,0,H,11,8,5,4,13,12,1,3,2,1,0,0,0,3,5,-1
1746,5,20200118,32,31,30,12:30,0,0,D,0,0,D,15,17,2,5,13,13,3,3,2,3,0,0,1,1,0,0
1747,5,20200118,34,11,4,15:00,1,1,D,1,1,D,12,11,6,3,11,13,7,6,1,0,0,0,1,1,2,0
1748,5,20200119,6,17,6,14:00,2,1,H,0,1,A,8,18,5,8,14,8,4,5,1,0,0,0,3,0,3,1
1749,5,20200119,18,21,8,16:30,2,0,H,1,0,H,16,9,5,4,7,10,11,5,1,3,0,0,3,0,2,2
1750,5,20200121,1,5,19,19:30,3,1,H,2,0,H,11,21,3,8,9,12,5,8,1,1,0,0,3,0,4,2
1751,5,20200121,3,32,25,19:30,2,1,H,0,1,A,16,8,5,2,11,18,6,3,2,2,0,0,3,0,3,1
1752,5,20200121,8,2,42,20:15,2,2,D,1,0,H,19,2,8,2,11,6,17,5,2,1,0,1,1,1,4,0
1753,5,20200121,10,27,4,19:30,0,2,A,0,1,A,6,15,0,6,12,13,0,8,1,2,0,0,0,3,2,-2
1754,5,20200121,11,23,44,19:30,2,2,D,1,0,H,17,8,8,2,13,10,6,4,1,1,0,0,1,1,4,0
1755,5,20200121,26,20,22,19:30,0,1,A,0,0,D,4,18,1,5,13,13,5,13,4,3,0,0,0,3,1,-1
1756,5,20200122,17,34,10,19:30,4,1,H,2,0,H,19,6,8,2,10,19,7,8,1,1,0,0,3,0,5,3
1757,5,20200122,21,6,17,20:15,0,2,A,0,1,A,24,5,7,2,11,7,5,2,0,2,0,0,0,3,2,-2
1758,5,20200122,31,24,7,19:30,2,1,H,1,0,H,14,12,3,2,12,7,7,3,0,1,0,0,3,0,3,1
1759,5,20200123,35,18,30,20:00,1,2,A,0,1,A,10,13,3,6,6,11,2,4,0,1,0,0,0,3,3,-1
1760,5,20200129,34,18,17,19:45,0,2,A,0,1,A,7,13,4,5,6,6,3,7,2,0,0,0,0,3,2,-2
1761,5,20200201,1,3,6,15:00,2,1,H,2,0,H,16,18,6,5,10,15,1,8,1,3,1,0,3,0,3,1
1762,5,20200201,10,26,3,15:00,0,1,A,0,0,D,13,10,3,3,9,15,9,5,3,2,0,0,0,3,1,-1
1763,5,20200201,17,8,22,12:30,2,2,D,0,0,D,14,7,4,3,16,14,4,6,2,2,0,0,1,1,4,0
1764,5,20200201,18,27,19,15:00,4,0,H,0,0,D,16,17,9,4,9,15,6,11,0,2,0,0,3,0,4,4
1765,5,20200201,21,35,36,17:30,0,0,D,0,0,D,15,14,5,3,14,15,4,6,3,2,0,0,1,1,0,0
1766,5,20200201,23,24,25,15:00,0,0,D,0,0,D,15,19,5,4,10,15,8,12,2,1,0,0,1,1,0,0
1767,5,20200201,32,11,8,15:00,2,3,A,2,2,D,11,12,2,5,17,14,4,4,2,2,0,1,0,3,5,-1
1768,5,20200201,34,5,30,15:00,3,3,D,2,0,H,12,19,6,6,8,9,4,6,1,1,0,0,1,1,6,0
1769,5,20200202,6,2,7,14:00,0,0,D,0,0,D,15,13,2,2,8,11,5,7,1,3,0,0,1,1,0,0
1770,5,20200202,31,20,27,16:30,2,0,H,0,0,D,3,18,3,5,8,14,2,6,2,3,0,1,3,0,2,2
1771,5,20200208,5,32,19,17:30,1,1,D,0,1,A,10,5,2,2,9,12,3,2,2,2,0,0,1,1,2,0
1772,5,20200208,11,10,10,12:30,3,1,H,1,0,H,14,10,8,2,11,12,4,6,0,1,0,0,3,0,4,2
1773,5,20200209,26,1,17,14:00,2,1,H,1,1,D,16,10,6,2,10,8,8,4,2,2,0,0,3,0,3,1
1774,5,20200214,35,17,27,20:00,0,0,D,0,0,D,15,9,3,3,13,10,7,0,2,2,0,1,1,1,0,0
1775,5,20200215,24,18,42,17:30,0,1,A,0,0,D,5,17,1,6,5,11,2,7,1,2,0,0,0,3,1,-1
1776,5,20200215,27,6,44,12:30,1,2,A,1,1,D,10,9,2,6,8,11,4,3,2,2,0,0,0,3,3,-1
1777,5,20200216,2,23,22,16:30,4,0,H,0,0,D,15,10,7,2,15,9,5,6,2,0,0,0,3,0,4,4
1778,5,20200216,3,31,25,14:00,2,3,A,1,2,A,18,23,4,10,12,10,12,7,2,0,0,0,0,3,5,-1
1779,5,20200217,8,21,6,20:00,0,2,A,0,1,A,17,9,1,3,11,11,9,8,4,3,0,0,0,3,2,-2
1780,5,20200219,20,34,19,19:30,2,0,H,1,0,H,20,3,7,0,5,7,6,1,0,1,0,0,3,0,2,2
1781,5,20200222,6,1,27,15:00,3,0,H,0,0,D,16,12,10,4,9,9,7,3,4,3,0,0,3,0,3,3
1782,5,20200222,8,31,30,12:30,2,1,H,1,0,H,17,5,7,3,14,14,3,5,1,2,0,0,3,0,3,1
1783,5,20200222,10,23,35,15:00,1,0,H,1,0,H,18,8,9,2,15,11,7,5,2,6,0,1,3,0,1,1
1784,5,20200222,17,20,36,17:30,0,1,A,0,0,D,10,18,3,7,14,10,3,7,0,0,0,0,0,3,1,-1
1785,5,20200222,26,5,14,15:00,1,1,D,1,1,D,14,8,3,2,3,6,12,2,0,2,0,0,1,1,2,0
1786,5,20200222,27,3,8,15:00,2,0,H,1,0,H,28,4,9,1,13,17,9,6,1,4,0,0,3,0,2,2
1787,5,20200223,2,11,42,16:30,3,2,H,2,2,D,9,17,4,5,12,12,6,3,0,4,0,0,3,0,5,1
1788,5,20200223,21,32,25,14:00,3,0,H,1,0,H,21,7,9,2,6,15,3,5,0,1,0,0,3,0,3,3
1789,5,20200223,35,24,7,14:00,3,0,H,2,0,H,19,6,6,4,11,6,4,1,2,3,0,0,3,0,3,3
1790,5,20200224,18,34,17,20:00,3,2,H,1,1,D,25,7,7,4,4,10,16,8,0,3,0,0,3,0,5,1
1791,5,20200228,24,17,8,20:00,1,0,H,0,0,D,11,19,6,4,13,16,6,7,1,2,0,0,3,0,1,1
1792,5,20200229,1,8,4,15:00,2,2,D,0,1,A,9,23,5,6,8,5,4,14,2,2,0,0,1,1,4,0
1793,5,20200229,5,10,25,12:30,0,1,A,0,0,D,24,12,8,3,8,9,8,7,1,1,0,0,0,3,1,-1
1794,5,20200229,23,6,3,15:00,0,0,D,0,0,D,21,8,4,1,11,9,11,7,4,3,0,0,1,1,0,0
1795,5,20200229,32,18,30,17:30,3,0,H,0,0,D,14,7,5,1,4,8,3,5,0,0,0,0,3,0,3,3
1796,5,20200229,34,27,6,15:00,3,1,H,2,1,H,14,10,7,2,8,11,4,9,1,1,0,0,3,0,4,2
1797,5,20200301,11,21,7,14:00,1,1,D,1,1,D,16,14,5,5,11,11,13,8,3,4,0,0,1,1,2,0
1798,5,20200301,31,35,42,14:00,2,3,A,2,1,H,13,14,5,4,12,14,4,5,3,2,0,0,0,3,5,-1
1799,5,20200307,2,34,25,15:00,1,0,H,0,0,D,9,14,2,6,11,9,6,7,1,2,0,0,3,0,1,1
1800,5,20200307,6,31,17,17:30,1,1,D,1,0,H,21,13,8,2,16,11,3,5,5,4,0,0,1,1,2,0
1801,5,20200307,10,32,6,15:00,1,0,H,1,0,H,10,10,3,4,12,19,8,8,4,4,0,0,3,0,1,1
1802,5,20200307,18,1,36,12:30,2,1,H,2,1,H,14,6,6,4,10,12,9,4,0,1,0,0,3,0,3,1
1803,5,20200307,26,24,44,15:00,1,0,H,1,0,H,10,12,4,5,12,8,10,5,0,0,0,0,3,0,1,1
1804,5,20200307,27,23,14,15:00,0,1,A,0,0,D,6,14,3,7,14,15,5,8,0,3,1,0,0,3,1,-1
1805,5,20200307,35,5,4,15:00,0,0,D,0,0,D,11,7,1,1,4,7,2,0,1,3,0,0,1,1,0,0
1806,5,20200308,8,11,19,14:00,4,0,H,2,0,H,17,3,11,1,8,10,6,1,1,2,0,0,3,0,4,4
1807,5,20200308,21,20,27,16:30,2,0,H,1,0,H,12,7,6,2,11,9,2,11,2,4,0,0,3,0,2,2
1808,5,20200309,17,3,30,20:00,4,0,H,1,0,H,15,4,7,1,15,12,9,0,2,1,0,0,3,0,4,4
1809,5,20200617,3,26,30,18:00,0,0,D,0,0,D,14,5,6,1,11,14,12,4,1,1,0,0,1,1,0,0
1810,5,20200617,20,2,6,20:15,3,0,H,1,0,H,20,3,12,0,9,7,5,2,1,1,0,1,3,0,3,3
1811,5,20200619,24,27,19,18:00,0,3,A,0,0,D,9,22,1,9,9,15,9,7,1,1,0,0,0,3,3,-3
1812,5,20200619,31,21,17,20:15,1,1,D,1,0,H,10,12,3,6,17,18,7,6,0,1,0,0,1,1,2,0
1813,5,20200620,1,10,42,19:45,0,2,A,0,2,A,12,7,1,2,13,15,11,4,3,2,0,0,0,3,2,-2
1814,5,20200620,5,2,25,15:00,2,1,H,0,0,D,9,13,5,6,13,8,10,7,2,1,0,0,3,0,3,1
1815,5,20200620,32,17,8,12:30,1,1,D,0,0,D,8,15,4,2,15,12,2,7,0,1,0,0,1,1,2,0
1816,5,20200620,34,35,6,17:30,0,2,A,0,0,D,7,10,2,6,8,7,5,7,1,1,0,0,0,3,2,-2
1817,5,20200621,3,8,36,16:15,1,2,A,1,0,H,8,19,4,5,9,17,2,10,2,1,0,0,0,3,3,-1
1818,5,20200621,11,18,27,19:00,0,0,D,0,0,D,9,10,3,3,15,12,1,6,2,2,0,0,1,1,0,0
1819,5,20200621,23,26,10,14:00,3,0,H,0,0,D,12,7,8,1,9,10,2,4,2,0,0,1,3,0,3,3
1820,5,20200622,20,6,4,20:00,5,0,H,3,0,H,19,1,7,0,8,7,3,1,1,1,0,0,3,0,5,5
1821,5,20200623,17,5,22,18:00,0,0,D,0,0,D,11,10,2,2,10,13,6,7,2,2,0,0,1,1,0,0
1822,5,20200623,31,34,8,20:15,2,0,H,0,0,D,15,10,4,2,12,7,9,4,2,2,0,0,3,0,2,2
1823,5,20200624,18,10,25,20:15,4,0,H,2,0,H,21,3,7,0,7,5,6,0,0,0,0,0,3,0,4,4
1824,5,20200624,21,26,6,18:00,3,0,H,2,0,H,15,4,6,1,10,6,10,5,1,0,0,0,3,0,3,3
1825,5,20200624,23,3,7,18:00,1,1,D,0,0,D,13,14,3,2,15,13,6,9,2,2,0,0,1,1,2,0
1826,5,20200624,24,11,3,18:00,0,1,A,0,0,D,9,12,1,5,8,13,6,5,0,1,0,0,0,3,1,-1
1827,5,20200624,35,1,30,18:00,1,0,H,0,0,D,10,4,2,0,11,11,6,4,3,3,0,0,3,0,1,1
1828,5,20200625,6,32,27,18:00,1,0,H,0,0,D,9,10,5,4,13,15,1,7,1,0,0,0,3,0,1,1
1829,5,20200625,8,20,42,20:15,2,1,H,1,0,H,15,11,10,2,13,3,5,7,1,1,0,1,3,0,3,1
1830,5,20200625,27,2,14,18:00,0,2,A,0,1,A,12,10,3,5,10,14,4,6,0,2,1,0,0,3,2,-2
1831,5,20200627,3,35,8,12:30,0,1,A,0,0,D,11,9,1,2,16,16,2,2,1,1,0,0,0,3,1,-1
1832,5,20200628,32,27,30,16:30,1,3,A,0,1,A,8,11,0,7,18,9,5,3,3,0,0,0,0,3,4,-2
1833,5,20200629,10,6,44,20:00,0,1,A,0,0,D,17,8,4,4,12,13,9,1,1,1,0,0,0,3,1,-1
1834,5,20200630,5,21,4,20:15,0,3,A,0,2,A,8,12,2,6,10,9,4,5,0,1,0,0,0,3,3,-3
1835,5,20200701,1,23,19,18:00,1,4,A,0,2,A,12,12,1,7,11,10,6,3,2,0,0,0,0,3,5,-3
1836,5,20200701,2,24,35,18:00,4,0,H,2,0,H,13,8,8,2,10,10,6,2,1,4,0,0,3,0,4,4
1837,5,20200701,11,17,10,18:00,2,1,H,2,0,H,7,15,2,3,13,10,3,5,1,1,0,0,3,0,3,1
1838,5,20200701,34,8,25,20:15,3,2,H,1,1,D,10,17,4,6,10,9,2,3,2,1,0,0,3,0,5,1
1839,5,20200702,20,18,6,20:15,4,0,H,3,0,H,14,11,6,3,8,7,3,3,2,2,0,0,3,0,4,4
1840,5,20200702,26,31,7,18:00,3,1,H,1,0,H,7,9,5,2,13,13,1,6,2,0,0,0,3,0,4,2
1841,5,20200704,8,32,19,20:00,3,0,H,2,0,H,21,7,9,3,9,12,5,3,0,2,0,0,3,0,3,3
1842,5,20200704,17,10,17,15:00,3,0,H,0,0,D,15,7,4,1,18,8,3,7,2,1,0,0,3,0,3,3
1843,5,20200704,21,1,27,15:00,5,2,H,3,1,H,19,7,10,3,13,12,8,3,0,1,0,0,3,0,7,3
1844,5,20200704,24,5,42,12:30,0,1,A,0,1,A,12,8,1,2,11,13,0,2,2,2,0,0,0,3,1,-1
1845,5,20200704,35,2,30,17:30,0,2,A,0,1,A,10,8,1,5,6,11,3,5,2,4,0,0,0,3,2,-2
1846,5,20200705,6,26,35,12:00,1,1,D,1,0,H,9,10,4,3,8,14,3,9,0,0,0,0,1,1,2,0
1847,5,20200705,18,3,36,16:30,2,0,H,0,0,D,6,9,4,3,18,8,7,5,1,1,0,0,3,0,2,2
1848,5,20200705,23,34,8,14:15,2,2,D,1,1,D,11,17,4,7,9,11,6,4,0,0,0,0,1,1,4,0
1849,5,20200705,27,20,4,19:00,1,0,H,1,0,H,8,26,4,6,6,7,2,13,1,2,0,0,3,0,1,1
1850,5,20200706,31,11,14,20:00,1,0,H,1,0,H,12,11,2,3,14,18,5,6,3,2,0,0,3,0,1,1
1851,5,20200707,2,17,7,20:15,1,1,D,1,0,H,11,13,7,5,10,14,10,1,1,0,1,0,1,1,2,0
1852,5,20200707,10,8,10,18:00,2,3,A,1,2,A,13,14,4,6,11,10,7,9,1,0,0,0,0,3,5,-1
1853,5,20200707,32,24,6,18:00,2,1,H,1,1,D,9,12,4,3,11,15,4,3,2,4,0,0,3,0,3,1
1854,5,20200708,5,18,8,20:15,1,3,A,1,2,A,12,19,2,8,7,15,6,10,1,4,0,0,0,3,4,-2
1855,5,20200708,20,23,3,18:00,5,0,H,2,0,H,23,6,9,1,12,7,8,1,0,0,0,0,3,0,5,5
1856,5,20200708,26,35,25,18:00,1,0,H,0,0,D,7,6,3,1,5,6,6,1,2,0,0,0,3,0,1,1
1857,5,20200708,34,6,30,18:00,0,1,A,0,1,A,21,8,5,4,7,7,10,3,1,1,0,0,0,3,1,-1
1858,5,20200709,1,31,36,18:00,0,0,D,0,0,D,9,9,2,0,11,14,8,12,3,2,0,0,1,1,0,0
1859,5,20200709,3,21,17,20:15,0,3,A,0,2,A,9,14,1,6,7,13,3,5,2,3,0,0,0,3,3,-3
1860,5,20200709,11,27,22,18:00,1,1,D,1,1,D,11,17,4,4,13,14,3,5,3,3,0,0,1,1,2,0
1861,5,20200711,5,20,14,20:00,0,5,A,0,2,A,3,26,0,8,7,3,2,7,1,0,0,0,0,3,5,-5
1862,5,20200711,18,6,10,15:00,1,1,D,1,0,H,23,6,9,2,7,4,12,6,1,2,0,0,1,1,2,0
1863,5,20200711,24,34,19,12:30,0,4,A,0,2,A,11,19,2,7,9,8,1,6,1,0,0,0,0,3,4,-4
1864,5,20200711,26,8,4,17:30,3,0,H,2,0,H,9,15,4,4,8,6,4,6,1,0,0,0,3,0,3,3
1865,5,20200711,32,23,8,12:30,2,1,H,0,1,A,17,8,5,4,23,15,2,4,1,4,0,0,3,0,3,1
1866,5,20200712,1,17,42,19:00,4,1,H,0,1,A,10,13,4,5,11,12,2,6,2,1,0,1,3,0,5,3
1867,5,20200712,3,10,25,14:15,2,0,H,1,0,H,12,9,9,5,21,21,5,1,2,4,0,1,3,0,2,2
1868,5,20200712,31,2,30,16:30,2,1,H,1,1,D,15,13,9,4,16,11,6,5,5,3,0,0,3,0,3,1
1869,5,20200712,35,11,6,12:00,3,0,H,1,0,H,14,6,7,2,9,9,5,2,0,2,0,0,3,0,3,3
1870,5,20200713,21,27,7,20:00,2,2,D,2,1,H,8,9,4,5,14,15,4,6,1,3,0,0,1,1,4,0
1871,5,20200714,8,24,17,20:15,1,0,H,1,0,H,22,2,6,0,10,9,8,1,2,2,0,0,3,0,1,1
1872,5,20200715,2,18,36,20:15,2,1,H,2,1,H,3,24,2,8,14,10,2,13,3,1,0,0,3,0,3,1
1873,5,20200715,6,35,27,18:00,1,1,D,0,0,D,9,14,1,5,10,8,3,8,0,0,0,0,1,1,2,0
1874,5,20200715,20,1,22,18:00,2,1,H,2,0,H,8,15,4,3,10,10,3,5,1,1,0,0,3,0,3,1
1875,5,20200715,23,31,10,18:00,1,3,A,0,1,A,22,8,6,5,6,13,5,4,2,3,0,0,0,3,4,-2
1876,5,20200716,10,21,14,20:15,0,2,A,0,1,A,13,17,5,5,10,15,2,7,1,2,0,0,0,3,2,-2
1877,5,20200716,11,3,6,18:00,1,1,D,0,0,D,9,15,1,1,15,13,5,5,2,1,0,0,1,1,2,0
1878,5,20200716,17,26,30,18:00,2,0,H,1,0,H,15,5,7,1,12,10,9,5,1,2,0,0,3,0,2,2
1879,5,20200716,27,5,4,20:15,1,1,D,0,1,A,21,10,6,2,6,10,8,2,1,0,0,0,1,1,2,0
1880,5,20200717,34,32,25,20:00,3,1,H,3,0,H,10,14,4,3,11,11,9,3,0,2,0,0,3,0,4,2
1881,5,20200718,24,6,19,17:30,0,2,A,0,1,A,6,23,2,8,9,16,6,8,0,0,2,0,0,3,2,-2
1882,5,20200719,1,27,8,14:00,0,2,A,0,1,A,11,16,3,8,12,11,12,6,2,2,0,0,0,3,2,-2
1883,5,20200719,31,17,6,16:00,3,0,H,3,0,H,7,24,3,6,15,10,4,13,2,1,0,0,3,0,3,3
1884,5,20200720,5,23,44,18:00,0,0,D,0,0,D,11,12,3,1,13,12,9,7,4,2,0,0,1,1,0,0
1885,5,20200720,26,11,42,18:00,0,1,A,0,0,D,8,5,0,2,11,19,7,1,1,3,0,0,0,3,1,-1
1886,5,20200720,35,10,35,20:15,2,0,H,1,0,H,11,7,5,3,11,15,5,2,2,1,0,0,3,0,2,2
1887,5,20200721,3,2,7,20:15,1,0,H,1,0,H,8,7,3,0,13,19,8,9,2,4,0,0,3,0,1,1
1888,5,20200721,32,20,30,18:00,0,4,A,0,2,A,2,26,0,10,14,11,0,8,2,0,0,0,0,3,4,-4
1889,5,20200722,18,8,4,20:15,5,3,H,3,1,H,10,10,7,5,8,11,6,0,1,0,0,0,3,0,8,2
1890,5,20200722,21,34,36,18:00,1,1,D,0,1,A,11,12,4,3,10,9,2,3,3,1,0,0,1,1,2,0
1891,5,20200726,2,32,27,16:00,3,2,H,3,1,H,13,19,5,6,9,12,4,8,3,3,0,0,3,0,5,1
1892,5,20200726,6,5,17,16:00,1,2,A,1,1,D,13,14,2,4,11,11,6,7,3,0,0,0,0,3,3,-1
1893,5,20200726,8,35,42,16:00,2,0,H,2,0,H,11,5,3,1,10,16,3,3,2,3,0,0,3,0,2,2
1894,5,20200726,10,31,4,16:00,1,1,D,0,1,A,13,7,2,2,11,13,7,2,3,2,0,0,1,1,2,0
1895,5,20200726,11,1,7,16:00,1,3,A,1,2,A,13,13,5,7,11,9,2,5,1,0,0,0,0,3,4,-2
1896,5,20200726,17,21,25,16:00,0,2,A,0,0,D,14,7,3,3,12,11,3,3,1,4,1,0,0,3,2,-2
1897,5,20200726,20,24,8,16:00,5,0,H,2,0,H,31,5,10,4,7,4,9,0,1,1,0,0,3,0,5,5
1898,5,20200726,23,18,6,16:00,1,3,A,1,1,D,3,14,2,6,11,5,2,4,1,0,0,0,0,3,4,-2
1899,5,20200726,27,26,35,16:00,3,1,H,0,1,A,13,5,4,3,9,16,9,1,0,1,0,0,3,0,4,2
1900,5,20200726,34,3,30,16:00,1,1,D,0,0,D,10,13,1,4,16,13,0,7,2,1,0,0,1,1,2,0
1901,6,20200912,10,27,17,15:00,1,0,H,1,0,H,5,9,3,5,14,11,7,3,2,1,0,0,3,0,1,1
1902,6,20200912,12,2,7,12:30,0,3,A,0,1,A,5,13,2,6,12,12,2,3,2,2,0,0,0,3,3,-3
1903,6,20200912,18,16,30,17:30,4,3,H,3,2,H,22,6,6,3,9,6,9,0,1,0,0,0,3,0,7,1
1904,6,20200912,34,23,42,20:00,0,2,A,0,0,D,15,15,3,2,13,7,8,7,2,2,0,0,0,3,2,-2
1905,6,20200913,31,11,25,16:30,0,1,A,0,0,D,9,15,5,4,15,7,5,3,1,0,0,0,0,3,1,-1
1906,6,20200913,33,17,6,14:00,0,3,A,0,0,D,7,13,1,7,12,9,2,5,1,1,0,0,0,3,3,-3
1907,6,20200914,5,8,8,20:15,1,3,A,0,1,A,13,10,3,5,8,13,4,3,1,0,0,0,0,3,4,-2
1908,6,20200914,26,35,27,18:00,0,2,A,0,2,A,9,11,2,4,13,7,12,5,2,1,0,0,0,3,2,-2
1909,6,20200919,2,34,30,20:00,2,1,H,1,1,D,7,14,3,3,11,13,7,5,0,1,0,0,3,0,3,1
1910,6,20200919,11,33,27,12:30,5,2,H,2,1,H,17,6,7,4,9,11,11,1,1,0,0,1,3,0,7,3
1911,6,20200919,16,12,6,15:00,4,3,H,2,1,H,10,14,7,6,13,18,5,3,1,2,0,0,3,0,7,1
1912,6,20200919,21,10,25,17:30,1,3,A,0,1,A,13,14,4,5,13,10,9,3,2,1,0,0,0,3,4,-2
1913,6,20200920,8,18,36,16:30,0,2,A,0,0,D,5,18,3,6,10,6,1,11,0,0,1,0,0,3,2,-2
1914,6,20200920,17,6,22,19:00,4,2,H,1,1,D,14,16,6,5,11,13,15,4,1,2,0,0,3,0,6,2
1915,6,20200920,23,5,19,14:00,0,3,A,0,2,A,6,13,0,6,16,15,7,1,3,0,0,1,0,3,3,-3
1916,6,20200920,27,31,10,12:00,2,5,A,1,1,D,14,9,7,6,16,18,3,2,4,3,0,0,0,3,7,-3
1917,6,20200921,3,26,14,18:00,1,0,H,0,0,D,18,4,2,1,12,13,10,4,3,1,0,1,3,0,1,1
1918,6,20200921,35,20,4,20:15,1,3,A,0,2,A,10,14,1,9,6,8,4,6,0,3,0,0,0,3,4,-2
1919,6,20200926,5,21,7,12:30,2,3,A,1,1,D,18,7,5,3,18,16,7,1,4,2,0,0,0,3,5,-1
1920,6,20200926,6,27,4,20:00,0,1,A,0,1,A,10,5,2,1,8,10,8,2,1,0,0,0,0,3,1,-1
1921,6,20200926,10,11,19,15:00,1,2,A,1,2,A,8,10,1,5,16,15,7,6,3,1,0,0,0,3,3,-1
1922,6,20200926,33,8,17,17:30,3,3,D,3,0,H,9,22,3,10,8,16,3,9,1,3,0,0,1,1,6,0
1923,6,20200927,20,17,30,16:30,2,5,A,1,1,D,16,7,5,7,13,8,3,4,1,3,0,0,0,3,7,-3
1924,6,20200927,26,16,36,12:00,0,1,A,0,0,D,14,17,4,9,18,4,5,7,2,1,0,0,0,3,1,-1
1925,6,20200927,31,23,35,14:00,1,1,D,1,0,H,23,6,12,1,15,9,10,4,1,4,0,0,1,1,2,0
1926,6,20200927,34,35,25,19:00,4,0,H,1,0,H,15,11,7,2,7,11,1,3,0,1,0,0,3,0,4,4
1927,6,20200928,12,3,42,17:45,0,3,A,0,2,A,16,12,3,5,18,14,5,3,6,3,0,0,0,3,3,-3
1928,6,20200928,18,2,8,20:00,3,1,H,2,1,H,21,4,8,3,11,7,7,3,2,2,0,0,3,0,4,2
1929,6,20201003,8,10,30,12:30,4,0,H,0,0,D,17,4,6,0,17,13,8,5,2,0,0,0,3,0,4,4
1930,6,20201003,11,5,44,15:00,4,2,H,2,1,H,11,11,6,3,13,14,3,10,0,1,0,0,3,0,6,2
1931,6,20201003,16,20,27,17:30,1,1,D,0,1,A,12,23,7,2,11,12,7,10,2,1,0,0,1,1,2,0
1932,6,20201003,23,6,10,20:00,3,1,H,1,0,H,10,7,5,3,13,17,3,4,2,3,0,0,3,0,4,2
1933,6,20201004,2,26,22,14:00,2,1,H,0,0,D,6,6,5,2,3,9,2,4,0,1,0,0,3,0,3,1
1934,6,20201004,3,18,25,19:15,7,2,H,4,1,H,18,14,11,8,7,10,2,7,2,1,0,0,3,0,9,5
1935,6,20201004,17,34,3,12:00,0,3,A,0,2,A,4,14,0,6,11,8,6,4,2,2,0,0,0,3,3,-3
1936,6,20201004,21,31,6,16:30,1,6,A,1,4,A,5,22,2,8,14,10,2,4,2,1,1,0,0,3,7,-5
1937,6,20201004,27,33,7,12:00,2,0,H,1,0,H,13,5,7,2,19,10,5,1,2,1,0,0,3,0,2,2
1938,6,20201004,35,12,11,14:00,1,0,H,0,0,D,14,10,5,2,15,8,6,2,1,1,0,0,3,0,1,1
1939,6,20201017,8,27,35,15:00,3,3,D,2,1,H,11,13,5,6,11,9,6,2,1,1,0,0,1,1,6,0
1940,6,20201017,11,18,30,12:30,2,2,D,1,1,D,11,22,5,8,15,9,2,5,3,2,1,0,1,1,4,0
1941,6,20201017,20,2,7,17:30,1,0,H,1,0,H,13,11,5,3,15,10,6,6,4,1,0,0,3,0,1,1
1942,6,20201017,23,21,8,20:00,1,4,A,1,1,D,7,28,4,14,9,12,0,7,1,1,0,0,0,3,5,-3
1943,6,20201018,10,5,42,14:00,1,1,D,1,0,H,1,20,1,3,13,12,2,5,3,2,0,1,1,1,2,0
1944,6,20201018,17,3,17,19:15,0,1,A,0,0,D,11,10,5,4,18,18,2,7,4,3,0,0,0,3,1,-1
1945,6,20201018,26,12,4,12:00,1,1,D,0,0,D,10,15,6,6,5,9,2,5,0,2,0,0,1,1,2,0
1946,6,20201018,31,34,36,16:30,3,3,D,3,0,H,11,13,6,4,13,12,3,7,0,5,0,0,1,1,6,0
1947,6,20201019,16,35,10,20:00,0,1,A,0,0,D,13,7,2,3,13,12,8,3,2,1,0,0,0,3,1,-1
1948,6,20201019,33,6,6,17:30,0,0,D,0,0,D,13,9,6,4,15,17,8,2,2,2,0,0,1,1,0,0
1949,6,20201023,3,16,36,20:00,0,3,A,0,0,D,12,27,4,9,14,17,6,5,2,2,0,0,0,3,3,-3
1950,6,20201024,12,10,14,15:00,1,2,A,0,1,A,16,14,3,10,11,11,4,4,0,1,1,0,0,3,3,-1
1951,6,20201024,18,26,27,20:00,2,1,H,1,1,D,17,13,5,2,7,15,7,3,0,3,0,0,3,0,3,1
1952,6,20201024,21,8,25,17:30,0,0,D,0,0,D,14,6,4,1,8,6,9,6,3,1,0,0,1,1,0,0
1953,6,20201024,34,20,6,12:30,1,1,D,1,0,H,6,14,2,7,14,6,2,10,2,0,0,0,1,1,2,0
1954,6,20201025,2,17,8,19:15,0,1,A,0,0,D,12,6,4,2,13,9,9,3,3,5,0,0,0,3,1,-1
1955,6,20201025,27,11,19,14:00,2,0,H,2,0,H,12,6,6,2,11,11,4,5,1,2,0,1,3,0,2,2
1956,6,20201025,35,23,22,16:30,1,1,D,0,0,D,16,5,3,2,10,10,2,3,0,1,0,0,1,1,2,0
1957,6,20201026,5,33,17,17:30,1,1,D,1,0,H,5,9,3,3,14,7,6,2,2,0,0,0,1,1,2,0
1958,6,20201026,6,31,30,20:00,0,1,A,0,0,D,13,9,4,3,9,7,4,5,2,0,0,0,0,3,1,-1
1959,6,20201030,35,10,25,20:00,2,0,H,2,0,H,15,11,5,2,13,4,7,6,0,2,0,1,3,0,2,2
1960,6,20201031,6,8,10,15:00,0,3,A,0,1,A,5,14,0,9,10,15,3,4,1,0,0,0,0,3,3,-3
1961,6,20201031,18,34,19,17:30,2,1,H,1,1,D,9,4,5,3,13,14,1,2,0,1,0,0,3,0,3,1
1962,6,20201031,26,20,30,12:30,0,1,A,0,1,A,5,16,1,8,14,6,2,5,0,0,0,0,0,3,1,-1
1963,6,20201101,3,27,11,12:00,3,4,A,0,3,A,19,9,10,4,12,17,11,1,1,2,0,0,0,3,7,-1
1964,6,20201101,21,2,27,16:30,0,1,A,0,0,D,8,7,2,2,12,12,6,3,3,3,0,0,0,3,1,-1
1965,6,20201101,23,11,42,14:00,2,1,H,0,0,D,11,15,4,4,9,10,5,4,2,4,0,0,3,0,3,1
1966,6,20201101,31,5,14,19:15,2,1,H,1,0,H,9,6,3,2,14,13,4,5,2,1,0,0,3,0,3,1
1967,6,20201102,12,33,44,17:30,2,0,H,2,0,H,13,10,6,1,13,11,5,2,3,2,0,0,3,0,2,2
1968,6,20201102,16,17,4,20:00,1,4,A,0,2,A,11,10,4,8,9,5,10,3,1,1,0,0,0,3,5,-3
1969,6,20201106,5,6,27,17:30,0,0,D,0,0,D,19,4,3,1,11,5,5,3,1,0,0,0,1,1,0,0
1970,6,20201106,27,23,35,20:00,2,0,H,1,0,H,15,4,8,2,12,11,8,3,1,2,0,0,3,0,2,2
1971,6,20201107,8,26,17,17:30,4,1,H,2,1,H,20,6,9,3,5,14,6,7,0,2,0,0,3,0,5,3
1972,6,20201107,10,16,7,15:00,4,1,H,3,1,H,10,9,6,3,9,1,3,6,0,2,0,0,3,0,5,3
1973,6,20201107,11,21,36,12:30,1,3,A,1,2,A,7,13,1,5,12,19,5,2,4,2,0,0,0,3,4,-2
1974,6,20201107,34,12,38,20:00,1,0,H,0,0,D,16,13,7,3,10,9,9,5,2,2,0,0,3,0,1,1
1975,6,20201108,2,3,25,19:15,0,3,A,0,1,A,13,15,2,6,11,13,3,8,0,0,0,0,0,3,3,-3
1976,6,20201108,17,35,6,14:00,1,0,H,1,0,H,10,7,3,2,12,8,6,3,2,3,0,0,3,0,1,1
1977,6,20201108,20,18,8,16:30,1,1,D,1,1,D,7,10,2,3,19,11,1,2,3,1,0,0,1,1,2,0
1978,6,20201108,33,31,3,12:00,0,1,A,0,0,D,12,19,2,5,17,12,9,6,1,0,0,0,0,3,1,-1
1979,6,20201121,3,5,30,15:00,1,2,A,0,1,A,15,7,4,3,5,18,12,3,2,1,0,1,0,3,3,-1
1980,6,20201121,21,33,10,20:00,1,0,H,0,0,D,17,7,7,2,12,17,8,2,1,1,0,0,3,0,1,1
1981,6,20201121,23,8,8,12:30,0,2,A,0,1,A,8,14,1,3,11,12,7,4,2,0,0,0,0,3,2,-2
1982,6,20201121,31,20,27,17:30,2,0,H,1,0,H,4,22,2,5,13,19,0,10,2,2,0,0,3,0,2,2
1983,6,20201122,12,11,3,12:00,2,3,A,1,3,A,14,9,6,7,14,10,2,5,2,0,0,0,0,3,5,-1
1984,6,20201122,16,2,6,16:30,0,0,D,0,0,D,25,9,4,2,9,8,5,3,3,0,0,1,1,1,0,0
1985,6,20201122,18,17,7,19:15,3,0,H,2,0,H,24,11,13,4,15,6,10,3,0,2,0,0,3,0,3,3
1986,6,20201122,26,34,25,14:00,0,1,A,0,0,D,9,15,5,3,7,6,2,6,0,0,0,0,0,3,1,-1
1987,6,20201123,6,10,19,17:30,1,0,H,1,0,H,10,15,4,5,13,9,4,7,2,0,0,0,3,0,1,1
1988,6,20201123,35,27,4,20:00,1,1,D,0,0,D,20,7,9,2,14,13,7,4,2,0,0,0,1,1,2,0
1989,6,20201127,10,23,14,20:00,0,2,A,0,0,D,12,14,3,7,9,10,7,3,2,2,0,0,0,3,2,-2
1990,6,20201128,5,18,42,12:30,1,1,D,0,0,D,11,6,3,2,9,13,4,3,2,1,0,0,1,1,2,0
1991,6,20201128,11,16,7,17:30,0,1,A,0,0,D,15,23,8,7,8,14,4,2,1,2,0,0,0,3,1,-1
1992,6,20201128,20,6,22,15:00,5,0,H,3,0,H,19,9,6,1,12,4,6,4,0,0,0,0,3,0,5,5
1993,6,20201128,33,26,27,20:00,1,0,H,1,0,H,17,21,6,5,10,9,14,9,2,3,0,0,3,0,1,1
1994,6,20201129,2,35,30,19:15,1,2,A,1,2,A,13,11,2,5,13,13,8,4,3,4,0,0,0,3,3,-1
1995,6,20201129,8,31,36,16:30,0,0,D,0,0,D,13,5,3,1,20,9,3,3,4,2,0,0,1,1,0,0
1996,6,20201129,27,21,17,14:00,2,3,A,2,0,H,10,15,5,6,12,12,5,9,1,0,0,0,0,3,5,-1
1997,6,20201130,17,12,44,17:30,1,2,A,0,2,A,16,10,3,5,9,21,6,5,0,2,0,0,0,3,3,-1
1998,6,20201130,34,3,35,20:00,2,1,H,1,1,D,6,16,2,6,20,7,3,7,1,1,0,0,3,0,3,1
1999,6,20201205,6,11,6,12:30,1,1,D,1,1,D,8,13,3,6,6,9,8,4,0,0,0,0,1,1,2,0
2000,6,20201205,8,16,19,20:00,3,1,H,1,1,D,23,8,11,3,12,9,8,4,0,2,0,0,3,0,4,2
2001,6,20201205,20,12,17,15:00,2,0,H,2,0,H,16,6,6,1,7,6,9,3,0,0,0,0,3,0,2,2
2002,6,20201205,34,21,4,17:30,1,3,A,1,0,H,19,15,6,6,9,10,5,4,0,0,0,0,0,3,4,-2
2003,6,20201206,18,35,8,19:15,4,0,H,1,0,H,11,9,6,3,8,14,4,6,1,1,0,0,3,0,4,4
2004,6,20201206,26,17,42,14:15,1,2,A,1,1,D,4,13,1,4,13,6,6,5,1,3,0,0,0,3,3,-1
2005,6,20201206,31,2,25,16:30,2,0,H,2,0,H,6,11,3,2,16,12,3,9,1,2,0,0,3,0,2,2
2006,6,20201206,33,10,36,12:00,1,5,A,1,1,D,9,18,4,6,10,16,4,6,2,2,1,0,0,3,6,-4
2007,6,20201207,5,27,10,20:00,1,2,A,1,1,D,12,10,4,3,12,12,4,3,3,3,0,0,0,3,3,-1
2008,6,20201211,16,34,30,20:00,1,2,A,1,1,D,13,19,7,8,12,10,5,6,1,2,0,0,0,3,3,-1
2009,6,20201212,11,8,17,20:00,1,0,H,1,0,H,9,10,4,3,10,11,6,6,2,3,0,0,3,0,1,1
2010,6,20201212,21,20,7,17:30,0,0,D,0,0,D,11,9,2,2,13,6,4,3,1,1,0,0,1,1,0,0
2011,6,20201212,23,33,11,15:00,2,1,H,1,0,H,12,13,7,3,9,12,4,3,2,3,0,0,3,0,3,1
2012,6,20201212,35,3,27,12:30,0,1,A,0,0,D,16,13,7,2,23,15,5,8,2,5,0,0,0,3,1,-1
2013,6,20201213,2,6,14,19:15,0,1,A,0,0,D,18,10,6,2,5,11,13,4,2,1,1,0,0,3,1,-1
2014,6,20201213,10,31,19,14:15,1,1,D,0,1,A,16,14,5,6,15,11,4,7,1,1,0,0,1,1,2,0
2015,6,20201213,12,18,4,16:30,1,1,D,1,0,H,10,12,5,6,9,5,6,8,3,1,0,0,1,1,2,0
2016,6,20201213,17,5,25,19:15,3,0,H,3,0,H,15,12,6,4,9,11,9,5,2,1,0,0,3,0,3,3
2017,6,20201213,27,26,3,12:00,3,0,H,1,0,H,16,3,6,0,8,14,8,4,0,1,0,0,3,0,3,3
2018,6,20201215,20,33,35,20:00,1,1,D,1,1,D,26,5,7,1,5,8,13,2,2,3,0,0,1,1,2,0
2019,6,20201215,35,8,42,18:00,2,1,H,0,0,D,12,13,4,3,12,12,5,6,2,2,0,0,3,0,3,1
2020,6,20201216,2,27,36,18:00,1,1,D,0,1,A,9,13,4,3,13,13,2,7,1,3,1,0,1,1,2,0
2021,6,20201216,12,5,38,20:00,0,0,D,0,0,D,9,9,4,4,15,11,1,8,1,0,0,0,1,1,0,0
2022,6,20201216,16,23,44,18:00,5,2,H,1,1,D,25,10,10,4,10,13,7,4,3,1,0,0,3,0,7,3
2023,6,20201216,17,11,22,18:00,0,2,A,0,1,A,14,11,2,6,12,9,4,6,2,3,0,0,0,3,2,-2
2024,6,20201216,18,31,6,20:00,2,1,H,1,1,D,17,8,11,2,8,9,7,4,0,2,0,0,3,0,3,1
2025,6,20201216,34,10,10,20:00,1,1,D,0,1,A,9,8,2,2,8,12,5,3,0,1,0,1,1,1,2,0
2026,6,20201217,3,6,8,18:00,0,0,D,0,0,D,27,6,7,4,17,19,11,1,1,1,0,0,1,1,0,0
2027,6,20201217,26,21,30,20:00,2,3,A,1,2,A,12,14,6,8,17,8,6,3,3,2,0,0,0,3,5,-1
2028,6,20201219,10,18,17,12:30,0,7,A,0,3,A,5,14,3,8,5,11,5,4,1,0,0,0,0,3,7,-7
2029,6,20201219,11,2,4,17:30,2,1,H,2,1,H,9,13,2,2,9,9,4,3,1,3,0,0,3,0,3,1
2030,6,20201219,23,12,14,20:00,1,1,D,0,1,A,12,11,5,4,7,17,2,9,1,2,0,1,1,1,2,0
2031,6,20201219,27,20,27,15:00,0,1,A,0,1,A,9,11,3,5,9,11,6,6,2,2,0,0,0,3,1,-1
2032,6,20201220,5,26,35,12:00,1,1,D,0,0,D,21,5,5,3,9,11,14,2,1,5,0,1,1,1,2,0
2033,6,20201220,21,16,6,16:30,6,2,H,4,1,H,26,17,14,3,6,6,11,13,1,0,0,0,3,0,8,4
2034,6,20201220,31,17,8,14:15,0,2,A,0,1,A,8,17,3,4,15,14,5,3,2,2,0,0,0,3,2,-2
2035,6,20201220,33,3,25,19:15,0,3,A,0,1,A,1,19,1,10,14,8,1,7,1,2,1,0,0,3,3,-3
2036,6,20201221,6,35,22,17:30,2,1,H,1,0,H,10,15,4,3,11,15,1,7,2,1,0,0,3,0,3,1
2037,6,20201221,8,34,7,20:00,3,0,H,1,0,H,11,6,7,0,11,6,5,4,0,0,0,0,3,0,3,3
2038,6,20201226,2,8,30,17:30,3,1,H,2,0,H,15,19,7,3,13,10,7,9,2,1,0,0,3,0,4,2
2039,6,20201226,3,10,6,15:00,3,0,H,1,0,H,21,13,10,6,18,16,4,4,1,4,1,0,3,0,3,3
2040,6,20201226,12,27,11,15:00,0,0,D,0,0,D,10,3,1,2,15,12,6,3,2,0,0,0,1,1,0,0
2041,6,20201226,17,21,27,12:30,2,2,D,1,1,D,10,9,2,4,10,17,5,0,2,1,0,0,1,1,4,0
2042,6,20201226,20,23,4,20:00,2,0,H,1,0,H,11,7,6,2,5,12,7,3,2,2,0,0,3,0,2,2
2043,6,20201226,26,11,10,20:00,0,1,A,0,0,D,10,7,2,3,11,10,6,3,2,4,0,0,0,3,1,-1
2044,6,20201227,16,6,38,12:00,1,0,H,1,0,H,11,14,4,6,8,14,4,12,0,3,0,0,3,0,1,1
2045,6,20201227,18,33,19,16:30,1,1,D,1,0,H,17,5,2,3,8,5,8,3,0,1,0,0,1,1,2,0
2046,6,20201227,34,5,44,14:15,2,2,D,0,1,A,11,13,4,4,6,8,5,4,0,0,0,0,1,1,4,0
2047,6,20201227,35,31,36,19:15,1,1,D,0,1,A,11,6,6,3,20,13,9,2,4,1,0,0,1,1,2,0
2048,6,20201228,8,3,42,17:30,1,1,D,1,0,H,16,10,5,2,16,3,11,4,3,1,0,0,1,1,2,0
2049,6,20201228,10,17,14,15:00,1,1,D,0,0,D,4,17,1,3,10,7,2,5,0,1,0,0,1,1,2,0
2050,6,20201229,5,2,25,18:00,0,1,A,0,0,D,13,11,2,3,11,4,5,4,2,0,0,0,0,3,1,-1
2051,6,20201229,6,26,7,18:00,1,0,H,1,0,H,5,7,3,3,13,17,3,5,1,2,0,0,3,0,1,1
2052,6,20201229,21,35,17,20:00,1,0,H,0,0,D,11,9,3,5,11,7,2,2,1,1,0,0,3,0,1,1
2053,6,20201229,27,34,3,18:00,0,0,D,0,0,D,8,8,3,3,16,15,4,3,3,1,0,0,1,1,0,0
2054,6,20201229,33,16,22,18:00,0,5,A,0,4,A,4,14,1,6,7,10,3,10,0,1,0,0,0,3,5,-5
2055,6,20201230,23,18,36,20:00,0,0,D,0,0,D,8,11,2,4,9,13,5,12,2,3,0,0,1,1,0,0
2056,6,20210101,11,34,19,17:30,0,1,A,0,0,D,10,11,2,5,9,7,5,4,2,0,0,0,0,3,1,-1
2057,6,20210101,21,3,30,20:00,2,1,H,1,0,H,19,5,9,5,22,10,5,10,4,0,0,0,3,0,3,1
2058,6,20210102,5,35,3,17:30,3,3,D,1,3,A,13,11,4,4,13,8,5,8,2,1,0,0,1,1,6,0
2059,6,20210102,10,26,42,15:00,2,0,H,2,0,H,9,7,4,2,8,18,3,6,1,3,0,0,3,0,2,2
2060,6,20210102,31,16,10,12:30,3,0,H,2,0,H,20,18,7,5,15,13,3,5,2,1,1,0,3,0,3,3
2061,6,20210102,33,2,25,20:00,0,4,A,0,2,A,7,21,3,12,7,4,3,5,1,2,0,0,0,3,4,-4
2062,6,20210103,8,20,6,16:30,1,3,A,0,3,A,9,18,2,6,11,10,5,3,3,1,0,0,0,3,4,-2
2063,6,20210103,23,17,38,14:15,1,2,A,0,0,D,8,9,2,3,10,11,3,6,0,2,0,0,0,3,3,-1
2064,6,20210104,27,18,4,20:00,1,0,H,1,0,H,7,17,3,1,5,12,1,10,1,3,0,0,3,0,1,1
2065,6,20210112,6,21,19,20:15,0,1,A,0,0,D,11,13,0,7,15,13,3,4,1,2,0,0,0,3,1,-1
2066,6,20210112,26,23,3,18:00,1,0,H,0,0,D,17,7,4,3,13,12,5,2,2,3,0,1,3,0,1,1
2067,6,20210112,35,11,25,20:15,1,2,A,1,1,D,12,5,3,3,6,11,6,5,2,2,0,0,0,3,3,-1
2068,6,20210113,20,5,11,18:00,1,0,H,1,0,H,16,5,6,1,4,12,8,4,0,2,0,0,3,0,1,1
2069,6,20210113,31,12,36,20:15,1,1,D,1,0,H,15,15,6,4,13,15,6,5,1,2,0,0,1,1,2,0
2070,6,20210114,2,10,4,20:00,0,0,D,0,0,D,11,12,4,2,10,11,7,3,1,1,0,0,1,1,0,0
2071,6,20210116,12,8,35,17:30,0,1,A,0,0,D,10,21,3,6,11,10,1,12,2,3,1,0,0,3,1,-1
2072,6,20210116,16,5,19,15:00,0,1,A,0,1,A,7,7,2,2,8,9,5,2,1,1,0,0,0,3,1,-1
2073,6,20210116,17,27,42,20:00,2,0,H,1,0,H,16,8,5,3,10,11,2,5,2,2,0,0,3,0,2,2
2074,6,20210116,34,6,7,15:00,1,0,H,1,0,H,15,10,4,2,12,9,7,4,2,1,0,0,3,0,1,1
2075,6,20210116,35,33,30,12:30,2,3,A,2,1,H,23,12,6,5,10,14,11,0,2,1,0,0,0,3,5,-1
2076,6,20210117,18,21,36,16:30,0,0,D,0,0,D,17,8,3,4,15,6,7,3,2,1,0,0,1,1,0,0
2077,6,20210117,20,10,22,19:15,4,0,H,1,0,H,13,2,6,0,9,8,11,1,0,0,0,0,3,0,4,4
2078,6,20210117,26,31,4,14:00,1,3,A,0,2,A,15,14,5,5,13,4,5,7,4,0,0,0,0,3,4,-2
2079,6,20210118,2,23,10,20:00,3,0,H,0,0,D,20,4,6,1,9,8,7,2,0,0,0,0,3,0,3,3
2080,6,20210119,17,8,8,20:15,2,0,H,2,0,H,8,9,6,5,7,16,6,3,1,3,0,0,3,0,2,2
2081,6,20210119,34,33,14,18:00,2,1,H,1,0,H,14,6,6,2,10,10,3,1,0,1,0,0,3,0,3,1
2082,6,20210120,12,21,25,20:15,1,2,A,1,1,D,12,15,5,5,6,10,2,8,3,1,0,0,0,3,3,-1
2083,6,20210120,20,3,17,18:00,2,0,H,0,0,D,28,11,9,4,10,9,16,2,0,2,0,0,3,0,2,2
2084,6,20210121,18,6,27,20:00,0,1,A,0,0,D,27,6,6,4,11,8,12,0,2,1,0,0,0,3,1,-1
2085,6,20210123,3,23,44,20:00,2,0,H,2,0,H,14,7,5,1,9,18,5,4,0,3,0,0,3,0,2,2
2086,6,20210126,10,34,42,18:00,2,3,A,1,2,A,6,17,3,7,9,8,3,4,0,0,0,0,0,3,5,-1
2087,6,20210126,23,16,6,18:00,1,2,A,0,1,A,22,9,5,2,10,15,9,5,1,3,0,0,0,3,3,-1
2088,6,20210126,27,2,19,20:15,1,3,A,1,2,A,13,9,5,5,11,6,4,5,1,2,0,0,0,3,4,-2
2089,6,20210126,33,20,7,20:15,0,5,A,0,4,A,4,18,1,7,8,8,3,8,2,0,0,0,0,3,5,-5
2090,6,20210127,5,12,8,19:30,0,0,D,0,0,D,16,10,5,3,10,14,10,0,2,1,0,0,1,1,0,0
2091,6,20210127,6,3,36,18:00,3,2,H,0,1,A,10,18,5,10,16,7,2,4,1,0,0,0,3,0,5,1
2092,6,20210127,8,35,3,18:00,0,0,D,0,0,D,14,4,5,0,14,7,13,1,1,1,0,0,1,1,0,0
2093,6,20210127,11,17,27,20:15,1,1,D,1,0,H,8,19,2,6,12,10,5,11,1,1,0,0,1,1,2,0
2094,6,20210127,21,26,35,20:15,1,2,A,0,1,A,16,5,4,3,10,12,7,2,1,1,0,0,0,3,3,-1
2095,6,20210128,31,18,25,20:00,1,3,A,0,1,A,3,14,2,7,9,11,1,2,1,2,0,0,0,3,4,-2
2096,6,20210130,2,21,30,17:30,0,0,D,0,0,D,17,14,3,3,9,16,4,7,1,3,0,0,1,1,0,0
2097,6,20210130,10,35,44,15:00,1,0,H,0,0,D,11,6,2,4,7,10,1,6,1,2,0,0,3,0,1,1
2098,6,20210130,11,23,42,12:30,0,2,A,0,0,D,11,13,3,3,13,6,7,12,3,4,0,0,0,3,2,-2
2099,6,20210130,20,26,10,15:00,1,0,H,1,0,H,10,4,5,1,7,10,10,0,0,3,0,0,3,0,1,1
2100,6,20210130,27,3,22,20:00,0,1,A,0,1,A,20,8,5,4,12,11,7,1,1,0,0,0,0,3,1,-1
2101,6,20210130,33,12,6,15:00,2,2,D,0,1,A,5,12,3,7,9,10,2,3,1,0,0,0,1,1,4,0
2102,6,20210131,5,31,35,19:15,1,0,H,1,0,H,16,8,5,4,11,11,9,2,2,1,0,0,3,0,1,1
2103,6,20210131,8,6,14,12:00,2,0,H,1,0,H,19,1,8,0,7,9,4,2,0,1,0,0,3,0,2,2
2104,6,20210131,17,16,7,14:00,1,3,A,1,1,D,18,8,8,7,17,16,6,4,0,3,0,0,0,3,4,-2
2105,6,20210131,34,18,17,16:30,1,3,A,0,0,D,8,14,2,5,7,8,6,5,2,0,0,0,0,3,4,-2
2106,6,20210202,21,27,27,20:15,9,0,H,4,0,H,24,3,14,1,11,6,5,3,2,3,0,2,3,0,9,9
2107,6,20210202,23,10,11,20:15,1,2,A,1,2,A,21,6,5,3,14,11,9,1,1,3,0,0,0,3,3,-1
2108,6,20210202,26,33,36,18:00,2,1,H,0,1,A,14,8,6,4,11,9,9,2,2,1,0,0,3,0,3,1
2109,6,20210202,35,2,8,18:00,2,1,H,1,1,D,11,9,7,3,11,8,9,6,3,2,0,2,3,0,3,1
2110,6,20210203,3,34,3,20:15,1,3,A,0,0,D,9,20,2,10,11,15,7,3,1,1,0,0,0,3,4,-2
2111,6,20210203,6,20,25,18:00,0,2,A,0,2,A,2,17,0,6,8,5,1,3,2,1,0,0,0,3,2,-2
2112,6,20210203,12,17,38,18:00,0,2,A,0,2,A,8,9,1,5,17,10,5,2,3,1,0,0,0,3,2,-2
2113,6,20210203,16,11,30,19:30,1,2,A,0,2,A,16,10,7,6,12,12,7,1,2,3,0,0,0,3,3,-1
2114,6,20210203,18,5,19,20:15,0,1,A,0,0,D,11,13,1,4,12,6,6,3,1,0,0,0,0,3,1,-1
2115,6,20210204,31,8,4,20:00,0,1,A,0,1,A,7,18,2,2,20,14,2,7,2,3,0,0,0,3,1,-1
2116,6,20210206,3,2,7,12:30,1,0,H,1,0,H,12,14,8,3,12,12,3,7,3,2,0,0,3,0,1,1
2117,6,20210206,6,5,6,15:00,1,1,D,0,1,A,20,10,7,2,8,10,8,7,2,0,0,0,1,1,2,0
2118,6,20210206,12,34,27,17:30,0,0,D,0,0,D,20,8,2,1,11,10,7,3,1,2,0,1,1,1,0,0
2119,6,20210206,21,11,17,20:00,3,3,D,2,0,H,14,6,5,3,14,10,5,1,2,1,0,0,1,1,6,0
2120,6,20210206,23,27,8,15:00,3,2,H,3,1,H,6,14,4,5,11,14,0,7,2,1,1,0,3,0,5,1
2121,6,20210207,18,20,30,16:30,1,4,A,0,0,D,8,8,3,5,13,8,6,1,2,1,0,0,0,3,5,-3
2122,6,20210207,26,8,19,19:15,1,2,A,0,1,A,8,9,3,3,8,8,1,8,1,0,0,0,0,3,3,-1
2123,6,20210207,31,33,42,12:00,2,0,H,0,0,D,13,4,6,1,16,12,8,0,1,2,0,0,3,0,2,2
2124,6,20210207,35,17,25,14:00,0,0,D,0,0,D,13,13,1,3,11,15,8,2,1,3,0,0,1,1,0,0
2125,6,20210208,16,10,4,20:00,2,0,H,1,0,H,17,8,7,3,7,8,5,3,0,2,0,0,3,0,2,2
2126,6,20210213,5,3,11,20:00,0,0,D,0,0,D,26,4,9,1,16,12,9,2,2,3,0,0,1,1,0,0
2127,6,20210213,10,6,30,15:00,0,3,A,0,2,A,13,16,3,4,15,14,7,4,0,0,0,0,0,3,3,-3
2128,6,20210213,17,18,6,12:30,3,1,H,0,0,D,11,15,6,4,9,6,2,12,1,2,0,0,3,0,4,2
2129,6,20210213,20,31,36,17:30,3,0,H,1,0,H,15,7,6,3,12,13,4,2,1,3,0,0,3,0,3,3
2130,6,20210214,2,16,42,16:30,4,2,H,3,0,H,13,9,5,5,8,17,4,5,0,2,0,0,3,0,6,2
2131,6,20210214,11,12,3,19:00,0,2,A,0,0,D,7,12,2,3,7,16,5,4,1,1,0,0,0,3,2,-2
2132,6,20210214,27,35,14,12:00,1,2,A,1,0,H,7,10,3,4,10,9,4,6,2,2,0,0,0,3,3,-1
2133,6,20210214,33,21,8,14:00,1,1,D,1,1,D,7,10,3,7,13,10,4,5,5,0,0,0,1,1,2,0
2134,6,20210215,8,23,35,20:00,2,0,H,2,0,H,18,10,5,4,9,13,10,5,0,0,0,0,3,0,2,2
2135,6,20210215,34,26,44,18:00,3,0,H,1,0,H,13,8,9,5,11,12,7,7,0,2,0,0,3,0,3,3
2136,6,20210217,6,12,17,18:00,1,1,D,0,0,D,8,8,3,3,7,13,5,5,1,1,0,0,1,1,2,0
2137,6,20210217,11,20,4,20:15,1,3,A,1,1,D,3,16,2,7,8,8,0,10,2,1,0,0,0,3,4,-2
2138,6,20210219,35,16,10,20:00,1,0,H,0,0,D,15,18,5,7,13,8,7,9,1,0,0,0,3,0,1,1
2139,6,20210220,6,33,27,15:00,0,0,D,0,0,D,6,10,1,3,16,10,5,5,3,0,0,1,1,1,0,0
2140,6,20210220,12,26,25,20:00,1,0,H,0,0,D,15,4,7,2,11,14,6,4,1,2,0,0,3,0,1,1
2141,6,20210220,18,11,7,17:30,0,2,A,0,1,A,15,9,6,6,10,10,7,2,2,1,0,0,0,3,2,-2
2142,6,20210220,27,8,6,12:30,1,1,D,1,0,H,4,9,1,3,10,10,3,6,1,1,0,0,1,1,2,0
2143,6,20210221,2,20,17,16:30,0,1,A,0,1,A,7,15,1,3,11,9,1,3,2,2,0,0,0,3,1,-1
2144,6,20210221,3,17,30,14:05,1,2,A,0,2,A,11,16,2,7,11,12,7,8,2,1,0,0,0,3,3,-1
2145,6,20210221,21,23,36,19:00,3,1,H,1,1,D,15,10,7,6,9,11,6,4,1,2,0,0,3,0,4,2
2146,6,20210221,34,31,8,12:00,2,1,H,1,0,H,4,20,4,4,14,7,5,7,4,3,0,0,3,0,3,1
2147,6,20210222,5,10,19,20:00,1,2,A,0,1,A,25,3,5,2,11,6,13,0,2,0,0,0,0,3,3,-1
2148,6,20210223,16,27,4,18:00,3,0,H,0,0,D,11,13,7,5,11,13,2,4,1,2,0,0,3,0,3,3
2149,6,20210227,16,3,35,17:30,0,1,A,0,1,A,13,9,3,4,14,14,7,5,3,2,0,0,0,3,1,-1
2150,6,20210227,20,34,30,12:30,2,1,H,1,1,D,10,9,3,3,8,11,4,2,1,1,0,0,3,0,3,1
2151,6,20210227,23,35,27,20:00,1,1,D,0,0,D,19,14,7,4,11,13,3,5,2,0,0,0,1,1,2,0
2152,6,20210227,33,5,22,15:00,1,0,H,1,0,H,6,15,2,6,11,12,7,4,0,0,0,0,3,0,1,1
2153,6,20210228,8,21,42,16:30,0,0,D,0,0,D,18,11,6,4,11,12,3,4,1,2,0,0,1,1,0,0
2154,6,20210228,10,12,6,12:00,0,0,D,0,0,D,3,16,0,4,10,14,1,3,1,1,0,0,1,1,0,0
2155,6,20210228,17,2,36,12:00,1,3,A,1,2,A,8,12,3,4,15,3,2,7,2,1,0,0,0,3,4,-2
2156,6,20210228,26,18,17,19:15,0,2,A,0,0,D,8,16,2,8,9,9,4,3,0,0,0,0,0,3,2,-2
2157,6,20210228,31,6,19,14:00,4,0,H,3,0,H,16,10,7,3,6,10,3,4,0,0,0,0,3,0,4,4
2158,6,20210301,11,27,25,20:00,1,0,H,1,0,H,7,9,1,1,13,9,4,10,0,2,0,0,3,0,1,1
2159,6,20210302,20,35,7,20:00,4,1,H,1,0,H,22,6,10,1,9,5,10,2,0,1,0,0,3,0,5,3
2160,6,20210303,6,17,3,18:00,1,1,D,1,1,D,12,15,7,4,6,12,5,8,0,2,0,0,1,1,2,0
2161,6,20210303,10,21,4,20:15,0,0,D,0,0,D,8,11,2,1,4,13,4,6,1,0,0,0,1,1,0,0
2162,6,20210303,26,3,38,18:00,1,0,H,1,0,H,9,16,2,4,13,6,2,7,1,0,1,0,3,0,1,1
2163,6,20210304,12,31,10,18:00,0,1,A,0,1,A,11,9,3,2,13,9,4,1,2,1,0,0,0,3,1,-1
2164,6,20210304,18,8,25,20:15,0,1,A,0,1,A,7,11,1,5,9,8,5,2,0,0,0,0,0,3,1,-1
2165,6,20210304,33,11,11,18:00,0,1,A,0,0,D,11,11,3,3,9,7,3,3,3,1,0,0,0,3,1,-1
2166,6,20210306,3,35,3,17:30,0,0,D,0,0,D,9,10,1,2,13,13,5,3,1,0,0,0,1,1,0,0
2167,6,20210306,5,17,30,20:00,1,2,A,1,0,H,7,8,2,4,14,8,6,6,0,1,0,0,0,3,3,-1
2168,6,20210306,6,2,4,12:30,1,1,D,1,1,D,9,15,5,3,5,12,2,4,1,1,0,0,1,1,2,0
2169,6,20210306,26,27,36,15:00,0,2,A,0,1,A,8,15,2,5,17,11,7,3,4,3,0,0,0,3,2,-2
2170,6,20210307,18,12,19,14:00,0,1,A,0,1,A,16,10,3,3,10,8,9,4,2,3,0,0,0,3,1,-1
2171,6,20210307,20,21,6,16:30,0,2,A,0,1,A,23,8,6,6,9,12,6,2,0,3,0,0,0,3,2,-2
2172,6,20210307,31,10,42,19:15,4,1,H,1,1,D,12,5,5,1,8,17,1,5,2,3,0,0,3,0,5,3
2173,6,20210307,33,23,25,12:00,0,0,D,0,0,D,13,9,3,5,11,10,9,7,0,0,0,0,1,1,0,0
2174,6,20210308,8,11,10,18:00,2,0,H,1,0,H,19,7,9,1,11,12,7,3,0,3,0,0,3,0,2,2
2175,6,20210308,34,16,27,20:00,2,0,H,2,0,H,16,17,5,2,9,9,6,6,1,1,0,0,3,0,2,2
2176,6,20210310,20,27,17,18:00,5,2,H,3,1,H,17,11,10,6,6,4,5,5,1,0,0,0,3,0,7,3
2177,6,20210312,23,3,36,20:00,1,1,D,0,0,D,12,15,3,6,10,10,2,2,2,3,0,0,1,1,2,0
2178,6,20210313,10,33,44,15:00,1,0,H,1,0,H,6,12,4,1,16,15,3,2,3,1,0,0,3,0,1,1
2179,6,20210313,11,6,17,17:30,1,2,A,1,2,A,14,14,4,5,9,6,7,4,0,4,0,0,0,3,3,-1
2180,6,20210313,12,20,4,20:00,0,3,A,0,0,D,3,8,0,7,14,13,4,2,0,0,0,0,0,3,3,-3
2181,6,20210313,16,8,19,12:30,0,0,D,0,0,D,7,15,4,8,16,6,8,5,3,0,0,0,1,1,0,0
2182,6,20210314,2,31,30,16:30,2,1,H,1,1,D,13,6,3,3,12,14,6,3,1,2,0,1,3,0,3,1
2183,6,20210314,17,26,35,14:00,5,0,H,1,0,H,19,1,10,0,10,9,9,1,0,2,0,0,3,0,5,5
2184,6,20210314,21,34,25,19:15,1,0,H,0,0,D,15,7,4,0,12,2,6,3,4,0,0,0,3,0,1,1
2185,6,20210314,27,5,42,12:00,1,2,A,1,1,D,9,8,4,6,11,10,4,5,0,0,0,0,0,3,3,-1
2186,6,20210315,35,18,8,20:00,0,1,A,0,1,A,10,12,5,4,17,10,3,2,2,1,0,0,0,3,1,-1
2187,6,20210319,12,16,10,20:00,1,2,A,1,1,D,13,13,6,4,13,12,13,7,2,2,0,0,0,3,3,-1
2188,6,20210320,5,23,6,20:00,3,0,H,1,0,H,11,3,6,1,12,5,3,1,0,1,0,0,3,0,3,3
2189,6,20210321,3,31,27,19:30,0,2,A,0,1,A,8,9,1,3,18,13,5,8,3,2,0,0,0,3,2,-2
2190,6,20210321,34,2,17,15:00,3,3,D,3,1,H,15,16,5,7,18,8,3,5,3,1,0,0,1,1,6,0
2191,6,20210403,2,18,42,20:00,0,3,A,0,0,D,3,16,2,7,10,10,1,2,1,1,0,0,0,3,3,-3
2192,6,20210403,8,33,10,12:30,2,5,A,1,2,A,18,14,8,7,11,6,10,3,1,1,1,0,0,3,7,-3
2193,6,20210403,16,26,14,15:00,2,1,H,1,1,D,23,9,8,1,12,13,5,7,1,2,0,0,3,0,3,1
2194,6,20210403,17,20,6,17:30,0,2,A,0,0,D,5,11,2,4,13,12,1,1,2,3,0,0,0,3,2,-2
2195,6,20210404,3,12,3,16:30,3,1,H,0,0,D,14,15,4,7,14,20,4,4,1,2,0,0,3,0,4,2
2196,6,20210404,21,5,27,19:30,2,1,H,0,1,A,15,5,7,3,14,7,5,6,2,2,0,0,3,0,3,1
2197,6,20210404,23,31,8,14:05,2,2,D,1,2,A,22,11,6,5,13,14,7,3,3,2,0,0,1,1,4,0
2198,6,20210404,27,6,4,12:00,3,2,H,2,2,D,24,7,9,5,11,10,6,7,0,0,0,0,3,0,5,1
2199,6,20210405,11,10,19,18:00,1,1,D,0,0,D,15,13,7,6,10,10,3,4,2,0,0,0,1,1,2,0
2200,6,20210405,35,34,30,20:15,2,3,A,1,3,A,20,9,5,6,9,9,4,2,1,4,0,0,0,3,5,-1
2201,6,20210409,12,35,17,20:00,0,1,A,0,0,D,14,7,3,3,11,8,3,4,0,0,0,0,0,3,1,-1
2202,6,20210410,10,8,30,17:30,1,4,A,0,3,A,1,23,1,10,7,12,0,8,1,0,0,0,0,3,5,-3
2203,6,20210410,18,3,36,15:00,2,1,H,0,1,A,23,9,10,5,16,11,7,0,2,4,0,0,3,0,3,1
2204,6,20210410,20,16,4,12:30,1,2,A,0,1,A,29,2,7,2,12,15,9,3,3,1,0,1,0,3,3,-1
2205,6,20210411,6,23,6,12:00,1,2,A,1,0,H,24,10,4,5,11,12,13,3,1,0,0,0,0,3,3,-1
2206,6,20210411,26,2,35,19:00,0,3,A,0,1,A,7,14,2,5,9,6,2,4,1,1,0,0,0,3,3,-3
2207,6,20210411,31,21,7,16:30,1,3,A,1,0,H,12,12,3,7,11,15,7,5,1,5,0,0,0,3,4,-2
2208,6,20210411,34,17,27,14:05,3,2,H,2,0,H,4,15,4,5,7,13,1,9,3,3,0,0,3,0,5,1
2209,6,20210412,5,11,11,20:15,0,0,D,0,0,D,23,8,3,1,12,7,10,3,1,2,0,0,1,1,0,0
2210,6,20210412,33,27,44,18:00,3,0,H,2,0,H,15,14,6,4,12,11,5,10,0,1,0,0,3,0,3,3
2211,6,20210416,11,31,30,20:00,2,2,D,1,1,D,18,12,7,3,8,8,6,3,1,1,0,0,1,1,4,0
2212,6,20210417,23,34,19,12:30,3,2,H,2,0,H,16,16,8,6,9,7,3,8,2,0,0,1,3,0,5,1
2213,6,20210417,35,26,38,20:15,1,0,H,0,0,D,10,8,5,2,8,15,3,3,1,2,0,0,3,0,1,1
2214,6,20210418,2,12,8,13:30,1,1,D,0,0,D,18,3,5,1,9,11,11,1,0,3,0,0,1,1,2,0
2215,6,20210418,21,6,17,16:00,3,1,H,0,0,D,17,10,9,3,9,12,8,3,1,2,0,0,3,0,4,2
2216,6,20210419,16,18,6,20:00,1,1,D,0,1,A,12,17,5,7,17,15,10,8,2,1,0,0,1,1,2,0
2217,6,20210420,8,5,42,20:00,0,0,D,0,0,D,7,11,4,2,8,9,0,3,2,0,0,1,1,1,0,0
2218,6,20210421,3,20,35,20:15,1,2,A,1,2,A,8,13,3,3,12,7,1,11,0,1,1,1,0,3,3,-1
2219,6,20210421,31,27,10,18:00,2,1,H,0,1,A,12,10,3,5,10,14,5,5,2,1,0,0,3,0,3,1
2220,6,20210422,17,33,3,20:00,3,0,H,3,0,H,17,4,7,1,13,12,7,3,0,2,0,0,3,0,3,3
2221,6,20210423,2,11,17,20:00,0,1,A,0,0,D,14,8,3,1,13,10,7,3,1,3,0,0,0,3,1,-1
2222,6,20210424,18,23,4,12:30,1,1,D,1,0,H,22,7,9,4,9,7,6,3,2,1,0,0,1,1,2,0
2223,6,20210424,26,5,19,20:00,1,0,H,1,0,H,7,17,3,4,13,7,2,12,3,0,0,0,3,0,1,1
2224,6,20210424,34,8,7,17:30,0,1,A,0,1,A,9,17,2,6,9,11,4,2,0,4,1,0,0,3,1,-1
2225,6,20210425,3,33,42,19:00,2,2,D,1,1,D,24,10,11,4,14,9,11,4,0,2,0,0,1,1,4,0
2226,6,20210425,16,21,8,14:00,0,0,D,0,0,D,6,16,3,4,21,11,2,6,4,1,0,0,1,1,0,0
2227,6,20210425,35,6,11,12:00,0,4,A,0,3,A,12,14,2,7,8,9,8,5,1,2,0,0,0,3,4,-4
2228,6,20210426,17,10,14,20:00,2,1,H,0,1,A,13,4,5,2,13,12,7,2,0,1,0,0,3,0,3,1
2229,6,20210430,27,17,38,20:00,1,1,D,0,0,D,5,23,3,9,9,13,0,10,1,0,1,0,1,1,2,0
2230,6,20210501,5,16,7,15:00,2,0,H,1,0,H,17,11,5,2,17,6,2,9,1,1,0,0,3,0,2,2
2231,6,20210501,8,12,19,17:30,2,0,H,1,0,H,9,10,5,3,15,8,1,8,1,1,0,0,3,0,2,2
2232,6,20210501,10,20,10,12:30,0,2,A,0,0,D,9,20,4,3,9,10,2,6,2,0,0,0,0,3,2,-2
2233,6,20210501,11,3,44,20:00,1,2,A,1,1,D,16,13,3,5,10,13,3,6,0,2,0,0,0,3,3,-1
2234,6,20210502,23,2,27,14:00,0,2,A,0,1,A,5,19,1,5,10,9,3,7,2,1,1,0,0,3,2,-2
2235,6,20210502,31,26,4,19:15,4,0,H,1,0,H,20,8,11,1,8,9,6,6,1,1,0,0,3,0,4,4
2236,6,20210503,6,34,6,20:15,1,2,A,1,2,A,8,22,3,4,4,8,5,4,2,1,0,0,0,3,3,-1
2237,6,20210503,33,35,36,18:00,1,1,D,0,1,A,10,20,4,10,17,11,5,6,2,0,0,0,1,1,2,0
2238,6,20210507,17,23,11,20:00,2,4,A,0,2,A,25,14,9,6,12,9,9,6,1,1,0,0,0,3,6,-2
2239,6,20210508,16,31,30,12:30,3,1,H,2,1,H,16,11,7,3,12,10,8,6,1,2,0,0,3,0,4,2
2240,6,20210508,18,27,19,20:15,2,0,H,1,0,H,14,12,6,6,10,6,8,4,0,1,0,0,3,0,2,2
2241,6,20210508,20,8,6,17:30,1,2,A,1,0,H,16,12,4,5,12,10,6,2,2,0,0,0,0,3,3,-1
2242,6,20210508,26,10,44,15:00,0,2,A,0,1,A,7,21,0,8,11,8,5,11,1,1,0,0,0,3,2,-2
2243,6,20210509,2,33,35,19:00,3,1,H,2,0,H,15,12,7,1,7,9,6,6,1,2,0,0,3,0,4,2
2244,6,20210509,3,21,7,14:05,1,3,A,1,0,H,11,18,5,7,13,18,5,6,1,1,1,0,0,3,4,-2
2245,6,20210509,34,11,42,16:30,0,1,A,0,1,A,11,9,0,3,8,10,5,6,2,1,0,0,0,3,1,-1
2246,6,20210509,35,5,17,12:00,2,1,H,0,1,A,16,5,6,3,12,7,10,5,2,2,0,2,3,0,3,1
2247,6,20210510,12,6,10,20:00,0,2,A,0,2,A,21,14,3,5,11,10,8,4,2,0,0,0,0,3,2,-2
2248,6,20210511,21,17,8,18:00,1,2,A,1,1,D,4,12,1,3,9,12,3,4,0,0,0,0,0,3,3,-1
2249,6,20210511,27,10,3,20:15,3,1,H,1,1,D,13,11,6,4,20,13,12,8,2,3,0,0,3,0,4,2
2250,6,20210512,8,2,4,20:15,0,1,A,0,1,A,19,5,5,2,7,6,9,1,0,1,0,0,0,3,1,-1
2251,6,20210513,3,11,25,18:00,0,0,D,0,0,D,13,15,2,5,9,12,9,1,2,0,0,0,1,1,0,0
2252,6,20210513,21,18,6,20:15,2,4,A,1,2,A,18,17,3,8,10,12,6,4,3,0,0,0,0,3,6,-2
2253,6,20210514,23,20,19,20:00,3,4,A,2,2,D,11,15,5,6,11,10,4,5,2,2,0,0,0,3,7,-1
2254,6,20210515,5,34,4,20:00,1,1,D,0,0,D,10,15,2,3,7,5,3,3,1,1,0,0,1,1,2,0
2255,6,20210515,6,16,14,12:30,0,4,A,0,1,A,16,16,4,6,10,10,6,8,1,1,0,0,0,3,4,-4
2256,6,20210515,27,12,8,15:00,3,1,H,1,0,H,11,10,7,3,9,15,6,5,0,1,0,0,3,0,4,2
2257,6,20210516,10,3,10,12:00,3,2,H,1,2,A,23,19,8,5,23,13,7,7,3,2,0,0,3,0,5,1
2258,6,20210516,11,26,5,19:00,0,1,A,0,1,A,16,10,6,3,8,12,11,4,1,3,0,0,0,3,1,-1
2259,6,20210516,31,35,25,14:05,2,0,H,1,0,H,24,15,13,3,8,11,10,3,1,0,0,0,3,0,2,2
2260,6,20210516,33,18,27,16:30,1,2,A,1,1,D,10,26,3,6,7,14,9,13,0,0,0,0,0,3,3,-1
2261,6,20210518,5,20,42,19:00,3,2,H,0,1,A,19,8,6,4,13,11,5,3,3,3,0,1,3,0,5,1
2262,6,20210518,8,17,27,20:15,2,1,H,0,0,D,17,7,6,3,15,16,6,5,2,4,0,0,3,0,3,1
2263,6,20210518,21,12,22,18:00,1,1,D,1,0,H,13,8,6,5,10,15,6,1,2,3,0,0,1,1,2,0
2264,6,20210518,27,16,35,18:00,0,2,A,0,0,D,18,15,3,7,10,12,4,5,0,3,0,0,0,3,2,-2
2265,6,20210519,6,18,7,20:15,0,3,A,0,1,A,10,20,4,3,10,7,6,7,0,0,0,0,0,3,3,-3
2266,6,20210519,10,2,6,19:00,1,3,A,0,1,A,12,6,6,3,7,7,6,7,2,1,0,0,0,3,4,-2
2267,6,20210519,11,35,3,18:00,1,0,H,0,0,D,14,9,4,3,11,11,7,12,0,2,0,0,3,0,1,1
2268,6,20210519,23,26,38,18:00,1,0,H,1,0,H,16,11,5,1,7,7,5,2,0,2,0,0,3,0,1,1
2269,6,20210519,31,3,8,18:00,1,2,A,1,2,A,10,20,4,4,14,13,4,5,1,1,0,0,0,3,3,-1
2270,6,20210519,33,34,30,20:15,1,3,A,1,1,D,14,21,4,9,8,11,6,8,2,2,0,0,0,3,4,-2
2271,6,20210523,2,5,17,16:00,2,0,H,0,0,D,16,5,5,1,10,8,11,3,0,0,0,0,3,0,2,2
2272,6,20210523,3,8,42,16:00,2,1,H,1,0,H,6,23,3,7,11,12,2,9,3,3,0,1,3,0,3,1
2273,6,20210523,12,23,7,16:00,0,2,A,0,1,A,14,10,0,4,12,6,5,4,1,0,0,0,0,3,2,-2
2274,6,20210523,16,33,10,16:00,3,1,H,2,0,H,17,14,9,5,12,12,8,3,2,1,0,0,3,0,4,2
2275,6,20210523,17,31,6,16:00,2,4,A,1,1,D,10,11,6,4,9,8,8,7,0,2,0,0,0,3,6,-2
2276,6,20210523,18,10,8,16:00,2,0,H,1,0,H,19,5,5,4,10,8,14,1,2,2,0,0,3,0,2,2
2277,6,20210523,20,11,30,16:00,5,0,H,2,0,H,21,8,11,3,8,10,7,5,2,2,0,0,3,0,5,5
2278,6,20210523,26,6,19,16:00,1,0,H,1,0,H,12,10,3,3,11,1,8,9,3,1,0,0,3,0,1,1
2279,6,20210523,34,27,25,16:00,3,0,H,2,0,H,14,17,7,5,5,9,2,3,0,3,0,0,3,0,3,3
2280,6,20210523,35,21,27,16:00,1,2,A,1,2,A,14,9,4,4,14,3,6,2,4,1,0,0,0,3,3,-1
2281,7,20210813,4,2,30,20:00,2,0,H,1,0,H,8,22,3,4,12,8,2,5,0,0,0,0,3,0,2,2
2282,7,20210814,6,5,10,15:00,1,2,A,1,0,H,14,14,3,8,10,7,7,6,2,1,0,0,0,3,3,-1
2283,7,20210814,8,10,17,15:00,3,0,H,2,0,H,13,4,6,1,15,11,5,2,0,0,0,0,3,0,3,3
2284,7,20210814,11,27,3,15:00,3,1,H,0,1,A,14,6,6,3,13,15,6,8,2,0,0,0,3,0,4,2
2285,7,20210814,17,35,8,15:00,1,0,H,1,0,H,9,17,5,3,6,10,5,4,1,2,0,0,3,0,1,1
2286,7,20210814,21,16,36,12:30,5,1,H,1,0,H,16,10,8,3,11,9,5,4,1,2,0,0,3,0,6,4
2287,7,20210814,24,18,4,17:30,0,3,A,0,1,A,14,19,3,8,4,14,3,11,1,1,0,0,0,3,3,-3
2288,7,20210814,32,3,27,15:00,3,2,H,2,0,H,13,11,7,2,18,13,2,4,3,1,0,0,3,0,5,1
2289,7,20210815,23,34,25,14:00,2,4,A,2,1,H,17,8,3,9,4,3,7,6,1,0,0,0,0,3,6,-2
2290,7,20210815,31,20,6,16:30,1,0,H,0,0,D,13,18,3,4,11,8,3,11,2,1,0,0,3,0,1,1
2291,7,20210821,3,23,10,15:00,2,0,H,1,0,H,10,9,2,1,8,18,3,4,3,4,0,0,3,0,2,2
2292,7,20210821,5,32,6,17:30,2,0,H,2,0,H,13,10,3,1,11,6,7,2,4,0,0,0,3,0,2,2
2293,7,20210821,10,4,25,15:00,0,0,D,0,0,D,7,14,2,3,12,9,3,5,3,1,0,0,1,1,0,0
2294,7,20210821,16,11,11,15:00,2,2,D,1,1,D,17,17,4,8,6,13,8,5,2,4,0,0,1,1,4,0
2295,7,20210821,18,6,27,12:30,2,0,H,1,0,H,27,9,9,3,6,12,8,4,0,0,0,0,3,0,2,2
2296,7,20210821,20,24,14,15:00,5,0,H,2,0,H,16,1,4,0,13,7,6,1,1,0,0,0,3,0,5,5
2297,7,20210822,2,8,36,16:30,0,2,A,0,2,A,6,22,3,5,10,4,9,8,3,0,0,0,0,3,2,-2
2298,7,20210822,27,21,8,14:00,1,1,D,1,0,H,8,15,3,4,12,10,7,7,2,3,0,0,1,1,2,0
2299,7,20210822,35,31,42,14:00,0,1,A,0,1,A,25,8,6,6,9,7,5,4,1,4,0,0,0,3,1,-1
2300,7,20210823,34,17,30,20:00,4,1,H,1,0,H,13,5,7,1,8,8,10,0,0,1,0,1,3,0,5,3
2301,7,20210828,3,4,35,15:00,1,1,D,1,1,D,7,9,5,2,15,14,3,2,3,3,0,0,1,1,2,0
2302,7,20210828,5,11,17,15:00,0,2,A,0,1,A,14,14,3,5,7,9,4,5,1,2,0,0,0,3,2,-2
2303,7,20210828,18,8,6,17:30,1,1,D,1,1,D,24,6,7,3,13,4,12,3,0,2,0,1,1,1,2,0
2304,7,20210828,20,2,25,12:30,5,0,H,3,0,H,25,1,10,0,5,7,14,0,1,2,0,1,3,0,5,5
2305,7,20210828,23,27,36,15:00,2,2,D,0,0,D,10,22,5,6,11,6,4,4,3,3,0,0,1,1,4,0
2306,7,20210828,24,17,38,15:00,1,2,A,1,1,D,14,9,4,3,8,9,9,9,2,1,0,0,0,3,3,-1
2307,7,20210828,34,10,42,15:00,2,2,D,1,0,H,14,9,4,2,10,7,5,3,1,0,0,0,1,1,4,0
2308,7,20210829,6,16,30,14:00,1,1,D,0,0,D,12,12,3,2,13,9,5,5,4,3,0,0,1,1,2,0
2309,7,20210829,31,32,4,14:00,1,0,H,1,0,H,15,9,8,2,8,14,10,3,3,3,0,0,3,0,1,1
2310,7,20210829,35,21,27,16:30,0,1,A,0,0,D,15,10,6,3,7,9,5,7,3,4,0,0,0,3,1,-1
2311,7,20210911,2,24,30,15:00,1,0,H,0,0,D,30,10,7,1,9,11,8,4,1,2,0,0,3,0,1,1
2312,7,20210911,4,5,14,15:00,0,1,A,0,0,D,7,4,1,2,9,12,1,6,3,2,0,0,0,3,1,-1
2313,7,20210911,8,3,42,17:30,3,0,H,1,0,H,12,18,4,6,11,11,4,11,1,4,0,0,3,0,3,3
2314,7,20210911,10,31,17,12:30,3,0,H,0,0,D,18,2,4,1,13,15,8,2,2,1,0,1,3,0,3,3
2315,7,20210911,17,20,36,15:00,0,1,A,0,0,D,6,25,1,8,4,11,5,8,1,2,0,0,0,3,1,-1
2316,7,20210911,21,23,6,15:00,4,1,H,1,0,H,21,12,7,3,9,2,7,3,1,0,0,0,3,0,5,3
2317,7,20210911,27,34,10,15:00,0,0,D,0,0,D,11,13,3,3,10,12,5,4,3,1,0,1,1,1,0,0
2318,7,20210911,32,35,35,15:00,0,2,A,0,0,D,6,14,2,5,15,13,6,8,3,3,0,0,0,3,2,-2
2319,7,20210912,16,18,8,16:30,0,3,A,0,1,A,9,30,4,9,9,8,2,11,2,1,1,0,0,3,3,-3
2320,7,20210913,11,6,25,20:00,3,1,H,0,0,D,14,11,6,6,3,6,4,6,1,1,0,0,3,0,4,2
2321,7,20210917,23,16,27,20:00,1,1,D,1,1,D,17,22,7,9,9,11,4,5,2,2,0,0,1,1,2,0
2322,7,20210918,3,11,8,17:30,3,0,H,0,0,D,15,11,3,1,7,10,5,4,1,1,0,0,3,0,3,3
2323,7,20210918,6,2,6,15:00,0,1,A,0,1,A,18,13,3,3,9,8,8,3,2,1,0,0,0,3,1,-1
2324,7,20210918,18,10,3,15:00,3,0,H,1,0,H,25,13,10,2,17,11,10,5,3,1,0,0,3,0,3,3
2325,7,20210918,20,27,17,15:00,0,0,D,0,0,D,18,10,1,2,5,12,8,5,0,2,0,0,1,1,0,0
2326,7,20210918,24,32,38,15:00,1,3,A,1,1,D,12,12,5,8,10,14,4,8,1,1,0,0,0,3,4,-2
2327,7,20210918,35,4,11,12:30,0,2,A,0,2,A,11,9,0,3,10,7,4,2,4,2,0,1,0,3,2,-2
2328,7,20210919,5,17,42,14:00,2,1,H,1,0,H,12,14,5,3,8,10,4,9,2,1,0,0,3,0,3,1
2329,7,20210919,31,8,36,16:30,0,3,A,0,0,D,8,20,2,10,4,15,5,11,0,1,0,0,0,3,3,-3
2330,7,20210919,34,21,25,14:00,1,2,A,1,1,D,13,17,4,10,5,8,2,11,0,0,0,0,0,3,3,-1
2331,7,20210925,4,18,42,17:30,3,3,D,1,1,D,12,16,4,6,8,7,2,11,1,1,0,0,1,1,6,0
2332,7,20210925,8,20,30,12:30,0,1,A,0,0,D,5,15,0,4,12,10,4,13,3,2,0,0,0,3,1,-1
2333,7,20210925,11,24,10,15:00,2,0,H,1,0,H,11,10,4,2,12,9,6,4,2,3,0,0,3,0,2,2
2334,7,20210925,16,34,19,15:00,1,2,A,1,0,H,15,20,5,7,10,6,5,7,3,2,0,0,0,3,3,-1
2335,7,20210925,17,6,7,15:00,2,2,D,1,2,A,22,9,5,3,10,8,8,4,2,4,0,0,1,1,4,0
2336,7,20210925,21,3,27,12:30,0,1,A,0,0,D,28,7,4,3,9,13,5,5,2,2,0,0,0,3,1,-1
2337,7,20210925,32,23,16,15:00,1,1,D,0,1,A,15,20,4,6,19,12,5,6,4,3,0,0,1,1,2,0
2338,7,20210926,2,31,8,16:30,3,1,H,3,0,H,12,10,7,4,12,13,4,4,2,1,0,0,3,0,4,2
2339,7,20210926,27,35,3,14:00,0,1,A,0,0,D,18,5,6,3,12,8,5,5,0,0,0,0,0,3,1,-1
2340,7,20210927,10,5,4,20:00,1,1,D,1,0,H,8,8,3,4,12,10,6,5,2,3,0,0,1,1,2,0
2341,7,20211002,5,2,17,17:30,0,0,D,0,0,D,21,8,2,2,8,5,8,5,2,1,0,0,1,1,0,0
2342,7,20211002,6,24,19,15:00,0,0,D,0,0,D,14,10,4,2,13,3,9,5,5,2,0,0,1,1,0,0
2343,7,20211002,8,27,25,15:00,3,1,H,1,0,H,20,6,9,2,11,13,7,2,1,3,0,1,3,0,4,2
2344,7,20211002,16,32,44,15:00,1,0,H,1,0,H,20,5,4,1,10,16,6,3,0,3,0,0,3,0,1,1
2345,7,20211002,21,11,30,12:30,1,1,D,1,0,H,13,12,6,2,10,9,10,1,1,1,0,0,1,1,2,0
2346,7,20211002,35,23,14,15:00,2,1,H,1,1,D,7,8,3,2,15,5,0,4,0,2,0,0,3,0,3,1
2347,7,20211003,10,17,6,14:00,2,2,D,0,2,A,18,9,4,5,15,11,1,3,2,3,0,0,1,1,4,0
2348,7,20211003,18,20,36,16:30,2,2,D,0,0,D,6,12,4,3,10,12,3,4,3,3,0,0,1,1,4,0
2349,7,20211003,31,3,7,14:00,2,1,H,1,0,H,17,14,8,3,11,14,5,8,2,1,0,0,3,0,3,1
2350,7,20211003,34,4,35,14:00,1,2,A,0,1,A,18,13,5,6,16,13,11,6,2,3,0,0,0,3,3,-1
2351,7,20211016,3,35,30,15:00,2,3,A,0,0,D,14,9,5,4,8,17,6,7,2,3,0,0,0,3,5,-1
2352,7,20211016,4,8,6,17:30,0,1,A,0,1,A,17,5,7,1,13,8,5,5,1,1,0,0,0,3,1,-1
2353,7,20211016,17,21,8,15:00,4,2,H,1,1,D,22,18,11,6,5,17,4,3,0,3,0,0,3,0,6,2
2354,7,20211016,20,6,25,15:00,2,0,H,1,0,H,15,7,6,2,11,5,6,2,1,0,0,0,3,0,2,2
2355,7,20211016,24,5,35,15:00,0,0,D,0,0,D,15,11,3,3,5,14,8,4,3,5,0,0,1,1,0,0
2356,7,20211016,27,16,10,15:00,1,0,H,0,0,D,19,3,5,0,16,14,8,1,2,3,0,0,3,0,1,1
2357,7,20211016,32,18,17,12:30,0,5,A,0,2,A,6,19,2,8,4,10,1,9,0,0,0,0,0,3,5,-5
2358,7,20211017,11,34,42,14:00,0,1,A,0,0,D,15,16,2,4,3,3,7,9,0,2,0,0,0,3,1,-1
2359,7,20211017,23,31,4,16:30,2,3,A,1,3,A,7,14,1,4,13,4,2,9,4,1,1,0,0,3,5,-1
2360,7,20211018,2,10,27,20:00,2,2,D,1,0,H,17,9,6,6,7,4,6,4,1,1,0,0,1,1,4,0
2361,7,20211022,2,3,8,20:00,3,1,H,2,0,H,22,10,9,4,17,10,7,4,2,5,0,0,3,0,4,2
2362,7,20211023,5,20,19,17:30,1,4,A,0,3,A,10,23,5,14,10,6,7,6,2,3,0,0,0,3,5,-3
2363,7,20211023,8,24,3,12:30,7,0,H,3,0,H,23,3,13,1,14,16,5,0,0,2,0,1,3,0,7,7
2364,7,20211023,10,23,11,15:00,1,1,D,0,0,D,15,6,3,2,13,9,3,7,3,4,0,0,1,1,2,0
2365,7,20211023,11,32,14,15:00,2,5,A,1,1,D,15,20,4,8,9,13,3,5,4,3,0,0,0,3,7,-3
2366,7,20211023,16,35,38,15:00,1,1,D,0,1,A,18,8,4,4,15,14,6,3,2,3,0,0,1,1,2,0
2367,7,20211023,27,6,7,15:00,2,2,D,1,1,D,16,9,4,5,10,11,6,2,1,3,0,0,1,1,4,0
2368,7,20211024,4,17,44,14:00,1,2,A,0,1,A,15,10,5,6,13,7,9,2,1,1,0,0,0,3,3,-1
2369,7,20211024,21,18,6,16:30,0,5,A,0,4,A,12,19,4,8,10,8,6,3,6,0,1,0,0,3,5,-5
2370,7,20211024,34,31,36,14:00,1,0,H,0,0,D,13,7,4,4,11,4,2,4,2,1,0,0,3,0,1,1
2371,7,20211030,6,4,17,15:00,3,1,H,3,0,H,15,12,6,5,7,10,4,2,1,1,0,0,3,0,4,2
2372,7,20211030,17,2,30,12:30,0,2,A,0,2,A,16,9,8,5,8,11,7,6,2,0,0,0,0,3,2,-2
2373,7,20211030,18,5,27,15:00,2,2,D,2,1,H,14,9,3,6,8,5,5,3,2,2,0,0,1,1,4,0
2374,7,20211030,20,10,4,15:00,0,2,A,0,1,A,14,8,3,3,11,11,7,1,2,3,1,0,0,3,2,-2
2375,7,20211030,23,8,36,15:00,0,3,A,0,0,D,6,19,1,6,14,12,0,2,3,2,0,0,0,3,3,-3
2376,7,20211030,31,21,42,17:30,0,3,A,0,1,A,9,10,0,4,12,14,10,2,2,3,0,0,0,3,3,-3
2377,7,20211030,32,27,35,15:00,0,1,A,0,1,A,10,12,4,1,16,6,5,8,2,2,0,0,0,3,1,-1
2378,7,20211031,3,34,7,16:30,1,4,A,1,2,A,9,21,3,9,7,13,3,6,1,2,1,0,0,3,5,-3
2379,7,20211031,24,16,6,14:00,1,2,A,0,0,D,14,13,3,6,14,23,5,0,1,4,0,0,0,3,3,-1
2380,7,20211101,35,11,25,20:00,2,1,H,2,0,H,10,14,4,5,10,8,4,3,1,1,0,0,3,0,3,1
2381,7,20211105,27,3,3,20:00,1,0,H,1,0,H,9,14,3,3,12,12,10,8,2,2,0,0,3,0,1,1
2382,7,20211106,4,24,16,15:00,1,2,A,0,2,A,19,9,7,5,12,13,6,2,2,3,0,0,0,3,3,-1
2383,7,20211106,5,23,10,17:30,1,1,D,1,0,H,14,6,5,1,16,10,2,5,3,4,1,0,1,1,2,0
2384,7,20211106,8,6,4,15:00,1,1,D,1,0,H,25,5,4,2,6,9,14,2,1,4,0,0,1,1,2,0
2385,7,20211106,10,35,14,15:00,2,0,H,0,0,D,13,4,6,2,14,13,4,6,2,1,0,0,3,0,2,2
2386,7,20211106,21,20,30,12:30,0,2,A,0,2,A,5,16,1,5,9,12,1,9,1,2,0,0,0,3,2,-2
2387,7,20211107,2,32,19,14:00,1,0,H,0,0,D,14,7,6,1,6,19,4,2,4,2,0,1,3,0,1,1
2388,7,20211107,11,31,7,14:00,0,0,D,0,0,D,12,8,2,0,13,17,4,2,2,4,1,0,1,1,0,0
2389,7,20211107,16,17,11,14:00,1,1,D,1,1,D,18,9,5,3,12,5,10,5,1,1,0,0,1,1,2,0
2390,7,20211107,34,18,8,16:30,3,2,H,1,1,D,7,16,3,5,11,6,3,2,1,1,0,0,3,0,5,1
2391,7,20211120,3,5,6,15:00,2,0,H,0,0,D,9,6,5,2,7,13,5,7,3,3,0,0,3,0,2,2
2392,7,20211120,6,10,44,15:00,3,3,D,2,3,A,15,18,9,8,14,15,3,6,2,3,0,0,1,1,6,0
2393,7,20211120,17,8,36,12:30,0,3,A,0,2,A,4,16,3,7,15,8,3,5,3,1,0,0,0,3,3,-3
2394,7,20211120,18,2,30,17:30,4,0,H,1,0,H,19,5,9,3,15,12,6,1,2,0,0,0,3,0,4,4
2395,7,20211120,23,4,38,15:00,3,3,D,2,2,D,23,10,9,4,13,11,8,2,2,2,0,0,1,1,6,0
2396,7,20211120,24,27,25,15:00,2,1,H,1,1,D,8,17,4,5,8,9,5,7,3,2,0,0,3,0,3,1
2397,7,20211120,32,21,17,15:00,4,1,H,2,0,H,20,9,7,3,7,5,9,3,2,1,0,1,3,0,5,3
2398,7,20211120,35,34,27,15:00,1,0,H,0,0,D,15,8,5,3,6,9,7,3,1,1,0,0,3,0,1,1
2399,7,20211121,20,11,42,14:00,3,0,H,1,0,H,17,4,7,1,5,7,7,1,1,1,0,0,3,0,3,3
2400,7,20211121,31,16,4,16:30,2,1,H,0,1,A,13,18,4,7,11,12,4,8,1,4,0,0,3,0,3,1
2401,7,20211127,2,23,42,12:30,2,0,H,0,0,D,24,9,6,5,6,12,4,4,1,3,0,0,3,0,2,2
2402,7,20211127,5,16,8,17:30,0,0,D,0,0,D,20,11,4,4,12,14,6,1,1,3,0,0,1,1,0,0
2403,7,20211127,10,3,31,15:00,1,2,A,0,1,A,8,10,3,3,12,10,7,3,3,3,0,0,0,3,3,-1
2404,7,20211127,18,27,4,15:00,4,0,H,3,0,H,20,7,6,3,7,14,5,7,0,1,0,0,3,0,4,4
2405,7,20211127,24,35,44,15:00,0,0,D,0,0,D,14,5,4,2,11,10,4,3,2,2,0,0,1,1,0,0
2406,7,20211128,4,11,11,14:00,1,0,H,1,0,H,6,14,4,5,8,11,3,3,4,3,0,0,3,0,1,1
2407,7,20211128,8,21,6,16:30,1,1,D,0,0,D,24,3,6,2,13,14,15,2,2,5,0,0,1,1,2,0
2408,7,20211128,17,32,3,14:00,4,2,H,3,1,H,18,16,8,5,5,19,8,6,0,0,0,0,3,0,6,2
2409,7,20211128,20,34,30,14:00,2,1,H,1,0,H,19,5,9,3,7,6,8,4,2,0,0,0,3,0,3,1
2410,7,20211130,16,10,19,20:15,1,0,H,0,0,D,15,9,3,1,15,15,7,4,5,3,0,0,3,0,1,1
2411,7,20211130,23,24,3,19:30,1,1,D,0,0,D,9,16,1,6,8,11,2,5,0,0,0,1,1,1,2,0
2412,7,20211201,3,20,27,20:15,1,2,A,0,2,A,9,17,3,7,8,12,4,11,0,0,0,0,0,3,3,-1
2413,7,20211201,11,18,36,20:15,1,4,A,1,2,A,8,16,2,7,8,16,3,11,4,3,0,0,0,3,5,-3
2414,7,20211201,27,17,38,19:30,2,2,D,2,1,H,15,15,7,6,14,11,2,4,1,3,0,0,1,1,4,0
2415,7,20211201,32,8,10,19:30,1,2,A,1,1,D,13,8,6,4,18,16,6,0,4,3,0,0,0,3,3,-1
2416,7,20211201,34,5,7,19:30,1,1,D,1,0,H,14,9,6,3,10,8,9,5,1,1,0,0,1,1,2,0
2417,7,20211201,35,6,15,19:30,0,0,D,0,0,D,16,6,2,1,5,7,5,5,2,3,0,0,1,1,0,0
2418,7,20211202,21,2,25,20:15,3,2,H,1,1,D,14,17,10,8,9,10,3,8,1,0,0,0,3,0,5,1
2419,7,20211202,31,4,17,19:30,2,0,H,1,0,H,11,6,6,2,13,11,11,5,0,0,0,0,3,0,2,2
2420,7,20211204,23,6,36,15:00,1,0,H,1,0,H,19,10,4,1,11,9,10,3,1,1,0,0,3,0,1,1
2421,7,20211204,27,5,6,15:00,1,1,D,1,0,H,14,14,4,4,15,12,6,2,4,2,0,0,1,1,2,0
2422,7,20211204,32,20,44,17:30,1,3,A,0,2,A,11,26,4,13,10,7,5,11,3,0,0,0,0,3,4,-2
2423,7,20211204,34,8,4,12:30,3,2,H,1,2,A,11,19,5,7,10,10,1,9,1,3,0,0,3,0,5,1
2424,7,20211204,35,18,7,15:00,0,1,A,0,0,D,3,17,1,5,4,7,2,8,2,2,0,0,0,3,1,-1
2425,7,20211205,3,17,30,16:30,2,1,H,1,1,D,13,12,4,5,8,25,3,6,1,1,0,0,3,0,3,1
2426,7,20211205,16,4,10,14:00,2,2,D,1,0,H,13,9,6,3,11,9,5,1,5,3,0,0,1,1,4,0
2427,7,20211205,21,10,8,14:00,1,0,H,0,0,D,16,8,3,2,16,9,9,6,2,2,0,0,3,0,1,1
2428,7,20211205,31,24,16,14:00,3,0,H,1,0,H,17,10,7,1,11,4,6,4,1,2,0,0,3,0,3,3
2429,7,20211206,11,2,27,20:00,2,1,H,0,1,A,11,10,5,3,8,12,3,3,2,2,0,0,3,0,3,1
2430,7,20211210,4,32,30,20:00,2,1,H,0,1,A,14,6,5,2,12,18,8,2,4,0,0,0,3,0,3,1
2431,7,20211211,2,27,16,15:00,3,0,H,2,0,H,15,11,5,6,5,9,9,8,2,0,0,0,3,0,3,3
2432,7,20211211,8,16,7,15:00,3,2,H,1,1,D,16,12,6,5,9,15,5,2,2,5,0,0,3,0,5,1
2433,7,20211211,18,3,42,15:00,1,0,H,0,0,D,20,4,5,0,13,6,11,3,1,2,0,0,3,0,1,1
2434,7,20211211,20,35,17,12:30,1,0,H,0,0,D,24,2,10,1,12,5,14,1,3,2,0,1,3,0,1,1
2435,7,20211211,24,21,11,17:30,0,1,A,0,0,D,11,13,5,5,6,17,8,6,1,1,0,0,0,3,1,-1
2436,7,20211212,6,34,14,14:00,0,0,D,0,0,D,9,16,1,3,13,11,6,4,2,1,0,0,1,1,0,0
2437,7,20211212,10,11,3,16:30,3,1,H,1,0,H,17,12,6,6,15,14,8,2,0,2,0,0,3,0,4,2
2438,7,20211212,17,23,35,14:00,4,0,H,1,0,H,8,12,5,3,9,16,4,6,2,3,0,0,3,0,4,4
2439,7,20211214,20,16,36,20:00,7,0,H,3,0,H,31,6,15,3,5,9,6,2,1,1,0,0,3,0,7,7
2440,7,20211214,24,3,10,19:45,0,2,A,0,1,A,7,17,3,6,12,9,7,10,3,1,0,0,0,3,2,-2
2441,7,20211215,2,34,6,20:00,2,0,H,0,0,D,21,7,8,1,8,9,5,2,2,0,0,1,3,0,2,2
2442,7,20211215,5,35,48,19:30,0,1,A,0,1,A,12,8,2,5,11,14,7,4,2,0,0,0,0,3,1,-1
2443,7,20211215,10,27,44,19:30,2,2,D,1,2,A,9,15,6,4,16,20,4,6,2,4,0,0,1,1,4,0
2444,7,20211216,8,11,30,19:45,1,1,D,0,0,D,23,5,10,3,11,11,7,1,2,3,0,0,1,1,2,0
2445,7,20211216,18,23,27,20:00,3,1,H,2,1,H,23,4,8,2,9,4,11,0,1,3,0,0,3,0,4,2
2446,7,20211218,16,2,4,17:30,1,4,A,0,3,A,9,21,2,12,11,7,1,4,3,1,0,0,0,3,5,-3
2447,7,20211219,23,20,25,14:00,0,4,A,0,2,A,5,18,1,7,9,6,3,6,1,2,0,0,0,3,4,-4
2448,7,20211219,31,18,36,16:30,2,2,D,1,1,D,10,18,5,6,12,11,6,4,4,4,0,1,1,1,4,0
2449,7,20211219,35,8,10,14:00,0,0,D,0,0,D,4,8,1,1,9,7,4,9,0,2,0,0,1,1,0,0
2450,7,20211226,3,8,25,17:30,1,3,A,1,1,D,8,10,1,4,8,11,2,5,3,1,0,0,0,3,4,-2
2451,7,20211226,5,4,11,20:00,2,0,H,2,0,H,15,16,5,6,8,10,6,9,1,3,0,0,3,0,2,2
2452,7,20211226,20,17,7,15:00,6,3,H,4,0,H,17,14,9,8,11,9,14,4,1,2,0,0,3,0,9,3
2453,7,20211226,24,2,14,15:00,0,5,A,0,2,A,4,16,2,6,13,7,3,5,1,2,0,0,0,3,5,-5
2454,7,20211226,31,10,17,15:00,3,0,H,2,0,H,17,4,6,0,16,10,4,2,1,1,0,1,3,0,3,3
2455,7,20211226,34,27,19,15:00,2,3,A,0,1,A,11,11,5,6,10,9,10,2,2,3,0,0,0,3,5,-1
2456,7,20211227,23,21,8,20:00,1,1,D,1,0,H,13,13,8,4,11,8,2,4,3,3,0,0,1,1,2,0
2457,7,20211228,10,24,36,15:00,3,0,H,3,0,H,19,12,6,3,9,13,8,8,1,2,0,0,3,0,3,3
2458,7,20211228,17,18,30,20:00,1,0,H,0,0,D,6,21,1,4,8,11,1,12,0,1,0,0,3,0,1,1
2459,7,20211228,27,31,6,15:00,1,1,D,1,1,D,9,21,2,11,15,5,3,7,2,2,1,0,1,1,2,0
2460,7,20211228,32,34,11,15:00,1,4,A,1,2,A,14,13,5,6,12,12,4,5,0,1,0,0,0,3,5,-3
2461,7,20211229,4,20,10,20:15,0,1,A,0,1,A,6,12,2,3,12,10,3,5,0,0,0,0,0,3,1,-1
2462,7,20211229,8,5,27,19:30,1,1,D,1,0,H,11,18,5,6,14,7,10,8,4,1,0,0,1,1,2,0
2463,7,20211230,21,6,17,20:15,3,1,H,3,1,H,18,10,6,3,5,10,7,5,0,0,0,0,3,0,4,2
2464,7,20220101,2,20,42,12:30,1,2,A,1,0,H,7,15,2,2,13,5,5,5,3,2,1,0,0,3,3,-1
2465,7,20220101,10,34,11,17:30,2,3,A,0,3,A,22,10,6,5,6,16,9,1,0,2,0,0,0,3,5,-1
2466,7,20220101,32,31,38,15:00,0,1,A,0,0,D,6,21,4,9,6,9,3,7,0,1,0,0,0,3,1,-1
2467,7,20220102,4,3,8,14:00,2,1,H,1,1,D,10,16,4,5,17,11,3,7,2,2,0,0,3,0,3,1
2468,7,20220102,8,18,6,16:30,2,2,D,2,2,D,15,10,6,6,5,13,6,7,1,2,0,0,1,1,4,0
2469,7,20220102,11,5,15,14:00,2,3,A,0,2,A,17,12,6,5,5,12,8,5,1,1,0,0,0,3,5,-1
2470,7,20220102,16,6,36,14:00,3,1,H,1,0,H,22,8,7,2,11,7,9,3,2,1,0,0,3,0,4,2
2471,7,20220103,21,35,27,17:30,0,1,A,0,0,D,9,19,2,6,9,8,3,8,3,1,0,0,0,3,1,-1
2472,7,20220111,27,4,42,19:45,4,1,H,2,1,H,12,5,6,4,9,8,5,2,0,1,0,0,3,0,5,3
2473,7,20220112,34,24,44,19:45,2,0,H,1,0,H,13,7,5,3,9,8,11,2,0,0,0,0,3,0,2,2
2474,7,20220114,5,10,38,20:00,1,1,D,0,0,D,19,3,4,1,11,7,9,0,0,2,0,0,1,1,2,0
2475,7,20220115,3,21,10,17:30,2,2,D,0,1,A,13,13,9,6,8,13,3,6,1,2,0,0,1,1,4,0
2476,7,20220115,20,8,8,12:30,1,0,H,0,0,D,11,4,6,1,11,6,9,1,0,2,0,0,3,0,1,1
2477,7,20220115,23,32,36,15:00,1,1,D,0,0,D,12,18,1,5,13,13,4,6,3,2,0,0,1,1,2,0
2478,7,20220115,24,11,3,15:00,2,1,H,2,0,H,14,12,3,5,12,14,8,8,3,1,0,0,3,0,3,1
2479,7,20220115,35,27,31,15:00,3,1,H,1,0,H,9,13,5,10,13,14,2,10,2,3,0,0,3,0,4,2
2480,7,20220116,18,4,17,14:00,3,0,H,1,0,H,27,6,13,1,6,6,9,0,0,1,0,0,3,0,3,3
2481,7,20220116,34,16,27,14:00,2,3,A,1,2,A,15,18,5,5,6,9,4,3,3,2,0,0,0,3,5,-1
2482,7,20220118,5,8,19,20:00,1,1,D,0,1,A,10,15,2,3,8,5,5,7,1,2,0,0,1,1,2,0
2483,7,20220119,4,21,4,20:00,1,3,A,0,0,D,18,13,8,5,7,9,6,9,0,0,0,0,0,3,4,-2
2484,7,20220119,17,31,17,19:30,2,3,A,1,1,D,14,27,4,10,6,12,3,8,1,2,0,0,0,3,5,-1
2485,7,20220121,32,24,27,20:00,0,3,A,0,0,D,15,7,4,2,16,11,5,1,0,1,1,0,0,3,3,-3
2486,7,20220122,4,35,35,15:00,1,2,A,0,0,D,11,7,1,2,6,7,6,3,2,3,0,0,0,3,3,-1
2487,7,20220122,11,3,8,12:30,0,1,A,0,1,A,15,8,1,3,14,16,9,2,5,3,0,0,0,3,1,-1
2488,7,20220122,16,23,7,15:00,0,1,A,0,0,D,13,15,4,3,9,9,6,7,4,2,0,0,0,3,1,-1
2489,7,20220122,21,34,17,15:00,1,0,H,0,0,D,18,6,3,1,9,8,3,3,1,1,0,0,3,0,1,1
2490,7,20220122,27,20,44,17:30,1,1,D,1,0,H,7,20,3,5,13,5,2,11,3,0,0,0,1,1,2,0
2491,7,20220123,2,6,10,14:00,0,0,D,0,0,D,20,10,5,1,9,13,12,4,0,2,0,0,1,1,0,0
2492,7,20220123,8,31,36,16:30,2,0,H,0,0,D,15,6,7,3,17,14,10,3,2,1,0,0,3,0,2,2
2493,7,20220123,10,18,19,14:00,1,3,A,0,2,A,8,15,5,7,12,10,2,5,4,1,0,0,0,3,4,-2
2494,7,20220123,17,5,25,14:00,1,1,D,0,0,D,15,14,5,5,6,8,4,5,0,1,0,0,1,1,2,0
2495,7,20220205,6,32,8,18:00,0,0,D,0,0,D,13,11,2,5,16,9,4,7,1,2,0,0,1,1,0,0
2496,7,20220208,6,21,27,20:00,1,1,D,0,1,A,9,22,3,5,11,10,2,10,2,1,0,0,1,1,2,0
2497,7,20220208,23,11,6,19:45,3,1,H,1,1,D,20,11,9,3,13,13,6,2,2,3,0,0,3,0,4,2
2498,7,20220208,34,32,25,19:45,1,0,H,0,0,D,9,6,3,1,1,6,5,6,1,0,0,0,3,0,1,1
2499,7,20220209,3,16,16,20:00,3,3,D,3,2,H,12,16,4,8,11,9,6,11,1,3,1,0,1,1,6,0
2500,7,20220209,20,4,11,19:45,2,0,H,1,0,H,15,6,7,2,7,13,9,3,0,0,0,0,3,0,2,2
2501,7,20220209,24,10,36,19:45,1,1,D,1,0,H,5,13,1,5,11,15,4,6,1,2,0,0,1,1,2,0
2502,7,20220209,31,27,10,19:45,2,3,A,1,1,D,8,23,3,10,7,13,2,8,2,3,0,0,0,3,5,-1
2503,7,20220210,18,17,7,19:45,2,0,H,1,0,H,22,5,11,1,11,7,7,6,1,0,0,0,3,0,2,2
2504,7,20220210,35,2,30,19:45,0,1,A,0,1,A,15,12,4,2,12,13,7,4,2,3,0,1,0,3,1,-1
2505,7,20220212,4,10,44,15:00,0,0,D,0,0,D,9,6,2,3,10,10,3,9,1,0,0,0,1,1,0,0
2506,7,20220212,11,16,14,15:00,3,0,H,2,0,H,21,7,10,0,8,9,5,3,1,1,0,0,3,0,3,3
2507,7,20220212,21,27,42,12:30,1,1,D,1,0,H,12,13,8,4,12,13,1,4,4,0,0,0,1,1,2,0
2508,7,20220212,24,20,4,17:30,0,4,A,0,1,A,8,22,3,9,7,8,4,12,0,2,0,0,0,3,4,-4
2509,7,20220212,32,5,17,15:00,0,2,A,0,1,A,9,11,1,6,16,9,4,5,3,2,0,0,0,3,2,-2
2510,7,20220213,6,18,25,14:00,0,1,A,0,1,A,8,12,5,4,7,6,5,8,0,1,0,0,0,3,1,-1
2511,7,20220213,17,34,30,16:30,2,2,D,1,1,D,13,8,2,3,10,9,5,4,1,2,0,0,1,1,4,0
2512,7,20220213,23,3,8,14:00,1,0,H,1,0,H,10,11,2,1,22,15,3,6,3,4,0,0,3,0,1,1
2513,7,20220213,31,35,19,14:00,0,2,A,0,2,A,17,11,7,7,13,13,7,3,3,1,0,0,0,3,2,-2
2514,7,20220215,21,5,35,20:15,2,0,H,0,0,D,19,10,7,3,8,10,10,2,3,1,0,1,3,0,2,2
2515,7,20220219,2,4,17,15:00,2,1,H,0,0,D,24,6,8,2,10,5,14,0,1,1,0,0,3,0,3,1
2516,7,20220219,3,32,38,15:00,0,1,A,0,0,D,20,8,1,4,12,7,10,5,1,2,0,0,0,3,1,-1
2517,7,20220219,5,6,19,15:00,0,3,A,0,2,A,11,10,1,4,12,12,4,4,1,4,0,0,0,3,3,-3
2518,7,20220219,10,8,10,15:00,0,1,A,0,0,D,7,9,0,3,4,20,4,4,1,3,0,0,0,3,1,-1
2519,7,20220219,18,24,27,15:00,3,1,H,0,0,D,29,6,8,1,7,8,9,4,0,1,0,0,3,0,4,2
2520,7,20220219,20,31,6,17:30,2,3,A,1,1,D,21,6,4,5,5,7,10,0,0,3,0,0,0,3,5,-1
2521,7,20220219,27,11,3,15:00,2,0,H,0,0,D,19,9,11,0,6,9,4,4,0,2,0,0,3,0,2,2
2522,7,20220219,34,23,7,12:30,1,1,D,1,1,D,11,14,3,3,3,7,3,7,3,3,0,0,1,1,2,0
2523,7,20220220,16,21,36,14:00,2,4,A,0,2,A,16,15,6,9,13,19,3,3,6,3,0,0,0,3,6,-2
2524,7,20220220,35,17,8,16:30,2,1,H,1,1,D,11,17,3,7,12,9,7,10,4,4,0,0,3,0,3,1
2525,7,20220223,6,31,14,19:30,1,0,H,0,0,D,15,12,4,2,8,8,3,7,0,0,0,0,3,0,1,1
2526,7,20220223,18,16,30,19:45,6,0,H,3,0,H,23,3,15,2,5,11,4,0,0,3,0,0,3,0,6,6
2527,7,20220223,32,10,4,19:30,1,4,A,1,2,A,8,7,1,5,12,9,6,4,2,1,0,0,0,3,5,-3
2528,7,20220224,2,35,25,19:45,2,1,H,0,1,A,26,6,5,2,8,9,5,4,1,1,0,0,3,0,3,1
2529,7,20220225,27,24,44,20:00,2,0,H,1,0,H,27,8,9,1,12,9,13,6,1,2,0,0,3,0,2,2
2530,7,20220226,4,23,27,15:00,0,2,A,0,2,A,6,26,1,11,9,7,6,6,3,1,1,0,0,3,2,-2
2531,7,20220226,5,3,15,15:30,0,2,A,0,1,A,12,9,1,4,17,11,7,2,4,5,0,0,0,3,2,-2
2532,7,20220226,10,6,17,15:00,1,1,D,1,0,H,11,5,4,1,5,17,5,4,0,2,0,0,1,1,2,0
2533,7,20220226,11,20,36,17:30,0,1,A,0,0,D,6,13,2,8,7,14,3,4,3,2,0,0,0,3,1,-1
2534,7,20220226,16,31,8,12:30,0,4,A,0,3,A,19,15,3,11,16,11,3,6,4,2,0,0,0,3,4,-4
2535,7,20220226,21,32,19,15:00,0,0,D,0,0,D,22,10,3,2,2,7,4,3,0,0,0,0,1,1,0,0
2536,7,20220227,34,35,6,14:00,1,0,H,0,0,D,13,14,4,1,8,2,3,5,1,0,0,0,3,0,1,1
2537,7,20220301,6,17,7,19:45,0,2,A,0,0,D,9,22,2,6,10,13,6,8,1,1,0,0,0,3,2,-2
2538,7,20220305,3,27,35,15:00,4,0,H,2,0,H,14,11,9,1,10,8,4,7,1,1,0,0,3,0,4,4
2539,7,20220305,6,8,4,15:00,0,4,A,0,0,D,6,11,1,5,12,7,5,2,2,0,0,0,0,3,4,-4
2540,7,20220305,17,16,10,12:30,1,0,H,0,0,D,7,19,4,4,9,12,5,10,1,2,0,0,3,0,1,1
2541,7,20220305,18,34,17,17:30,1,0,H,1,0,H,22,13,5,5,7,7,4,6,2,1,0,0,3,0,1,1
2542,7,20220305,23,5,25,15:00,2,1,H,2,0,H,10,15,4,4,8,10,4,7,1,1,0,0,3,0,3,1
2543,7,20220305,24,4,6,15:00,1,3,A,0,1,A,15,10,7,6,13,18,5,5,2,5,0,0,0,3,4,-2
2544,7,20220305,35,10,3,15:00,0,2,A,0,2,A,12,12,5,8,13,8,7,7,0,3,0,0,0,3,2,-2
2545,7,20220306,20,21,30,16:30,4,1,H,2,1,H,24,5,10,2,10,14,9,3,0,1,0,0,3,0,5,3
2546,7,20220306,32,2,8,14:00,2,3,A,1,2,A,13,16,7,4,5,11,1,5,1,2,0,0,0,3,5,-1
2547,7,20220307,31,11,42,20:00,5,0,H,3,0,H,14,6,7,0,15,10,5,2,2,0,0,0,3,0,5,5
2548,7,20220310,16,3,44,19:45,0,3,A,0,1,A,4,15,1,9,17,11,3,5,5,3,0,0,0,3,3,-3
2549,7,20220310,24,8,25,19:30,1,3,A,0,2,A,9,15,3,7,8,15,3,8,0,2,0,0,0,3,4,-2
2550,7,20220310,27,23,19,19:30,1,2,A,1,1,D,14,8,5,4,6,7,12,5,1,1,0,0,0,3,3,-1
2551,7,20220310,35,32,11,19:30,4,0,H,3,0,H,10,9,5,0,11,10,5,2,2,2,0,0,3,0,4,4
2552,7,20220312,4,6,36,15:00,2,0,H,0,0,D,13,7,4,1,6,10,2,9,1,1,0,1,3,0,2,2
2553,7,20220312,5,18,27,12:30,0,2,A,0,1,A,8,18,3,9,12,15,7,6,3,1,0,0,0,3,2,-2
2554,7,20220312,21,31,17,17:30,3,2,H,2,1,H,10,10,6,3,8,7,4,5,2,1,0,0,3,0,5,1
2555,7,20220313,2,17,6,16:30,2,0,H,1,0,H,21,6,8,3,8,10,2,6,0,3,0,0,3,0,2,2
2556,7,20220313,8,23,10,14:00,1,0,H,0,0,D,8,7,3,2,17,16,7,2,4,3,0,0,3,0,1,1
2557,7,20220313,11,35,30,14:00,0,1,A,0,0,D,8,14,2,3,13,11,5,2,2,1,1,0,0,3,1,-1
2558,7,20220313,16,24,42,14:00,2,1,H,1,0,H,13,12,7,4,18,8,6,2,3,1,0,0,3,0,3,1
2559,7,20220313,27,32,14,14:00,1,2,A,1,2,A,13,9,7,5,8,12,11,3,3,2,0,0,0,3,3,-1
2560,7,20220313,34,3,16,14:00,2,1,H,0,0,D,11,13,4,7,9,3,5,7,1,0,0,0,3,0,3,1
2561,7,20220314,10,20,25,20:00,0,0,D,0,0,D,7,18,1,4,6,11,2,6,3,1,0,0,1,1,0,0
2562,7,20220316,2,18,4,20:15,0,2,A,0,0,D,9,9,2,3,9,9,1,6,0,1,0,0,0,3,2,-2
2563,7,20220316,5,31,38,19:30,0,2,A,0,1,A,15,17,0,7,11,9,6,3,2,2,0,0,0,3,2,-2
2564,7,20220317,11,23,8,19:45,1,0,H,0,0,D,9,17,3,6,13,11,5,7,2,1,1,0,3,0,1,1
2565,7,20220318,35,16,19,20:00,2,3,A,2,0,H,14,15,8,6,13,14,2,5,1,4,1,0,0,3,5,-1
2566,7,20220319,3,2,3,12:30,0,1,A,0,1,A,8,10,1,3,13,14,6,5,3,3,0,0,0,3,1,-1
2567,7,20220320,17,4,11,14:00,2,1,H,2,0,H,12,15,4,6,10,10,2,5,1,2,0,0,3,0,3,1
2568,7,20220320,31,34,6,16:30,3,1,H,2,1,H,17,6,4,1,7,7,5,3,0,1,0,0,3,0,4,2
2569,7,20220402,5,24,44,15:00,0,0,D,0,0,D,31,6,4,0,12,11,11,2,1,1,0,0,1,1,0,0
2570,7,20220402,6,20,8,15:00,0,2,A,0,2,A,3,18,1,6,11,6,1,8,1,0,0,0,0,3,2,-2
2571,7,20220402,8,4,3,15:00,1,4,A,0,0,D,21,17,8,6,11,7,12,7,0,0,0,0,0,3,5,-3
2572,7,20220402,16,27,6,15:00,1,1,D,1,0,H,12,14,3,6,14,7,4,7,1,1,0,0,1,1,2,0
2573,7,20220402,18,32,42,12:30,2,0,H,1,0,H,20,5,3,2,9,8,9,3,1,1,0,0,3,0,2,2
2574,7,20220402,21,17,4,17:30,1,1,D,0,0,D,11,11,5,3,13,6,6,5,2,2,0,0,1,1,2,0
2575,7,20220402,35,3,11,15:00,2,1,H,2,0,H,11,15,5,5,15,8,4,9,4,3,0,0,3,0,3,1
2576,7,20220403,31,23,25,16:30,5,1,H,1,1,D,19,8,6,1,10,7,2,3,2,3,0,0,3,0,6,4
2577,7,20220403,34,11,30,14:00,2,1,H,1,0,H,11,13,5,2,9,12,2,4,1,1,0,1,3,0,3,1
2578,7,20220404,10,2,36,20:00,3,0,H,2,0,H,6,12,5,3,11,15,0,2,0,2,0,0,3,0,3,3
2579,7,20220406,6,11,27,19:30,3,2,H,1,2,A,13,16,4,4,11,16,9,6,2,2,0,0,3,0,5,1
2580,7,20220408,23,35,35,20:00,1,0,H,0,0,D,12,5,4,2,6,13,1,2,1,1,0,0,3,0,1,1
2581,7,20220409,2,5,10,15:00,1,2,A,0,1,A,20,8,4,3,12,19,11,2,3,4,0,0,0,3,3,-1
2582,7,20220409,3,31,14,17:30,0,4,A,0,1,A,9,11,8,5,12,14,9,3,2,3,0,0,0,3,4,-4
2583,7,20220409,11,21,17,12:30,1,0,H,1,0,H,7,12,3,4,4,10,5,7,2,2,0,0,3,0,1,1
2584,7,20220409,27,8,19,15:00,0,6,A,0,4,A,4,24,1,14,11,10,3,3,1,0,0,0,0,3,6,-6
2585,7,20220409,32,16,4,15:00,0,3,A,0,1,A,8,10,1,5,8,12,3,8,2,0,0,0,0,3,3,-3
2586,7,20220410,4,34,25,14:00,2,0,H,0,0,D,15,5,7,1,2,6,4,6,0,1,0,0,3,0,2,2
2587,7,20220410,17,10,38,14:00,2,1,H,2,0,H,12,11,3,3,11,12,3,4,1,1,0,0,3,0,3,1
2588,7,20220410,20,18,6,16:30,2,2,D,2,1,H,11,6,5,4,9,11,4,1,1,4,0,0,1,1,4,0
2589,7,20220410,24,6,30,14:00,2,0,H,1,0,H,17,18,6,4,12,10,6,7,1,1,0,0,3,0,2,2
2590,7,20220416,21,24,3,15:00,3,2,H,2,1,H,20,15,9,4,7,6,6,7,0,0,0,0,3,0,5,1
2591,7,20220416,27,2,35,15:00,1,0,H,1,0,H,9,23,3,6,6,6,6,8,2,1,0,0,3,0,1,1
2592,7,20220416,31,5,8,12:30,0,1,A,0,0,D,5,12,0,5,14,10,4,4,3,3,0,0,0,3,1,-1
2593,7,20220416,32,4,44,15:00,1,2,A,0,1,A,17,16,4,5,11,9,6,5,2,1,0,0,0,3,3,-1
2594,7,20220417,23,17,16,14:15,2,1,H,1,1,D,16,8,7,2,10,10,3,5,2,2,0,0,3,0,3,1
2595,7,20220417,34,6,36,14:15,1,1,D,0,1,A,21,9,8,1,9,10,13,4,2,2,0,0,1,1,2,0
2596,7,20220419,18,21,25,20:00,4,0,H,2,0,H,14,2,5,1,3,6,10,2,1,2,0,0,3,0,4,4
2597,7,20220420,8,2,17,19:45,2,4,A,2,2,D,11,14,2,4,7,6,6,1,3,1,0,0,0,3,6,-2
2598,7,20220420,11,17,10,19:45,1,1,D,0,1,A,13,11,3,3,8,17,5,4,3,1,0,0,1,1,2,0
2599,7,20220420,20,5,27,20:00,3,0,H,0,0,D,17,2,5,1,12,7,7,4,0,3,0,0,3,0,3,3
2600,7,20220420,23,10,48,19:45,1,0,H,1,0,H,13,10,4,2,12,12,2,5,1,1,0,0,3,0,1,1
2601,7,20220421,6,27,42,19:45,2,0,H,2,0,H,16,11,6,3,7,7,10,10,2,2,0,0,3,0,2,2
2602,7,20220423,2,21,8,12:30,3,1,H,2,1,H,14,14,7,5,9,12,1,7,3,4,0,0,3,0,4,2
2603,7,20220423,4,31,25,17:30,0,0,D,0,0,D,15,9,2,0,8,7,12,8,2,1,0,0,1,1,0,0
2604,7,20220423,17,3,3,15:00,0,0,D,0,0,D,5,11,2,3,15,16,7,6,3,2,0,0,1,1,0,0
2605,7,20220423,20,32,19,15:00,5,1,H,3,1,H,21,5,8,2,9,7,11,4,1,0,0,0,3,0,6,4
2606,7,20220423,24,23,7,15:00,0,3,A,0,2,A,5,13,2,7,11,10,2,3,0,2,0,0,0,3,3,-3
2607,7,20220424,5,27,38,14:00,2,2,D,2,1,H,8,18,5,5,12,7,6,6,1,0,0,0,1,1,4,0
2608,7,20220424,6,35,6,14:00,1,0,H,0,0,D,14,10,5,4,8,7,3,6,3,1,0,0,3,0,1,1
2609,7,20220424,8,34,30,14:00,1,0,H,0,0,D,26,6,5,2,11,9,3,1,1,0,0,1,3,0,1,1
2610,7,20220424,18,11,42,16:30,2,0,H,0,0,D,18,9,4,1,8,8,13,1,2,5,0,0,3,0,2,2
2611,7,20220425,10,16,11,20:00,0,0,D,0,0,D,17,9,7,2,12,13,6,3,2,2,0,0,1,1,0,0
2612,7,20220428,21,8,27,19:45,1,1,D,0,0,D,6,21,3,6,9,12,2,9,0,1,0,0,1,1,2,0
2613,7,20220430,3,24,15,15:00,2,0,H,1,0,H,21,9,6,3,16,8,2,3,4,1,0,0,3,0,2,2
2614,7,20220430,16,20,36,17:30,0,4,A,0,1,A,7,19,2,6,13,3,3,6,1,2,0,0,0,3,4,-4
2615,7,20220430,23,18,4,12:30,0,1,A,0,1,A,4,24,2,10,11,11,0,6,1,3,0,0,0,3,1,-1
2616,7,20220430,27,10,16,15:00,1,2,A,1,0,H,8,14,3,5,13,11,6,7,1,3,0,0,0,3,3,-1
2617,7,20220430,32,6,8,15:00,1,2,A,1,0,H,13,17,1,6,13,9,5,6,1,2,0,0,0,3,3,-1
2618,7,20220430,35,5,44,15:00,0,3,A,0,1,A,11,17,1,9,6,4,7,3,2,1,0,0,0,3,3,-3
2619,7,20220501,11,8,19,14:00,1,0,H,0,0,D,9,17,4,5,9,12,3,8,3,5,0,0,3,0,1,1
2620,7,20220501,31,17,17,14:00,3,1,H,1,0,H,13,6,7,2,13,8,7,3,2,3,0,0,3,0,4,2
2621,7,20220501,34,2,27,16:30,1,2,A,1,1,D,8,13,3,7,8,9,3,7,2,2,0,0,0,3,3,-1
2622,7,20220502,21,4,7,20:00,3,0,H,1,0,H,9,12,5,4,4,6,3,8,1,0,0,0,3,0,3,3
2623,7,20220507,4,27,31,15:00,3,0,H,2,0,H,18,19,5,4,12,9,4,7,0,1,0,0,3,0,3,3
2624,7,20220507,5,21,3,17:30,4,0,H,1,0,H,17,15,6,5,13,9,7,6,0,2,0,0,3,0,4,4
2625,7,20220507,6,3,10,15:00,1,3,A,0,2,A,14,12,6,7,13,11,4,5,1,2,0,0,0,3,4,-2
2626,7,20220507,8,35,35,15:00,2,2,D,0,0,D,19,14,6,4,7,11,9,3,1,3,0,0,1,1,4,0
2627,7,20220507,10,32,14,15:00,1,0,H,1,0,H,15,6,7,1,11,18,8,5,2,1,0,1,3,0,1,1
2628,7,20220507,18,31,30,19:45,1,1,D,0,0,D,22,8,3,3,12,8,11,5,3,2,0,0,1,1,2,0
2629,7,20220508,2,16,7,14:00,2,1,H,2,0,H,19,3,9,2,13,15,8,2,2,2,0,1,3,0,3,1
2630,7,20220508,17,11,8,14:00,1,2,A,1,2,A,16,10,9,4,11,6,6,1,3,0,0,0,0,3,3,-1
2631,7,20220508,20,23,42,16:30,5,0,H,2,0,H,21,7,9,3,6,11,8,2,1,3,0,0,3,0,5,5
2632,7,20220508,24,34,38,14:00,0,4,A,0,3,A,8,13,2,5,7,7,9,5,1,1,0,0,0,3,4,-4
2633,7,20220510,3,18,17,20:00,1,2,A,1,1,D,9,17,4,6,10,12,2,3,0,0,0,0,0,3,3,-1
2634,7,20220511,16,8,6,19:30,0,3,A,0,1,A,5,17,0,4,10,14,1,5,1,0,1,0,0,3,3,-3
2635,7,20220511,17,24,44,19:45,3,0,H,0,0,D,20,9,8,5,10,5,10,2,0,0,0,0,3,0,3,3
2636,7,20220511,32,11,27,19:45,0,0,D,0,0,D,6,16,0,5,5,12,1,13,1,2,0,0,1,1,0,0
2637,7,20220511,35,20,25,20:15,1,5,A,1,3,A,7,16,3,5,2,10,6,2,0,1,0,0,0,3,6,-4
2638,7,20220512,31,2,36,19:45,3,0,H,2,0,H,16,8,6,4,8,15,2,2,1,3,0,1,3,0,3,3
2639,7,20220515,3,10,7,14:00,1,1,D,0,0,D,13,16,4,4,11,15,1,5,1,3,0,0,1,1,2,0
2640,7,20220515,11,4,30,16:30,2,3,A,2,1,H,10,18,5,7,8,8,5,2,0,3,2,0,0,3,5,-1
2641,7,20220515,16,5,27,14:00,1,1,D,0,1,A,19,16,5,6,16,8,8,1,3,2,0,0,1,1,2,0
2642,7,20220515,31,6,19,12:00,1,0,H,1,0,H,21,8,8,1,12,8,8,2,3,2,0,0,3,0,1,1
2643,7,20220515,32,17,16,14:00,1,5,A,1,2,A,13,13,5,7,4,6,7,3,0,1,0,0,0,3,6,-4
2644,7,20220515,34,20,6,14:00,2,2,D,2,0,H,6,31,2,8,9,5,4,9,3,1,0,0,1,1,4,0
2645,7,20220515,35,24,48,14:00,1,1,D,0,1,A,17,11,4,2,5,10,5,3,0,3,0,0,1,1,2,0
2646,7,20220516,23,2,11,20:00,2,0,H,0,0,D,16,11,4,2,11,8,12,8,0,3,0,0,3,0,2,2
2647,7,20220517,27,18,25,19:45,1,2,A,1,1,D,4,24,2,5,6,6,1,9,2,0,0,0,0,3,3,-1
2648,7,20220519,3,6,36,20:00,1,1,D,0,1,A,22,10,9,5,11,20,13,6,0,1,0,1,1,1,2,0
2649,7,20220519,8,17,42,20:00,1,1,D,1,1,D,20,2,7,1,13,7,6,0,4,1,0,0,1,1,2,0
2650,7,20220519,11,10,6,19:45,3,2,H,0,2,A,12,7,6,5,9,13,4,5,2,3,0,0,3,0,5,1
2651,7,20220522,2,11,4,16:00,5,1,H,2,1,H,26,6,9,2,8,9,12,2,0,1,0,0,3,0,6,4
2652,7,20220522,4,16,36,16:00,1,2,A,0,0,D,14,14,5,6,11,13,3,2,2,1,1,0,0,3,3,-1
2653,7,20220522,5,34,19,16:00,3,1,H,0,1,A,18,7,7,2,9,9,5,6,1,1,0,0,3,0,4,2
2654,7,20220522,6,23,8,16:00,1,2,A,0,1,A,12,8,5,6,8,9,8,2,1,0,0,0,0,3,3,-1
2655,7,20220522,8,32,27,16:00,2,1,H,1,0,H,19,8,8,3,9,9,3,3,0,0,0,0,3,0,3,1
2656,7,20220522,10,21,25,16:00,1,0,H,1,0,H,6,10,3,4,12,22,3,6,2,4,0,0,3,0,1,1
2657,7,20220522,17,27,17,16:00,4,1,H,0,0,D,12,7,6,2,10,5,3,3,0,1,0,0,3,0,5,3
2658,7,20220522,18,35,6,16:00,3,1,H,1,1,D,29,7,8,5,6,3,5,3,1,0,0,0,3,0,4,2
2659,7,20220522,20,3,30,16:00,3,2,H,0,1,A,24,4,5,2,5,11,13,1,0,1,0,0,3,0,5,1
2660,7,20220522,24,31,7,16:00,0,5,A,0,2,A,9,19,0,13,13,7,3,2,3,1,0,0,0,3,5,-5
2661,8,20220805,10,2,6,20:00,0,2,A,0,1,A,10,10,2,2,16,11,3,5,1,2,0,0,0,3,2,-2
2662,8,20220806,1,3,35,15:00,2,0,H,1,0,H,7,15,3,2,18,16,5,5,3,3,0,0,3,0,2,2
2663,8,20220806,11,8,8,17:30,0,1,A,0,1,A,8,15,4,6,14,11,4,16,3,2,0,0,0,3,1,-1
2664,8,20220806,12,18,3,12:30,2,2,D,1,0,H,9,11,3,4,7,9,4,4,2,0,0,0,1,1,4,0
2665,8,20220806,16,35,38,15:00,2,1,H,1,1,D,12,15,4,6,13,9,6,4,2,0,0,0,3,0,3,1
2666,8,20220806,23,25,44,15:00,2,0,H,0,0,D,23,5,10,0,9,14,11,1,0,3,0,0,3,0,2,2
2667,8,20220806,31,27,4,15:00,4,1,H,2,1,H,18,10,8,2,11,6,10,2,3,0,0,0,3,0,5,3
2668,8,20220807,17,4,16,14:00,2,2,D,1,0,H,14,8,5,3,6,5,5,6,0,0,0,0,1,1,4,0
2669,8,20220807,21,5,36,14:00,1,2,A,0,2,A,17,15,5,4,7,12,6,2,4,1,0,0,0,3,3,-1
2670,8,20220807,34,20,30,16:30,0,2,A,0,1,A,6,14,1,2,8,4,1,4,0,1,0,0,0,3,2,-2
2671,8,20220813,2,17,11,15:00,4,2,H,2,0,H,19,6,7,2,15,9,6,2,1,1,0,0,3,0,6,2
2672,8,20220813,3,11,30,12:30,2,1,H,1,0,H,12,15,4,4,9,7,5,8,4,1,0,0,3,0,3,1
2673,8,20220813,4,21,42,17:30,4,0,H,4,0,H,13,15,7,4,6,15,8,2,0,4,0,0,3,0,4,4
2674,8,20220813,5,23,14,15:00,0,0,D,0,0,D,13,4,7,1,8,6,7,3,2,3,0,0,1,1,0,0
2675,8,20220813,20,1,10,15:00,4,0,H,3,0,H,19,3,7,1,9,9,11,1,0,3,0,0,3,0,4,4
2676,8,20220813,27,16,48,15:00,2,2,D,0,0,D,14,13,4,5,10,12,2,5,1,3,0,0,1,1,4,0
2677,8,20220813,35,12,15,15:00,0,0,D,0,0,D,7,9,1,3,7,14,5,3,3,3,0,0,1,1,0,0
2678,8,20220814,8,31,6,16:30,2,2,D,1,0,H,16,10,3,5,9,9,8,5,3,0,0,0,1,1,4,0
2679,8,20220814,25,34,38,14:00,1,0,H,1,0,H,13,19,6,5,10,11,6,7,4,1,0,0,3,0,1,1
2680,8,20220815,18,10,36,20:00,1,1,D,0,1,A,24,7,4,3,7,8,4,2,2,4,1,0,1,1,2,0
2681,8,20220820,1,2,8,17:30,0,3,A,0,2,A,6,14,1,6,12,10,3,4,2,1,0,0,0,3,3,-3
2682,8,20220820,10,3,3,15:00,3,1,H,1,1,D,17,13,9,5,16,14,4,2,2,1,0,0,3,0,4,2
2683,8,20220820,11,25,4,15:00,1,1,D,0,0,D,19,14,8,5,6,9,6,2,3,2,0,0,1,1,2,0
2684,8,20220820,12,4,35,15:00,3,2,H,2,1,H,18,13,9,5,13,7,6,3,3,2,0,0,3,0,5,1
2685,8,20220820,17,27,31,15:00,1,2,A,0,0,D,6,9,1,3,11,15,2,5,2,3,0,0,0,3,3,-1
2686,8,20220820,31,35,44,12:30,1,0,H,0,0,D,11,20,4,3,10,8,8,6,2,2,0,0,3,0,1,1
2687,8,20220821,16,8,42,14:00,3,0,H,2,0,H,12,14,6,3,16,15,4,6,0,1,0,1,3,0,3,3
2688,8,20220821,23,20,16,16:30,3,3,D,2,1,H,12,21,6,10,14,7,5,5,4,2,0,0,1,1,6,0
2689,8,20220821,34,5,6,14:00,0,2,A,0,1,A,13,11,3,2,10,7,5,4,2,0,0,0,0,3,2,-2
2690,8,20220822,21,18,30,20:00,2,1,H,1,0,H,12,17,4,5,11,7,6,8,3,1,0,0,3,0,3,1
2691,8,20220827,2,12,16,17:30,2,1,H,0,0,D,22,11,8,3,6,12,9,2,2,3,0,0,3,0,3,1
2692,8,20220827,4,11,15,15:00,1,1,D,0,1,A,19,14,5,7,8,8,8,5,2,2,0,0,1,1,2,0
2693,8,20220827,5,16,31,15:00,1,0,H,0,0,D,13,10,4,2,10,14,5,3,2,3,0,0,3,0,1,1
2694,8,20220827,8,17,36,15:00,2,1,H,0,0,D,7,17,3,5,10,7,3,11,1,2,1,0,3,0,3,1
2695,8,20220827,18,1,42,15:00,9,0,H,5,0,H,19,5,12,2,6,5,8,1,0,1,0,0,3,0,9,9
2696,8,20220827,20,10,11,15:00,4,2,H,0,2,A,18,2,5,2,14,8,6,1,1,2,0,0,3,0,6,2
2697,8,20220827,27,21,3,12:30,0,1,A,0,0,D,17,11,5,6,4,14,5,3,0,3,0,0,0,3,1,-1
2698,8,20220828,3,34,10,14:00,0,1,A,0,0,D,9,7,3,2,10,10,3,2,2,0,0,0,0,3,1,-1
2699,8,20220828,25,31,8,16:30,0,2,A,0,1,A,17,18,1,7,11,13,6,1,6,1,0,0,0,3,2,-2
2700,8,20220828,35,23,35,14:00,1,1,D,1,0,H,10,21,4,6,10,11,4,13,2,1,0,0,1,1,2,0
2701,8,20220830,10,4,44,19:30,1,1,D,0,0,D,13,9,4,3,11,8,4,6,1,2,0,0,1,1,2,0
2702,8,20220830,12,5,47,19:30,2,1,H,0,0,D,10,7,3,4,9,11,3,3,2,1,0,0,3,0,3,1
2703,8,20220830,16,11,11,20:00,1,1,D,0,1,A,14,7,5,2,10,9,10,2,3,3,0,0,1,1,2,0
2704,8,20220830,27,8,30,19:45,2,1,H,2,1,H,9,10,7,4,15,10,5,3,2,1,0,0,3,0,3,1
2705,8,20220831,1,35,6,19:30,0,0,D,0,0,D,5,17,2,4,12,12,2,5,2,1,0,0,1,1,0,0
2706,8,20220831,2,3,38,19:30,2,1,H,1,0,H,22,4,9,3,10,14,10,3,2,3,0,0,3,0,3,1
2707,8,20220831,18,23,4,20:00,2,1,H,0,1,A,23,5,6,2,9,10,13,0,0,2,0,0,3,0,3,1
2708,8,20220831,20,25,36,19:30,6,0,H,3,0,H,17,8,9,1,9,7,10,1,0,1,0,0,3,0,6,6
2709,8,20220831,34,31,35,19:45,1,1,D,0,1,A,14,13,4,4,10,9,3,4,2,5,0,0,1,1,2,0
2710,8,20220901,17,21,8,20:00,0,1,A,0,1,A,10,9,2,2,7,15,1,3,1,3,0,0,0,3,1,-1
2711,8,20220903,3,20,44,17:30,1,1,D,0,0,D,3,13,1,4,7,6,1,4,2,0,0,0,1,1,2,0
2712,8,20220903,4,16,38,15:00,5,2,H,2,1,H,14,17,8,6,8,9,2,6,2,2,0,0,3,0,7,3
2713,8,20220903,8,34,3,15:00,2,1,H,0,0,D,8,6,3,3,6,11,10,3,4,2,0,0,3,0,3,1
2714,8,20220903,11,18,6,12:30,0,0,D,0,0,D,14,23,3,8,7,11,7,9,2,2,0,0,1,1,0,0
2715,8,20220903,23,10,31,15:00,0,0,D,0,0,D,23,19,6,9,19,12,13,5,2,1,0,0,1,1,0,0
2716,8,20220903,25,1,30,15:00,2,3,A,2,0,H,11,8,3,3,13,10,4,6,2,1,0,0,0,3,5,-1
2717,8,20220903,31,12,42,15:00,2,1,H,1,0,H,23,9,10,3,9,6,10,3,3,4,0,0,3,0,3,1
2718,8,20220903,35,27,15,15:00,1,0,H,1,0,H,7,12,2,1,10,14,5,6,4,2,0,0,3,0,1,1
2719,8,20220904,5,17,48,14:00,5,2,H,2,2,D,23,6,11,4,6,8,10,1,1,1,0,0,3,0,7,3
2720,8,20220904,21,2,36,16:30,3,1,H,1,0,H,10,16,6,3,13,9,2,5,3,3,0,0,3,0,4,2
2721,8,20220916,3,27,48,20:00,1,0,H,1,0,H,11,7,3,1,13,13,6,3,3,1,0,0,3,0,1,1
2722,8,20220916,25,12,16,20:00,2,3,A,1,0,H,11,15,3,7,11,10,2,10,2,4,0,0,0,3,5,-1
2723,8,20220917,23,1,8,15:00,1,1,D,0,0,D,20,10,7,3,10,11,8,1,2,2,0,0,1,1,2,0
2724,8,20220917,31,17,44,17:30,6,2,H,2,2,D,16,19,11,7,9,9,6,1,1,2,0,0,3,0,8,4
2725,8,20220917,35,20,6,12:30,0,3,A,0,2,A,6,16,1,7,7,9,5,7,2,1,1,0,0,3,3,-3
2726,8,20220918,4,2,10,12:00,0,3,A,0,2,A,5,13,2,7,10,10,3,3,0,2,0,0,0,3,3,-3
2727,8,20220918,11,34,30,14:15,1,0,H,0,0,D,7,14,2,4,8,11,5,14,3,1,0,0,3,0,1,1
2728,8,20221001,1,4,47,15:00,0,0,D,0,0,D,7,13,1,4,11,10,7,8,1,2,0,0,1,1,0,0
2729,8,20221001,2,31,6,12:30,3,1,H,1,1,D,22,7,9,3,10,10,5,2,2,1,0,1,3,0,4,2
2730,8,20221001,10,8,7,15:00,1,2,A,1,1,D,7,13,3,3,11,13,5,2,1,3,0,0,0,3,3,-1
2731,8,20221001,12,23,11,15:00,1,4,A,0,3,A,3,19,1,10,9,10,1,8,2,0,1,0,0,3,5,-3
2732,8,20221001,18,5,3,15:00,3,3,D,1,2,A,15,6,7,6,9,13,9,2,1,1,0,0,1,1,6,0
2733,8,20221001,27,11,4,15:00,1,2,A,0,0,D,22,12,6,5,11,10,7,6,2,2,0,0,0,3,3,-1
2734,8,20221001,34,35,36,17:30,2,0,H,1,0,H,18,15,5,4,8,6,1,6,2,2,0,0,3,0,2,2
2735,8,20221002,16,3,42,16:30,0,0,D,0,0,D,9,19,1,7,23,12,2,9,3,2,1,0,1,1,0,0
2736,8,20221002,20,21,30,14:00,6,3,H,4,0,H,22,12,10,8,3,9,5,1,0,3,0,0,3,0,9,3
2737,8,20221003,17,25,38,20:00,4,0,H,3,0,H,17,10,7,3,13,12,6,6,2,4,0,0,3,0,4,4
2738,8,20221008,1,17,31,15:00,2,1,H,0,1,A,10,9,4,5,8,16,7,2,1,2,0,0,3,0,3,1
2739,8,20221008,5,31,48,17:30,0,1,A,0,1,A,14,8,4,3,9,14,6,2,1,2,0,0,0,3,1,-1
2740,8,20221008,8,35,44,15:00,3,0,H,1,0,H,20,8,7,2,8,8,4,2,2,0,0,0,3,0,3,3
2741,8,20221008,20,27,3,15:00,4,0,H,2,0,H,21,5,8,0,4,8,9,1,0,1,0,0,3,0,4,4
2742,8,20221008,23,4,15,15:00,5,1,H,2,0,H,16,6,6,3,14,9,9,5,0,1,0,0,3,0,6,4
2743,8,20221009,2,18,30,16:30,3,2,H,2,1,H,11,8,7,3,11,11,4,3,1,2,0,0,3,0,5,1
2744,8,20221009,10,16,36,14:00,2,1,H,1,1,D,13,10,5,4,13,23,5,3,3,3,0,0,3,0,3,1
2745,8,20221009,11,21,10,19:00,1,2,A,1,2,A,11,12,2,4,7,13,5,4,2,1,0,0,0,3,3,-1
2746,8,20221009,34,12,7,14:00,3,1,H,1,1,D,17,8,8,2,9,7,4,2,1,3,0,0,3,0,4,2
2747,8,20221010,25,3,6,20:00,1,1,D,1,1,D,6,12,3,2,13,19,1,4,3,3,0,0,1,1,2,0
2748,8,20221014,4,5,31,20:00,2,0,H,1,0,H,7,21,3,7,12,15,2,11,3,1,0,0,3,0,2,2
2749,8,20221015,12,1,14,15:00,2,2,D,1,2,A,19,10,4,6,9,11,5,6,2,0,0,0,1,1,4,0
2750,8,20221015,17,10,3,12:30,0,0,D,0,0,D,14,8,5,1,18,13,9,2,2,2,0,0,1,1,0,0
2751,8,20221015,31,11,36,17:30,2,0,H,0,0,D,21,4,7,0,12,13,7,1,1,4,0,0,3,0,2,2
2752,8,20221015,35,25,47,15:00,1,0,H,0,0,D,9,10,2,2,17,13,4,5,2,2,0,0,3,0,1,1
2753,8,20221016,3,8,38,14:00,0,2,A,0,1,A,18,8,7,4,12,11,7,1,0,3,0,0,0,3,2,-2
2754,8,20221016,16,2,7,14:00,0,1,A,0,1,A,16,9,4,4,10,11,6,3,0,2,0,0,0,3,1,-1
2755,8,20221016,18,20,6,16:30,1,0,H,0,0,D,13,16,2,6,10,7,5,6,3,1,0,0,3,0,1,1
2756,8,20221016,21,23,8,14:00,0,0,D,0,0,D,15,9,2,2,13,11,4,4,3,1,0,0,1,1,0,0
2757,8,20221016,27,34,35,14:00,1,1,D,1,0,H,10,25,8,4,7,3,4,14,1,1,0,0,1,1,2,0
2758,8,20221018,5,25,11,19:30,0,0,D,0,0,D,19,3,7,0,10,14,9,1,3,1,0,0,1,1,0,0
2759,8,20221018,10,35,10,20:15,2,1,H,0,1,A,14,10,4,4,14,18,4,3,3,1,0,0,3,0,3,1
2760,8,20221019,1,27,15,19:30,0,1,A,0,1,A,15,9,3,3,8,13,7,3,1,3,0,0,0,3,1,-1
2761,8,20221019,4,8,16,19:30,0,0,D,0,0,D,8,14,5,5,7,7,6,2,0,0,0,0,1,1,0,0
2762,8,20221019,18,34,42,19:30,1,0,H,1,0,H,22,8,7,3,9,8,8,3,0,0,0,0,3,0,1,1
2763,8,20221019,21,31,44,20:15,2,0,H,0,0,D,28,9,10,2,7,7,8,3,1,0,0,0,3,0,2,2
2764,8,20221019,23,11,48,19:30,1,0,H,1,0,H,16,1,4,0,9,12,8,2,2,4,0,0,3,0,1,1
2765,8,20221020,12,3,30,19:30,3,0,H,1,0,H,18,12,8,6,11,11,9,7,0,2,0,1,3,0,3,3
2766,8,20221020,17,16,35,20:15,2,0,H,2,0,H,5,14,1,2,15,11,2,9,2,1,0,0,3,0,2,2
2767,8,20221022,8,21,42,17:30,1,1,D,0,0,D,6,13,2,6,8,10,6,4,1,4,0,0,1,1,2,0
2768,8,20221022,11,10,44,15:00,3,0,H,1,0,H,9,9,6,2,16,14,3,4,3,4,0,0,3,0,3,3
2769,8,20221022,20,5,8,15:00,3,1,H,2,0,H,10,8,4,2,11,12,7,3,1,3,0,0,3,0,4,2
2770,8,20221022,25,18,36,12:30,1,0,H,0,0,D,10,15,7,7,14,8,2,11,2,1,0,0,3,0,1,1
2771,8,20221023,3,4,11,14:00,4,0,H,3,0,H,19,12,11,3,14,11,7,6,1,0,0,0,3,0,4,4
2772,8,20221023,16,12,6,14:00,2,3,A,1,1,D,14,11,5,5,12,8,3,6,1,1,0,0,0,3,5,-1
2773,8,20221023,27,2,38,14:00,1,1,D,0,1,A,10,12,3,3,11,8,9,4,2,1,0,0,1,1,2,0
2774,8,20221023,31,23,16,16:30,1,2,A,0,2,A,17,13,5,5,12,6,6,7,4,2,0,0,0,3,3,-1
2775,8,20221023,35,17,30,14:00,0,4,A,0,2,A,21,5,5,4,10,13,9,2,2,1,0,0,0,3,4,-4
2776,8,20221024,34,1,10,20:00,2,0,H,1,0,H,20,5,4,3,9,11,5,0,0,2,0,0,3,0,2,2
2777,8,20221029,1,31,6,15:00,2,3,A,1,0,H,6,23,4,7,10,5,2,19,1,2,0,0,0,3,5,-1
2778,8,20221029,4,35,39,15:00,1,1,D,0,0,D,12,14,3,4,10,17,3,6,3,3,0,1,1,1,2,0
2779,8,20221029,5,8,3,15:00,4,1,H,3,0,H,19,15,9,7,16,6,8,7,1,2,0,0,3,0,5,3
2780,8,20221029,10,27,31,15:00,1,0,H,1,0,H,12,14,3,4,13,12,8,4,3,3,0,0,3,0,1,1
2781,8,20221029,12,11,15,17:30,0,0,D,0,0,D,24,9,6,4,10,8,13,4,2,1,0,0,1,1,0,0
2782,8,20221029,17,20,38,12:30,0,1,A,0,0,D,10,15,5,5,5,10,3,10,0,0,0,0,0,3,1,-1
2783,8,20221029,18,16,30,19:45,1,2,A,1,1,D,22,14,10,6,9,3,14,5,0,1,0,0,0,3,3,-1
2784,8,20221029,23,3,36,15:00,4,0,H,1,0,H,20,3,7,0,11,11,3,0,1,1,0,0,3,0,4,4
2785,8,20221030,2,25,44,14:00,5,0,H,1,0,H,24,5,10,2,9,8,9,4,0,1,0,0,3,0,5,5
2786,8,20221030,21,34,7,16:15,1,0,H,1,0,H,16,13,3,5,12,10,5,10,1,3,0,0,3,0,1,1
2787,8,20221105,11,17,10,17:30,0,2,A,0,1,A,12,22,2,8,9,5,8,3,0,0,0,0,0,3,2,-2
2788,8,20221105,16,1,48,15:00,4,3,H,1,2,A,18,9,4,6,16,10,13,3,2,2,0,0,3,0,7,1
2789,8,20221105,20,12,11,15:00,2,1,H,1,1,D,16,4,5,2,6,11,9,0,2,4,1,0,3,0,3,1
2790,8,20221105,25,4,4,15:00,2,2,D,1,1,D,15,6,7,2,10,11,3,3,2,2,0,0,1,1,4,0
2791,8,20221105,35,5,14,15:00,2,3,A,2,2,D,8,19,5,8,15,11,4,9,2,0,1,0,0,3,5,-1
2792,8,20221106,3,21,6,14:00,3,1,H,2,1,H,6,8,4,3,6,12,3,5,3,3,0,0,3,0,4,2
2793,8,20221106,8,2,30,12:00,0,1,A,0,0,D,5,14,1,2,20,13,4,6,5,2,0,0,0,3,1,-1
2794,8,20221106,27,23,42,14:00,1,4,A,0,1,A,16,7,5,4,7,10,8,2,1,0,0,0,0,3,5,-3
2795,8,20221106,31,18,3,16:30,1,2,A,0,2,A,14,13,5,6,10,8,5,3,0,0,0,0,0,3,3,-1
2796,8,20221106,34,10,36,14:00,1,2,A,1,1,D,5,15,2,6,10,7,2,5,1,1,0,0,0,3,3,-1
2797,8,20221112,1,11,8,15:00,3,0,H,2,0,H,16,15,9,3,12,8,3,5,2,0,0,0,3,0,3,3
2798,8,20221112,18,27,44,15:00,3,1,H,3,1,H,15,9,7,5,8,8,6,0,0,2,0,0,3,0,4,2
2799,8,20221112,20,4,35,12:30,1,2,A,1,1,D,29,10,6,8,9,7,10,2,2,2,0,0,0,3,3,-1
2800,8,20221112,23,8,38,17:30,1,0,H,0,0,D,10,5,3,2,14,11,5,3,3,2,0,0,3,0,1,1
2801,8,20221112,25,10,15,15:00,1,0,H,0,0,D,9,8,2,0,11,13,1,5,1,4,0,0,3,0,1,1
2802,8,20221112,31,16,31,15:00,4,3,H,1,2,A,14,12,8,5,8,7,9,2,1,1,0,1,3,0,7,1
2803,8,20221112,34,17,16,15:00,0,2,A,0,1,A,18,9,6,6,9,8,7,2,3,1,0,0,0,3,2,-2
2804,8,20221112,35,2,42,19:45,0,2,A,0,0,D,11,14,2,4,5,6,6,4,3,2,0,0,0,3,2,-2
2805,8,20221113,5,3,7,14:00,1,2,A,1,1,D,7,8,2,2,14,11,11,4,2,7,0,0,0,3,3,-1
2806,8,20221113,12,21,36,16:30,1,2,A,0,1,A,14,14,7,9,9,10,10,3,1,1,0,0,0,3,3,-1
2807,8,20221226,2,34,30,20:00,3,1,H,0,1,A,16,8,5,4,13,17,7,5,0,2,0,0,3,0,4,2
2808,8,20221226,3,18,36,17:30,1,3,A,0,2,A,12,16,6,9,7,12,0,6,0,0,0,0,0,3,4,-2
2809,8,20221226,4,31,10,12:30,2,2,D,1,0,H,9,16,5,8,11,10,6,5,3,1,0,0,1,1,4,0
2810,8,20221226,10,12,3,15:00,0,3,A,0,1,A,4,23,0,11,12,15,1,8,0,0,2,0,0,3,3,-3
2811,8,20221226,11,35,8,15:00,1,2,A,1,1,D,12,7,6,4,9,22,2,2,1,6,0,0,0,3,3,-1
2812,8,20221226,17,23,16,15:00,0,3,A,0,3,A,8,12,2,5,9,6,5,5,0,0,0,0,0,3,3,-3
2813,8,20221226,27,5,38,15:00,1,3,A,0,2,A,14,7,4,4,9,10,4,2,1,2,0,0,0,3,4,-2
2814,8,20221227,8,1,44,17:30,2,0,H,2,0,H,15,9,5,4,8,10,6,8,0,0,0,0,3,0,2,2
2815,8,20221227,21,25,6,20:00,3,0,H,2,0,H,17,8,8,3,13,4,9,9,3,1,0,0,3,0,3,3
2816,8,20221228,16,20,42,20:00,1,3,A,0,1,A,9,26,1,9,11,14,3,5,3,3,0,0,0,3,4,-2
2817,8,20221230,18,17,8,20:00,2,1,H,2,1,H,21,7,5,2,8,15,4,5,0,1,0,0,3,0,3,1
2818,8,20221230,34,4,11,19:45,0,2,A,0,2,A,20,9,5,6,9,5,8,1,1,0,0,0,0,3,2,-2
2819,8,20221231,1,10,4,15:00,0,2,A,0,2,A,6,15,2,6,17,11,2,7,4,1,0,0,0,3,2,-2
2820,8,20221231,5,2,6,17:30,2,4,A,0,2,A,9,14,5,7,7,11,7,4,3,3,0,0,0,3,6,-2
2821,8,20221231,12,27,14,15:00,2,1,H,1,0,H,8,9,2,3,8,13,4,4,0,1,0,0,3,0,3,1
2822,8,20221231,20,11,3,15:00,1,1,D,1,0,H,16,2,3,1,13,14,7,1,3,4,0,0,1,1,2,0
2823,8,20221231,23,16,44,15:00,0,0,D,0,0,D,16,8,5,1,13,19,9,3,3,5,0,0,1,1,0,0
2824,8,20221231,35,21,38,12:30,0,1,A,0,0,D,10,16,3,6,11,11,7,5,1,3,0,0,0,3,1,-1
2825,8,20230101,25,8,35,16:30,1,1,D,0,1,A,12,7,5,2,16,14,1,2,2,2,0,0,1,1,2,0
2826,8,20230101,31,3,15,14:00,0,2,A,0,0,D,6,13,2,4,15,10,5,3,4,3,0,0,0,3,2,-2
2827,8,20230102,4,18,42,17:30,3,1,H,2,0,H,10,16,7,6,5,8,4,9,1,3,0,0,3,0,4,2
2828,8,20230103,2,23,3,19:45,0,0,D,0,0,D,17,8,4,1,10,16,5,5,4,4,0,0,1,1,0,0
2829,8,20230103,11,5,4,19:45,1,4,A,0,1,A,10,19,4,8,8,10,5,2,3,1,0,0,0,3,5,-3
2830,8,20230103,17,12,9,19:45,0,1,A,0,1,A,15,11,6,2,12,11,6,3,2,6,0,0,0,3,1,-1
2831,8,20230103,21,1,31,20:00,3,0,H,1,0,H,18,7,6,4,13,7,6,5,0,3,0,0,3,0,3,3
2832,8,20230104,3,35,16,20:00,1,1,D,0,1,A,13,10,4,3,6,12,7,8,1,3,0,0,1,1,2,0
2833,8,20230104,10,31,30,20:00,0,4,A,0,0,D,19,14,4,6,11,8,10,4,1,2,0,0,0,3,4,-4
2834,8,20230104,16,34,10,19:45,2,2,D,1,1,D,14,15,6,2,11,18,8,1,3,1,0,0,1,1,4,0
2835,8,20230104,27,25,47,19:30,0,1,A,0,1,A,8,11,0,1,14,17,6,2,2,2,0,0,0,3,1,-1
2836,8,20230105,8,20,36,20:00,0,1,A,0,0,D,8,12,2,3,9,9,3,2,2,0,0,0,0,3,1,-1
2837,8,20230112,12,8,10,20:00,2,1,H,1,0,H,8,20,3,10,12,16,5,7,4,3,0,1,3,0,3,1
2838,8,20230113,3,16,30,20:00,2,1,H,1,0,H,11,16,5,4,12,8,0,11,2,2,0,0,3,0,3,1
2839,8,20230114,4,1,16,17:30,2,0,H,1,0,H,12,7,4,2,5,9,5,3,1,1,0,0,3,0,2,2
2840,8,20230114,5,18,11,15:00,3,0,H,0,0,D,16,6,9,2,8,15,7,1,1,3,0,0,3,0,3,3
2841,8,20230114,11,27,15,15:00,1,2,A,1,0,H,12,13,4,5,7,19,6,4,0,3,0,0,0,3,3,-1
2842,8,20230114,21,20,42,12:30,2,1,H,0,0,D,8,5,4,1,15,5,1,2,3,0,0,0,3,0,3,1
2843,8,20230114,25,17,36,15:00,2,0,H,0,0,D,15,6,5,1,11,12,3,5,1,2,0,0,3,0,2,2
2844,8,20230114,35,34,44,15:00,1,0,H,0,0,D,17,16,4,4,10,7,4,3,0,2,0,0,3,0,1,1
2845,8,20230115,8,10,35,14:00,1,0,H,0,0,D,15,10,5,5,10,17,11,7,2,5,0,0,3,0,1,1
2846,8,20230115,23,12,38,14:00,1,0,H,0,0,D,20,5,5,0,6,14,10,5,1,3,0,0,3,0,1,1
2847,8,20230115,31,2,8,16:30,0,2,A,0,2,A,17,14,7,5,16,15,4,3,4,2,0,0,0,3,2,-2
2848,8,20230118,10,21,38,20:00,1,1,D,0,1,A,10,15,5,4,9,10,3,3,1,2,0,0,1,1,2,0
2849,8,20230119,20,31,44,20:00,4,2,H,0,2,A,16,9,6,3,10,14,8,3,1,2,0,0,3,0,6,2
2850,8,20230121,1,25,3,15:00,1,1,D,1,0,H,16,20,4,5,10,7,4,6,1,2,0,0,1,1,2,0
2851,8,20230121,10,23,8,17:30,0,0,D,0,0,D,6,16,1,7,13,7,3,15,4,2,0,0,1,1,0,0
2852,8,20230121,17,5,47,15:00,2,2,D,1,1,D,9,13,2,4,9,9,5,6,0,1,0,0,1,1,4,0
2853,8,20230121,18,8,30,12:30,0,0,D,0,0,D,15,11,3,2,16,9,5,5,3,1,0,0,1,1,0,0
2854,8,20230121,27,3,31,15:00,0,1,A,0,0,D,8,16,5,5,19,9,2,2,1,2,0,0,0,3,1,-1
2855,8,20230121,34,11,42,15:00,2,0,H,2,0,H,11,5,4,2,9,6,4,9,1,1,0,0,3,0,2,2
2856,8,20230122,2,21,6,16:30,3,2,H,1,1,D,25,6,5,4,8,9,12,4,1,2,0,0,3,0,5,1
2857,8,20230122,16,4,35,14:00,0,0,D,0,0,D,9,6,5,0,10,18,2,3,2,2,0,0,1,1,0,0
2858,8,20230122,20,35,10,14:00,3,0,H,1,0,H,13,10,7,1,10,10,5,7,1,2,0,0,3,0,3,3
2859,8,20230123,12,31,36,20:00,0,1,A,0,1,A,10,10,5,3,10,10,3,8,1,3,0,0,0,3,1,-1
2860,8,20230203,8,12,42,20:00,0,0,D,0,0,D,12,10,3,4,16,12,6,2,1,4,0,0,1,1,0,0
2861,8,20230204,3,17,11,15:00,2,4,A,2,3,A,19,9,4,5,10,10,11,3,0,2,0,0,0,3,6,-2
2862,8,20230204,4,27,9,15:00,3,0,H,2,0,H,14,14,4,6,10,9,4,4,1,2,0,0,3,0,3,3
2863,8,20230204,5,1,8,15:00,1,0,H,0,0,D,20,12,6,2,14,7,7,3,3,1,0,0,3,0,1,1
2864,8,20230204,11,2,10,12:30,1,0,H,0,0,D,12,15,4,3,13,8,7,5,4,1,0,0,3,0,1,1
2865,8,20230204,21,10,4,15:00,2,1,H,1,0,H,14,10,5,3,9,9,5,5,1,2,1,0,3,0,3,1
2866,8,20230204,23,34,35,17:30,1,1,D,1,1,D,8,10,2,1,11,13,4,2,2,1,0,0,1,1,2,0
2867,8,20230204,35,18,36,15:00,3,0,H,2,0,H,12,22,6,4,9,7,2,7,1,1,0,0,3,0,3,3
2868,8,20230205,25,16,38,14:00,1,0,H,1,0,H,6,10,2,4,15,14,0,2,4,2,0,0,3,0,1,1
2869,8,20230205,31,20,3,16:30,1,0,H,1,0,H,12,15,3,5,19,14,4,6,2,3,1,0,3,0,1,1
2870,8,20230208,21,16,44,20:00,2,2,D,0,1,A,24,8,7,2,7,11,6,5,1,3,0,0,1,1,4,0
2871,8,20230211,1,23,42,17:30,1,1,D,1,1,D,11,15,5,7,8,10,4,6,2,3,0,0,1,1,2,0
2872,8,20230211,2,4,35,15:00,1,1,D,0,0,D,23,9,7,2,9,9,7,4,0,2,0,0,1,1,2,0
2873,8,20230211,10,5,30,15:00,1,1,D,0,0,D,6,17,1,7,10,11,1,6,4,1,0,0,1,1,2,0
2874,8,20230211,12,25,3,15:00,2,0,H,1,0,H,16,10,3,1,9,11,5,4,0,1,0,0,3,0,2,2
2875,8,20230211,17,31,31,15:00,4,1,H,3,1,H,15,11,7,4,14,9,1,5,5,2,0,0,3,0,5,3
2876,8,20230211,27,35,16,15:00,1,2,A,1,0,H,17,11,2,2,12,14,5,2,2,2,0,1,0,3,3,-1
2877,8,20230211,34,8,8,12:30,1,1,D,1,1,D,10,12,2,4,9,11,5,6,1,1,0,0,1,1,2,0
2878,8,20230212,16,21,36,14:00,0,2,A,0,0,D,16,11,6,5,10,13,7,3,2,1,0,0,0,3,2,-2
2879,8,20230212,20,3,38,16:30,3,1,H,3,0,H,17,6,9,2,13,14,8,4,1,2,0,0,3,0,4,2
2880,8,20230213,18,11,44,20:00,2,0,H,1,0,H,15,6,6,1,8,16,3,3,1,3,0,0,3,0,2,2
2881,8,20230215,2,20,6,19:30,1,3,A,1,1,D,10,9,1,6,11,15,1,3,2,3,0,0,0,3,4,-2
2882,8,20230218,3,2,44,12:30,2,4,A,2,1,H,7,20,5,5,13,4,2,9,2,1,0,0,0,3,6,-2
2883,8,20230218,4,10,36,15:00,1,1,D,0,0,D,12,10,5,4,10,8,2,6,2,2,0,0,1,1,2,0
2884,8,20230218,5,12,11,15:00,0,1,A,0,0,D,21,5,7,2,12,14,10,2,0,5,0,0,0,3,1,-1
2885,8,20230218,8,27,10,15:00,0,1,A,0,1,A,17,8,5,5,16,24,8,2,3,6,0,0,0,3,1,-1
2886,8,20230218,11,16,3,15:00,1,0,H,0,0,D,15,8,6,0,8,6,6,4,2,3,0,0,3,0,1,1
2887,8,20230218,23,18,6,17:30,0,2,A,0,2,A,14,13,4,7,3,8,6,7,1,1,1,0,0,3,2,-2
2888,8,20230218,25,20,14,15:00,1,1,D,0,1,A,4,26,1,6,8,6,0,10,1,0,0,0,1,1,2,0
2889,8,20230218,35,1,31,15:00,0,1,A,0,0,D,15,5,4,1,12,10,12,2,3,3,0,0,0,3,1,-1
2890,8,20230219,21,17,42,14:00,3,0,H,1,0,H,26,19,8,3,9,9,6,6,0,2,0,0,3,0,3,3
2891,8,20230219,31,34,30,16:30,2,0,H,0,0,D,16,6,6,1,16,10,4,7,2,1,0,0,3,0,2,2
2892,8,20230224,12,35,30,20:00,1,1,D,0,1,A,10,8,5,2,12,17,4,3,2,0,0,0,1,1,2,0
2893,8,20230225,1,20,36,17:30,1,4,A,0,3,A,13,20,2,5,10,9,4,6,2,2,0,0,0,3,5,-3
2894,8,20230225,10,18,11,19:45,0,0,D,0,0,D,6,12,0,4,11,14,5,3,2,5,0,0,1,1,0,0
2895,8,20230225,11,3,6,15:00,0,2,A,0,0,D,15,9,5,5,12,12,5,1,2,1,0,0,0,3,2,-2
2896,8,20230225,16,27,35,15:00,1,0,H,0,0,D,14,8,4,2,15,13,9,2,2,4,0,0,3,0,1,1
2897,8,20230225,17,2,8,15:00,0,1,A,0,0,D,1,10,0,2,14,9,0,8,0,1,0,0,0,3,1,-1
2898,8,20230225,34,25,16,15:00,4,0,H,0,0,D,18,8,5,3,8,5,12,3,0,0,0,0,3,0,4,4
2899,8,20230226,31,8,42,13:30,2,0,H,0,0,D,8,10,3,2,10,10,4,4,2,3,0,0,3,0,2,2
2900,8,20230301,2,11,30,19:45,4,0,H,2,0,H,15,8,5,5,5,12,5,1,0,2,0,0,3,0,4,4
2901,8,20230301,18,35,36,20:00,2,0,H,0,0,D,15,4,6,1,13,14,5,2,2,3,0,0,3,0,2,2
2902,8,20230304,2,1,7,15:00,3,2,H,0,1,A,31,4,9,4,6,8,17,1,0,2,0,0,3,0,5,1
2903,8,20230304,3,10,8,15:00,1,0,H,1,0,H,8,3,1,0,14,17,2,4,2,3,0,1,3,0,1,1
2904,8,20230304,5,34,42,15:00,4,0,H,1,0,H,20,3,9,2,6,8,7,3,0,3,0,0,3,0,4,4
2905,8,20230304,8,16,30,15:00,1,0,H,0,0,D,13,11,3,2,10,7,5,7,2,0,0,0,3,0,1,1
2906,8,20230304,20,23,44,12:30,2,0,H,1,0,H,11,5,3,2,8,13,8,4,2,4,0,0,3,0,2,2
2907,8,20230304,27,17,38,17:30,1,0,H,1,0,H,11,11,5,0,12,11,3,4,4,2,0,0,3,0,1,1
2908,8,20230304,35,31,50,15:00,1,0,H,0,0,D,8,21,5,6,11,18,4,8,1,1,0,0,3,0,1,1
2909,8,20230305,18,21,3,16:30,7,0,H,1,0,H,18,8,8,4,13,14,4,3,2,3,0,0,3,0,7,7
2910,8,20230305,25,11,15,14:00,2,2,D,1,2,A,10,10,4,3,11,17,3,3,3,5,0,0,1,1,4,0
2911,8,20230306,4,12,6,20:00,3,2,H,1,1,D,14,9,6,5,12,17,2,3,0,3,0,0,3,0,5,1
2912,8,20230311,1,18,15,12:30,1,0,H,1,0,H,5,15,2,6,7,9,3,8,2,1,0,0,3,0,1,1
2913,8,20230311,10,20,38,17:30,0,1,A,0,0,D,4,14,0,4,11,17,2,6,2,2,0,0,0,3,1,-1
2914,8,20230311,11,4,44,15:00,1,0,H,1,0,H,13,12,6,4,11,12,5,8,2,1,0,0,3,0,1,1
2915,8,20230311,16,5,36,15:00,2,2,D,1,1,D,12,14,4,2,12,9,4,7,1,1,0,0,1,1,4,0
2916,8,20230311,17,8,4,15:00,1,3,A,1,2,A,17,12,7,6,10,11,2,5,1,2,1,0,0,3,4,-2
2917,8,20230311,31,25,8,15:00,3,1,H,2,0,H,15,9,7,5,13,13,2,10,3,1,0,0,3,0,4,2
2918,8,20230312,12,2,10,14:00,0,3,A,0,3,A,12,15,2,7,10,9,4,8,0,1,0,0,0,3,3,-3
2919,8,20230312,21,27,6,14:00,0,0,D,0,0,D,10,17,4,4,12,9,7,8,2,0,0,0,1,1,0,0
2920,8,20230312,23,35,3,16:30,2,1,H,1,0,H,19,7,8,4,11,10,10,3,1,2,0,0,3,0,3,1
2921,8,20230312,34,3,7,14:00,1,1,D,1,1,D,17,12,6,4,8,6,13,2,1,0,0,0,1,1,2,0
2922,8,20230315,5,10,35,19:30,1,0,H,1,0,H,11,11,5,3,13,20,1,4,1,2,0,0,3,0,1,1
2923,8,20230315,27,4,31,19:30,0,2,A,0,1,A,7,11,1,5,14,10,3,3,1,2,0,0,0,3,2,-2
2924,8,20230317,25,23,36,20:00,1,2,A,1,1,D,5,15,3,4,17,9,3,7,5,1,0,0,0,3,3,-1
2925,8,20230318,3,1,38,15:00,3,0,H,1,0,H,20,10,9,3,8,13,9,6,1,4,0,0,3,0,3,3
2926,8,20230318,4,17,9,15:00,1,1,D,1,0,H,11,14,2,1,10,11,8,4,1,2,1,0,1,1,2,0
2927,8,20230318,8,11,11,17:30,2,2,D,0,0,D,20,12,7,3,8,12,8,2,2,2,0,0,1,1,4,0
2928,8,20230318,27,31,44,15:00,3,3,D,0,1,A,19,17,7,3,13,8,10,3,1,1,0,0,1,1,6,0
2929,8,20230318,35,16,31,15:00,2,4,A,0,1,A,23,11,8,4,15,9,5,4,3,5,1,0,0,3,6,-2
2930,8,20230319,2,10,42,14:00,4,1,H,2,0,H,15,8,5,4,8,10,5,4,0,1,0,0,3,0,5,3
2931,8,20230401,1,12,35,15:00,2,1,H,0,1,A,12,10,7,2,15,13,4,3,1,4,0,0,3,0,3,1
2932,8,20230401,2,16,11,15:00,4,1,H,1,0,H,13,7,6,5,11,13,4,3,0,2,0,0,3,0,5,3
2933,8,20230401,5,4,30,15:00,3,3,D,2,2,D,33,7,15,5,16,10,14,0,2,1,0,0,1,1,6,0
2934,8,20230401,8,3,3,17:30,0,2,A,0,1,A,27,5,8,2,14,16,13,2,3,3,0,0,0,3,2,-2
2935,8,20230401,10,17,50,15:00,2,1,H,0,0,D,31,3,9,2,12,16,10,1,3,4,0,0,3,0,3,1
2936,8,20230401,20,18,44,12:30,4,1,H,1,1,D,17,4,8,1,9,12,7,1,1,1,0,0,3,0,5,3
2937,8,20230401,25,35,7,15:00,1,1,D,1,0,H,17,8,7,1,14,13,4,3,3,5,0,0,1,1,2,0
2938,8,20230402,23,21,42,16:30,2,0,H,0,0,D,22,6,6,1,8,12,7,4,0,0,0,0,3,0,2,2
2939,8,20230402,34,27,36,14:00,1,0,H,1,0,H,12,9,2,3,10,11,5,3,0,2,0,0,3,0,1,1
2940,8,20230403,11,31,10,20:00,1,1,D,0,0,D,15,8,6,2,10,14,3,3,0,3,1,1,1,1,2,0
2941,8,20230404,1,5,9,19:45,0,2,A,0,1,A,14,16,3,6,11,5,5,5,1,1,0,0,0,3,2,-2
2942,8,20230404,8,18,6,20:00,0,0,D,0,0,D,12,7,3,4,6,17,3,5,1,4,0,0,1,1,0,0
2943,8,20230404,16,25,38,19:45,2,1,H,2,1,H,21,13,6,1,11,13,11,4,1,4,0,0,3,0,3,1
2944,8,20230404,17,3,14,19:45,1,2,A,1,1,D,9,15,4,5,10,14,4,8,2,0,1,0,0,3,3,-1
2945,8,20230405,21,4,15,20:00,1,0,H,1,0,H,18,6,3,1,8,13,12,3,3,2,0,0,3,0,1,1
2946,8,20230405,34,23,8,20:00,1,5,A,1,2,A,7,15,2,8,11,12,7,6,2,1,0,0,0,3,6,-4
2947,8,20230408,3,25,6,15:00,2,0,H,0,0,D,8,6,3,2,7,17,1,8,3,4,0,0,3,0,2,2
2948,8,20230408,4,23,7,15:00,1,2,A,1,0,H,12,10,6,4,10,15,6,5,0,0,0,0,0,3,3,-1
2949,8,20230408,12,34,16,15:00,0,1,A,0,1,A,16,9,3,5,10,12,11,4,1,1,0,0,0,3,1,-1
2950,8,20230408,17,1,10,15:00,0,1,A,0,1,A,14,19,4,7,10,13,6,6,0,3,0,0,0,3,1,-1
2951,8,20230408,21,11,30,12:30,2,0,H,1,0,H,29,15,11,1,10,9,10,4,0,0,0,0,3,0,2,2
2952,8,20230408,27,20,38,17:30,1,4,A,0,1,A,4,13,1,8,6,10,0,10,0,2,0,0,0,3,5,-3
2953,8,20230408,31,5,42,15:00,2,1,H,1,1,D,9,17,3,4,15,15,3,7,3,1,0,0,3,0,3,1
2954,8,20230408,35,8,35,15:00,1,0,H,1,0,H,9,13,4,1,14,10,8,8,2,5,0,0,3,0,1,1
2955,8,20230409,16,10,44,14:00,1,5,A,1,1,D,11,16,7,8,11,8,2,4,3,1,0,0,0,3,6,-4
2956,8,20230409,18,2,36,16:30,2,2,D,1,2,A,21,9,6,5,11,11,5,4,4,4,0,0,1,1,4,0
2957,8,20230415,3,23,15,12:30,3,0,H,1,0,H,16,8,6,2,13,15,7,2,1,1,0,0,3,0,3,3
2958,8,20230415,8,5,38,15:00,1,2,A,1,1,D,8,26,2,10,11,11,2,8,2,2,0,0,0,3,3,-1
2959,8,20230415,11,12,6,15:00,1,3,A,1,1,D,15,21,7,7,10,6,4,8,3,2,0,0,0,3,4,-2
2960,8,20230415,20,17,11,17:30,3,1,H,3,0,H,12,10,4,4,8,8,6,2,1,1,0,0,3,0,4,2
2961,8,20230415,27,10,30,15:00,0,2,A,0,0,D,11,9,4,2,6,13,6,2,3,1,0,0,0,3,2,-2
2962,8,20230415,31,1,3,15:00,2,3,A,1,1,D,24,6,8,6,8,9,8,1,1,2,0,0,0,3,5,-1
2963,8,20230415,35,4,36,15:00,2,0,H,1,0,H,11,10,9,3,12,8,5,2,1,1,0,0,3,0,2,2
2964,8,20230416,25,21,44,16:30,0,2,A,0,1,A,6,22,0,8,9,9,4,9,2,2,0,0,0,3,2,-2
2965,8,20230416,34,2,10,14:00,2,2,D,1,2,A,16,11,3,5,11,8,7,2,1,2,0,0,1,1,4,0
2966,8,20230417,16,18,8,20:00,1,6,A,0,2,A,13,13,3,7,6,12,4,2,0,1,0,0,0,3,7,-5
2967,8,20230421,2,27,44,20:00,3,3,D,1,2,A,25,8,6,6,10,14,7,2,1,5,0,0,1,1,6,0
2968,8,20230422,4,3,31,15:00,1,1,D,0,0,D,6,14,5,2,12,8,8,4,3,2,0,0,1,1,2,0
2969,8,20230422,10,11,15,15:00,0,0,D,0,0,D,12,10,2,5,12,14,8,1,1,1,0,1,1,1,0,0
2970,8,20230422,12,16,35,12:30,2,1,H,0,0,D,12,10,5,2,10,15,8,6,1,4,0,0,3,0,3,1
2971,8,20230422,17,35,3,15:00,2,1,H,1,1,D,15,16,8,3,17,16,1,7,1,3,0,0,3,0,3,1
2972,8,20230422,18,25,30,15:00,3,2,H,0,0,D,18,11,6,5,9,12,9,3,0,1,0,0,3,0,5,1
2973,8,20230423,1,34,6,14:00,0,4,A,0,3,A,17,18,5,10,7,8,8,5,1,2,0,0,0,3,4,-4
2974,8,20230423,23,31,10,14:00,6,1,H,5,0,H,25,11,8,3,7,13,9,3,0,3,0,0,3,0,7,5
2975,8,20230425,3,12,47,19:45,1,0,H,1,0,H,14,1,3,0,6,18,8,2,3,2,0,0,3,0,1,1
2976,8,20230425,16,17,36,20:00,1,1,D,1,0,H,13,15,3,3,14,15,3,6,4,2,0,0,1,1,2,0
2977,8,20230425,35,10,38,19:30,2,0,H,1,0,H,9,14,3,4,13,14,6,11,5,4,0,0,3,0,2,2
2978,8,20230426,8,4,3,19:45,0,2,A,0,1,A,15,7,4,1,5,13,5,2,1,2,0,0,0,3,2,-2
2979,8,20230426,20,2,30,20:00,4,1,H,2,0,H,14,8,9,2,13,13,1,3,3,1,0,0,3,0,5,3
2980,8,20230426,25,5,16,19:30,3,1,H,1,1,D,12,17,5,7,7,8,2,7,2,0,0,0,3,0,4,2
2981,8,20230426,34,18,7,19:45,1,2,A,1,1,D,7,20,2,4,6,8,3,6,0,0,0,0,0,3,3,-1
2982,8,20230427,11,23,4,19:45,1,4,A,0,1,A,13,15,5,8,8,6,3,14,2,1,0,0,0,3,5,-3
2983,8,20230427,27,1,11,19:45,0,1,A,0,0,D,11,16,2,2,9,11,6,4,0,3,0,0,0,3,1,-1
2984,8,20230427,31,21,6,20:15,2,2,D,0,2,A,18,17,7,8,8,7,6,8,1,2,0,0,1,1,4,0
2985,8,20230429,4,25,35,15:00,2,1,H,0,1,A,14,5,8,3,6,13,6,0,1,2,0,0,3,0,3,1
2986,8,20230429,5,35,10,15:00,6,0,H,4,0,H,22,10,8,2,14,11,2,5,1,1,0,0,3,0,6,6
2987,8,20230429,10,34,8,12:30,4,3,H,3,2,H,16,8,6,4,9,17,8,5,1,2,0,0,3,0,7,1
2988,8,20230430,1,16,7,14:00,4,1,H,2,1,H,12,15,7,6,12,14,2,6,1,0,0,0,3,0,5,3
2989,8,20230430,12,20,44,14:00,1,2,A,1,2,A,4,12,1,9,9,10,2,5,1,3,0,0,0,3,3,-1
2990,8,20230430,18,31,36,16:30,4,3,H,3,1,H,12,10,4,7,12,6,5,2,3,2,0,0,3,0,7,1
2991,8,20230430,21,3,16,14:00,1,0,H,1,0,H,14,7,6,1,16,7,1,4,2,0,0,0,3,0,1,1
2992,8,20230430,23,27,6,14:00,3,1,H,0,1,A,22,4,5,3,7,10,11,2,1,4,0,0,3,0,4,2
2993,8,20230501,17,11,30,20:00,2,2,D,2,1,H,15,23,6,8,10,12,2,9,4,1,0,0,1,1,4,0
2994,8,20230502,2,8,38,20:00,3,1,H,3,0,H,16,7,10,4,10,10,7,2,0,2,0,0,3,0,4,2
2995,8,20230503,18,12,42,20:00,1,0,H,1,0,H,15,9,3,3,10,8,7,5,0,0,0,0,3,0,1,1
2996,8,20230503,20,34,15,20:00,3,0,H,0,0,D,16,6,7,2,8,8,6,3,0,1,0,0,3,0,3,3
2997,8,20230504,5,21,4,20:00,1,0,H,0,0,D,22,16,6,5,10,14,8,6,4,4,0,0,3,0,1,1
2998,8,20230506,1,8,15,15:00,1,3,A,1,1,D,10,11,4,5,9,11,7,7,1,3,0,0,0,3,4,-2
2999,8,20230506,18,4,6,17:30,1,0,H,1,0,H,15,5,5,1,19,10,7,3,4,2,0,0,3,0,1,1
3000,8,20230506,20,16,3,15:00,2,1,H,2,0,H,18,4,6,2,3,16,10,1,0,3,0,0,3,0,3,1
3001,8,20230506,31,10,11,15:00,1,0,H,1,0,H,8,7,3,2,15,14,8,4,3,5,0,0,3,0,1,1
3002,8,20230506,35,3,42,15:00,1,0,H,1,0,H,6,16,2,3,20,9,5,6,3,3,0,0,3,0,1,1
3003,8,20230507,23,2,7,16:30,0,2,A,0,1,A,12,10,5,6,16,12,9,4,2,1,0,0,0,3,2,-2
3004,8,20230507,34,21,35,19:00,1,0,H,1,0,H,15,19,4,4,4,9,5,6,0,2,0,0,3,0,1,1
3005,8,20230508,5,11,44,17:30,1,5,A,0,3,A,23,10,5,5,11,13,15,1,1,5,0,0,0,3,6,-4
3006,8,20230508,12,17,38,15:00,5,3,H,3,0,H,17,18,7,9,13,15,2,7,0,3,0,0,3,0,8,2
3007,8,20230508,25,27,30,20:00,4,3,H,3,1,H,9,19,4,5,16,10,2,11,1,0,0,0,3,0,7,1
3008,8,20230513,3,31,35,15:00,2,1,H,1,0,H,8,5,4,2,9,14,8,3,3,3,0,0,3,0,3,1
3009,8,20230513,8,25,36,15:00,2,2,D,0,1,A,14,11,6,2,13,15,2,5,3,1,0,0,1,1,4,0
3010,8,20230513,10,1,31,15:00,2,0,H,1,0,H,17,5,5,0,5,12,11,2,0,2,0,0,3,0,2,2
3011,8,20230513,16,23,44,12:30,2,2,D,1,1,D,9,18,4,5,16,14,2,6,3,2,1,0,1,1,4,0
3012,8,20230513,21,35,15,15:00,2,0,H,1,0,H,27,5,9,0,9,9,11,7,3,2,0,0,3,0,2,2
3013,8,20230513,27,12,47,15:00,0,2,A,0,0,D,5,9,1,4,17,12,1,8,2,0,0,0,0,3,2,-2
3014,8,20230514,2,5,3,16:30,0,3,A,0,0,D,14,12,2,6,13,17,5,2,1,2,0,0,0,3,3,-3
3015,8,20230514,4,34,30,14:00,2,0,H,2,0,H,24,4,10,4,5,5,7,5,1,0,0,0,3,0,2,2
3016,8,20230514,11,20,6,14:00,0,3,A,0,2,A,7,9,3,4,12,4,8,6,1,0,0,0,0,3,3,-3
3017,8,20230515,17,18,8,20:00,0,3,A,0,2,A,4,16,4,5,11,17,4,4,2,1,0,0,0,3,3,-3
3018,8,20230518,23,5,38,19:30,4,1,H,2,0,H,22,8,9,2,17,16,6,1,2,4,0,0,3,0,5,3
3019,8,20230520,1,21,7,15:00,0,1,A,0,1,A,10,20,4,5,6,7,3,6,1,0,0,0,0,3,1,-1
3020,8,20230520,12,10,18,15:00,2,2,D,1,1,D,11,11,4,5,13,12,7,4,3,0,0,0,1,1,4,0
3021,8,20230520,18,3,15,15:00,1,1,D,0,1,A,10,6,5,3,16,13,9,4,3,5,0,0,1,1,2,0
3022,8,20230520,25,2,6,17:30,1,0,H,1,0,H,6,11,2,3,11,12,3,6,3,2,0,0,3,0,1,1
3023,8,20230520,31,4,16,12:30,1,3,A,1,0,H,22,11,8,4,11,9,8,2,1,1,0,0,0,3,4,-2
3024,8,20230520,35,11,10,15:00,1,1,D,1,0,H,13,19,5,4,18,10,1,7,5,1,0,0,1,1,2,0
3025,8,20230521,5,27,36,14:00,3,1,H,2,0,H,26,5,8,1,8,9,4,3,2,5,0,0,3,0,4,2
3026,8,20230521,20,8,30,16:00,1,0,H,1,0,H,15,13,2,6,12,9,5,2,0,2,0,0,3,0,1,1
3027,8,20230521,34,16,35,13:30,3,1,H,1,1,D,19,12,9,3,6,11,9,5,1,3,0,0,3,0,4,2
3028,8,20230522,23,17,4,20:00,0,0,D,0,0,D,23,1,4,1,9,5,12,1,2,0,0,0,1,1,0,0
3029,8,20230524,5,20,44,20:00,1,1,D,1,1,D,20,13,7,4,16,11,5,1,2,1,0,0,1,1,2,0
3030,8,20230525,21,8,42,20:00,4,1,H,2,0,H,18,14,9,5,12,6,3,4,1,1,0,0,3,0,5,3
3031,8,20230528,2,35,4,16:30,5,0,H,3,0,H,14,6,8,0,8,11,8,4,0,0,0,0,3,0,5,5
3032,8,20230528,3,5,10,16:30,2,1,H,2,1,H,12,8,5,4,15,16,4,3,4,4,0,0,3,0,3,1
3033,8,20230528,4,20,15,16:30,1,0,H,0,0,D,11,17,4,3,12,8,3,4,4,0,0,0,3,0,1,1
3034,8,20230528,8,23,16,16:30,1,1,D,1,1,D,22,13,5,4,9,11,10,3,0,0,0,0,1,1,2,0
3035,8,20230528,10,25,47,16:30,1,1,D,0,1,A,16,7,4,4,9,13,5,4,0,2,0,0,1,1,2,0
3036,8,20230528,11,1,42,16:30,1,0,H,0,0,D,13,7,6,2,11,12,9,3,1,3,0,0,3,0,1,1
3037,8,20230528,16,31,6,16:30,1,4,A,0,1,A,19,11,2,7,7,5,12,3,3,0,0,0,0,3,5,-3
3038,8,20230528,17,34,44,16:30,2,1,H,1,0,H,13,16,4,3,8,10,3,5,1,1,0,0,3,0,3,1
3039,8,20230528,21,12,38,16:30,2,1,H,1,1,D,21,10,8,3,14,10,5,4,1,2,0,0,3,0,3,1
3040,8,20230528,27,18,11,16:30,4,4,D,2,2,D,15,30,10,8,4,10,2,9,0,2,0,0,1,1,8,0
3041,9,20230811,6,20,8,20:00,0,3,A,0,2,A,6,17,1,8,11,8,6,5,0,0,1,0,0,3,3,-3
3042,9,20230812,1,34,35,15:00,1,1,D,0,0,D,14,16,5,3,9,14,10,4,1,4,0,0,1,1,2,0
3043,9,20230812,2,25,30,12:30,2,1,H,2,0,H,15,6,7,2,12,12,8,3,2,2,0,0,3,0,3,1
3044,9,20230812,5,19,10,15:00,4,1,H,1,0,H,27,9,12,3,11,12,6,7,2,2,0,0,3,0,5,3
3045,9,20230812,11,12,42,15:00,0,1,A,0,0,D,19,9,9,2,12,6,10,4,0,2,0,0,0,3,1,-1
3046,9,20230812,23,3,3,17:30,5,1,H,2,1,H,17,16,13,6,12,17,6,5,4,4,0,0,3,0,6,4
3047,9,20230812,26,10,15,15:00,0,1,A,0,0,D,8,24,1,8,18,11,5,5,3,0,0,0,0,3,1,-1
3048,9,20230813,4,31,38,14:00,2,2,D,2,2,D,11,18,6,6,12,13,3,6,1,4,0,0,1,1,4,0
3049,9,20230813,8,18,6,16:30,1,1,D,1,1,D,10,13,4,1,5,12,4,4,3,3,0,0,1,1,2,0
3050,9,20230814,21,35,44,20:00,1,0,H,0,0,D,15,23,3,6,14,10,8,7,2,3,0,0,3,0,1,1
3051,9,20230818,25,26,35,19:45,2,1,H,1,0,H,16,7,4,3,5,9,6,7,2,3,0,0,3,0,3,1
3052,9,20230819,12,4,9,15:00,0,3,A,0,1,A,10,17,2,8,13,12,5,5,2,2,1,0,0,3,3,-3
3053,9,20230819,18,1,47,15:00,3,1,H,2,1,H,26,13,10,5,11,13,10,2,1,3,1,0,3,0,4,2
3054,9,20230819,20,23,38,20:00,1,0,H,1,0,H,14,7,4,1,12,11,3,0,1,5,0,0,3,0,1,1
3055,9,20230819,31,21,30,17:30,2,0,H,0,0,D,17,22,6,6,9,8,5,6,1,3,0,0,3,0,2,2
3056,9,20230819,35,5,3,15:00,1,4,A,0,1,A,16,16,5,8,14,11,5,3,3,6,1,0,0,3,5,-3
3057,9,20230820,3,11,6,14:00,4,0,H,2,0,H,13,9,7,2,8,12,7,6,3,4,0,0,3,0,4,4
3058,9,20230820,34,8,15,16:30,3,1,H,1,1,D,12,17,6,4,12,9,3,9,2,3,1,0,3,0,4,2
3059,9,20230821,10,2,10,20:00,0,1,A,0,0,D,14,14,2,3,14,10,1,8,2,1,0,1,0,3,1,-1
3060,9,20230825,8,19,38,20:00,3,0,H,1,0,H,19,11,8,1,15,12,6,4,2,3,0,0,3,0,3,3
3061,9,20230826,1,31,50,12:30,0,2,A,0,1,A,11,17,3,6,18,11,6,2,1,3,0,0,0,3,2,-2
3062,9,20230826,2,12,36,15:00,2,2,D,0,1,A,19,8,11,3,6,5,8,3,0,3,0,1,1,1,4,0
3063,9,20230826,4,10,35,15:00,1,1,D,1,0,H,12,15,1,5,9,15,8,6,0,0,0,0,1,1,2,0
3064,9,20230826,5,34,6,17:30,1,3,A,0,1,A,25,12,10,3,10,9,17,4,1,3,0,0,0,3,4,-2
3065,9,20230826,11,35,8,15:00,0,1,A,0,0,D,15,11,7,2,10,14,7,0,3,4,0,0,0,3,1,-1
3066,9,20230826,21,25,42,15:00,3,2,H,1,2,A,18,9,9,4,13,11,11,3,4,4,0,1,3,0,5,1
3067,9,20230827,6,3,31,14:00,1,3,A,0,2,A,9,16,2,6,12,11,4,6,2,0,0,0,0,3,4,-2
3068,9,20230827,23,18,15,16:30,1,2,A,1,0,H,23,9,8,4,16,10,5,9,1,2,0,1,0,3,3,-1
3069,9,20230827,26,20,16,14:00,1,2,A,0,0,D,6,30,2,9,11,2,1,12,3,0,0,0,0,3,3,-1
3070,9,20230901,19,34,36,20:00,1,2,A,0,1,A,16,9,1,3,8,13,9,6,1,1,0,0,0,3,3,-1
3071,9,20230902,4,1,39,15:00,2,2,D,1,1,D,21,12,7,5,6,13,5,2,1,2,0,0,1,1,4,0
3072,9,20230902,5,23,42,17:30,3,1,H,1,0,H,15,9,6,2,14,17,5,3,4,4,0,0,3,0,4,2
3073,9,20230902,6,31,11,15:00,2,5,A,1,2,A,16,20,4,10,15,9,7,4,4,3,0,0,0,3,7,-3
3074,9,20230902,8,25,50,15:00,0,1,A,0,0,D,21,7,2,3,10,9,8,0,3,4,0,0,0,3,1,-1
3075,9,20230902,20,12,30,15:00,5,1,H,2,1,H,7,6,5,4,12,12,4,5,2,4,0,0,3,0,6,4
3076,9,20230902,26,11,3,12:30,2,2,D,2,1,H,13,16,8,6,11,13,4,6,1,2,0,0,1,1,4,0
3077,9,20230903,2,21,6,16:30,3,1,H,1,1,D,17,10,5,2,8,7,12,3,2,3,0,0,3,0,4,2
3078,9,20230903,10,35,38,14:00,3,2,H,0,0,D,16,12,11,4,12,12,4,2,1,3,0,0,3,0,5,1
3079,9,20230903,18,3,44,14:00,3,0,H,2,0,H,17,9,4,3,12,7,7,3,0,1,0,0,3,0,3,3
3080,9,20230916,3,10,11,15:00,3,1,H,0,0,D,16,6,5,3,13,9,4,2,5,3,0,0,3,0,4,2
3081,9,20230916,12,19,31,15:00,1,0,H,0,0,D,13,7,2,2,6,14,6,2,2,2,0,0,3,0,1,1
3082,9,20230916,21,5,16,15:00,1,3,A,0,1,A,14,10,4,8,8,9,8,1,2,2,0,0,0,3,4,-2
3083,9,20230916,23,4,8,17:30,1,0,H,0,0,D,9,11,2,2,8,12,8,3,3,5,0,0,3,0,1,1
3084,9,20230916,31,26,35,15:00,2,1,H,0,0,D,28,7,10,5,13,14,15,2,6,5,0,1,3,0,3,1
3085,9,20230916,34,20,3,15:00,1,3,A,1,0,H,6,29,3,15,7,11,4,11,3,2,0,0,0,3,4,-2
3086,9,20230916,35,18,30,12:30,1,3,A,1,0,H,11,16,2,6,10,4,4,4,1,3,0,0,0,3,4,-2
3087,9,20230917,1,8,10,14:00,0,0,D,0,0,D,13,14,4,6,15,20,1,7,1,5,0,0,1,1,0,0
3088,9,20230917,11,2,44,16:30,0,1,A,0,0,D,8,13,1,4,12,10,1,11,1,1,0,0,0,3,1,-1
3089,9,20230918,25,6,38,19:45,1,1,D,0,1,A,14,10,4,3,16,10,5,4,2,3,0,1,1,1,2,0
3090,9,20230923,4,11,30,17:30,1,3,A,1,1,D,12,18,2,6,9,12,1,4,2,2,0,0,0,3,4,-2
3091,9,20230923,6,21,48,20:00,0,1,A,0,1,A,12,11,4,4,6,12,9,5,1,2,0,0,0,3,1,-1
3092,9,20230923,10,12,36,15:00,0,0,D,0,0,D,7,10,3,5,10,15,3,2,3,2,0,0,1,1,0,0
3093,9,20230923,19,35,18,15:00,1,1,D,0,0,D,20,3,4,3,12,17,10,1,0,2,0,1,1,1,2,0
3094,9,20230923,20,25,6,15:00,2,0,H,2,0,H,7,10,4,3,5,17,6,6,3,7,1,0,3,0,2,2
3095,9,20230924,2,31,38,14:00,2,2,D,1,1,D,13,13,6,5,12,19,11,4,3,4,0,0,1,1,4,0
3096,9,20230924,5,1,15,14:00,3,1,H,1,1,D,13,12,4,4,12,17,4,4,3,3,0,0,3,0,4,2
3097,9,20230924,8,3,16,14:00,0,1,A,0,0,D,10,15,4,7,9,11,5,11,2,3,0,0,0,3,1,-1
3098,9,20230924,18,34,7,14:00,3,1,H,1,1,D,22,11,7,4,12,13,7,4,0,2,0,0,3,0,4,2
3099,9,20230924,26,23,42,16:30,0,8,A,0,3,A,9,22,1,15,12,8,2,6,3,0,0,0,0,3,8,-8
3100,9,20230930,1,2,31,15:00,0,4,A,0,2,A,8,15,1,8,11,10,6,6,0,1,0,0,0,3,4,-4
3101,9,20230930,3,5,3,12:30,6,1,H,3,0,H,19,11,9,3,19,21,1,3,4,4,0,0,3,0,7,5
3102,9,20230930,11,19,6,15:00,1,2,A,1,2,A,23,9,5,2,8,10,3,6,0,1,0,0,0,3,3,-1
3103,9,20230930,21,10,7,15:00,0,1,A,0,1,A,19,8,4,2,10,8,10,4,3,2,0,0,0,3,1,-1
3104,9,20230930,23,6,47,15:00,2,0,H,1,0,H,20,8,8,2,7,15,5,3,1,3,0,0,3,0,2,2
3105,9,20230930,31,18,44,17:30,2,1,H,1,1,D,24,12,8,4,11,17,12,5,5,4,0,2,3,0,3,1
3106,9,20230930,34,26,14,15:00,2,0,H,2,0,H,20,16,9,2,6,9,7,4,1,1,0,0,3,0,2,2
3107,9,20230930,35,20,8,15:00,2,1,H,1,0,H,3,23,1,8,18,12,0,6,5,4,0,0,3,0,3,1
3108,9,20231001,25,4,36,14:00,1,1,D,0,0,D,6,18,1,5,6,10,1,11,1,2,1,0,1,1,2,0
3109,9,20231002,12,8,50,20:00,0,2,A,0,2,A,10,11,3,4,15,12,8,1,1,4,0,0,0,3,2,-2
3110,9,20231003,19,6,35,19:30,1,2,A,0,1,A,18,14,3,4,14,6,7,6,4,2,0,0,0,3,3,-1
3111,9,20231007,6,8,42,15:00,1,4,A,1,1,D,10,9,3,5,11,8,7,3,2,4,0,0,0,3,5,-3
3112,9,20231007,10,25,8,17:30,0,0,D,0,0,D,8,16,2,5,7,12,3,7,0,1,0,0,1,1,0,0
3113,9,20231007,11,1,10,15:00,3,0,H,2,0,H,25,11,8,4,14,15,8,7,1,2,0,0,3,0,3,3
3114,9,20231007,12,26,43,15:00,3,1,H,0,0,D,20,5,6,2,8,10,9,4,1,2,0,0,3,0,4,2
3115,9,20231007,19,31,15,12:30,0,1,A,0,0,D,12,15,2,4,16,7,5,6,2,1,0,1,0,3,1,-1
3116,9,20231007,21,4,3,15:00,2,1,H,0,1,A,21,11,8,3,10,17,7,5,0,5,0,0,3,0,3,1
3117,9,20231008,2,20,30,16:30,1,0,H,0,0,D,12,4,2,1,8,7,5,4,2,3,0,0,3,0,1,1
3118,9,20231008,5,18,6,14:00,2,2,D,1,2,A,14,14,3,4,12,20,8,1,1,2,0,0,1,1,4,0
3119,9,20231008,34,23,35,14:00,2,2,D,1,0,H,5,10,3,3,11,18,4,2,3,3,0,0,1,1,4,0
3120,9,20231008,35,3,38,14:00,1,1,D,0,0,D,8,18,3,4,19,9,2,10,2,2,1,0,1,1,2,0
3121,9,20231021,1,35,36,15:00,1,2,A,1,0,H,7,20,4,7,15,10,3,12,2,6,1,0,0,3,3,-1
3122,9,20231021,4,6,18,15:00,3,0,H,1,0,H,23,6,10,1,14,12,5,5,5,2,0,1,3,0,3,3
3123,9,20231021,8,2,7,17:30,2,2,D,1,0,H,11,13,5,3,7,14,2,7,3,3,0,0,1,1,4,0
3124,9,20231021,18,11,8,12:30,2,0,H,0,0,D,26,6,6,1,9,9,12,4,1,1,0,1,3,0,2,2
3125,9,20231021,20,5,38,15:00,2,1,H,2,0,H,10,5,6,3,9,11,2,2,2,2,1,0,3,0,3,1
3126,9,20231021,23,10,50,15:00,4,0,H,3,0,H,10,17,7,3,7,12,6,8,2,3,0,0,3,0,4,4
3127,9,20231021,25,19,43,15:00,2,2,D,0,0,D,19,13,8,4,12,11,4,2,3,0,0,0,1,1,4,0
3128,9,20231021,26,21,30,20:00,1,2,A,1,1,D,12,14,6,5,12,10,5,4,3,1,0,0,0,3,3,-1
3129,9,20231022,3,34,10,16:30,4,1,H,1,0,H,15,14,7,4,9,15,8,7,0,1,0,0,3,0,5,3
3130,9,20231023,31,12,6,20:00,2,0,H,1,0,H,15,10,5,3,10,14,3,5,2,0,0,0,3,0,2,2
3131,9,20231027,10,31,3,20:00,1,2,A,0,0,D,13,10,3,1,19,11,11,2,2,1,0,0,0,3,3,-1
3132,9,20231028,1,6,43,15:00,2,1,H,1,1,D,13,6,6,3,9,12,10,5,2,3,0,0,3,0,3,1
3133,9,20231028,2,26,50,15:00,5,0,H,1,0,H,13,2,8,0,9,13,6,1,0,3,0,0,3,0,5,5
3134,9,20231028,8,4,44,12:30,0,2,A,0,0,D,17,7,2,5,12,7,10,1,1,4,0,0,0,3,2,-2
3135,9,20231028,35,23,6,17:30,2,2,D,1,2,A,11,13,6,5,13,15,8,7,1,4,0,0,1,1,4,0
3136,9,20231029,3,19,15,14:00,3,1,H,1,0,H,17,7,6,1,11,10,6,4,3,2,0,0,3,0,4,2
3137,9,20231029,5,12,31,14:00,1,1,D,1,0,H,18,10,7,5,12,8,7,3,0,3,0,0,1,1,2,0
3138,9,20231029,18,25,7,14:00,3,0,H,2,0,H,21,9,8,1,9,13,8,3,2,3,0,0,3,0,3,3
3139,9,20231029,21,20,36,15:30,0,3,A,0,1,A,7,21,3,10,9,4,7,12,4,1,0,0,0,3,3,-3
3140,9,20231029,34,11,42,13:00,0,1,A,0,0,D,12,10,2,4,7,11,4,3,4,1,0,0,0,3,1,-1
3141,9,20231104,4,34,47,15:00,3,2,H,1,2,A,16,12,4,2,12,14,4,3,1,4,0,0,3,0,5,1
3142,9,20231104,6,10,35,15:00,0,2,A,0,1,A,17,4,5,3,9,12,12,1,0,5,0,0,0,3,2,-2
3143,9,20231104,11,5,50,15:00,1,1,D,1,0,H,10,7,4,2,15,5,3,3,4,2,0,0,1,1,2,0
3144,9,20231104,12,21,15,12:30,0,1,A,0,0,D,18,12,3,5,9,15,9,4,5,2,0,0,0,3,1,-1
3145,9,20231104,20,1,8,15:00,6,1,H,3,0,H,21,5,8,1,8,9,12,1,0,1,0,0,3,0,7,5
3146,9,20231104,23,2,42,17:30,1,0,H,0,0,D,9,14,2,1,14,9,0,11,5,1,0,0,3,0,1,1
3147,9,20231104,26,35,38,15:00,2,1,H,0,0,D,11,10,2,3,13,10,4,4,2,3,0,0,3,0,3,1
3148,9,20231105,19,18,3,16:30,1,1,D,0,0,D,8,24,5,6,7,13,4,7,1,1,0,0,1,1,2,0
3149,9,20231105,25,3,16,14:00,2,0,H,1,0,H,5,13,3,3,6,9,0,10,1,1,0,0,3,0,2,2
3150,9,20231106,31,8,30,20:00,1,4,A,1,1,D,8,17,5,8,12,21,1,6,1,5,2,0,0,3,5,-3
3151,9,20231111,1,23,7,17:30,2,0,H,0,0,D,19,8,10,5,10,4,6,5,2,1,0,0,3,0,2,2
3152,9,20231111,2,6,30,15:00,3,1,H,1,0,H,16,8,6,5,8,9,3,3,0,1,1,0,3,0,4,2
3153,9,20231111,10,11,43,15:00,2,3,A,1,1,D,13,8,4,4,9,18,9,2,1,4,0,0,0,3,5,-1
3154,9,20231111,21,19,14,15:00,1,0,H,0,0,D,15,10,4,4,9,11,11,3,0,2,0,0,3,0,1,1
3155,9,20231111,35,31,50,12:30,2,1,H,0,1,A,17,6,4,2,19,15,11,3,4,3,0,0,3,0,3,1
3156,9,20231112,3,12,44,14:00,3,1,H,2,0,H,12,9,6,5,4,17,2,2,2,5,0,0,3,0,4,2
3157,9,20231112,5,26,15,14:00,1,1,D,1,0,H,11,9,6,1,13,16,6,3,3,2,1,0,1,1,2,0
3158,9,20231112,8,20,6,16:30,4,4,D,2,2,D,17,15,9,10,12,15,3,3,5,3,0,0,1,1,8,0
3159,9,20231112,18,4,36,14:00,3,0,H,1,0,H,17,16,10,3,16,12,6,8,1,2,0,0,3,0,3,3
3160,9,20231112,34,25,31,14:00,3,2,H,1,1,D,16,10,6,5,9,12,9,4,2,2,0,0,3,0,5,1
3161,9,20231125,4,2,50,17:30,0,1,A,0,0,D,9,15,3,4,9,7,1,8,1,1,0,0,0,3,1,-1
3162,9,20231125,6,34,43,15:00,1,2,A,0,0,D,11,11,5,3,11,7,4,5,1,3,0,0,0,3,3,-1
3163,9,20231125,19,10,16,15:00,2,1,H,0,0,D,8,16,3,8,15,12,4,5,6,1,0,0,3,0,3,1
3164,9,20231125,20,18,7,12:30,1,1,D,1,0,H,16,8,5,3,9,11,9,6,1,3,0,0,1,1,2,0
3165,9,20231125,23,8,44,15:00,4,1,H,1,1,D,14,7,5,4,13,19,4,2,4,4,0,1,3,0,5,3
3166,9,20231125,25,5,6,15:00,2,3,A,1,2,A,18,11,5,5,12,7,6,4,2,4,0,1,0,3,5,-1
3167,9,20231125,26,1,3,15:00,1,3,A,0,2,A,10,23,2,11,6,8,4,7,4,1,0,0,0,3,4,-2
3168,9,20231126,11,21,15,16:30,0,3,A,0,1,A,24,9,6,4,10,8,6,5,3,0,0,0,0,3,3,-3
3169,9,20231126,31,3,38,14:00,1,2,A,1,1,D,18,15,8,5,11,13,9,3,0,4,0,0,0,3,3,-1
3170,9,20231127,12,35,31,20:00,3,2,H,1,1,D,12,10,6,6,13,13,6,2,2,2,0,0,3,0,5,1
3171,9,20231202,2,35,35,15:00,2,1,H,2,0,H,19,6,6,3,10,10,4,0,1,2,0,0,3,0,3,1
3172,9,20231202,4,19,6,15:00,3,1,H,0,0,D,27,7,6,1,10,8,7,5,1,2,0,0,3,0,4,2
3173,9,20231202,6,26,7,15:00,5,0,H,2,0,H,19,6,7,3,9,12,6,1,2,5,0,1,3,0,5,5
3174,9,20231202,23,21,38,20:00,1,0,H,0,0,D,22,8,4,1,6,13,7,3,1,2,0,0,3,0,1,1
3175,9,20231202,25,11,36,17:30,0,1,A,0,0,D,13,12,2,3,15,14,4,3,1,0,0,0,0,3,1,-1
3176,9,20231203,1,3,47,14:00,2,2,D,1,1,D,15,11,7,3,16,12,7,7,5,3,0,0,1,1,4,0
3177,9,20231203,8,5,8,14:00,3,2,H,2,1,H,8,18,5,9,16,12,5,8,3,5,1,0,3,0,5,1
3178,9,20231203,18,12,42,14:00,4,3,H,2,2,D,26,9,12,5,6,7,3,4,0,0,0,0,3,0,7,1
3179,9,20231203,20,31,44,16:30,3,3,D,2,1,H,18,8,4,4,14,14,10,8,4,4,0,0,1,1,6,0
3180,9,20231203,34,10,30,14:00,1,1,D,1,0,H,9,9,3,2,17,7,2,3,2,0,0,0,1,1,2,0
3181,9,20231205,19,2,43,20:15,3,4,A,1,2,A,6,23,4,9,14,7,3,8,2,1,0,0,0,3,7,-1
3182,9,20231205,35,6,16,19:30,1,0,H,1,0,H,7,12,4,3,11,15,6,8,2,4,0,0,3,0,1,1
3183,9,20231206,3,20,15,20:15,1,0,H,0,0,D,22,2,7,2,13,13,6,0,2,2,0,0,3,0,1,1
3184,9,20231206,5,4,35,19:30,2,1,H,1,1,D,18,8,7,2,10,8,7,3,3,1,0,0,3,0,3,1
3185,9,20231206,10,1,8,19:30,0,2,A,0,1,A,16,11,3,4,10,17,3,9,1,3,0,0,0,3,2,-2
3186,9,20231206,12,25,18,19:30,5,0,H,2,0,H,14,4,6,1,7,10,6,1,0,1,0,0,3,0,5,5
3187,9,20231206,21,8,7,20:15,2,1,H,1,1,D,28,13,9,3,12,12,12,4,4,0,0,0,3,0,3,1
3188,9,20231206,26,18,44,19:30,0,2,A,0,1,A,6,15,1,8,12,8,2,12,2,3,0,0,0,3,2,-2
3189,9,20231207,11,23,50,19:30,3,0,H,0,0,D,21,13,6,3,18,8,5,2,3,0,0,0,3,0,3,3
3190,9,20231207,31,34,31,20:15,1,2,A,1,0,H,23,11,7,5,11,12,8,4,3,3,0,0,0,3,3,-1
3191,9,20231209,3,2,16,17:30,1,0,H,1,0,H,10,12,3,5,16,11,3,3,4,2,0,0,3,0,1,1
3192,9,20231209,5,6,44,15:00,1,1,D,0,1,A,29,6,11,3,5,8,9,1,0,4,0,0,1,1,2,0
3193,9,20231209,10,18,3,12:30,1,2,A,0,0,D,8,14,4,2,17,17,6,5,5,2,1,0,0,3,3,-1
3194,9,20231209,21,1,35,15:00,0,3,A,0,1,A,20,10,3,4,7,10,10,4,3,1,0,0,0,3,3,-3
3195,9,20231209,26,4,42,15:00,1,0,H,1,0,H,9,10,4,4,14,13,3,4,5,1,0,0,3,0,1,1
3196,9,20231209,35,25,43,15:00,1,1,D,1,1,D,10,8,4,2,9,11,4,3,0,1,0,0,1,1,2,0
3197,9,20231210,11,8,30,14:00,2,0,H,0,0,D,9,16,5,4,12,12,4,8,2,2,0,0,3,0,2,2
3198,9,20231210,12,34,36,14:00,5,0,H,3,0,H,14,9,8,5,5,10,3,6,2,1,0,0,3,0,5,5
3199,9,20231210,19,20,50,14:00,1,2,A,1,0,H,4,18,2,6,16,6,6,3,2,1,0,0,0,3,3,-1
3200,9,20231210,31,23,7,16:30,4,1,H,2,0,H,23,9,12,3,10,12,3,6,1,3,0,0,3,0,5,3
3201,9,20231215,25,31,16,20:00,0,2,A,0,1,A,15,12,1,6,16,11,6,4,2,4,0,1,0,3,2,-2
3202,9,20231216,6,11,6,17:30,0,2,A,0,2,A,14,9,2,6,9,8,8,6,0,1,0,0,0,3,2,-2
3203,9,20231216,8,26,3,15:00,2,0,H,0,0,D,15,6,6,1,9,14,7,6,1,3,0,0,3,0,2,2
3204,9,20231216,20,10,36,15:00,2,2,D,1,0,H,19,5,9,2,12,9,6,1,1,1,0,0,1,1,4,0
3205,9,20231216,23,12,43,15:00,3,0,H,0,0,D,27,6,10,4,7,12,5,1,0,2,0,1,3,0,3,3
3206,9,20231217,2,5,50,14:00,2,0,H,0,0,D,26,6,9,1,11,9,10,1,1,3,0,0,3,0,2,2
3207,9,20231217,4,3,10,14:00,1,2,A,1,0,H,4,15,3,5,19,6,7,12,6,4,1,1,0,3,3,-1
3208,9,20231217,18,21,30,16:30,0,0,D,0,0,D,34,6,8,1,13,8,12,0,2,4,0,1,1,1,0,0
3209,9,20231217,34,35,7,14:00,3,0,H,2,0,H,13,14,4,3,12,15,6,6,3,1,0,0,3,0,3,3
3210,9,20231221,10,5,15,20:00,1,1,D,1,0,H,11,18,3,6,12,11,3,1,5,2,0,0,1,1,2,0
3211,9,20231222,3,26,6,20:00,1,1,D,0,0,D,12,5,4,2,11,16,9,1,3,3,0,0,1,1,2,0
3212,9,20231223,12,6,40,15:00,0,2,A,0,0,D,19,7,5,2,5,17,8,6,2,1,0,0,0,3,2,-2
3213,9,20231223,18,2,7,17:30,1,1,D,1,1,D,13,13,3,2,13,14,4,5,2,5,0,0,1,1,2,0
3214,9,20231223,19,23,11,15:00,1,0,H,1,0,H,16,15,5,2,11,5,6,7,2,1,0,0,3,0,1,1
3215,9,20231223,25,1,38,15:00,2,3,A,0,0,D,11,18,5,7,10,10,6,6,0,3,1,0,0,3,5,-1
3216,9,20231223,31,11,42,15:00,2,1,H,2,0,H,13,18,6,8,6,18,3,8,1,4,0,0,3,0,3,1
3217,9,20231223,34,21,44,12:30,2,0,H,0,0,D,12,11,5,3,13,15,4,4,2,3,0,0,3,0,2,2
3218,9,20231224,35,8,10,13:00,2,1,H,0,0,D,14,16,6,5,11,9,10,6,3,5,0,0,3,0,3,1
3219,9,20231226,1,12,50,15:00,3,0,H,1,0,H,16,8,4,3,10,10,6,5,0,2,0,0,3,0,3,3
3220,9,20231226,6,18,36,17:30,0,2,A,0,1,A,9,19,0,10,7,10,4,4,2,1,0,0,0,3,2,-2
3221,9,20231226,21,3,8,20:00,3,2,H,0,2,A,13,10,7,4,10,10,3,6,1,3,0,0,3,0,5,1
3222,9,20231226,23,25,7,12:30,1,3,A,1,1,D,19,15,7,6,10,11,10,2,3,3,0,0,0,3,4,-2
3223,9,20231226,26,19,41,15:00,2,3,A,0,1,A,21,12,6,4,13,13,9,4,5,0,0,0,0,3,5,-1
3224,9,20231227,4,35,3,19:30,1,4,A,1,3,A,14,11,4,5,5,14,8,2,1,1,0,0,0,3,5,-3
3225,9,20231227,8,10,31,19:30,2,1,H,1,1,D,9,13,4,5,13,16,4,3,3,2,0,0,3,0,3,1
3226,9,20231227,11,20,15,20:15,1,3,A,1,0,H,7,23,2,9,13,5,8,4,4,2,0,0,0,3,4,-2
3227,9,20231228,2,34,30,20:15,0,2,A,0,1,A,30,6,8,3,8,8,10,3,2,0,0,0,0,3,2,-2
3228,9,20231228,5,31,16,19:30,4,2,H,2,0,H,15,19,9,3,18,6,7,6,3,2,0,0,3,0,6,2
3229,9,20231230,3,6,42,15:00,3,2,H,2,1,H,19,9,7,5,9,14,6,2,4,1,0,1,3,0,5,1
3230,9,20231230,10,4,38,15:00,3,1,H,2,1,H,13,9,6,4,14,10,7,4,0,1,0,0,3,0,4,2
3231,9,20231230,19,8,36,12:30,2,3,A,0,2,A,15,12,6,8,14,21,7,2,2,2,0,0,0,3,5,-1
3232,9,20231230,20,26,10,15:00,2,0,H,1,0,H,18,4,4,2,5,6,12,2,1,1,0,0,3,0,2,2
3233,9,20231230,25,21,50,17:30,2,1,H,0,0,D,8,10,2,5,9,11,4,5,2,4,0,0,3,0,3,1
3234,9,20231230,35,11,47,15:00,3,0,H,1,0,H,12,10,6,0,9,14,5,2,2,3,0,0,3,0,3,3
3235,9,20231231,12,2,18,14:00,2,1,H,1,1,D,15,13,4,3,11,10,5,4,4,1,0,0,3,0,3,1
3236,9,20231231,31,1,44,14:00,3,1,H,1,0,H,12,24,6,4,9,18,4,13,3,3,0,0,3,0,4,2
3237,9,20240101,18,23,6,20:00,4,2,H,0,0,D,34,5,15,3,16,15,7,3,3,5,0,0,3,0,6,2
3238,9,20240102,34,5,43,19:30,0,0,D,0,0,D,6,22,2,8,4,6,2,0,1,0,0,0,1,1,0,0
3239,9,20240112,6,19,48,19:45,1,1,D,1,0,H,13,14,7,5,7,12,2,8,1,0,0,0,1,1,2,0
3240,9,20240113,8,12,6,12:30,1,0,H,1,0,H,17,14,3,4,13,9,6,4,5,1,0,0,3,0,1,1
3241,9,20240113,23,20,7,17:30,2,3,A,2,1,H,12,27,5,11,7,7,3,13,1,2,0,0,0,3,5,-1
3242,9,20240114,11,3,10,14:00,0,0,D,0,0,D,10,16,2,5,13,14,4,5,1,4,0,0,1,1,0,0
3243,9,20240114,21,31,15,16:30,2,2,D,2,1,H,9,16,2,6,8,5,8,13,2,1,0,0,1,1,4,0
3244,9,20240120,2,10,36,12:30,5,0,H,2,0,H,21,12,6,5,8,12,6,7,0,0,0,0,3,0,5,5
3245,9,20240120,4,25,11,17:30,3,2,H,1,1,D,11,12,5,3,10,14,6,4,1,3,0,0,3,0,5,1
3246,9,20240121,1,18,3,16:30,0,4,A,0,0,D,11,14,1,7,9,12,8,5,1,2,0,0,0,3,4,-4
3247,9,20240121,26,34,31,14:00,2,2,D,1,1,D,21,16,6,5,11,10,4,1,3,1,1,1,1,1,4,0
3248,9,20240122,5,35,8,19:45,0,0,D,0,0,D,11,8,4,3,10,13,8,2,1,4,0,0,1,1,0,0
3249,9,20240130,3,23,15,20:15,1,3,A,0,2,A,12,14,6,5,14,12,8,7,4,1,0,0,0,3,4,-2
3250,9,20240130,10,26,48,20:00,3,2,H,2,2,D,12,9,4,5,8,18,11,1,1,4,0,0,3,0,5,1
3251,9,20240130,12,11,47,19:45,0,0,D,0,0,D,25,21,6,4,6,13,15,6,1,2,0,0,1,1,0,0
3252,9,20240130,19,5,38,19:45,4,0,H,3,0,H,18,9,8,2,13,14,7,4,2,2,0,0,3,0,4,4
3253,9,20240130,25,2,44,19:30,1,2,A,0,0,D,9,19,3,3,6,7,2,11,0,1,0,0,0,3,3,-1
3254,9,20240131,18,8,36,20:15,4,1,H,2,0,H,28,4,13,3,15,16,8,1,2,4,0,0,3,0,5,3
3255,9,20240131,20,6,43,19:30,3,1,H,2,0,H,14,8,4,3,3,13,7,3,2,2,0,0,3,0,4,2
3256,9,20240131,31,4,10,19:30,3,2,H,0,1,A,19,9,5,5,13,15,5,3,2,3,0,0,3,0,5,1
3257,9,20240201,34,1,50,19:30,1,1,D,0,1,A,9,9,3,4,13,11,1,5,1,3,0,0,1,1,2,0
3258,9,20240201,35,21,16,20:15,3,4,A,0,2,A,16,21,7,8,10,10,4,5,2,5,0,0,0,3,7,-1
3259,9,20240203,5,10,44,15:00,4,1,H,3,0,H,13,7,6,5,8,14,3,2,1,3,0,0,3,0,5,3
3260,9,20240203,6,12,9,15:00,2,2,D,0,2,A,12,15,4,7,11,7,2,13,2,2,0,0,1,1,4,0
3261,9,20240203,11,31,30,12:30,2,2,D,1,2,A,14,9,5,6,8,14,9,5,3,0,0,0,1,1,4,0
3262,9,20240203,23,19,47,15:00,4,4,D,2,2,D,19,11,6,8,13,16,8,2,2,2,0,0,1,1,8,0
3263,9,20240203,26,3,36,17:30,0,5,A,0,4,A,10,14,5,10,10,7,3,4,1,0,0,0,0,3,5,-5
3264,9,20240204,1,25,40,14:00,1,1,D,1,1,D,9,8,2,6,19,12,11,6,3,2,1,0,1,1,2,0
3265,9,20240204,2,18,6,16:30,3,1,H,1,1,D,15,10,7,1,11,11,2,4,6,2,0,1,3,0,4,2
3266,9,20240204,8,35,50,14:00,2,4,A,1,2,A,15,14,6,7,15,11,10,1,3,2,0,0,0,3,6,-2
3267,9,20240204,21,34,3,14:00,3,0,H,1,0,H,12,22,5,3,10,5,5,8,0,1,0,0,3,0,3,3
3268,9,20240205,4,20,16,20:00,1,3,A,1,1,D,9,25,3,15,2,4,8,13,1,0,0,0,0,3,4,-2
3269,9,20240210,12,1,11,15:00,3,1,H,2,0,H,7,25,6,4,11,11,1,14,1,2,0,0,3,0,4,2
3270,9,20240210,18,6,50,15:00,3,1,H,1,1,D,25,9,10,4,11,13,9,3,3,2,0,0,3,0,4,2
3271,9,20240210,19,26,7,15:00,1,3,A,0,2,A,20,7,5,3,7,12,13,1,1,2,0,0,0,3,4,-2
3272,9,20240210,20,11,15,12:30,2,0,H,0,0,D,19,5,3,1,6,11,9,0,0,2,0,0,3,0,2,2
3273,9,20240210,25,23,6,17:30,2,3,A,2,2,D,13,7,3,5,9,6,4,4,1,2,0,0,0,3,5,-1
3274,9,20240210,31,5,43,15:00,2,1,H,0,1,A,16,6,6,3,14,13,9,6,2,3,0,0,3,0,3,1
3275,9,20240210,35,4,44,15:00,0,2,A,0,1,A,17,9,5,6,11,9,7,4,2,3,0,0,0,3,2,-2
3276,9,20240211,3,21,38,16:30,1,2,A,0,1,A,23,17,10,5,9,7,10,8,3,2,0,0,0,3,3,-1
3277,9,20240211,34,2,8,14:00,0,6,A,0,4,A,5,25,1,12,17,11,2,6,4,0,0,0,0,3,6,-6
3278,9,20240212,10,8,30,20:00,1,3,A,1,0,H,13,14,4,5,14,7,1,7,2,2,0,0,0,3,4,-2
3279,9,20240217,4,18,30,12:30,1,4,A,0,1,A,15,15,6,8,4,18,1,6,2,1,0,0,0,3,5,-3
3280,9,20240217,6,2,16,15:00,0,5,A,0,2,A,8,16,0,7,11,8,4,6,2,1,0,0,0,3,5,-5
3281,9,20240217,12,3,24,15:00,1,2,A,0,1,A,15,12,4,3,11,6,4,4,5,2,0,0,0,3,3,-1
3282,9,20240217,20,8,3,17:30,1,1,D,0,1,A,31,9,5,6,7,12,12,1,1,3,0,0,1,1,2,0
3283,9,20240217,23,1,31,15:00,2,2,D,0,0,D,17,12,5,7,9,22,4,2,1,3,0,0,1,1,4,0
3284,9,20240217,25,34,47,15:00,2,0,H,1,0,H,19,10,8,3,13,15,5,3,4,4,0,1,3,0,2,2
3285,9,20240217,31,35,6,15:00,1,2,A,0,1,A,15,12,4,7,8,13,10,4,0,1,0,0,0,3,3,-1
3286,9,20240218,19,21,10,16:30,1,2,A,1,2,A,22,21,4,9,7,21,8,6,3,5,0,0,0,3,3,-1
3287,9,20240218,26,5,42,14:00,0,5,A,0,2,A,6,24,1,10,3,5,5,10,1,4,1,0,0,3,5,-5
3288,9,20240219,11,10,36,20:00,1,1,D,0,0,D,19,10,4,4,8,12,3,6,0,2,0,0,1,1,2,0
3289,9,20240220,20,4,11,19:30,1,0,H,0,0,D,25,6,11,2,12,6,10,1,2,4,0,0,3,0,1,1
3290,9,20240221,18,19,3,19:30,4,1,H,0,1,A,29,12,13,3,15,14,13,4,1,4,0,0,3,0,5,3
3291,9,20240224,1,20,16,17:30,0,1,A,0,1,A,13,15,4,6,14,6,3,8,2,2,0,0,0,3,1,-1
3292,9,20240224,2,23,36,20:00,4,1,H,2,0,H,18,3,8,2,15,6,9,0,1,0,0,0,3,0,5,3
3293,9,20240224,3,25,43,15:00,4,2,H,3,1,H,16,10,6,3,7,16,7,2,1,2,0,0,3,0,6,2
3294,9,20240224,5,11,48,15:00,1,1,D,0,0,D,23,6,7,3,9,14,11,3,2,3,1,0,1,1,2,0
3295,9,20240224,10,6,24,15:00,3,0,H,0,0,D,15,2,6,0,8,13,12,3,3,1,0,1,3,0,3,3
3296,9,20240224,21,12,30,15:00,1,2,A,0,0,D,21,17,9,5,6,11,10,9,2,5,0,0,0,3,3,-1
3297,9,20240225,35,26,9,13:30,1,0,H,1,0,H,13,12,2,4,8,4,5,6,2,1,0,0,3,0,1,1
3298,9,20240226,34,4,44,20:00,4,2,H,2,1,H,17,14,6,8,5,9,1,7,1,2,0,0,3,0,6,2
3299,9,20240302,4,8,16,15:00,2,2,D,0,1,A,14,17,5,6,10,9,0,6,3,1,0,0,1,1,4,0
3300,9,20240302,11,34,8,15:00,1,3,A,0,0,D,22,12,11,5,9,6,4,5,1,2,0,0,0,3,4,-2
3301,9,20240302,12,5,44,15:00,3,0,H,2,0,H,12,15,5,5,16,10,2,6,1,2,0,0,3,0,3,3
3302,9,20240302,19,3,30,17:30,2,3,A,0,2,A,13,12,5,8,8,19,8,6,1,4,0,0,0,3,5,-1
3303,9,20240302,23,35,50,15:00,3,0,H,2,0,H,14,12,7,3,8,11,3,5,0,1,0,0,3,0,3,3
3304,9,20240302,25,18,36,15:00,0,1,A,0,0,D,8,22,2,2,11,12,3,12,2,2,0,0,0,3,1,-1
3305,9,20240302,31,10,15,15:00,3,1,H,0,0,D,14,4,6,1,7,16,11,1,1,2,0,0,3,0,4,2
3306,9,20240303,6,1,10,13:00,0,2,A,0,1,A,20,10,6,3,8,13,7,2,2,4,0,0,0,3,2,-2
3307,9,20240303,20,21,3,15:30,3,1,H,0,1,A,27,3,8,1,5,10,15,2,0,1,0,0,3,0,4,2
3308,9,20240304,26,2,43,20:00,0,6,A,0,5,A,4,22,0,10,11,4,0,7,1,0,0,0,0,3,6,-6
3309,9,20240309,1,26,6,15:00,2,2,D,0,1,A,32,13,12,9,12,11,10,3,3,5,0,0,1,1,4,0
3310,9,20240309,2,4,38,17:30,2,1,H,1,1,D,17,9,6,4,9,10,10,4,2,4,0,0,3,0,3,1
3311,9,20240309,10,19,46,15:00,1,1,D,1,0,H,21,8,4,2,20,11,8,6,2,3,0,0,1,1,2,0
3312,9,20240309,21,11,44,12:30,2,0,H,2,0,H,15,23,8,6,13,11,5,8,1,2,0,0,3,0,2,2
3313,9,20240309,35,12,48,15:00,2,1,H,0,0,D,8,23,3,6,7,11,3,4,2,2,0,0,3,0,3,1
3314,9,20240310,3,31,7,13:00,0,4,A,0,0,D,10,9,1,5,11,15,6,4,0,2,1,0,0,3,4,-4
3315,9,20240310,5,25,31,14:00,1,0,H,1,0,H,10,9,3,4,14,14,6,3,4,4,0,0,3,0,1,1
3316,9,20240310,18,20,30,15:45,1,1,D,0,1,A,19,10,6,6,6,10,7,4,0,3,0,0,1,1,2,0
3317,9,20240310,34,6,11,14:00,2,2,D,0,2,A,22,11,4,4,11,18,4,4,2,4,0,0,1,1,4,0
3318,9,20240311,8,23,15,20:00,3,2,H,1,1,D,12,11,8,3,12,7,0,4,3,1,0,0,3,0,5,1
3319,9,20240313,1,19,41,19:30,4,3,H,0,3,A,24,8,10,4,16,11,11,3,1,2,0,0,3,0,7,1
3320,9,20240316,6,4,9,15:00,2,1,H,1,0,H,17,9,6,5,14,17,5,4,2,4,0,1,3,0,3,1
3321,9,20240316,12,31,38,17:30,3,0,H,1,0,H,16,14,7,5,9,10,4,5,2,3,0,0,3,0,3,3
3322,9,20240316,19,25,11,15:00,1,1,D,0,1,A,10,16,4,6,10,17,6,7,1,2,0,0,1,1,2,0
3323,9,20240317,34,3,16,14:00,1,1,D,1,0,H,13,13,5,5,13,12,7,11,3,3,0,0,1,1,2,0
3324,9,20240330,1,11,43,15:00,2,1,H,0,0,D,11,7,4,3,14,11,9,8,1,2,0,0,3,0,3,1
3325,9,20240330,3,35,36,17:30,2,0,H,1,0,H,11,13,5,3,11,19,5,4,3,4,0,0,3,0,2,2
3326,9,20240330,4,21,44,20:00,1,1,D,0,0,D,31,11,5,5,7,14,14,4,2,2,0,0,1,1,2,0
3327,9,20240330,8,6,11,15:00,2,2,D,1,0,H,33,18,13,7,12,7,12,4,2,2,0,1,1,1,4,0
3328,9,20240330,23,34,38,12:30,4,3,H,1,2,A,24,10,9,4,9,8,3,4,1,1,1,0,3,0,7,1
3329,9,20240330,25,10,7,15:00,1,1,D,0,1,A,12,10,5,3,14,12,4,6,1,1,0,0,1,1,2,0
3330,9,20240330,26,12,50,15:00,3,3,D,0,0,D,8,24,4,9,10,13,2,15,4,1,0,0,1,1,6,0
3331,9,20240330,31,19,16,15:00,2,1,H,0,1,A,17,7,4,3,16,14,3,6,2,4,0,0,3,0,3,1
3332,9,20240331,18,5,10,14:00,2,1,H,1,1,D,30,9,8,3,20,6,8,4,5,3,0,0,3,0,3,1
3333,9,20240331,20,2,6,16:30,0,0,D,0,0,D,12,6,1,2,9,20,7,4,0,2,0,0,1,1,0,0
3334,9,20240402,1,10,14,19:45,1,0,H,0,0,D,11,3,6,2,13,14,9,2,3,2,0,0,3,0,1,1
3335,9,20240402,6,35,47,19:45,1,1,D,1,1,D,13,8,6,2,10,12,7,4,0,2,0,0,1,1,2,0
3336,9,20240402,23,11,48,19:30,1,1,D,1,0,H,18,10,6,3,9,14,7,3,0,3,0,0,1,1,2,0
3337,9,20240402,25,12,30,19:30,3,1,H,3,0,H,16,18,4,3,7,8,3,8,0,0,0,0,3,0,4,2
3338,9,20240402,34,31,15,20:15,1,1,D,1,1,D,11,13,4,4,13,9,9,5,1,4,0,0,1,1,2,0
3339,9,20240403,2,19,8,19:30,2,0,H,2,0,H,13,5,4,1,12,8,3,1,1,1,0,0,3,0,2,2
3340,9,20240403,4,5,3,19:30,0,0,D,0,0,D,5,24,2,6,9,12,1,5,1,1,0,0,1,1,0,0
3341,9,20240403,20,3,11,20:15,4,1,H,2,1,H,25,8,11,3,6,13,2,3,1,2,0,0,3,0,5,3
3342,9,20240404,8,21,16,20:15,4,3,H,2,2,D,28,19,10,5,7,15,12,3,3,0,0,0,3,0,7,1
3343,9,20240404,18,26,42,19:30,3,1,H,1,0,H,29,8,9,3,6,9,13,1,0,1,0,0,3,0,4,2
3344,9,20240406,3,4,31,15:00,3,3,D,1,0,H,11,8,3,3,15,11,11,3,2,2,0,0,1,1,6,0
3345,9,20240406,5,2,15,17:30,0,3,A,0,1,A,10,20,2,7,14,13,8,7,1,2,0,0,0,3,3,-3
3346,9,20240406,10,20,36,12:30,2,4,A,1,1,D,7,18,4,8,13,3,2,9,1,1,0,0,0,3,6,-2
3347,9,20240406,11,6,30,15:00,1,0,H,1,0,H,12,6,3,1,11,13,3,5,2,1,0,1,3,0,1,1
3348,9,20240406,12,23,41,15:00,0,1,A,0,0,D,14,12,4,5,10,13,14,3,1,2,0,0,0,3,1,-1
3349,9,20240406,19,1,3,15:00,2,1,H,0,0,D,19,8,9,1,7,14,7,2,0,0,0,0,3,0,3,1
3350,9,20240406,35,34,48,15:00,1,2,A,1,0,H,14,11,7,4,15,7,4,4,5,2,0,0,0,3,3,-1
3351,9,20240407,21,18,6,15:30,2,2,D,0,1,A,9,28,5,7,9,10,6,11,5,2,0,0,1,1,4,0
3352,9,20240407,26,8,38,17:30,2,2,D,1,1,D,11,6,6,3,12,10,7,6,4,2,0,0,1,1,4,0
3353,9,20240407,31,25,44,18:00,3,1,H,1,1,D,17,13,7,6,11,12,12,2,2,3,0,0,3,0,4,2
3354,9,20240413,1,21,48,17:30,2,2,D,2,1,H,20,8,5,2,13,14,7,2,4,0,0,0,1,1,4,0
3355,9,20240413,4,26,43,15:00,2,0,H,0,0,D,9,8,5,2,8,11,3,6,3,1,0,0,3,0,2,2
3356,9,20240413,6,5,44,15:00,1,1,D,0,0,D,11,20,3,8,18,8,4,5,1,2,0,0,1,1,2,0
3357,9,20240413,20,19,15,15:00,5,1,H,1,0,H,33,4,13,2,7,6,12,1,1,0,0,0,3,0,6,4
3358,9,20240413,23,31,50,12:30,4,0,H,2,0,H,18,11,5,2,14,12,16,3,0,4,0,0,3,0,4,4
3359,9,20240413,25,35,8,15:00,2,2,D,1,1,D,18,11,9,4,15,10,10,1,2,3,0,0,1,1,4,0
3360,9,20240414,2,3,10,16:30,0,2,A,0,0,D,18,11,4,2,12,7,4,6,3,1,0,0,0,3,2,-2
3361,9,20240414,18,10,7,14:00,0,1,A,0,1,A,21,8,6,5,10,10,11,1,1,1,0,0,0,3,1,-1
3362,9,20240414,34,12,42,14:00,0,2,A,0,1,A,15,18,4,10,6,13,8,3,1,2,0,0,0,3,2,-2
3363,9,20240415,8,11,36,20:00,6,0,H,4,0,H,14,10,10,2,5,21,4,8,1,4,0,0,3,0,6,6
3364,9,20240420,19,4,16,15:00,1,5,A,0,2,A,6,21,3,9,13,9,4,9,1,2,0,0,0,3,6,-4
3365,9,20240420,26,6,3,15:00,1,4,A,0,2,A,18,16,11,9,10,9,11,2,1,0,0,0,0,3,5,-3
3366,9,20240420,35,2,36,19:30,0,2,A,0,1,A,5,24,3,9,14,9,1,2,3,2,0,0,0,3,2,-2
3367,9,20240421,3,1,50,15:00,3,1,H,1,1,D,14,14,4,6,8,14,8,4,1,3,0,0,3,0,4,2
3368,9,20240421,10,34,14,15:00,5,2,H,4,1,H,18,4,7,1,9,9,4,0,3,2,0,0,3,0,7,3
3369,9,20240421,11,25,6,13:30,2,0,H,1,0,H,7,8,4,3,15,9,6,4,3,2,0,0,3,0,2,2
3370,9,20240421,12,18,8,16:30,1,3,A,1,1,D,12,14,5,7,5,11,1,4,3,0,0,0,0,3,4,-2
3371,9,20240423,2,8,44,20:00,5,0,H,1,0,H,27,7,10,1,12,11,4,2,2,2,0,0,3,0,5,5
3372,9,20240424,10,23,47,20:00,2,0,H,0,0,D,20,7,7,2,10,15,7,2,3,3,0,0,3,0,2,2
3373,9,20240424,11,18,3,20:00,2,0,H,1,0,H,16,23,6,7,6,13,4,13,0,3,0,0,3,0,2,2
3374,9,20240424,21,26,31,20:00,4,2,H,1,1,D,25,10,13,4,7,9,9,4,0,1,0,0,3,0,6,2
3375,9,20240424,35,1,42,19:45,0,1,A,0,1,A,15,21,4,6,10,17,8,12,4,1,0,1,0,3,1,-1
3376,9,20240425,5,20,16,20:00,0,4,A,0,3,A,7,14,3,6,10,3,4,4,2,0,0,0,0,3,4,-4
3377,9,20240427,3,8,8,20:00,2,2,D,2,0,H,9,21,4,5,13,14,2,4,3,5,0,0,1,1,4,0
3378,9,20240427,11,4,11,17:30,1,0,H,0,0,D,18,10,1,4,10,12,6,6,1,2,0,0,3,0,1,1
3379,9,20240427,12,10,42,15:00,1,1,D,0,0,D,9,14,2,4,11,15,5,9,0,2,0,0,1,1,2,0
3380,9,20240427,21,6,15,15:00,1,1,D,0,0,D,27,16,10,7,7,11,6,5,1,3,0,0,1,1,2,0
3381,9,20240427,23,26,48,15:00,5,1,H,1,1,D,20,15,7,5,9,10,4,5,0,0,0,0,3,0,6,4
3382,9,20240427,34,18,6,12:30,2,2,D,1,0,H,11,28,8,8,8,10,5,8,0,2,0,0,1,1,4,0
3383,9,20240427,35,19,10,15:00,2,1,H,1,0,H,13,9,5,6,14,14,4,4,3,1,0,0,3,0,3,1
3384,9,20240428,1,5,36,14:00,3,0,H,1,0,H,15,13,6,1,14,10,8,2,2,2,0,0,3,0,3,3
3385,9,20240428,25,20,44,16:30,0,2,A,0,1,A,14,11,2,5,8,6,4,5,0,0,0,0,0,3,2,-2
3386,9,20240428,31,2,30,14:00,2,3,A,0,3,A,14,9,2,3,12,16,8,6,2,1,0,0,0,3,5,-1
3387,9,20240502,8,31,38,19:30,2,0,H,1,0,H,16,19,5,3,12,16,4,9,0,1,0,0,3,0,2,2
3388,9,20240503,19,11,50,20:00,1,1,D,1,1,D,18,10,5,3,14,12,8,7,1,3,0,0,1,1,2,0
3389,9,20240504,2,1,10,12:30,3,0,H,1,0,H,25,7,9,2,16,12,6,1,2,3,0,0,3,0,3,3
3390,9,20240504,4,12,14,15:00,0,0,D,0,0,D,7,15,3,3,3,6,7,6,1,1,0,0,1,1,0,0
3391,9,20240504,6,23,6,15:00,1,4,A,0,3,A,17,23,5,11,8,8,4,11,2,2,0,0,0,3,5,-3
3392,9,20240504,20,35,8,17:30,5,1,H,3,0,H,20,2,12,1,4,17,6,0,0,4,0,0,3,0,6,4
3393,9,20240504,26,25,7,15:00,1,3,A,1,1,D,17,15,5,4,9,7,5,3,0,1,1,0,0,3,4,-2
3394,9,20240505,5,3,38,14:00,1,0,H,0,0,D,15,2,8,1,13,10,7,3,2,1,0,0,3,0,1,1
3395,9,20240505,8,34,3,14:00,5,0,H,3,0,H,25,13,14,2,12,10,8,6,1,3,0,0,3,0,5,5
3396,9,20240505,18,31,36,16:30,4,2,H,2,0,H,25,11,13,6,14,12,8,3,1,4,0,0,3,0,6,2
3397,9,20240506,10,21,16,20:00,4,0,H,2,0,H,18,7,10,2,12,8,6,3,1,1,0,0,3,0,4,4
3398,9,20240511,1,4,28,15:00,1,2,A,0,0,D,13,11,4,5,16,12,3,8,2,2,0,0,0,3,3,-1
3399,9,20240511,11,26,42,15:00,1,0,H,1,0,H,15,13,6,1,6,11,3,6,1,2,0,0,3,0,1,1
3400,9,20240511,12,20,6,12:30,0,4,A,0,1,A,1,16,1,9,9,6,1,7,1,0,1,0,0,3,4,-4
3401,9,20240511,23,5,11,15:00,1,1,D,1,1,D,18,15,7,4,9,16,8,4,3,4,0,0,1,1,2,0
3402,9,20240511,25,8,48,17:30,2,3,A,1,1,D,20,12,4,5,14,8,5,6,2,3,0,0,0,3,5,-1
3403,9,20240511,31,6,16,15:00,2,1,H,1,1,D,21,7,9,3,10,14,9,3,3,5,0,0,3,0,3,1
3404,9,20240511,34,19,30,15:00,3,1,H,0,1,A,24,4,8,1,9,15,7,6,1,3,0,0,3,0,4,2
3405,9,20240511,35,10,47,15:00,1,3,A,0,2,A,13,13,7,3,13,12,8,3,3,2,0,1,0,3,4,-2
3406,9,20240512,21,2,36,16:30,0,1,A,0,1,A,14,11,2,5,5,6,4,7,0,2,0,0,0,3,1,-1
3407,9,20240513,3,18,44,20:00,3,3,D,1,2,A,19,14,5,7,11,15,5,4,1,1,0,0,1,1,6,0
3408,9,20240514,31,20,7,20:00,0,2,A,0,0,D,10,8,5,5,14,11,7,4,3,3,0,0,0,3,2,-2
3409,9,20240515,5,8,31,19:45,1,2,A,0,1,A,12,13,2,6,13,14,4,6,2,2,0,1,0,3,3,-1
3410,9,20240515,21,23,38,20:00,3,2,H,1,0,H,17,21,8,8,16,7,9,9,3,3,0,0,3,0,5,1
3411,9,20240519,2,11,30,16:00,2,1,H,1,1,D,26,5,5,2,8,11,8,1,4,3,0,0,3,0,3,1
3412,9,20240519,4,23,44,16:00,2,4,A,0,3,A,10,12,5,7,15,11,3,0,4,4,0,0,0,3,6,-2
3413,9,20240519,5,21,8,16:00,0,2,A,0,0,D,17,11,3,4,10,9,7,5,1,3,0,0,0,3,2,-2
3414,9,20240519,6,25,14,16:00,1,2,A,0,2,A,20,12,3,6,11,5,4,3,1,0,0,0,0,3,3,-1
3415,9,20240519,8,1,6,16:00,2,1,H,1,0,H,16,22,6,5,5,9,6,5,2,3,0,0,3,0,3,1
3416,9,20240519,10,3,9,16:00,5,0,H,2,0,H,15,8,9,2,10,8,2,4,1,4,0,0,3,0,5,5
3417,9,20240519,18,35,7,16:00,2,0,H,2,0,H,36,4,14,3,14,11,10,2,1,1,0,1,3,0,2,2
3418,9,20240519,19,12,28,16:00,2,4,A,1,2,A,15,15,6,7,15,20,4,4,5,4,0,0,0,3,6,-2
3419,9,20240519,20,34,15,16:00,3,1,H,2,1,H,28,3,12,2,3,12,11,2,0,1,0,0,3,0,4,2
3420,9,20240519,26,31,3,16:00,0,3,A,0,1,A,6,18,1,9,11,9,2,6,2,0,0,0,0,3,3,-3
3421,10,20240816,21,12,38,20:00,1,0,H,0,0,D,14,10,5,2,12,10,7,8,2,3,0,0,3,0,1,1
3422,10,20240817,2,35,16,15:00,2,0,H,1,0,H,18,9,6,3,17,14,8,2,2,2,0,0,3,0,2,2
3423,10,20240817,11,5,44,15:00,0,3,A,0,1,A,9,10,1,5,8,8,1,5,1,1,1,0,0,3,3,-3
3424,10,20240817,15,18,50,12:30,0,2,A,0,0,D,7,18,2,5,9,18,2,10,3,1,0,0,0,3,2,-2
3425,10,20240817,23,27,8,15:00,1,0,H,1,0,H,3,19,1,4,15,16,3,12,2,4,1,0,3,0,1,1
3426,10,20240817,25,1,30,15:00,1,1,D,1,0,H,14,13,8,4,17,8,2,6,1,3,0,0,1,1,2,0
3427,10,20240817,34,3,48,17:30,1,2,A,1,1,D,14,15,3,3,18,11,5,3,1,2,0,0,0,3,3,-1
3428,10,20240818,4,10,43,14:00,2,1,H,1,0,H,9,14,5,6,6,15,4,7,1,5,0,0,3,0,3,1
3429,10,20240818,8,20,6,16:30,0,2,A,0,1,A,10,11,3,5,12,9,4,3,1,1,0,0,0,3,2,-2
3430,10,20240819,17,31,7,20:00,1,1,D,0,1,A,7,15,3,7,11,12,2,13,1,1,0,0,1,1,2,0
3431,10,20240824,3,2,30,17:30,0,2,A,0,0,D,11,9,3,4,8,15,4,1,1,3,0,0,0,3,2,-2
3432,10,20240824,5,21,8,12:30,2,1,H,1,0,H,14,11,5,4,9,13,4,4,1,2,0,0,3,0,3,1
3433,10,20240824,10,34,38,15:00,0,2,A,0,0,D,14,18,2,3,9,17,3,3,1,1,0,0,0,3,2,-2
3434,10,20240824,12,17,9,15:00,2,1,H,1,1,D,18,10,6,4,14,13,7,5,2,2,0,0,3,0,3,1
3435,10,20240824,20,15,31,15:00,4,1,H,3,1,H,14,1,5,1,4,15,10,1,2,3,0,0,3,0,5,3
3436,10,20240824,27,25,43,15:00,0,1,A,0,0,D,5,23,1,8,14,14,4,10,3,3,0,0,0,3,1,-1
3437,10,20240824,31,11,6,15:00,4,0,H,2,0,H,13,10,7,1,11,15,12,5,0,0,0,0,3,0,4,4
3438,10,20240825,1,23,10,14:00,1,1,D,1,0,H,16,14,4,5,19,8,8,9,2,2,0,0,1,1,2,0
3439,10,20240825,18,4,42,16:30,2,0,H,1,0,H,19,8,8,2,10,7,9,4,2,3,0,0,3,0,2,2
3440,10,20240825,35,8,11,14:00,2,6,A,2,2,D,12,14,4,8,13,13,5,5,2,3,0,0,0,3,8,-4
3441,10,20240831,2,5,7,12:30,1,1,D,1,0,H,11,22,7,4,12,7,3,7,3,2,1,0,1,1,2,0
3442,10,20240831,4,27,18,15:00,3,1,H,1,0,H,20,18,7,6,10,7,2,8,2,1,0,0,3,0,4,2
3443,10,20240831,11,1,42,15:00,2,3,A,0,0,D,18,17,8,7,6,1,8,4,2,1,0,0,0,3,5,-1
3444,10,20240831,15,12,24,15:00,1,1,D,1,1,D,11,9,4,4,15,15,8,6,2,3,0,0,1,1,2,0
3445,10,20240831,17,3,10,15:00,1,2,A,0,1,A,9,10,3,5,13,21,1,4,4,5,0,0,0,3,3,-1
3446,10,20240831,25,35,44,15:00,1,1,D,1,1,D,16,11,5,3,15,18,7,3,3,4,0,0,1,1,2,0
3447,10,20240831,34,20,30,17:30,1,3,A,1,2,A,10,23,2,8,10,3,3,11,3,2,0,0,0,3,4,-2
3448,10,20240901,8,10,16,13:30,1,1,D,1,0,H,13,9,7,3,9,13,4,5,4,2,0,0,1,1,2,0
3449,10,20240901,21,18,6,16:00,0,3,A,0,2,A,8,11,3,3,7,7,5,2,4,1,0,0,0,3,3,-3
3450,10,20240901,23,31,38,13:30,2,1,H,1,0,H,9,20,3,6,16,13,7,12,4,4,0,0,3,0,3,1
3451,10,20240914,1,8,6,20:00,0,1,A,0,0,D,19,10,7,3,16,9,6,3,6,8,0,0,0,3,1,-1
3452,10,20240914,3,11,8,17:30,3,2,H,1,2,A,17,6,8,2,10,12,6,2,1,4,0,0,3,0,5,1
3453,10,20240914,5,15,43,15:00,0,0,D,0,0,D,21,6,6,1,14,16,9,2,4,3,0,0,1,1,0,0
3454,10,20240914,10,17,48,15:00,2,2,D,0,1,A,20,9,4,4,11,15,5,2,0,3,0,0,1,1,4,0
3455,10,20240914,12,34,50,15:00,1,1,D,1,0,H,21,11,5,3,15,18,3,2,2,3,0,0,1,1,2,0
3456,10,20240914,18,25,30,15:00,0,1,A,0,0,D,14,5,5,3,15,6,7,2,4,4,0,0,0,3,1,-1
3457,10,20240914,20,4,9,15:00,2,1,H,2,1,H,18,8,7,5,9,3,12,3,3,1,0,0,3,0,3,1
3458,10,20240914,27,21,42,12:30,0,3,A,0,2,A,6,20,4,10,11,14,0,7,1,4,1,0,0,3,3,-3
3459,10,20240915,31,2,16,14:00,0,1,A,0,0,D,15,7,5,4,13,10,7,6,5,3,0,0,0,3,1,-1
3460,10,20240915,35,23,7,16:30,1,2,A,1,0,H,12,14,5,6,17,6,4,7,3,3,0,0,0,3,3,-1
3461,10,20240921,3,35,50,15:00,3,1,H,0,1,A,9,10,4,4,11,16,6,5,3,6,0,0,3,0,4,2
3462,10,20240921,10,21,10,17:30,0,0,D,0,0,D,9,15,4,6,7,12,4,11,3,1,0,0,1,1,0,0
3463,10,20240921,12,23,35,15:00,3,1,H,2,0,H,22,15,11,4,16,8,6,0,6,0,0,0,3,0,4,2
3464,10,20240921,17,11,11,15:00,1,1,D,0,1,A,12,16,2,5,11,12,6,1,1,2,0,0,1,1,2,0
3465,10,20240921,18,1,48,15:00,3,0,H,3,0,H,19,19,13,6,10,12,3,9,1,4,0,0,3,0,3,3
3466,10,20240921,27,15,41,15:00,1,1,D,1,0,H,11,13,3,6,16,16,2,10,4,4,0,0,1,1,2,0
3467,10,20240921,31,4,15,15:00,3,1,H,2,1,H,23,6,10,6,11,9,9,4,3,1,0,0,3,0,4,2
3468,10,20240921,34,8,43,12:30,0,3,A,0,2,A,15,12,7,5,17,9,6,5,5,2,0,0,0,3,3,-3
3469,10,20240922,5,25,38,14:00,2,2,D,2,1,H,14,4,3,3,12,11,9,1,3,4,0,1,1,1,4,0
3470,10,20240922,20,2,30,16:30,2,2,D,1,2,A,33,5,11,3,7,10,8,2,3,4,0,1,1,1,4,0
3471,10,20240928,2,17,43,15:00,4,2,H,2,0,H,36,5,16,3,11,6,17,0,2,4,0,0,3,0,6,2
3472,10,20240928,4,34,44,15:00,1,1,D,1,0,H,8,19,3,3,2,11,7,7,2,3,0,0,1,1,2,0
3473,10,20240928,8,5,35,15:00,4,2,H,4,2,H,15,15,7,5,11,8,8,2,3,2,0,0,3,0,6,2
3474,10,20240928,11,10,3,15:00,2,1,H,0,1,A,8,17,2,5,13,11,5,8,2,1,0,0,3,0,3,1
3475,10,20240928,23,20,16,12:30,1,1,D,0,1,A,11,16,4,6,14,10,5,6,4,4,0,0,1,1,2,0
3476,10,20240928,25,12,18,15:00,0,1,A,0,0,D,11,14,1,2,11,15,6,5,2,4,0,0,0,3,1,-1
3477,10,20240928,35,18,6,17:30,1,2,A,0,1,A,8,10,3,6,16,8,2,10,2,3,0,0,0,3,3,-1
3478,10,20240929,15,3,42,14:00,2,2,D,1,2,A,15,7,5,3,10,14,10,0,4,1,0,0,1,1,4,0
3479,10,20240929,21,31,7,16:30,0,3,A,0,1,A,11,24,2,10,16,14,5,3,5,3,1,0,0,3,3,-3
3480,10,20240930,1,27,30,20:00,3,1,H,3,0,H,14,9,6,3,19,12,7,4,2,5,0,0,3,0,4,2
3481,10,20241005,2,27,48,15:00,3,1,H,0,0,D,29,8,6,2,10,9,13,1,0,3,0,0,3,0,4,2
3482,10,20241005,4,35,3,15:00,5,3,H,4,2,H,19,17,12,6,9,10,10,3,2,3,0,0,3,0,8,2
3483,10,20241005,10,18,44,12:30,0,1,A,0,1,A,9,16,5,4,7,15,3,8,4,2,0,0,0,3,1,-1
3484,10,20241005,11,23,8,17:30,0,0,D,0,0,D,8,14,2,3,12,8,0,10,1,2,0,0,1,1,0,0
3485,10,20241005,17,1,9,15:00,1,0,H,1,0,H,6,17,2,2,12,14,0,9,4,1,0,0,3,0,1,1
3486,10,20241005,20,12,35,15:00,3,2,H,1,1,D,20,11,7,4,4,10,8,3,2,1,0,0,3,0,5,1
3487,10,20241005,34,15,6,15:00,4,1,H,2,1,H,23,9,13,2,12,6,5,5,0,1,0,0,3,0,5,3
3488,10,20241006,3,21,38,14:00,0,0,D,0,0,D,11,10,1,4,12,11,6,3,1,5,0,0,1,1,0,0
3489,10,20241006,5,31,10,16:30,3,2,H,0,2,A,11,13,4,3,14,10,4,7,2,2,0,0,3,0,5,1
3490,10,20241006,8,25,7,14:00,1,1,D,0,0,D,22,16,8,9,12,11,11,3,6,2,0,1,1,1,2,0
3491,10,20241019,1,2,38,17:30,2,0,H,0,0,D,13,6,4,1,12,11,7,4,1,1,0,1,3,0,2,2
3492,10,20241019,12,3,11,15:00,1,3,A,1,1,D,10,14,4,5,8,11,6,11,3,3,1,1,0,3,4,-2
3493,10,20241019,15,11,30,15:00,0,2,A,0,2,A,13,11,2,8,12,10,5,8,1,1,0,0,0,3,2,-2
3494,10,20241019,21,4,43,15:00,2,1,H,0,1,A,23,8,11,2,14,5,9,2,2,2,0,0,3,0,3,1
3495,10,20241019,23,5,35,15:00,0,1,A,0,1,A,21,10,6,5,11,9,9,4,2,2,0,0,0,3,1,-1
3496,10,20241019,27,17,6,15:00,2,3,A,2,0,H,14,18,7,4,10,10,10,6,5,3,1,0,0,3,5,-1
3497,10,20241019,31,34,3,12:30,4,1,H,1,1,D,22,11,7,4,10,15,13,5,1,3,0,1,3,0,5,3
3498,10,20241020,18,8,15,16:30,2,1,H,1,0,H,9,12,5,2,12,13,1,6,4,3,0,0,3,0,3,1
3499,10,20241020,35,20,7,14:00,1,2,A,1,1,D,3,22,2,7,8,5,1,18,4,1,0,0,0,3,3,-1
3500,10,20241021,25,10,50,20:00,1,0,H,0,0,D,20,20,6,7,9,12,6,6,2,3,0,0,3,0,1,1
3501,10,20241025,17,25,8,20:00,1,3,A,1,1,D,11,20,1,5,16,9,6,7,5,2,0,0,0,3,4,-2
3502,10,20241026,3,1,3,15:00,1,1,D,0,0,D,18,11,8,3,12,14,9,7,7,6,0,0,1,1,2,0
3503,10,20241026,4,15,24,15:00,4,3,H,2,2,D,20,11,9,5,7,10,5,5,0,1,0,1,3,0,7,1
3504,10,20241026,5,35,30,15:00,2,2,D,1,0,H,19,14,6,7,12,10,9,6,3,3,0,0,1,1,4,0
3505,10,20241026,11,12,15,17:30,1,1,D,0,0,D,10,14,5,3,8,8,4,2,1,0,0,0,1,1,2,0
3506,10,20241026,20,27,48,15:00,1,0,H,1,0,H,22,5,8,2,9,9,12,1,1,3,0,0,3,0,1,1
3507,10,20241027,2,18,6,16:30,2,2,D,2,1,H,9,9,3,4,14,14,1,3,2,2,0,0,1,1,4,0
3508,10,20241027,8,23,44,14:00,2,1,H,1,1,D,17,11,7,3,13,16,7,4,6,3,0,0,3,0,3,1
3509,10,20241027,10,31,9,14:00,1,0,H,1,0,H,14,11,6,3,16,12,8,8,4,4,0,0,3,0,1,1
3510,10,20241027,34,21,10,14:00,2,1,H,0,0,D,12,18,3,5,6,7,6,5,5,1,0,0,3,0,3,1
3511,10,20241102,1,20,30,15:00,2,1,H,1,0,H,12,18,6,4,11,6,3,10,2,1,0,0,3,0,3,1
3512,10,20241102,15,17,50,15:00,1,1,D,0,0,D,14,20,2,6,11,10,4,6,4,2,1,0,1,1,2,0
3513,10,20241102,18,5,48,15:00,2,1,H,0,1,A,16,13,8,5,10,18,10,7,1,1,0,0,3,0,3,1
3514,10,20241102,23,2,15,12:30,1,0,H,1,0,H,9,10,4,1,16,18,4,6,4,4,0,0,3,0,1,1
3515,10,20241102,25,34,35,15:00,3,0,H,1,0,H,19,4,6,2,7,9,11,6,1,2,0,1,3,0,3,3
3516,10,20241102,27,11,3,15:00,1,0,H,0,0,D,9,16,2,5,14,18,3,6,4,2,0,0,3,0,1,1
3517,10,20241102,35,10,6,17:30,2,2,D,0,0,D,11,19,6,7,7,9,3,6,1,2,0,0,1,1,4,0
3518,10,20241103,21,8,38,16:30,1,1,D,0,0,D,11,12,4,3,19,14,4,8,6,2,0,0,1,1,2,0
3519,10,20241103,31,3,8,14:00,4,1,H,0,1,A,16,12,6,1,14,14,6,4,2,0,0,0,3,0,5,3
3520,10,20241104,12,4,42,20:00,2,1,H,0,1,A,26,5,12,2,3,10,11,3,2,1,0,0,3,0,3,1
3521,10,20241109,4,1,9,15:00,3,2,H,1,1,D,12,15,6,3,8,16,6,4,2,4,0,0,3,0,5,1
3522,10,20241109,5,20,43,17:30,2,1,H,0,1,A,10,15,4,6,12,10,0,4,3,3,0,0,3,0,3,1
3523,10,20241109,10,12,31,15:00,0,2,A,0,1,A,13,17,5,7,10,11,1,8,1,1,1,0,0,3,2,-2
3524,10,20241109,18,3,10,20:00,2,0,H,1,0,H,14,12,5,2,11,15,2,9,0,3,0,0,3,0,2,2
3525,10,20241109,34,11,42,15:00,0,0,D,0,0,D,11,18,6,4,10,9,7,6,1,2,0,0,1,1,0,0
3526,10,20241109,35,27,47,15:00,2,0,H,1,0,H,8,9,4,0,14,12,1,9,1,4,0,0,3,0,2,2
3527,10,20241110,8,2,30,16:30,1,1,D,0,0,D,17,13,3,3,12,12,4,3,4,2,0,0,1,1,2,0
3528,10,20241110,21,17,35,14:00,3,0,H,2,0,H,13,6,3,5,9,5,1,5,0,1,0,0,3,0,3,3
3529,10,20241110,25,23,6,14:00,1,3,A,1,0,H,9,17,3,6,13,6,4,5,1,1,0,0,0,3,4,-2
3530,10,20241110,31,15,11,14:00,1,2,A,0,2,A,17,8,5,3,10,19,12,2,1,5,0,0,0,3,3,-1
3531,10,20241123,1,5,42,15:00,1,2,A,0,1,A,19,6,5,4,13,10,7,0,2,2,0,1,0,3,3,-1
3532,10,20241123,2,25,44,15:00,3,0,H,1,0,H,19,7,7,0,10,1,8,1,3,2,0,0,3,0,3,3
3533,10,20241123,3,10,50,15:00,2,2,D,1,2,A,17,13,5,6,10,11,10,1,3,2,0,0,1,1,4,0
3534,10,20241123,11,4,7,15:00,0,0,D,0,0,D,27,9,5,2,8,10,10,4,0,0,0,1,1,1,0,0
3535,10,20241123,12,35,38,15:00,1,4,A,1,1,D,10,10,3,5,14,14,7,2,3,0,0,0,0,3,5,-3
3536,10,20241123,17,8,3,12:30,1,2,A,0,1,A,4,16,1,7,15,12,2,9,4,3,0,0,0,3,3,-1
3537,10,20241123,20,31,15,17:30,0,4,A,0,2,A,23,9,5,7,19,9,9,3,4,2,0,0,0,3,4,-4
3538,10,20241124,15,21,6,16:30,1,1,D,1,1,D,11,11,6,4,11,10,4,3,0,0,0,0,1,1,2,0
3539,10,20241124,27,18,43,14:00,2,3,A,1,1,D,7,27,5,11,11,9,3,10,3,4,0,0,0,3,5,-1
3540,10,20241125,23,34,8,20:00,0,2,A,0,1,A,18,15,2,6,11,8,8,3,1,0,0,0,0,3,2,-2
3541,10,20241129,5,27,38,20:00,1,1,D,1,0,H,22,10,5,2,20,16,7,6,2,4,0,0,1,1,2,0
3542,10,20241130,4,17,30,15:00,4,1,H,3,1,H,13,7,6,3,9,10,5,4,1,1,0,0,3,0,5,3
3543,10,20241130,10,23,11,15:00,1,1,D,0,0,D,16,1,4,0,12,11,8,9,3,3,0,0,1,1,2,0
3544,10,20241130,25,15,48,15:00,1,0,H,0,0,D,12,7,5,3,5,16,8,7,1,3,0,0,3,0,1,1
3545,10,20241130,34,2,6,17:30,2,5,A,2,5,A,12,16,5,7,10,13,2,10,4,1,0,0,0,3,7,-3
3546,10,20241130,35,1,35,15:00,2,4,A,1,3,A,10,12,3,8,13,11,3,4,4,1,0,0,0,3,6,-2
3547,10,20241201,8,3,42,13:30,3,0,H,2,0,H,17,10,8,4,21,6,3,4,2,2,0,0,3,0,3,3
3548,10,20241201,18,20,7,16:00,2,0,H,1,0,H,18,8,7,2,9,8,7,4,1,3,0,0,3,0,2,2
3549,10,20241201,21,11,15,13:30,4,0,H,2,0,H,11,8,5,2,12,12,2,2,2,3,0,0,3,0,4,4
3550,10,20241201,31,12,9,13:30,1,1,D,0,0,D,8,14,3,6,4,14,7,11,0,1,0,1,1,1,2,0
3551,10,20241203,15,10,8,19:30,0,1,A,0,0,D,9,13,2,3,14,13,4,7,2,4,0,0,0,3,1,-1
3552,10,20241203,17,34,18,20:15,3,1,H,1,0,H,8,31,6,10,9,7,3,9,2,2,0,0,3,0,4,2
3553,10,20241204,2,21,43,20:15,2,0,H,0,0,D,14,5,6,2,12,8,13,0,1,3,0,0,3,0,2,2
3554,10,20241204,3,4,24,20:15,3,1,H,3,0,H,20,9,10,1,11,15,10,5,2,2,0,0,3,0,4,2
3555,10,20241204,11,35,31,19:30,4,0,H,2,0,H,13,6,4,2,10,8,3,4,2,0,0,0,3,0,4,4
3556,10,20241204,20,25,30,19:30,3,0,H,2,0,H,17,12,7,3,7,15,8,2,2,4,0,0,3,0,3,3
3557,10,20241204,23,18,3,19:30,3,3,D,1,0,H,17,16,6,5,9,17,5,6,2,5,0,0,1,1,6,0
3558,10,20241204,27,8,48,19:30,1,5,A,1,3,A,6,26,4,13,7,14,5,7,1,0,1,0,0,3,6,-4
3559,10,20241205,1,31,44,20:15,1,0,H,1,0,H,21,12,8,4,15,8,5,9,2,2,0,0,3,0,1,1
3560,10,20241205,12,5,35,19:30,3,1,H,1,0,H,6,13,2,3,7,8,5,6,2,2,0,0,3,0,4,2
3561,10,20241207,3,27,9,15:00,1,0,H,1,0,H,18,4,5,0,18,15,14,1,1,3,0,0,3,0,1,1
3562,10,20241207,4,23,50,15:00,4,2,H,2,2,D,11,16,8,3,10,7,3,4,3,0,0,0,3,0,6,2
3563,10,20241207,10,20,38,15:00,2,2,D,1,1,D,12,12,3,4,4,10,6,8,1,0,0,1,1,1,4,0
3564,10,20241207,21,25,11,17:30,2,3,A,1,1,D,17,11,7,3,10,13,5,3,0,2,0,0,0,3,5,-1
3565,10,20241208,12,2,7,14:00,1,1,D,1,0,H,2,12,2,4,10,9,0,6,4,2,0,0,1,1,2,0
3566,10,20241208,15,1,31,14:00,1,2,A,1,0,H,18,22,5,6,9,13,6,13,2,1,0,0,0,3,3,-1
3567,10,20241208,17,5,42,14:00,2,2,D,0,1,A,10,16,3,7,9,10,5,5,1,2,0,0,1,1,4,0
3568,10,20241208,31,8,6,16:30,3,4,A,2,1,H,13,17,5,8,17,11,5,10,2,2,0,0,0,3,7,-1
3569,10,20241209,34,35,15,20:00,2,1,H,0,0,D,19,19,4,5,12,17,11,0,5,4,0,0,3,0,3,1
3570,10,20241214,2,11,8,15:00,0,0,D,0,0,D,13,2,5,0,6,9,8,2,0,3,0,0,1,1,0,0
3571,10,20241214,18,12,48,15:00,2,2,D,0,1,A,16,12,4,3,10,7,5,4,3,4,1,0,1,1,4,0
3572,10,20241214,23,17,47,15:00,4,0,H,1,0,H,27,4,11,1,7,16,5,2,3,3,0,0,3,0,4,4
3573,10,20241214,25,3,43,17:30,2,1,H,0,0,D,17,8,6,2,12,6,4,3,0,1,0,0,3,0,3,1
3574,10,20241214,35,15,44,15:00,1,2,A,0,1,A,16,10,6,5,13,9,7,3,0,2,1,0,0,3,3,-1
3575,10,20241215,5,10,30,14:00,1,3,A,0,2,A,17,13,5,5,11,15,8,5,1,4,0,0,0,3,4,-2
3576,10,20241215,8,4,35,19:00,2,1,H,1,0,H,26,9,8,4,11,7,8,5,0,2,1,0,3,0,3,1
3577,10,20241215,20,21,6,16:30,1,2,A,1,0,H,10,10,3,3,5,14,8,2,1,1,0,0,0,3,3,-1
3578,10,20241215,27,31,11,19:00,0,5,A,0,5,A,9,18,3,9,8,15,2,5,1,3,0,0,0,3,5,-5
3579,10,20241216,1,34,7,20:00,1,1,D,0,0,D,29,16,9,3,6,11,12,6,0,2,0,0,1,1,2,0
3580,10,20241221,3,20,35,12:30,2,1,H,1,0,H,11,12,6,6,14,7,5,4,3,3,0,0,3,0,3,1
3581,10,20241221,4,25,30,15:00,0,2,A,0,1,A,7,10,3,6,9,14,9,5,3,4,0,0,0,3,2,-2
3582,10,20241221,10,2,44,17:30,1,5,A,1,3,A,15,14,6,6,9,8,3,3,2,2,0,0,0,3,6,-4
3583,10,20241221,15,23,42,15:00,0,4,A,0,3,A,10,15,2,7,9,7,2,1,2,0,0,0,0,3,4,-4
3584,10,20241221,34,5,38,15:00,1,1,D,0,0,D,11,12,4,6,14,20,8,4,2,2,0,0,1,1,2,0
3585,10,20241222,11,8,7,14:00,0,0,D,0,0,D,5,12,4,5,20,12,2,5,4,1,0,0,1,1,0,0
3586,10,20241222,12,27,50,14:00,0,0,D,0,0,D,16,5,5,1,8,15,6,5,1,3,0,0,1,1,0,0
3587,10,20241222,17,35,6,14:00,0,3,A,0,3,A,9,8,5,4,15,16,6,1,2,0,0,0,0,3,3,-3
3588,10,20241222,21,1,8,14:00,0,3,A,0,1,A,23,10,7,5,11,11,13,1,1,3,0,0,0,3,3,-3
3589,10,20241222,31,18,43,16:30,3,6,A,1,3,A,9,24,5,12,7,9,7,5,1,2,0,0,0,3,9,-3
3590,10,20241226,1,10,47,15:00,0,0,D,0,0,D,18,10,4,4,13,12,5,2,2,2,0,0,1,1,0,0
3591,10,20241226,8,12,43,15:00,1,2,A,1,0,H,12,14,8,7,13,13,3,1,1,3,0,0,0,3,3,-1
3592,10,20241226,18,17,9,20:00,3,1,H,1,1,D,19,4,7,1,17,5,14,1,3,2,0,0,3,0,4,2
3593,10,20241226,20,11,44,12:30,1,1,D,1,1,D,24,8,5,3,5,10,8,5,1,4,0,0,1,1,2,0
3594,10,20241226,23,3,6,15:00,3,0,H,1,0,H,22,4,8,1,15,10,9,6,2,1,0,1,3,0,3,3
3595,10,20241226,25,31,8,15:00,1,0,H,1,0,H,10,13,3,4,12,13,2,7,3,2,0,1,3,0,1,1
3596,10,20241226,27,34,24,15:00,0,1,A,0,0,D,18,16,5,2,15,8,2,2,1,2,0,0,0,3,1,-1
3597,10,20241226,35,21,48,17:30,2,0,H,0,0,D,7,11,4,4,12,12,4,4,2,2,0,1,3,0,2,2
3598,10,20241227,2,15,11,20:15,1,0,H,1,0,H,13,3,5,0,7,12,5,1,1,1,0,0,3,0,1,1
3599,10,20241227,5,4,3,19:30,0,0,D,0,0,D,24,8,7,3,6,12,5,3,0,2,0,0,1,1,0,0
3600,10,20241229,10,27,31,15:00,2,1,H,1,1,D,19,7,10,3,18,19,8,7,2,3,0,0,3,0,3,1
3601,10,20241229,11,25,48,15:00,0,2,A,0,1,A,13,11,2,7,13,10,5,4,4,1,0,0,0,3,2,-2
3602,10,20241229,12,1,38,15:00,2,2,D,1,0,H,11,16,6,9,7,16,1,7,1,3,0,0,1,1,4,0
3603,10,20241229,17,20,30,14:30,0,2,A,0,1,A,11,14,4,5,11,6,4,4,2,1,0,0,0,3,2,-2
3604,10,20241229,31,35,7,15:00,2,2,D,2,1,H,13,11,3,3,9,10,5,5,1,2,0,0,1,1,4,0
3605,10,20241229,34,18,6,17:15,0,5,A,0,3,A,7,22,0,13,7,10,3,6,0,0,0,0,0,3,5,-5
3606,10,20241230,3,5,8,19:45,2,2,D,1,1,D,20,13,4,4,9,14,12,3,2,3,0,0,1,1,4,0
3607,10,20241230,15,8,15,19:45,2,0,H,1,0,H,9,20,6,5,9,5,4,7,4,4,0,0,3,0,2,2
3608,10,20241230,21,23,44,20:00,0,2,A,0,2,A,10,12,0,4,13,8,2,3,1,1,0,0,0,3,2,-2
3609,10,20250101,4,2,35,17:30,1,3,A,1,1,D,5,14,2,5,6,8,4,3,1,2,0,0,0,3,4,-2
3610,10,20250104,1,11,15,15:00,1,0,H,0,0,D,19,9,8,0,15,14,9,3,2,2,0,0,3,0,1,1
3611,10,20250104,3,17,16,15:00,2,1,H,0,0,D,13,4,5,2,10,11,7,2,0,1,0,0,3,0,3,1
3612,10,20250104,5,2,6,17:30,1,1,D,0,1,A,11,9,4,3,17,14,2,5,2,3,0,0,1,1,2,0
3613,10,20250104,10,8,50,15:00,1,1,D,0,1,A,13,15,6,1,9,12,6,6,0,2,0,0,1,1,2,0
3614,10,20250104,20,34,31,15:00,4,1,H,2,0,H,10,17,7,4,8,13,7,1,2,1,0,0,3,0,5,3
3615,10,20250104,27,4,42,15:00,0,5,A,0,1,A,8,20,1,11,10,4,2,2,2,0,0,0,0,3,5,-5
3616,10,20250104,31,23,3,12:30,1,2,A,1,2,A,13,14,4,4,11,15,9,10,1,4,0,0,0,3,3,-1
3617,10,20250105,12,15,9,14:00,2,2,D,0,1,A,15,7,4,3,10,14,9,2,1,5,0,0,1,1,4,0
3618,10,20250105,18,21,30,16:30,2,2,D,0,0,D,19,13,6,4,10,13,6,9,2,4,0,0,1,1,4,0
3619,10,20250106,35,25,35,20:00,0,3,A,0,2,A,13,11,6,3,10,8,5,3,1,2,0,0,0,3,3,-3
3620,10,20250114,4,20,6,19:30,2,2,D,0,0,D,18,21,6,8,4,4,4,5,0,0,0,0,1,1,4,0
3621,10,20250114,8,1,38,19:30,2,2,D,1,0,H,26,7,10,3,15,16,9,3,2,3,0,0,1,1,4,0
3622,10,20250114,25,18,7,20:00,1,1,D,1,0,H,6,23,3,7,7,10,0,9,2,1,0,0,1,1,2,0
3623,10,20250114,34,12,8,19:30,3,2,H,2,0,H,4,21,3,5,9,18,0,3,3,3,0,0,3,0,5,1
3624,10,20250115,2,31,44,20:00,2,1,H,2,1,H,14,10,4,2,16,9,10,4,3,1,0,0,3,0,3,1
3625,10,20250115,11,3,43,19:30,0,1,A,0,0,D,10,11,3,3,17,10,8,5,2,1,0,0,0,3,1,-1
3626,10,20250115,17,10,3,19:30,0,2,A,0,0,D,21,9,4,4,7,6,4,3,0,0,0,0,0,3,2,-2
3627,10,20250115,23,35,11,19:30,3,0,H,1,0,H,17,13,5,7,10,13,4,2,0,2,0,0,3,0,3,3
3628,10,20250116,15,5,48,19:30,0,2,A,0,0,D,5,11,3,5,13,14,1,9,2,2,0,0,0,3,2,-2
3629,10,20250116,21,27,15,20:00,3,1,H,0,1,A,23,13,9,5,7,10,5,4,1,3,0,0,3,0,4,2
3630,10,20250118,2,3,7,17:30,2,2,D,1,0,H,18,8,6,4,10,18,10,1,2,3,0,0,1,1,4,0
3631,10,20250118,4,18,3,15:00,0,2,A,0,0,D,11,37,6,8,6,14,2,15,2,3,0,0,0,3,2,-2
3632,10,20250118,17,12,31,15:00,0,2,A,0,0,D,8,17,4,2,8,8,5,2,3,1,0,0,0,3,2,-2
3633,10,20250118,23,1,42,12:30,1,4,A,1,2,A,13,19,5,10,7,18,7,6,1,6,0,0,0,3,5,-3
3634,10,20250118,34,10,47,15:00,0,2,A,0,0,D,7,12,0,7,13,10,2,4,1,0,1,0,0,3,2,-2
3635,10,20250119,11,31,11,14:00,3,2,H,3,0,H,12,11,6,6,14,14,3,8,2,1,0,0,3,0,5,1
3636,10,20250119,15,20,43,16:30,0,6,A,0,3,A,8,17,4,9,4,7,4,7,0,1,0,0,0,3,6,-6
3637,10,20250119,21,5,35,14:00,1,3,A,1,1,D,10,6,1,3,13,12,4,2,3,3,0,0,0,3,4,-2
3638,10,20250119,25,27,6,14:00,3,2,H,3,0,H,14,10,5,4,4,18,2,8,0,4,0,0,3,0,5,1
3639,10,20250120,8,35,44,20:00,3,1,H,1,1,D,19,9,7,4,8,14,3,6,4,2,0,0,3,0,4,2
3640,10,20250125,1,25,8,15:00,5,0,H,1,0,H,16,18,10,4,9,12,3,9,2,3,0,0,3,0,5,5
3641,10,20250125,5,11,50,15:00,0,1,A,0,1,A,16,3,1,1,8,11,9,1,3,4,0,0,0,3,1,-1
3642,10,20250125,18,15,31,15:00,4,1,H,3,0,H,16,3,6,3,10,11,3,4,0,2,0,0,3,0,5,3
3643,10,20250125,20,8,15,17:30,3,1,H,1,1,D,15,10,6,4,6,8,2,4,3,2,0,0,3,0,4,2
3644,10,20250125,27,23,43,15:00,1,3,A,1,2,A,12,17,5,9,10,5,3,8,1,0,0,0,0,3,4,-2
3645,10,20250125,35,2,30,15:00,0,1,A,0,0,D,9,9,4,3,20,10,1,5,0,1,1,1,0,3,1,-1
3646,10,20250126,3,34,35,16:30,1,1,D,1,0,H,14,14,4,4,13,16,4,3,2,3,0,0,1,1,2,0
3647,10,20250126,10,4,48,14:00,1,2,A,0,0,D,16,13,5,6,8,11,4,7,2,2,0,0,0,3,3,-1
3648,10,20250126,12,21,6,19:00,0,1,A,0,0,D,9,4,3,1,7,9,3,0,0,1,0,0,0,3,1,-1
3649,10,20250126,31,17,38,14:00,1,2,A,1,0,H,15,12,6,3,6,16,6,4,1,5,0,0,0,3,3,-1
3650,10,20250201,1,18,11,15:00,0,2,A,0,1,A,14,19,3,7,15,9,3,3,2,3,0,0,0,3,2,-2
3651,10,20250201,11,17,9,15:00,4,0,H,3,0,H,13,9,7,1,7,13,5,6,0,0,0,0,3,0,4,4
3652,10,20250201,15,27,30,15:00,1,2,A,1,1,D,15,9,6,4,11,14,1,2,0,3,0,0,0,3,3,-1
3653,10,20250201,23,12,7,15:00,1,2,A,1,0,H,11,15,4,4,10,15,4,7,4,4,0,0,0,3,3,-1
3654,10,20250201,25,5,44,12:30,7,0,H,3,0,H,14,10,9,5,8,13,4,6,1,3,0,0,3,0,7,7
3655,10,20250201,35,3,3,17:30,2,0,H,1,0,H,8,10,5,3,20,13,5,8,2,3,0,0,3,0,2,2
3656,10,20250202,2,20,35,16:30,5,1,H,1,0,H,12,7,7,4,6,7,5,2,2,0,0,0,3,0,6,4
3657,10,20250202,4,31,16,14:00,0,2,A,0,1,A,20,13,4,2,4,11,10,3,0,1,0,0,0,3,2,-2
3658,10,20250202,21,10,15,14:00,0,2,A,0,0,D,17,11,2,3,12,13,11,0,3,1,0,0,0,3,2,-2
3659,10,20250203,8,34,42,20:00,2,1,H,0,1,A,22,14,3,5,11,10,4,3,3,1,0,0,3,0,3,1
3660,10,20250212,11,18,30,19:30,2,2,D,1,1,D,10,6,3,4,9,20,2,3,2,2,1,1,1,1,4,0
3661,10,20250214,5,8,20,20:00,3,0,H,2,0,H,13,8,5,0,12,15,2,9,1,2,0,0,3,0,3,3
3662,10,20250215,3,15,38,15:00,1,1,D,0,0,D,25,4,6,3,7,11,16,1,0,3,0,1,1,1,2,0
3663,10,20250215,10,11,6,17:30,1,2,A,0,1,A,17,11,6,6,9,12,6,2,0,1,0,0,0,3,3,-1
3664,10,20250215,12,25,47,15:00,2,1,H,1,1,D,24,8,10,2,13,8,8,4,0,0,0,0,3,0,3,1
3665,10,20250215,17,2,43,12:30,0,2,A,0,0,D,6,11,2,5,9,10,3,7,2,1,0,0,0,3,2,-2
3666,10,20250215,20,23,3,15:00,4,0,H,3,0,H,11,3,7,1,5,13,7,4,0,1,0,0,3,0,4,4
3667,10,20250215,27,1,16,15:00,1,3,A,0,2,A,11,14,4,7,13,15,4,6,1,3,0,0,0,3,4,-2
3668,10,20250215,34,4,11,15:00,0,1,A,0,1,A,13,14,3,5,10,13,9,2,1,1,0,0,0,3,1,-1
3669,10,20250216,18,35,44,14:00,2,1,H,2,0,H,10,16,3,4,15,13,4,3,2,2,0,0,3,0,3,1
3670,10,20250216,31,21,35,16:30,1,0,H,1,0,H,22,16,7,6,13,9,10,5,1,2,0,0,3,0,1,1
3671,10,20250219,3,18,8,19:30,2,2,D,2,1,H,9,17,4,3,8,6,6,8,1,0,0,0,1,1,4,0
3672,10,20250221,17,4,48,20:00,0,4,A,0,3,A,8,14,3,6,10,10,5,6,4,0,0,0,0,3,4,-4
3673,10,20250222,1,35,31,15:00,0,1,A,0,1,A,8,13,3,5,17,9,6,7,3,3,1,0,0,3,1,-1
3674,10,20250222,2,34,8,15:00,0,1,A,0,1,A,20,5,2,2,16,15,2,0,1,3,1,0,0,3,1,-1
3675,10,20250222,3,8,30,17:30,2,1,H,0,1,A,12,15,6,7,15,16,2,3,1,3,0,0,3,0,3,1
3676,10,20250222,11,21,3,12:30,2,2,D,2,0,H,9,9,8,3,12,9,7,9,4,1,0,0,1,1,4,0
3677,10,20250222,12,10,38,15:00,0,2,A,0,1,A,10,10,0,5,10,7,7,7,1,3,0,0,0,3,2,-2
3678,10,20250222,15,31,50,15:00,1,4,A,1,2,A,17,10,5,6,15,14,4,4,2,1,0,0,0,3,5,-3
3679,10,20250222,27,5,9,15:00,0,4,A,0,1,A,6,18,1,12,11,12,5,6,2,0,0,0,0,3,4,-4
3680,10,20250223,20,18,6,16:30,0,2,A,0,2,A,16,8,5,4,3,10,7,5,0,0,0,0,0,3,2,-2
3681,10,20250223,23,25,16,14:00,4,3,H,4,1,H,13,17,5,5,11,13,7,6,1,4,0,0,3,0,7,1
3682,10,20250225,5,1,30,19:30,2,1,H,1,0,H,11,19,4,5,12,14,1,9,2,1,0,0,3,0,3,1
3683,10,20250225,8,27,47,20:15,4,0,H,3,0,H,19,7,10,2,6,9,4,2,1,2,0,0,3,0,4,4
3684,10,20250225,10,3,43,19:30,4,1,H,1,0,H,19,6,6,2,19,10,3,8,3,1,0,0,3,0,5,3
3685,10,20250225,35,12,35,19:30,1,2,A,1,1,D,18,11,5,5,8,15,7,5,1,3,0,0,0,3,3,-1
3686,10,20250226,4,11,44,19:30,1,1,D,1,0,H,12,14,3,4,3,6,2,5,2,1,0,0,1,1,2,0
3687,10,20250226,18,23,7,20:15,2,0,H,1,0,H,12,3,3,0,12,11,4,2,0,1,0,0,3,0,2,2
3688,10,20250226,21,15,11,19:30,3,2,H,2,2,D,10,12,6,3,9,16,5,6,4,4,1,0,3,0,5,1
3689,10,20250226,25,2,3,19:30,0,0,D,0,0,D,6,13,2,1,10,17,3,11,1,1,0,0,1,1,0,0
3690,10,20250226,31,20,16,19:30,0,1,A,0,1,A,11,12,6,5,12,15,8,3,3,0,0,0,0,3,1,-1
3691,10,20250227,34,17,42,20:00,2,0,H,2,0,H,8,10,2,2,12,6,3,3,0,0,0,0,3,0,2,2
3692,10,20250308,4,3,16,17:30,0,1,A,0,0,D,13,12,3,4,10,5,6,5,2,2,0,0,0,3,1,-1
3693,10,20250308,5,12,43,15:00,2,1,H,1,1,D,9,6,4,1,6,12,3,7,0,2,0,0,3,0,3,1
3694,10,20250308,10,15,44,15:00,1,0,H,0,0,D,19,15,4,8,8,7,5,4,4,3,0,0,3,0,1,1
3695,10,20250308,18,27,24,15:00,3,1,H,0,1,A,28,6,7,4,10,9,6,4,2,1,0,0,3,0,4,2
3696,10,20250308,25,20,7,12:30,1,0,H,0,0,D,9,14,4,3,9,7,3,2,3,2,0,0,3,0,1,1
3697,10,20250308,35,11,42,20:00,1,1,D,1,1,D,11,12,3,4,11,16,5,5,2,2,0,0,1,1,2,0
3698,10,20250309,8,17,50,14:00,1,0,H,0,0,D,20,3,7,3,12,13,12,2,1,0,0,0,3,0,1,1
3699,10,20250309,21,2,6,16:30,1,1,D,1,0,H,10,17,6,6,8,11,2,9,0,1,0,0,1,1,2,0
3700,10,20250309,31,1,15,14:00,2,2,D,0,1,A,12,17,4,8,15,16,3,6,3,3,0,0,1,1,4,0
3701,10,20250310,34,23,31,20:00,0,1,A,0,0,D,9,9,2,3,7,15,3,4,0,1,0,0,0,3,1,-1
3702,10,20250315,1,4,8,17:30,1,2,A,1,1,D,17,10,5,4,13,7,4,3,3,0,0,0,0,3,3,-1
3703,10,20250315,11,34,9,15:00,1,1,D,0,0,D,13,10,5,5,12,8,6,5,1,2,0,0,1,1,2,0
3704,10,20250315,15,25,31,15:00,2,4,A,0,3,A,11,11,4,6,4,13,6,3,1,1,0,0,0,3,6,-2
3705,10,20250315,20,5,44,15:00,2,2,D,2,1,H,11,15,3,3,10,10,4,5,2,5,0,0,1,1,4,0
3706,10,20250315,27,35,38,15:00,1,2,A,0,1,A,10,5,3,3,12,13,5,1,0,0,0,0,0,3,3,-1
3707,10,20250316,2,8,7,13:30,1,0,H,1,0,H,12,8,4,2,10,13,5,4,3,3,0,0,3,0,1,1
3708,10,20250316,12,31,3,13:30,2,0,H,0,0,D,13,12,4,4,13,10,6,5,0,0,0,0,3,0,2,2
3709,10,20250316,17,21,47,19:00,0,3,A,0,1,A,11,18,3,5,6,6,6,4,2,0,0,0,0,3,3,-3
3710,10,20250401,2,12,15,19:45,2,1,H,1,0,H,17,9,4,3,2,10,5,4,1,2,0,0,3,0,3,1
3711,10,20250401,25,21,16,20:00,1,0,H,1,0,H,8,23,2,6,5,12,3,10,1,3,0,0,3,0,1,1
3712,10,20250401,35,34,48,19:45,1,0,H,1,0,H,9,10,2,1,16,12,1,2,4,2,0,0,3,0,1,1
3713,10,20250402,1,15,38,19:45,1,2,A,0,1,A,24,10,7,2,14,15,8,3,1,2,0,0,0,3,3,-1
3714,10,20250402,5,3,42,19:45,0,3,A,0,0,D,11,8,4,5,16,11,4,0,1,3,0,0,0,3,3,-3
3715,10,20250402,18,11,43,20:00,1,0,H,0,0,D,17,5,3,0,7,11,11,5,2,2,0,0,3,0,1,1
3716,10,20250402,20,17,11,19:45,2,0,H,2,0,H,18,2,5,0,11,8,5,0,1,4,0,0,3,0,2,2
3717,10,20250402,23,4,35,19:45,2,1,H,1,0,H,21,12,4,3,12,12,4,5,1,1,0,0,3,0,3,1
3718,10,20250402,27,10,3,19:45,1,1,D,1,0,H,8,9,2,3,14,9,2,2,2,1,0,0,1,1,2,0
3719,10,20250403,8,31,8,20:00,1,0,H,0,0,D,11,8,5,2,7,16,4,6,5,5,0,0,3,0,1,1
3720,10,20250405,3,25,44,17:30,2,1,H,2,0,H,17,19,8,3,7,15,4,4,2,2,0,0,3,0,3,1
3721,10,20250405,10,5,6,15:00,2,1,H,1,1,D,8,11,3,5,12,13,2,4,0,1,2,1,3,0,3,1
3722,10,20250405,11,2,11,12:30,1,1,D,0,1,A,5,14,2,5,17,13,3,8,3,1,0,0,1,1,2,0
3723,10,20250405,15,35,35,15:00,1,2,A,1,0,H,6,22,2,7,12,16,4,8,2,2,0,0,0,3,3,-1
3724,10,20250405,34,1,50,15:00,2,2,D,0,1,A,9,11,3,4,13,13,4,7,2,2,0,0,1,1,4,0
3725,10,20250406,4,8,30,14:00,0,0,D,0,0,D,9,21,2,5,12,12,3,6,1,3,0,0,1,1,0,0
3726,10,20250406,12,18,7,14:00,3,2,H,3,1,H,12,14,6,6,10,9,4,4,3,0,0,0,3,0,5,1
3727,10,20250406,21,20,15,16:30,0,0,D,0,0,D,13,9,2,5,13,9,5,3,3,2,0,0,1,1,0,0
3728,10,20250406,31,27,31,14:00,3,1,H,2,0,H,13,12,8,4,16,20,4,1,1,1,0,0,3,0,4,2
3729,10,20250407,17,23,38,20:00,0,3,A,0,3,A,7,16,2,5,8,9,12,2,2,0,0,0,0,3,3,-3
3730,10,20250412,2,4,44,17:30,1,1,D,0,0,D,14,3,3,2,7,9,13,5,1,3,0,0,1,1,2,0
3731,10,20250412,5,17,9,15:00,2,2,D,1,1,D,21,15,7,6,9,11,3,6,2,5,0,0,1,1,4,0
3732,10,20250412,20,10,16,12:30,5,2,H,2,2,D,21,8,9,3,10,16,1,4,2,3,0,0,3,0,7,3
3733,10,20250412,25,11,8,15:00,0,1,A,0,0,D,10,13,5,5,9,13,1,7,0,3,0,0,0,3,1,-1
3734,10,20250412,27,3,47,15:00,0,3,A,0,0,D,7,25,2,10,11,4,2,14,3,1,0,0,0,3,3,-3
3735,10,20250413,8,15,42,14:00,2,2,D,0,2,A,34,13,9,4,11,7,15,4,2,2,0,0,1,1,4,0
3736,10,20250413,18,34,3,14:00,2,1,H,1,0,H,15,11,6,4,15,8,10,3,0,2,0,0,3,0,3,1
3737,10,20250413,23,21,7,16:30,4,1,H,1,1,D,13,9,6,5,7,9,7,2,0,2,0,0,3,0,5,3
3738,10,20250413,35,31,6,14:00,4,2,H,2,0,H,13,11,5,4,12,15,1,4,1,2,0,0,3,0,6,2
3739,10,20250414,1,12,34,20:00,1,0,H,1,0,H,12,12,3,7,11,10,6,9,3,2,0,0,3,0,1,1
3740,10,20250416,23,10,11,19:30,5,0,H,4,0,H,14,11,7,4,9,15,5,4,2,3,0,0,3,0,5,5
3741,10,20250419,3,23,16,17:30,4,1,H,1,1,D,23,10,9,3,9,12,7,7,1,3,0,0,3,0,5,3
3742,10,20250419,4,5,50,15:00,4,2,H,1,1,D,16,12,8,3,7,11,4,8,3,3,0,1,3,0,6,2
3743,10,20250419,10,1,43,15:00,0,0,D,0,0,D,5,15,0,4,13,10,5,4,3,4,1,0,1,1,0,0
3744,10,20250419,11,20,44,15:00,0,2,A,0,0,D,8,12,3,7,7,6,2,5,4,0,0,0,0,3,2,-2
3745,10,20250419,34,27,2,15:00,1,1,D,0,0,D,12,15,4,4,14,13,2,5,2,1,0,0,1,1,2,0
3746,10,20250420,12,8,6,14:00,1,2,A,1,0,H,6,13,1,8,13,9,6,4,1,3,0,0,0,3,3,-1
3747,10,20250420,15,2,7,14:00,0,4,A,0,2,A,4,24,0,7,10,7,0,12,0,0,1,0,0,3,4,-4
3748,10,20250420,17,18,42,16:30,0,1,A,0,0,D,5,28,0,10,11,7,1,13,1,2,0,0,0,3,1,-1
3749,10,20250420,21,35,38,14:00,0,1,A,0,0,D,12,4,2,2,11,18,9,2,2,3,0,0,0,3,1,-1
3750,10,20250421,31,25,35,20:00,1,2,A,0,2,A,22,4,6,3,11,12,7,1,1,4,0,0,0,3,3,-1
3751,10,20250422,20,3,8,20:00,2,1,H,1,1,D,14,7,6,3,9,10,10,2,3,3,0,0,3,0,3,1
3752,10,20250423,2,10,31,20:00,2,2,D,2,1,H,12,15,6,4,4,6,3,6,1,1,0,0,1,1,4,0
3753,10,20250426,5,34,11,15:00,3,2,H,1,0,H,16,12,9,4,7,9,8,1,1,1,0,0,3,0,5,1
3754,10,20250426,8,11,7,12:30,1,0,H,1,0,H,10,6,7,3,11,11,10,2,0,0,0,0,3,0,1,1
3755,10,20250426,23,15,31,15:00,3,0,H,1,0,H,25,4,5,0,9,9,11,2,1,2,0,1,3,0,3,3
3756,10,20250426,27,12,48,15:00,1,2,A,1,0,H,7,26,3,5,10,12,0,13,1,1,0,0,0,3,3,-1
3757,10,20250426,35,17,43,15:00,3,0,H,1,0,H,20,8,6,2,7,17,4,2,1,4,0,0,3,0,3,3
3758,10,20250427,1,21,35,14:00,1,1,D,1,0,H,8,25,1,6,11,12,5,10,4,2,1,0,1,1,2,0
3759,10,20250427,18,31,47,16:30,5,1,H,3,1,H,25,8,8,3,16,9,8,2,2,1,0,0,3,0,6,4
3760,10,20250501,25,4,11,19:30,0,2,A,0,1,A,14,11,5,3,10,12,4,5,3,5,0,0,0,3,2,-2
3761,10,20250502,20,35,35,20:00,1,0,H,1,0,H,9,6,2,1,7,11,4,5,0,0,0,0,3,0,1,1
3762,10,20250503,2,1,16,17:30,1,2,A,1,0,H,13,9,4,2,7,16,2,3,0,2,0,0,0,3,3,-1
3763,10,20250503,3,12,38,12:30,1,0,H,1,0,H,10,11,3,3,6,17,5,3,0,5,0,0,3,0,1,1
3764,10,20250503,11,15,24,15:00,2,2,D,2,1,H,8,12,3,5,12,15,3,3,4,4,0,0,1,1,4,0
3765,10,20250503,17,27,12,15:00,2,0,H,2,0,H,14,8,4,2,12,13,7,7,1,3,0,0,3,0,2,2
3766,10,20250504,4,21,6,14:00,4,3,H,2,1,H,12,14,6,5,8,10,7,4,0,2,0,0,3,0,7,1
3767,10,20250504,5,23,8,14:00,1,1,D,1,0,H,5,13,2,5,15,10,1,4,2,1,0,0,1,1,2,0
3768,10,20250504,8,18,44,16:30,3,1,H,1,0,H,17,11,7,2,10,11,3,6,2,2,0,0,3,0,4,2
3769,10,20250504,34,31,30,14:00,1,1,D,1,1,D,11,7,2,2,18,15,1,3,2,2,0,0,1,1,2,0
3770,10,20250505,10,25,3,20:00,1,1,D,0,0,D,20,12,3,4,9,15,7,4,3,8,0,0,1,1,2,0
3771,10,20250510,1,3,42,17:30,0,1,A,0,1,A,10,6,4,3,19,12,10,0,4,3,0,1,0,3,1,-1
3772,10,20250510,12,11,31,15:00,1,3,A,1,1,D,18,11,6,7,15,9,5,5,1,0,0,0,0,3,4,-2
3773,10,20250510,15,4,43,15:00,0,1,A,0,1,A,11,15,4,5,6,12,5,6,2,4,0,0,0,3,1,-1
3774,10,20250510,27,20,50,15:00,0,0,D,0,0,D,2,26,0,5,9,8,1,15,2,0,0,0,1,1,0,0
3775,10,20250510,35,5,30,15:00,0,2,A,0,1,A,10,7,3,2,8,12,7,4,1,1,0,0,0,3,2,-2
3776,10,20250511,18,2,6,16:30,2,2,D,2,0,H,14,15,5,7,13,10,3,1,1,1,0,1,1,1,4,0
3777,10,20250511,21,34,16,14:15,0,2,A,0,1,A,20,9,5,4,3,13,8,5,0,1,0,0,0,3,2,-2
3778,10,20250511,23,8,15,12:00,2,0,H,1,0,H,15,10,6,3,9,13,2,8,4,2,0,1,3,0,2,2
3779,10,20250511,25,17,48,14:15,2,2,D,1,1,D,15,10,4,6,11,11,4,4,3,3,0,0,1,1,4,0
3780,10,20250511,31,10,7,14:15,0,2,A,0,1,A,8,23,1,10,12,10,4,8,1,1,0,0,0,3,2,-2
3781,10,20250516,3,31,35,19:30,2,0,H,0,0,D,18,3,7,1,5,12,9,1,1,2,0,0,3,0,2,2
3782,10,20250516,8,21,7,20:15,1,0,H,0,0,D,11,4,3,1,10,14,7,2,1,6,0,0,3,0,1,1
3783,10,20250518,2,23,44,16:30,1,0,H,0,0,D,12,14,4,5,9,9,10,7,3,3,0,0,3,0,1,1
3784,10,20250518,4,12,16,15:00,2,3,A,2,1,H,11,16,6,7,12,8,5,3,4,4,0,0,0,3,5,-1
3785,10,20250518,11,27,30,12:00,2,0,H,2,0,H,13,6,5,2,6,10,4,5,1,1,0,0,3,0,2,2
3786,10,20250518,17,15,2,15:00,2,0,H,1,0,H,9,20,3,2,15,12,2,2,1,0,0,0,3,0,2,2
3787,10,20250518,34,25,43,14:15,1,2,A,0,1,A,16,10,5,5,14,7,8,7,6,3,0,0,0,3,3,-1
3788,10,20250519,5,18,15,20:00,3,2,H,1,2,A,25,18,12,5,9,8,3,3,1,0,0,0,3,0,5,1
3789,10,20250520,10,35,12,20:00,4,2,H,2,1,H,14,12,10,3,14,8,0,10,1,2,0,0,3,0,6,2
3790,10,20250520,20,1,47,20:00,3,1,H,2,0,H,12,8,5,2,7,13,3,1,1,3,1,1,3,0,4,2
3791,10,20250525,1,17,24,16:00,2,0,H,0,0,D,20,3,7,0,19,16,6,1,0,2,0,0,3,0,2,2
3792,10,20250525,12,20,3,16:00,0,2,A,0,1,A,13,20,3,5,11,5,1,6,0,0,0,0,0,3,2,-2
3793,10,20250525,15,34,50,16:00,1,3,A,0,1,A,14,10,4,6,10,9,4,0,1,1,0,0,0,3,4,-2
3794,10,20250525,18,10,11,16:00,1,1,D,0,1,A,14,8,3,5,7,10,11,0,1,0,1,0,1,1,2,0
3795,10,20250525,21,3,47,16:00,2,0,H,0,0,D,25,6,10,1,10,10,4,3,2,2,0,1,3,0,2,2
3796,10,20250525,23,11,48,16:00,0,1,A,0,0,D,17,14,6,6,12,9,12,3,1,4,0,0,0,3,1,-1
3797,10,20250525,25,8,6,16:00,0,1,A,0,0,D,10,6,2,2,10,11,7,4,2,2,0,0,0,3,1,-1
3798,10,20250525,27,2,9,16:00,1,2,A,0,1,A,7,23,2,8,7,8,5,8,0,0,0,0,0,3,3,-1
3799,10,20250525,31,5,38,16:00,1,4,A,1,0,H,4,23,2,8,13,8,2,11,3,1,0,0,0,3,5,-3
3800,10,20250525,35,4,8,16:00,1,1,D,0,1,A,18,13,6,7,7,9,8,3,2,1,0,0,1,1,2,0
3801,11,20250815,18,1,6,20:00,4,2,H,1,0,H,19,10,10,3,7,10,6,7,1,2,0,0,3,0,6,2
3802,11,20250816,3,23,8,12:30,0,0,D,0,0,D,3,16,3,3,13,11,3,6,1,1,1,0,1,1,0,0
3803,11,20250816,5,12,43,15:00,1,1,D,0,0,D,10,7,4,2,16,15,4,3,3,3,0,0,1,1,2,0
3804,11,20250816,29,34,38,15:00,3,0,H,0,0,D,10,12,5,4,8,10,5,7,0,1,0,0,3,0,3,3
3805,11,20250816,31,6,30,15:00,3,0,H,1,0,H,16,14,6,4,14,8,6,5,0,0,0,0,3,0,3,3
3806,11,20250816,35,20,16,17:30,0,4,A,0,2,A,9,15,3,4,13,7,4,6,1,2,0,0,0,3,4,-4
3807,11,20250817,8,10,11,14:00,0,0,D,0,0,D,19,12,3,4,10,12,11,2,2,3,0,0,1,1,0,0
3808,11,20250817,21,2,44,16:30,0,1,A,0,1,A,22,9,7,3,10,19,3,4,1,4,0,0,0,3,1,-1
3809,11,20250817,25,4,35,14:00,3,1,H,3,0,H,11,10,5,3,7,15,5,5,1,2,0,0,3,0,4,2
3810,11,20250818,16,11,7,20:00,1,0,H,0,0,D,21,7,3,1,6,8,7,2,0,2,0,0,3,0,1,1
3811,11,20250822,34,8,30,20:00,1,5,A,1,3,A,12,12,4,7,7,10,7,5,0,1,0,0,0,3,6,-4
3812,11,20250823,1,35,47,15:00,1,0,H,1,0,H,14,6,4,1,13,16,8,3,2,4,0,1,3,0,1,1
3813,11,20250823,2,16,16,17:30,5,0,H,2,0,H,18,3,5,1,8,11,2,2,0,2,0,0,3,0,5,5
3814,11,20250823,4,3,48,15:00,1,0,H,1,0,H,9,17,2,2,11,9,2,9,1,2,0,0,3,0,1,1
3815,11,20250823,6,29,31,15:00,2,0,H,0,0,D,7,9,2,1,9,5,4,3,0,1,0,0,3,0,2,2
3816,11,20250823,20,31,35,12:30,0,2,A,0,2,A,10,12,4,5,7,12,7,2,1,4,0,0,0,3,2,-2
3817,11,20250824,10,25,6,14:00,1,1,D,1,0,H,8,9,4,1,11,11,1,3,3,3,0,0,1,1,2,0
3818,11,20250824,11,5,42,14:00,2,0,H,1,0,H,11,13,3,4,7,15,2,2,4,3,0,0,3,0,2,2
3819,11,20250824,12,21,7,16:30,1,1,D,0,0,D,13,10,4,3,12,10,9,6,1,1,0,0,1,1,2,0
3820,11,20250825,23,18,44,20:00,2,3,A,0,1,A,10,5,3,4,17,15,7,1,2,3,1,0,0,3,5,-1
3821,11,20250830,8,12,38,12:30,2,0,H,1,0,H,13,11,6,3,11,17,6,4,2,2,0,0,3,0,2,2
3822,11,20250830,16,23,35,17:30,0,0,D,0,0,D,10,8,1,2,10,15,5,5,1,1,0,0,1,1,0,0
3823,11,20250830,21,6,43,15:00,3,2,H,1,0,H,26,6,6,3,9,9,7,1,1,5,0,0,3,0,5,1
3824,11,20250830,29,4,6,15:00,2,1,H,0,0,D,12,7,3,4,11,12,3,4,3,2,0,0,3,0,3,1
3825,11,20250830,31,1,44,15:00,0,1,A,0,1,A,5,20,1,6,17,13,0,8,2,4,0,0,0,3,1,-1
3826,11,20250830,35,11,30,15:00,2,3,A,1,2,A,12,10,4,4,15,10,2,2,0,1,0,0,0,3,5,-1
3827,11,20250831,3,10,42,19:00,0,3,A,0,1,A,13,6,4,4,7,14,10,1,2,3,0,0,0,3,3,-3
3828,11,20250831,5,20,11,14:00,2,1,H,0,1,A,12,12,7,3,16,14,3,2,2,2,0,0,3,0,3,1
3829,11,20250831,18,2,7,16:30,1,0,H,0,0,D,9,11,3,1,7,10,3,8,2,2,0,0,3,0,1,1
3830,11,20250831,25,34,8,14:00,0,3,A,0,0,D,11,12,3,8,14,6,9,7,0,0,0,0,0,3,3,-3
3831,11,20250913,1,5,35,15:00,2,1,H,1,0,H,13,6,5,2,16,10,4,4,4,4,0,0,3,0,3,1
3832,11,20250913,2,25,11,12:30,3,0,H,1,0,H,16,5,5,1,8,11,8,4,1,1,0,0,3,0,3,3
3833,11,20250913,4,8,42,20:00,2,2,D,1,0,H,7,16,4,6,13,9,5,6,3,2,0,0,1,1,4,0
3834,11,20250913,10,29,47,15:00,0,0,D,0,0,D,14,6,6,0,10,8,5,3,1,1,0,0,1,1,0,0
3835,11,20250913,11,3,44,15:00,0,0,D,0,0,D,20,7,2,1,17,15,10,3,3,3,0,0,1,1,0,0
3836,11,20250913,12,16,8,15:00,1,0,H,0,0,D,5,10,3,3,20,15,3,3,1,2,0,0,3,0,1,1
3837,11,20250913,23,35,7,15:00,1,0,H,1,0,H,16,8,4,3,10,17,10,4,1,4,0,0,3,0,1,1
3838,11,20250913,34,31,16,17:30,0,3,A,0,0,D,7,14,4,5,8,7,2,13,0,1,1,0,0,3,3,-3
3839,11,20250914,6,18,30,14:00,0,1,A,0,0,D,3,27,0,4,9,9,1,13,0,2,0,0,0,3,1,-1
3840,11,20250914,20,21,6,16:30,3,0,H,1,0,H,13,12,6,2,8,8,2,4,0,0,0,0,3,0,3,3
3841,11,20250920,5,31,7,15:00,2,2,D,2,1,H,12,11,4,3,10,13,2,10,1,2,0,0,1,1,4,0
3842,11,20250920,6,25,47,15:00,1,1,D,1,1,D,12,17,5,8,12,11,4,5,1,1,0,0,1,1,2,0
3843,11,20250920,12,4,30,20:00,3,1,H,2,1,H,14,8,3,3,11,13,2,10,4,1,0,0,3,0,4,2
3844,11,20250920,18,11,11,12:30,2,1,H,2,0,H,11,9,3,2,11,10,5,4,2,3,0,0,3,0,3,1
3845,11,20250920,21,8,35,17:30,2,1,H,2,0,H,11,5,4,1,13,14,5,5,0,5,1,1,3,0,3,1
3846,11,20250920,34,10,48,15:00,1,2,A,0,1,A,8,18,3,3,15,5,8,8,3,3,0,0,0,3,3,-1
3847,11,20250920,35,16,6,15:00,1,3,A,1,3,A,16,6,6,4,11,9,4,0,1,1,0,0,0,3,4,-2
3848,11,20250921,1,23,38,14:00,0,0,D,0,0,D,11,4,2,1,7,10,5,2,2,1,0,0,1,1,0,0
3849,11,20250921,2,20,42,16:30,1,1,D,0,1,A,12,5,3,3,11,10,11,2,1,2,0,0,1,1,2,0
3850,11,20250921,29,3,43,14:00,1,1,D,0,0,D,14,12,4,2,14,8,6,5,2,1,1,0,1,1,2,0
3851,11,20250927,4,21,8,12:30,3,1,H,2,1,H,10,14,8,6,14,10,4,2,2,2,0,0,3,0,4,2
3852,11,20250927,8,5,44,15:00,1,3,A,1,0,H,13,12,3,3,9,16,5,7,3,5,1,0,0,3,4,-2
3853,11,20250927,10,18,7,15:00,2,1,H,1,0,H,16,20,7,4,10,8,2,6,1,3,0,0,3,0,3,1
3854,11,20250927,16,1,30,15:00,2,2,D,1,1,D,19,12,8,5,12,13,7,4,2,2,0,0,1,1,4,0
3855,11,20250927,20,6,38,15:00,5,1,H,1,1,D,21,9,8,2,5,7,10,2,1,3,0,0,3,0,6,4
3856,11,20250927,25,29,48,17:30,0,1,A,0,1,A,22,11,6,3,11,6,7,4,4,2,0,0,0,3,1,-1
3857,11,20250927,31,35,31,20:00,1,1,D,0,0,D,10,9,3,3,9,11,10,9,3,2,0,0,1,1,2,0
3858,11,20250928,3,12,3,14:00,3,1,H,1,1,D,9,11,4,4,10,13,2,8,1,4,0,0,3,0,4,2
3859,11,20250928,23,2,16,16:30,1,2,A,1,0,H,8,20,3,7,8,9,7,12,2,1,0,0,0,3,3,-1
3860,11,20250929,11,34,43,20:00,1,1,D,1,0,H,12,14,6,3,7,16,3,5,3,4,0,0,1,1,2,0
3861,11,20251003,1,12,44,20:00,3,1,H,0,0,D,11,12,6,4,8,10,4,3,0,1,0,0,3,0,4,2
3862,11,20251004,2,34,15,15:00,2,0,H,1,0,H,21,4,5,0,14,14,8,3,0,2,0,0,3,0,2,2
3863,11,20251004,8,18,6,17:30,2,1,H,1,0,H,12,12,6,2,9,8,7,2,0,2,0,0,3,0,3,1
3864,11,20251004,16,31,47,12:30,1,2,A,1,1,D,16,9,4,3,10,12,4,1,2,3,0,0,0,3,3,-1
3865,11,20251004,21,29,42,15:00,2,0,H,2,0,H,15,8,6,3,10,12,2,3,1,4,0,0,3,0,2,2
3866,11,20251005,3,6,2,14:00,2,1,H,1,0,H,15,5,7,2,9,15,6,4,3,1,0,0,3,0,3,1
3867,11,20251005,4,20,11,16:30,0,1,A,0,1,A,6,10,1,4,10,6,3,2,3,2,0,0,0,3,1,-1
3868,11,20251005,11,10,31,14:00,2,1,H,0,1,A,14,15,7,8,13,16,2,4,2,3,0,0,3,0,3,1
3869,11,20251005,23,25,35,14:00,2,0,H,0,0,D,18,5,9,4,16,15,8,1,0,4,0,0,3,0,2,2
3870,11,20251005,35,5,16,14:00,1,1,D,1,0,H,6,17,3,6,13,9,2,8,2,4,0,0,1,1,2,0
3871,11,20251018,5,23,8,15:00,2,1,H,1,0,H,13,16,5,3,9,9,8,4,0,1,0,0,3,0,3,1
3872,11,20251018,6,16,50,15:00,2,0,H,1,0,H,4,19,3,4,10,7,1,5,2,1,0,0,3,0,2,2
3873,11,20251018,10,1,16,15:00,3,3,D,0,2,A,20,8,7,5,8,16,6,5,1,4,0,0,1,1,6,0
3874,11,20251018,12,2,6,17:30,0,1,A,0,0,D,9,16,0,5,11,4,6,10,0,0,0,0,0,3,1,-1
3875,11,20251018,20,11,48,15:00,2,0,H,0,0,D,19,5,7,1,8,14,11,3,0,2,0,0,3,0,2,2
3876,11,20251018,25,8,7,12:30,0,3,A,0,0,D,12,17,2,6,13,16,5,2,2,2,0,1,0,3,3,-3
3877,11,20251018,29,35,38,15:00,2,0,H,1,0,H,8,16,2,3,5,12,3,2,0,0,0,0,3,0,2,2
3878,11,20251019,18,21,30,16:30,1,2,A,0,1,A,19,12,6,4,8,14,9,4,0,2,0,0,0,3,3,-1
3879,11,20251019,31,3,44,14:00,1,2,A,1,1,D,9,8,3,2,11,7,6,6,2,0,0,0,0,3,3,-1
3880,11,20251020,34,4,3,20:00,0,2,A,0,1,A,7,22,1,7,10,10,6,10,1,1,0,0,0,3,2,-2
3881,11,20251024,16,34,42,20:00,2,1,H,2,0,H,13,9,5,3,12,11,3,4,3,3,0,0,3,0,3,1
3882,11,20251025,4,18,44,20:00,3,2,H,2,1,H,17,18,8,5,7,10,5,4,3,2,0,0,3,0,5,1
3883,11,20251025,8,29,3,15:00,1,2,A,1,1,D,16,10,7,4,15,13,9,1,1,1,0,0,0,3,3,-1
3884,11,20251025,21,5,6,17:30,4,2,H,2,0,H,13,17,9,5,4,13,1,6,2,2,0,0,3,0,6,2
3885,11,20251025,23,12,35,15:00,2,1,H,1,0,H,18,12,7,5,11,18,4,3,0,2,0,0,3,0,3,1
3886,11,20251026,1,25,43,14:00,2,0,H,2,0,H,13,8,5,4,17,7,6,4,3,1,0,0,3,0,2,2
3887,11,20251026,2,10,47,14:00,1,0,H,1,0,H,10,7,3,1,6,11,4,3,0,0,0,0,3,0,1,1
3888,11,20251026,3,20,30,14:00,1,0,H,1,0,H,9,18,3,4,8,16,5,6,1,4,0,0,3,0,1,1
3889,11,20251026,11,31,8,16:30,0,3,A,0,2,A,12,7,2,4,9,8,9,8,2,0,0,0,0,3,3,-3
3890,11,20251026,35,6,48,14:00,2,3,A,2,2,D,15,11,7,7,12,7,5,3,1,0,0,0,0,3,5,-1
3891,11,20251101,5,16,30,15:00,3,0,H,1,0,H,14,5,7,2,10,7,4,7,0,1,0,0,3,0,3,3
3892,11,20251101,6,2,7,15:00,0,2,A,0,2,A,3,12,0,8,10,13,1,6,2,1,0,0,0,3,2,-2
3893,11,20251101,10,4,35,15:00,2,0,H,1,0,H,9,6,2,2,7,11,6,5,0,3,0,0,3,0,2,2
3894,11,20251101,12,35,15,15:00,3,0,H,1,0,H,19,5,6,2,13,14,10,1,1,3,0,1,3,0,3,3
3895,11,20251101,18,3,42,20:00,2,0,H,1,0,H,16,10,4,3,13,11,1,4,2,3,0,0,3,0,2,2
3896,11,20251101,25,21,11,15:00,2,2,D,0,1,A,17,18,3,7,10,7,8,5,1,1,0,0,1,1,4,0
3897,11,20251101,31,8,16,17:30,0,1,A,0,1,A,3,15,1,9,14,12,6,5,4,2,0,0,0,3,1,-1
3898,11,20251102,20,1,6,16:30,3,1,H,2,1,H,15,8,8,5,8,11,10,4,2,2,0,0,3,0,4,2
3899,11,20251102,34,23,38,14:00,3,1,H,2,1,H,15,12,9,4,5,10,7,6,1,2,0,0,3,0,4,2
3900,11,20251103,29,11,47,20:00,1,1,D,0,1,A,17,8,3,2,10,12,4,1,3,2,0,0,1,1,2,0
3901,11,20251108,8,35,2,20:00,3,0,H,0,0,D,20,3,8,0,12,14,10,1,1,2,0,0,3,0,3,3
3902,11,20251108,11,12,3,15:00,2,0,H,1,0,H,14,8,5,4,11,14,7,5,2,2,0,0,3,0,2,2
3903,11,20251108,29,2,8,17:30,2,2,D,1,0,H,6,17,2,7,13,13,2,2,2,1,0,0,1,1,4,0
3904,11,20251108,31,21,43,12:30,2,2,D,0,1,A,10,5,4,2,10,8,5,3,5,1,0,0,1,1,4,0
3905,11,20251108,34,6,31,15:00,3,2,H,1,1,D,15,16,6,7,15,13,7,4,2,2,0,0,3,0,5,1
3906,11,20251109,3,1,15,14:00,4,0,H,2,0,H,16,13,8,4,8,20,6,9,2,2,0,0,3,0,4,4
3907,11,20251109,4,23,42,14:00,3,1,H,0,1,A,15,5,7,1,10,13,6,2,2,1,0,0,3,0,4,2
3908,11,20251109,10,5,50,14:00,0,0,D,0,0,D,10,7,2,3,10,12,4,8,1,4,0,0,1,1,0,0
3909,11,20251109,20,18,7,16:30,3,0,H,2,0,H,14,7,6,1,14,15,7,7,2,4,0,0,3,0,3,3
3910,11,20251109,25,16,16,14:00,3,1,H,1,1,D,14,10,6,3,10,11,6,4,2,1,0,0,3,0,4,2
3911,11,20251122,1,34,47,15:00,2,2,D,0,2,A,28,5,10,2,9,10,9,2,3,2,0,0,1,1,4,0
3912,11,20251122,5,4,7,15:00,2,1,H,0,1,A,14,10,5,4,10,9,7,4,4,2,0,0,3,0,3,1
3913,11,20251122,6,8,35,12:30,0,2,A,0,1,A,8,15,2,5,13,8,1,9,2,3,0,0,0,3,2,-2
3914,11,20251122,12,29,11,15:00,1,0,H,0,0,D,24,4,6,2,5,13,7,4,3,3,0,0,3,0,1,1
3915,11,20251122,18,25,3,15:00,0,3,A,0,1,A,21,15,4,7,11,8,8,6,2,0,0,0,0,3,3,-3
3916,11,20251122,23,20,43,17:30,2,1,H,0,0,D,9,17,5,4,13,8,5,9,1,3,0,0,3,0,3,1
3917,11,20251122,35,10,6,15:00,0,2,A,0,0,D,8,10,1,4,13,9,1,4,2,3,0,0,0,3,2,-2
3918,11,20251123,2,31,30,16:30,4,1,H,2,0,H,17,3,8,2,11,15,4,1,1,3,0,0,3,0,5,3
3919,11,20251123,16,3,38,14:00,1,2,A,1,0,H,14,14,5,3,18,16,3,3,5,1,0,0,0,3,3,-1
3920,11,20251124,21,11,48,20:00,0,1,A,0,1,A,25,3,6,1,12,9,9,1,2,0,0,1,0,3,1,-1
3921,11,20251129,4,6,43,15:00,3,1,H,0,0,D,14,6,4,2,7,7,5,6,0,2,0,0,3,0,4,2
3922,11,20251129,11,23,8,17:30,1,4,A,0,3,A,10,13,2,8,4,6,8,7,0,0,0,0,0,3,5,-3
3923,11,20251129,20,16,35,15:00,3,2,H,2,0,H,18,9,9,4,17,11,8,1,4,1,0,0,3,0,5,1
3924,11,20251129,29,1,50,15:00,3,2,H,1,2,A,12,18,6,6,14,13,6,3,5,5,0,1,3,0,5,1
3925,11,20251129,31,12,42,20:00,1,2,A,0,2,A,14,7,2,3,11,7,8,2,3,2,0,0,0,3,3,-1
3926,11,20251130,3,35,7,14:05,1,0,H,0,0,D,16,9,6,4,13,21,7,3,0,4,0,0,3,0,1,1
3927,11,20251130,8,2,6,16:30,1,1,D,0,0,D,11,8,4,4,12,13,3,3,1,6,1,0,1,1,2,0
3928,11,20251130,10,21,38,12:00,1,2,A,1,0,H,14,14,3,6,14,14,4,4,3,2,0,0,0,3,3,-1
3929,11,20251130,25,5,30,14:05,0,2,A,0,1,A,19,17,3,6,11,10,9,2,0,1,0,0,0,3,2,-2
3930,11,20251130,34,18,11,14:05,0,2,A,0,0,D,7,9,0,5,12,14,7,2,1,0,1,0,0,3,2,-2
3931,11,20251202,1,11,31,19:30,0,1,A,0,0,D,5,13,2,3,14,14,1,6,3,3,0,0,0,3,1,-1
3932,11,20251202,12,20,8,19:30,4,5,A,1,3,A,12,11,6,4,9,7,7,2,0,1,0,0,0,3,9,-1
3933,11,20251202,23,31,47,20:15,2,2,D,0,0,D,19,8,7,2,5,12,11,8,0,3,0,0,1,1,4,0
3934,11,20251203,2,4,48,19:30,2,0,H,1,0,H,15,6,7,1,7,9,4,8,0,1,0,0,3,0,2,2
3935,11,20251203,5,3,3,19:30,3,4,A,2,2,D,16,14,7,10,10,9,5,6,2,2,0,0,0,3,7,-1
3936,11,20251203,6,10,49,19:30,0,1,A,0,1,A,11,3,4,3,9,8,3,4,0,0,0,0,0,3,1,-1
3937,11,20251203,16,8,11,20:15,3,1,H,2,0,H,17,14,5,2,10,13,4,2,1,1,0,0,3,0,4,2
3938,11,20251203,18,29,42,20:15,1,1,D,0,0,D,23,9,4,6,10,5,7,3,1,1,0,0,1,1,2,0
3939,11,20251203,35,25,50,19:30,0,1,A,0,0,D,5,10,1,3,19,11,3,9,2,2,0,0,0,3,1,-1
3940,11,20251204,21,34,2,20:00,1,1,D,0,0,D,17,11,4,3,13,9,6,6,2,2,0,0,1,1,2,0
3941,11,20251206,1,8,30,15:00,0,0,D,0,0,D,13,11,5,4,15,13,5,0,0,2,0,0,1,1,0,0
3942,11,20251206,3,2,35,12:30,2,1,H,1,0,H,15,15,6,9,10,8,3,3,0,2,0,0,3,0,3,1
3943,11,20251206,11,25,7,15:00,3,0,H,2,0,H,11,7,5,3,17,15,6,3,4,3,0,0,3,0,3,3
3944,11,20251206,16,18,6,17:30,3,3,D,0,0,D,12,16,5,7,14,14,5,4,3,3,0,0,1,1,6,0
3945,11,20251206,20,29,3,15:00,3,0,H,2,0,H,18,8,6,1,9,10,6,5,1,0,0,1,3,0,3,3
3946,11,20251206,23,6,42,15:00,2,1,H,2,0,H,17,9,7,3,9,11,9,9,2,2,0,1,3,0,3,1
3947,11,20251206,31,4,38,15:00,2,0,H,2,0,H,15,4,7,1,8,9,7,6,3,4,0,0,3,0,2,2
3948,11,20251207,5,34,44,14:00,1,1,D,0,0,D,22,14,4,5,12,8,10,6,2,2,0,0,1,1,2,0
3949,11,20251207,12,10,43,16:30,1,2,A,1,1,D,12,11,4,5,5,8,6,4,0,0,0,0,0,3,3,-1
3950,11,20251208,35,21,31,20:00,1,4,A,1,1,D,8,27,2,10,17,12,1,9,3,2,0,0,0,3,5,-3
3951,11,20251213,2,35,38,20:00,2,1,H,0,0,D,16,3,2,2,7,15,8,0,0,4,0,0,3,0,3,1
3952,11,20251213,6,12,30,17:30,2,3,A,1,2,A,16,6,8,4,8,8,10,4,1,2,0,0,0,3,5,-1
3953,11,20251213,8,11,47,15:00,2,0,H,2,0,H,17,11,5,2,13,11,4,7,1,0,0,0,3,0,2,2
3954,11,20251213,18,5,8,15:00,2,0,H,1,0,H,18,14,4,1,8,15,2,2,1,2,0,0,3,0,2,2
3955,11,20251214,4,16,15,16:30,1,1,D,0,0,D,7,18,2,4,8,9,0,3,0,0,0,0,1,1,2,0
3956,11,20251214,10,20,11,14:00,0,3,A,0,1,A,16,7,4,6,9,6,2,2,2,0,0,0,0,3,3,-3
3957,11,20251214,25,31,43,14:00,3,0,H,1,0,H,15,6,6,1,9,13,3,3,1,3,0,0,3,0,3,3
3958,11,20251214,29,23,35,14:00,1,0,H,0,0,D,5,6,1,2,10,10,3,6,5,4,0,0,3,0,1,1
3959,11,20251214,34,3,6,14:00,2,3,A,2,1,H,10,7,3,4,18,13,5,3,1,2,0,0,0,3,5,-1
3960,11,20251215,21,1,44,20:00,4,4,D,2,1,H,25,14,9,9,15,12,5,4,2,3,0,0,1,1,8,0
3961,11,20251220,1,6,7,15:00,1,1,D,0,0,D,16,4,1,1,11,11,5,3,1,1,0,0,1,1,2,0
3962,11,20251220,5,29,11,15:00,0,0,D,0,0,D,16,14,4,6,11,15,3,4,2,2,0,0,1,1,0,0
3963,11,20251220,11,2,43,20:00,0,1,A,0,1,A,5,13,1,2,4,5,2,3,2,2,0,0,0,3,1,-1
3964,11,20251220,16,10,47,20:00,4,1,H,2,0,H,20,9,8,3,5,10,9,5,1,3,0,0,3,0,5,3
3965,11,20251220,20,34,36,15:00,3,0,H,2,0,H,17,7,8,3,16,10,6,0,1,1,0,0,3,0,3,3
3966,11,20251220,23,8,3,12:30,2,2,D,2,0,H,11,13,5,4,13,14,6,4,3,6,0,0,1,1,4,0
3967,11,20251220,31,18,15,17:30,1,2,A,0,0,D,15,8,4,4,9,7,2,6,3,3,2,0,0,3,3,-1
3968,11,20251220,35,4,28,15:00,0,2,A,0,0,D,9,7,2,6,12,15,3,4,2,4,0,0,0,3,2,-2
3969,11,20251221,3,21,30,16:30,2,1,H,1,1,D,12,15,4,6,11,14,5,5,1,2,0,0,3,0,3,1
3970,11,20251222,12,25,6,20:00,1,0,H,1,0,H,11,12,1,2,5,9,1,5,5,4,0,0,3,0,1,1
3971,11,20251226,21,23,6,20:00,1,0,H,1,0,H,10,16,4,3,9,5,2,11,2,1,0,0,3,0,1,1
3972,11,20251227,2,5,15,15:00,2,1,H,1,0,H,24,8,6,3,7,13,7,2,2,3,0,0,3,0,3,1
3973,11,20251227,4,1,35,15:00,4,1,H,2,0,H,15,20,7,10,9,8,2,15,2,2,0,0,3,0,5,3
3974,11,20251227,6,11,8,15:00,0,0,D,0,0,D,16,15,0,6,8,8,6,5,0,2,0,0,1,1,0,0
3975,11,20251227,8,3,42,17:30,1,2,A,1,0,H,14,11,3,8,16,8,6,7,5,3,0,0,0,3,3,-1
3976,11,20251227,18,35,44,15:00,2,1,H,2,0,H,14,9,4,4,5,13,6,4,0,1,0,0,3,0,3,1
3977,11,20251227,25,20,38,12:30,1,2,A,0,0,D,7,16,2,5,5,13,5,5,1,2,0,0,0,3,3,-1
3978,11,20251227,34,12,7,15:00,0,1,A,0,0,D,11,15,2,4,8,8,5,4,1,3,0,0,0,3,1,-1
3979,11,20251228,10,31,16,16:30,0,1,A,0,1,A,15,8,2,4,7,5,3,2,3,2,0,0,0,3,1,-1
3980,11,20251228,29,16,48,14:00,1,1,D,1,0,H,8,17,3,6,7,9,3,9,1,0,0,0,1,1,2,0
3981,11,20251230,2,3,11,20:15,4,1,H,0,0,D,22,11,7,3,18,9,3,3,2,3,0,0,3,0,5,3
3982,11,20251230,6,23,38,19:30,1,3,A,1,2,A,15,20,4,9,9,3,3,4,2,1,0,0,0,3,4,-2
3983,11,20251230,8,1,43,19:30,2,2,D,2,2,D,17,17,3,6,5,12,12,3,1,1,0,0,1,1,4,0
3984,11,20251230,21,35,47,20:15,1,1,D,1,1,D,15,11,6,4,9,12,8,4,0,2,0,0,1,1,2,0
3985,11,20251230,25,11,30,19:30,0,2,A,0,1,A,21,11,6,3,11,9,9,2,1,0,0,0,0,3,2,-2
3986,11,20251230,34,5,31,19:30,2,2,D,2,1,H,10,16,4,6,11,18,5,5,3,5,0,0,1,1,4,0
3987,11,20260101,4,31,3,20:00,0,0,D,0,0,D,7,9,2,3,8,10,3,1,1,2,0,0,1,1,0,0
3988,11,20260101,10,12,48,17:30,1,1,D,1,0,H,11,17,2,5,7,10,6,3,0,5,0,0,1,1,2,0
3989,11,20260101,18,16,7,17:30,0,0,D,0,0,D,19,4,4,2,10,8,8,3,0,2,0,0,1,1,0,0
3990,11,20260101,29,20,16,20:00,0,0,D,0,0,D,10,14,4,4,9,6,3,5,1,1,0,0,1,1,0,0
3991,11,20260103,1,2,7,17:30,2,3,A,1,1,D,15,12,3,5,13,8,7,5,3,1,0,0,0,3,5,-1
3992,11,20260103,3,25,44,12:30,3,1,H,1,0,H,11,10,4,5,10,20,4,4,1,2,0,0,3,0,4,2
3993,11,20260103,5,6,50,15:00,2,0,H,1,0,H,15,5,4,3,7,17,4,4,0,4,0,0,3,0,2,2
3994,11,20260103,35,34,35,15:00,3,0,H,3,0,H,11,6,8,0,11,10,6,7,1,0,0,0,3,0,3,3
3995,11,20260104,11,4,6,15:00,2,4,A,0,1,A,14,11,6,7,9,8,4,5,0,2,0,0,0,3,6,-2
3996,11,20260104,12,18,8,15:15,2,2,D,1,0,H,8,10,2,2,11,4,3,8,1,1,0,0,1,1,4,0
3997,11,20260104,16,21,16,12:30,1,1,D,0,0,D,11,15,3,2,9,9,6,4,0,1,0,0,1,1,2,0
3998,11,20260104,20,8,30,17:30,1,1,D,1,0,H,14,8,3,3,12,14,8,2,3,3,0,0,1,1,2,0
3999,11,20260104,23,10,15,15:00,2,0,H,0,0,D,12,11,7,1,5,12,8,6,1,3,0,0,3,0,2,2
4000,11,20260104,31,29,42,15:00,1,1,D,1,0,H,13,10,5,3,10,6,3,5,2,3,0,0,1,1,2,0
4001,11,20260106,34,25,48,20:00,1,2,A,1,0,H,14,13,3,5,15,9,6,5,3,0,0,0,0,3,3,-1
4002,11,20260107,1,31,11,19:30,3,2,H,2,1,H,11,16,3,4,19,10,3,7,3,3,0,0,3,0,5,1
4003,11,20260107,4,29,28,19:30,3,0,H,1,0,H,18,11,6,3,13,13,7,4,2,1,0,0,3,0,3,3
4004,11,20260107,6,21,42,20:15,2,2,D,1,0,H,7,30,1,10,9,8,2,6,2,0,0,0,1,1,4,0
4005,11,20260107,10,3,3,19:30,0,0,D,0,0,D,11,15,5,3,8,3,3,5,2,0,0,0,1,1,0,0
4006,11,20260107,11,35,49,19:30,1,1,D,1,0,H,13,13,2,4,13,15,2,7,1,3,2,0,1,1,2,0
4007,11,20260107,12,8,35,19:30,2,1,H,0,0,D,16,14,5,6,11,6,2,11,3,3,0,1,3,0,3,1
4008,11,20260107,20,5,47,19:30,1,1,D,1,0,H,22,6,6,3,6,16,6,2,1,6,0,0,1,1,2,0
4009,11,20260107,23,16,31,20:15,4,3,H,1,2,A,18,14,8,6,11,10,8,4,3,2,0,0,3,0,7,1
4010,11,20260108,2,18,6,20:00,0,0,D,0,0,D,9,8,4,0,10,9,3,0,2,2,0,0,1,1,0,0
4011,11,20260117,8,4,15,15:00,2,0,H,1,0,H,6,15,2,5,7,10,3,9,3,2,0,0,3,0,2,2
4012,11,20260117,16,12,7,15:00,1,0,H,0,0,D,14,8,5,1,6,11,7,3,1,5,0,0,3,0,1,1
4013,11,20260117,18,6,3,15:00,1,1,D,1,0,H,32,7,11,1,8,10,9,1,1,2,0,0,1,1,2,0
4014,11,20260117,21,20,6,12:30,2,0,H,0,0,D,11,7,7,1,13,8,1,6,2,3,0,0,3,0,2,2
4015,11,20260117,25,2,30,17:30,0,0,D,0,0,D,6,15,0,3,8,14,4,9,1,1,0,0,1,1,0,0
4016,11,20260117,29,10,38,15:00,2,1,H,1,1,D,13,6,7,2,8,15,3,4,3,3,0,0,3,0,3,1
4017,11,20260117,31,34,16,15:00,1,2,A,0,1,A,21,17,6,4,12,17,11,5,5,3,0,0,0,3,3,-1
4018,11,20260118,3,11,48,16:30,0,1,A,0,0,D,18,9,5,3,15,13,6,4,1,2,0,0,0,3,1,-1
4019,11,20260118,35,23,43,14:00,0,0,D,0,0,D,6,12,2,2,14,8,4,7,2,2,0,0,1,1,0,0
4020,11,20260119,5,1,36,20:00,1,1,D,0,1,A,17,11,5,2,7,6,11,6,2,3,0,0,1,1,2,0
4021,11,20260124,1,18,31,17:30,3,2,H,2,1,H,12,14,5,4,7,7,3,11,1,1,0,0,3,0,5,1
4022,11,20260124,6,31,35,15:00,2,2,D,1,1,D,9,18,4,11,8,9,1,3,1,0,0,0,1,1,4,0
4023,11,20260124,12,5,30,15:00,2,1,H,0,1,A,12,13,4,5,10,6,6,6,1,1,0,0,3,0,3,1
4024,11,20260124,20,35,13,15:00,2,0,H,2,0,H,11,11,4,1,16,14,4,6,1,3,0,0,3,0,2,2
4025,11,20260124,34,29,47,12:30,3,1,H,3,0,H,13,7,5,2,9,16,3,3,2,4,0,0,3,0,4,2
4026,11,20260125,2,21,8,16:30,2,3,A,1,1,D,15,10,4,3,11,9,9,2,2,0,0,0,0,3,5,-1
4027,11,20260125,4,25,43,14:00,0,2,A,0,1,A,10,7,1,2,11,10,6,5,1,0,0,0,0,3,2,-2
4028,11,20260125,10,8,11,14:00,1,3,A,0,1,A,13,10,7,6,11,10,4,5,2,2,1,0,0,3,4,-2
4029,11,20260125,23,3,16,14:00,0,2,A,0,1,A,15,14,4,8,7,12,6,5,1,2,0,0,0,3,2,-2
4030,11,20260126,11,16,44,20:00,1,1,D,0,1,A,10,14,3,4,9,13,4,4,0,3,0,0,1,1,2,0
4031,11,20260131,5,11,7,15:00,1,1,D,0,0,D,11,7,2,4,13,14,5,2,1,2,0,0,1,1,2,0
4032,11,20260131,8,34,6,17:30,3,2,H,0,2,A,14,11,6,6,11,13,9,3,3,2,0,1,3,0,5,1
4033,11,20260131,16,2,42,15:00,0,4,A,0,2,A,3,14,1,8,10,7,4,12,1,1,0,0,0,3,4,-4
4034,11,20260131,18,23,44,20:00,4,1,H,2,1,H,17,8,7,2,11,7,7,11,1,3,0,0,3,0,5,3
4035,11,20260131,35,1,30,15:00,0,2,A,0,1,A,17,9,7,4,11,15,5,6,3,3,0,0,0,3,2,-2
4036,11,20260201,3,4,50,14:00,0,1,A,0,1,A,27,6,5,2,8,8,12,1,0,3,0,0,0,3,1,-1
4037,11,20260201,21,12,15,14:00,3,2,H,1,0,H,13,14,6,6,6,9,3,7,2,1,0,0,3,0,5,1
4038,11,20260201,25,10,31,14:00,1,1,D,1,1,D,9,14,1,3,4,12,5,7,1,3,0,0,1,1,2,0
4039,11,20260201,31,20,38,16:30,2,2,D,0,2,A,12,15,6,3,15,12,3,4,3,3,0,0,1,1,4,0
4040,11,20260202,29,6,36,20:00,3,0,H,2,0,H,14,5,5,0,12,10,1,2,1,4,0,0,3,0,3,3
4041,11,20260206,16,25,35,20:00,3,1,H,2,0,H,14,16,5,6,9,12,5,10,1,1,0,0,3,0,4,2
4042,11,20260207,1,3,6,15:00,1,1,D,0,1,A,20,7,9,4,4,11,11,4,1,1,0,0,1,1,2,0
4043,11,20260207,2,29,43,15:00,3,0,H,1,0,H,16,5,5,3,11,8,5,2,1,2,0,0,3,0,3,3
4044,11,20260207,6,34,11,15:00,0,2,A,0,2,A,18,6,5,4,11,10,5,2,3,1,0,0,0,3,2,-2
4045,11,20260207,12,11,42,15:00,1,2,A,1,0,H,13,16,3,3,11,12,6,6,1,5,0,0,0,3,3,-1
4046,11,20260207,21,31,30,12:30,2,0,H,1,0,H,23,7,10,1,12,11,7,0,1,2,0,1,3,0,2,2
4047,11,20260207,23,4,3,17:30,2,3,A,1,2,A,16,11,4,5,14,18,9,3,2,2,0,0,0,3,5,-1
4048,11,20260207,35,8,16,15:00,1,3,A,0,3,A,11,15,3,6,9,10,3,4,1,1,0,0,0,3,4,-2
4049,11,20260208,5,10,47,14:00,0,1,A,0,0,D,7,7,2,4,12,9,3,4,1,3,0,0,0,3,1,-1
4050,11,20260208,18,20,8,16:30,1,2,A,0,0,D,15,17,4,7,13,16,5,4,2,4,1,0,0,3,3,-1
4051,11,20260210,8,16,38,19:30,2,2,D,1,0,H,19,4,4,2,9,13,4,1,4,4,0,0,1,1,4,0
4052,11,20260210,11,1,3,19:30,1,2,A,1,0,H,16,11,6,4,14,15,7,2,1,3,1,0,0,3,3,-1
4053,11,20260210,31,23,6,19:30,1,2,A,0,1,A,16,21,2,5,15,11,2,12,3,2,0,0,0,3,3,-1
4054,11,20260210,34,21,44,20:15,1,1,D,0,0,D,7,9,3,3,10,4,5,3,1,1,0,0,1,1,2,0
4055,11,20260211,3,5,35,19:30,1,0,H,0,0,D,15,9,1,3,9,15,7,5,2,3,0,0,3,0,1,1
4056,11,20260211,10,6,13,19:30,2,3,A,2,3,A,21,8,3,3,11,8,8,2,2,1,0,0,0,3,5,-1
4057,11,20260211,20,12,36,19:30,3,0,H,3,0,H,13,14,5,3,8,10,4,4,3,1,0,0,3,0,3,3
4058,11,20260211,25,35,50,19:30,0,0,D,0,0,D,35,7,10,3,12,13,8,2,0,2,0,0,1,1,0,0
4059,11,20260211,29,18,7,20:15,0,1,A,0,0,D,11,23,2,3,8,10,3,11,1,0,0,0,0,3,1,-1
4060,11,20260212,4,2,15,20:00,1,1,D,0,0,D,12,7,3,2,12,11,6,4,3,2,0,0,1,1,2,0
4061,11,20260218,35,2,36,20:00,2,2,D,0,1,A,5,10,2,4,6,8,1,3,2,1,0,0,1,1,4,0
4062,11,20260221,3,16,30,15:00,1,1,D,0,1,A,16,14,4,4,11,16,7,2,1,4,0,0,1,1,2,0
4063,11,20260221,4,5,16,15:00,0,2,A,0,2,A,13,11,3,7,9,14,6,4,1,2,0,0,0,3,2,-2
4064,11,20260221,8,6,24,15:00,1,1,D,1,0,H,12,12,2,4,13,11,9,5,2,2,1,0,1,1,2,0
4065,11,20260221,20,23,47,20:00,2,1,H,2,1,H,15,13,7,7,12,13,5,5,2,5,0,0,3,0,3,1
4066,11,20260221,34,1,43,17:30,0,0,D,0,0,D,20,10,3,5,10,11,9,5,1,1,0,0,1,1,0,0
4067,11,20260222,10,35,49,14:00,1,0,H,0,0,D,14,12,3,7,19,13,7,3,5,1,0,1,3,0,1,1
4068,11,20260222,25,18,6,14:00,0,1,A,0,0,D,18,10,2,4,13,9,7,2,2,0,0,0,0,3,1,-1
4069,11,20260222,29,12,8,14:00,1,3,A,0,0,D,12,12,2,4,6,13,6,4,1,1,0,0,0,3,4,-2
4070,11,20260222,31,2,35,16:30,1,4,A,1,1,D,6,20,5,7,17,11,2,5,2,1,0,0,0,3,5,-3
4071,11,20260223,11,21,11,20:00,0,1,A,0,0,D,12,11,4,3,12,7,10,1,2,3,0,0,0,3,1,-1
4072,11,20260227,35,3,8,20:00,2,0,H,0,0,D,9,14,2,5,13,19,0,5,3,3,0,0,3,0,2,2
4073,11,20260228,1,29,16,12:30,1,1,D,0,1,A,21,8,5,4,15,12,7,3,4,2,0,0,1,1,2,0
4074,11,20260228,6,4,43,15:00,3,4,A,1,3,A,12,16,3,7,9,9,4,8,2,2,0,0,0,3,7,-1
4075,11,20260228,16,20,35,17:30,0,1,A,0,1,A,14,14,2,5,10,8,5,3,0,3,0,0,0,3,1,-1
4076,11,20260228,18,34,50,15:00,5,2,H,3,0,H,18,11,7,4,12,11,10,5,2,2,0,0,3,0,7,3
4077,11,20260228,23,11,42,15:00,2,3,A,1,2,A,17,9,7,5,15,7,7,2,2,3,0,0,0,3,5,-1
4078,11,20260301,2,8,11,16:30,2,1,H,1,1,D,12,9,5,3,11,14,5,10,1,3,0,1,3,0,3,1
4079,11,20260301,5,25,3,14:00,2,1,H,2,1,H,14,13,7,4,12,13,4,4,3,1,0,0,3,0,3,1
4080,11,20260301,12,31,47,14:00,2,1,H,2,0,H,18,13,4,1,11,14,5,8,3,3,0,0,3,0,3,1
4081,11,20260301,21,10,7,14:00,2,1,H,0,1,A,20,8,11,3,13,12,7,1,2,2,0,1,3,0,3,1
4082,11,20260303,1,4,8,19:30,0,0,D,0,0,D,13,5,2,2,9,10,4,3,2,1,0,0,1,1,0,0
4083,11,20260303,11,6,50,19:30,2,0,H,1,0,H,14,5,5,2,10,12,6,3,0,1,0,0,3,0,2,2
4084,11,20260303,16,29,42,19:30,0,1,A,0,0,D,18,3,4,1,15,19,9,2,1,3,0,0,0,3,1,-1
4085,11,20260303,35,18,47,20:15,2,1,H,0,0,D,4,19,3,7,10,13,2,11,2,1,0,0,3,0,3,1
4086,11,20260304,3,8,16,19:30,1,4,A,1,2,A,9,15,4,8,10,9,3,8,3,2,0,0,0,3,5,-3
4087,11,20260304,5,2,7,19:30,0,1,A,0,1,A,11,7,3,2,14,12,4,3,4,1,0,0,0,3,1,-1
4088,11,20260304,12,34,28,19:30,0,1,A,0,0,D,13,9,5,3,14,12,7,5,2,4,0,0,0,3,1,-1
4089,11,20260304,20,25,11,19:30,2,2,D,1,0,H,21,9,7,4,10,6,6,1,0,4,0,0,1,1,4,0
4090,11,20260304,23,21,35,20:15,2,1,H,1,1,D,12,14,5,5,15,16,2,4,2,3,1,0,3,0,3,1
4091,11,20260305,31,10,3,20:00,1,3,A,1,3,A,12,9,4,4,14,14,6,3,3,2,0,0,0,3,4,-2
4092,11,20260314,2,11,3,17:30,2,0,H,0,0,D,25,9,7,3,11,12,8,3,0,0,0,0,3,0,2,2
4093,11,20260314,6,1,35,15:00,0,0,D,0,0,D,15,22,2,3,11,5,5,8,1,0,0,0,1,1,0,0
4094,11,20260314,8,23,36,17:30,0,1,A,0,1,A,22,7,3,5,9,10,8,1,2,2,0,0,0,3,1,-1
4095,11,20260314,29,5,49,15:00,0,1,A,0,0,D,14,12,4,4,7,12,7,3,1,2,0,0,0,3,1,-1
4096,11,20260314,34,20,30,20:00,1,1,D,1,1,D,1,24,1,6,14,5,1,15,2,2,0,0,1,1,2,0
4097,11,20260315,10,16,47,14:00,0,0,D,0,0,D,12,10,0,3,12,11,8,3,2,1,0,1,1,1,0,0
4098,11,20260315,18,31,7,16:30,1,1,D,1,0,H,17,13,4,7,8,13,3,4,0,0,0,0,1,1,2,0
4099,11,20260315,21,3,6,14:00,3,1,H,0,0,D,16,9,6,2,10,5,6,6,3,2,0,0,3,0,4,2
4100,11,20260315,25,12,43,14:00,0,0,D,0,0,D,11,5,2,0,8,10,5,4,2,3,0,0,1,1,0,0
4101,11,20260316,4,35,42,20:00,2,2,D,2,1,H,10,13,3,4,12,10,1,5,2,4,0,0,1,1,4,0
4102,11,20260320,1,21,42,20:00,2,2,D,0,0,D,16,14,5,5,10,9,6,8,2,2,0,1,1,1,4,0
4103,11,20260321,5,18,11,12:30,2,1,H,1,1,D,16,12,7,5,11,11,4,8,5,5,0,0,3,0,3,1
4104,11,20260321,11,8,43,17:30,3,0,H,1,0,H,10,12,9,4,6,7,3,9,0,2,0,0,3,0,3,3
4105,11,20260321,12,6,7,15:00,3,1,H,0,0,D,22,9,6,5,6,9,6,6,2,2,0,1,3,0,4,2
4106,11,20260321,16,4,16,20:00,0,0,D,0,0,D,14,6,4,2,6,9,6,2,2,0,0,0,1,1,0,0
4107,11,20260322,3,34,36,14:15,2,0,H,1,0,H,23,9,7,1,3,7,6,6,0,1,0,0,3,0,2,2
4108,11,20260322,23,29,6,12:00,1,2,A,1,0,H,16,17,4,7,8,19,9,5,1,6,0,0,0,3,3,-1
4109,11,20260322,31,25,30,14:15,0,3,A,0,1,A,14,8,3,7,13,13,13,3,1,2,0,0,0,3,3,-3
4110,11,20260410,34,35,16,20:00,4,0,H,1,0,H,18,14,7,3,11,7,5,2,2,2,0,0,3,0,4,4
4111,11,20260411,2,1,30,12:30,1,2,A,1,1,D,15,8,3,3,12,18,10,1,1,3,0,0,0,3,3,-1
4112,11,20260411,4,11,13,15:00,2,2,D,1,1,D,17,14,4,7,6,7,2,3,0,2,0,0,1,1,4,0
4113,11,20260411,6,5,47,15:00,0,2,A,0,1,A,10,13,5,6,7,11,8,2,2,1,0,0,0,3,2,-2
4114,11,20260411,18,12,6,17:30,2,0,H,2,0,H,18,19,5,4,10,4,6,9,0,0,0,0,3,0,2,2
4115,11,20260412,8,20,7,16:30,0,3,A,0,0,D,12,18,3,8,10,14,4,12,3,1,0,0,0,3,3,-3
4116,11,20260412,10,23,3,14:00,2,1,H,0,1,A,11,7,5,3,17,12,2,4,0,3,0,0,3,0,3,1
4117,11,20260412,25,3,31,14:00,1,1,D,1,1,D,15,12,4,5,15,10,7,3,2,2,0,0,1,1,2,0
4118,11,20260412,29,31,38,14:00,1,0,H,0,0,D,13,11,2,7,14,15,2,6,3,3,0,0,3,0,1,1
4119,11,20260413,21,16,36,20:00,1,2,A,0,2,A,20,15,9,6,12,15,11,4,3,2,1,0,0,3,3,-1
4120,11,20260418,4,12,36,12:30,0,0,D,0,0,D,13,11,4,0,8,13,9,3,0,1,0,0,1,1,0,0
4121,11,20260418,8,21,30,20:00,0,1,A,0,1,A,21,4,3,1,12,13,7,1,1,3,0,0,0,3,1,-1
4122,11,20260418,16,35,13,15:00,3,0,H,2,0,H,17,7,6,2,9,17,5,6,2,1,0,0,3,0,3,3
4123,11,20260418,23,1,47,15:00,1,2,A,0,1,A,12,12,3,3,11,12,2,3,2,4,0,0,0,3,3,-1
4124,11,20260418,31,5,42,17:30,2,2,D,1,1,D,13,10,6,3,14,14,7,5,3,1,0,0,1,1,4,0
4125,11,20260419,3,29,43,14:00,4,3,H,2,1,H,15,10,7,7,11,11,4,5,1,3,0,0,3,0,7,1
4126,11,20260419,11,18,7,14:00,1,2,A,0,1,A,10,14,4,6,8,12,1,6,2,0,0,0,0,3,3,-1
4127,11,20260419,20,2,6,16:30,2,1,H,1,1,D,15,9,5,3,5,12,8,5,2,2,0,0,3,0,3,1
4128,11,20260419,25,6,49,14:00,4,1,H,0,1,A,10,4,4,3,8,12,4,4,0,2,0,0,3,0,5,3
4129,11,20260420,10,34,11,20:00,0,0,D,0,0,D,9,9,1,4,13,12,4,6,2,1,0,0,1,1,0,0
4130,11,20260421,5,8,8,20:00,3,0,H,1,0,H,15,6,9,0,15,6,6,5,1,1,0,0,3,0,3,3
4131,11,20260422,1,16,31,20:00,2,2,D,0,0,D,17,10,7,3,6,10,12,1,3,0,0,0,1,1,4,0
4132,11,20260422,6,20,3,20:00,0,1,A,0,1,A,9,28,1,9,10,12,3,11,0,0,0,0,0,3,1,-1
4133,11,20260424,29,25,11,20:00,0,5,A,0,4,A,14,10,4,6,13,15,3,6,2,5,0,0,0,3,5,-5
4134,11,20260425,2,23,43,17:30,1,0,H,1,0,H,11,13,4,3,13,10,7,2,2,2,0,0,3,0,1,1
4135,11,20260425,12,3,30,12:30,1,0,H,1,0,H,13,10,6,1,14,12,2,5,2,2,0,0,3,0,1,1
4136,11,20260425,18,10,3,15:00,3,1,H,2,0,H,9,14,3,7,10,10,5,8,1,3,0,0,3,0,4,2
4137,11,20260425,34,11,42,15:00,2,1,H,0,0,D,10,11,3,3,9,11,3,4,3,4,0,0,3,0,3,1
4138,11,20260425,35,31,6,15:00,0,1,A,0,0,D,11,11,2,2,8,14,5,5,3,4,0,0,0,3,1,-1
4139,11,20260427,21,4,7,20:00,2,1,H,2,0,H,11,12,6,4,6,9,7,8,2,4,0,0,3,0,3,1
4140,11,20260501,16,6,47,20:00,3,1,H,1,0,H,18,9,8,3,12,11,5,0,4,3,0,0,3,0,4,2
4141,11,20260502,2,12,16,17:30,3,0,H,3,0,H,18,10,9,1,7,12,3,4,0,1,0,0,3,0,3,3
4142,11,20260502,4,34,8,15:00,3,0,H,1,0,H,14,13,6,4,8,12,2,6,1,3,0,0,3,0,3,3
4143,11,20260502,23,5,7,15:00,3,1,H,2,0,H,13,13,6,4,10,12,2,10,3,3,0,0,3,0,4,2
4144,11,20260502,35,29,36,15:00,1,1,D,0,1,A,20,10,7,2,11,11,6,3,0,4,0,1,1,1,2,0
4145,11,20260503,1,10,38,14:00,3,0,H,2,0,H,16,7,5,1,10,11,7,1,0,2,0,0,3,0,3,3
4146,11,20260503,3,31,43,19:00,1,2,A,0,2,A,5,10,1,5,12,12,5,5,2,5,0,0,0,3,3,-1
4147,11,20260503,21,18,11,15:30,3,2,H,2,0,H,18,13,6,5,12,11,3,2,2,2,0,0,3,0,5,1
4148,11,20260504,8,25,6,15:00,1,3,A,0,2,A,21,6,5,4,12,10,10,1,3,1,0,0,0,3,4,-2
4149,11,20260504,11,20,30,20:00,3,3,D,0,1,A,14,21,6,4,15,5,5,9,4,1,0,0,1,1,6,0
4150,11,20260509,5,35,15,15:00,3,0,H,2,0,H,14,5,6,1,9,11,7,1,1,2,0,0,3,0,3,3
4151,11,20260509,12,1,3,15:00,0,1,A,0,0,D,14,10,2,5,12,21,11,2,4,2,1,1,0,3,1,-1
4152,11,20260509,18,8,8,12:30,1,1,D,1,1,D,8,6,3,3,17,17,5,2,2,4,0,0,1,1,2,0
4153,11,20260509,20,4,31,17:30,3,0,H,0,0,D,25,4,10,2,8,14,10,2,4,2,0,0,3,0,3,3
4154,11,20260509,29,21,42,15:00,0,0,D,0,0,D,15,11,4,1,12,12,7,8,0,3,0,0,1,1,0,0
4155,11,20260510,6,3,6,14:00,2,2,D,1,1,D,15,18,6,7,18,8,2,8,1,1,0,0,1,1,4,0
4156,11,20260510,10,11,47,14:00,2,2,D,1,1,D,21,13,8,6,5,13,5,10,0,2,0,0,1,1,4,0
4157,11,20260510,25,23,36,14:00,1,1,D,0,0,D,17,16,6,6,16,11,2,1,2,0,0,0,1,1,2,0
4158,11,20260510,34,2,7,16:30,0,1,A,0,0,D,9,15,3,4,14,12,4,3,3,4,0,0,0,3,1,-1
4159,11,20260511,31,16,16,20:00,1,1,D,0,0,D,16,11,3,4,12,7,14,2,3,1,0,0,1,1,2,0
4160,11,20260513,20,10,42,20:00,3,0,H,2,0,H,15,6,4,2,10,7,9,4,0,2,0,0,3,0,3,3
4161,11,20260515,3,18,7,20:00,4,2,H,1,0,H,14,16,9,5,12,9,4,9,3,1,0,0,3,0,6,2
4162,11,20260517,4,10,43,15:00,2,2,D,1,1,D,14,16,3,5,7,5,9,4,1,3,0,0,1,1,4,0
4163,11,20260517,11,29,15,15:00,1,3,A,1,0,H,10,7,4,3,14,9,3,2,3,0,0,0,0,3,4,-2
4164,11,20260517,16,5,30,15:00,1,0,H,0,0,D,7,19,1,8,9,7,7,8,1,0,0,0,3,0,1,1
4165,11,20260517,21,25,31,12:30,3,2,H,1,0,H,29,11,8,4,11,5,7,6,2,1,0,0,3,0,5,1
4166,11,20260517,23,34,16,17:30,3,1,H,2,0,H,15,15,7,8,8,11,9,1,1,3,0,0,3,0,4,2
4167,11,20260517,35,12,49,15:00,1,1,D,1,1,D,11,13,3,5,20,8,3,6,1,0,0,0,1,1,2,0
4168,11,20260518,2,6,36,20:00,1,0,H,1,0,H,13,5,3,0,7,16,3,3,1,3,0,0,3,0,1,1
4169,11,20260519,1,20,6,19:30,1,1,D,1,0,H,10,14,2,5,16,7,7,6,4,2,0,0,1,1,2,0
4170,11,20260519,8,31,42,20:15,2,1,H,1,0,H,9,9,4,3,11,18,3,4,4,3,0,0,3,0,3,1
4171,11,20260524,5,21,43,16:00,0,3,A,0,2,A,13,11,2,7,11,8,0,3,0,1,0,0,0,3,3,-3
4172,11,20260524,6,35,2,16:00,1,1,D,0,1,A,16,16,8,4,10,11,7,7,2,2,0,0,1,1,2,0
4173,11,20260524,10,2,13,16:00,1,2,A,0,1,A,8,17,3,7,9,12,3,4,0,1,0,0,0,3,3,-1
4174,11,20260524,12,23,38,16:00,2,0,H,1,0,H,21,7,6,2,13,6,6,6,2,2,0,0,3,0,2,2
4175,11,20260524,18,4,11,16:00,1,1,D,0,0,D,24,11,8,2,9,9,14,2,2,3,0,0,1,1,2,0
4176,11,20260524,20,3,3,16:00,1,2,A,1,0,H,16,12,3,5,8,4,9,4,1,0,0,0,0,3,3,-1
4177,11,20260524,25,1,8,16:00,1,1,D,1,0,H,15,17,5,4,11,7,6,3,1,1,0,0,1,1,2,0
4178,11,20260524,29,8,7,16:00,2,1,H,1,0,H,20,10,2,1,15,18,7,7,3,2,0,0,3,0,3,1
4179,11,20260524,31,11,30,16:00,1,0,H,1,0,H,21,8,6,3,15,12,6,2,5,3,0,1,3,0,1,1
4180,11,20260524,34,16,6,16:00,3,0,H,0,0,D,16,13,9,3,11,14,6,4,0,3,0,0,3,0,3,3
4181,12,20260821,2,9,47,20:00,3,0,H,2,0,H,20,4,6,1,10,13,8,2,1,1,0,0,3,0,3,3
4182,12,20260822,4,31,30,17:30,3,0,H,2,0,H,26,9,8,4,17,14,7,3,1,1,0,0,3,0,3,3
4183,12,20260822,11,10,36,15:00,2,0,H,1,0,H,16,11,5,4,5,15,4,0,0,1,0,0,3,0,2,2
4184,12,20260822,14,21,11,12:30,2,0,H,2,0,H,8,21,4,5,10,9,1,6,2,1,0,0,3,0,2,2
4185,12,20260822,15,29,13,15:00,2,1,H,1,1,D,10,11,3,4,12,14,3,5,0,3,0,0,3,0,3,1
4186,12,20260822,25,16,38,15:00,0,1,A,0,0,D,12,11,2,3,15,14,3,2,2,1,0,0,0,3,1,-1
4187,12,20260823,5,3,35,14:00,4,0,H,4,0,H,21,6,6,0,12,11,5,2,2,3,0,1,3,0,4,4
4188,12,20260823,20,1,16,14:00,2,1,H,0,1,A,13,5,6,4,11,11,8,3,1,2,0,0,3,0,3,1
4189,12,20260823,23,18,42,16:30,2,2,D,1,0,H,13,27,4,7,16,15,2,6,5,3,0,0,1,1,4,0
4190,12,20260824,12,8,15,20:00,2,3,A,1,2,A,14,18,6,6,12,7,6,4,2,3,0,0,0,3,5,-1
4191,12,20260828,10,20,3,20:00,1,4,A,0,1,A,9,18,1,9,8,11,2,6,1,2,0,0,0,3,5,-3
4192,12,20260829,1,11,7,15:00,1,1,D,1,0,H,17,13,5,7,11,14,10,7,3,2,0,0,1,1,2,0
4193,12,20260829,9,14,18,15:00,0,1,A,0,0,D,11,6,3,2,11,8,6,2,1,4,0,0,0,3,1,-1
4194,12,20260829,18,25,43,12:30,2,2,D,0,1,A,13,12,4,3,13,10,3,5,4,2,0,0,1,1,4,0
4195,12,20260829,31,23,35,17:30,0,2,A,0,0,D,17,11,6,2,15,9,9,7,1,2,0,0,0,3,2,-2
4196,12,20260830,8,5,30,14:00,4,3,H,3,1,H,17,15,6,6,6,12,4,7,1,3,0,0,3,0,7,1
4197,12,20260830,16,4,48,14:00,1,1,D,0,1,A,12,22,2,5,5,13,5,6,0,4,0,0,1,1,2,0
4198,12,20260830,21,15,8,16:30,5,2,H,1,1,D,33,9,11,5,7,12,8,4,1,3,0,0,3,0,7,3
4199,12,20260830,29,12,31,14:00,1,0,H,0,0,D,12,11,4,0,10,15,3,4,0,2,0,0,3,0,1,1
4200,12,20260831,3,2,16,20:00,0,1,A,0,0,D,7,7,0,2,17,6,2,4,3,1,0,0,0,3,1,-1
4201,12,20260904,15,18,11,20:00,0,2,A,0,2,A,14,10,5,7,6,13,4,3,1,3,0,0,0,3,2,-2
4202,12,20260905,4,29,47,15:00,1,1,D,0,0,D,12,14,2,5,19,9,4,3,3,2,0,0,1,1,2,0
4203,12,20260905,5,16,42,15:00,1,1,D,0,1,A,20,10,5,5,13,16,7,6,3,3,0,0,1,1,2,0
4204,12,20260905,12,10,43,15:00,2,3,A,2,1,H,25,10,6,5,6,7,7,1,0,0,0,0,0,3,5,-1
4205,12,20260905,14,3,30,17:30,0,0,D,0,0,D,11,13,4,1,10,5,3,4,2,0,0,0,1,1,0,0
4206,12,20260905,20,9,36,15:00,1,0,H,1,0,H,15,12,4,3,7,17,4,5,1,2,0,0,3,0,1,1
4207,12,20260905,23,1,38,12:30,2,2,D,1,2,A,8,17,2,5,19,17,4,3,2,3,0,0,1,1,4,0
4208,12,20260905,25,31,8,15:00,0,0,D,0,0,D,12,11,2,0,22,14,2,10,2,2,0,0,1,1,0,0
4209,12,20260906,2,8,7,16:30,2,1,H,1,1,D,16,13,9,5,13,16,5,3,2,4,0,0,3,0,3,1
4210,12,20260906,11,21,15,14:00,2,2,D,0,0,D,18,14,6,3,7,11,4,3,3,3,0,0,1,1,4,0
4211,12,20260912,1,4,16,15:00,2,2,D,1,1,D,20,8,10,2,10,13,2,1,5,1,0,0,1,1,4,0
4212,12,20260912,3,25,3,15:00,1,2,A,0,0,D,7,22,5,7,11,16,6,1,2,5,0,0,0,3,3,-1
4213,12,20260912,8,14,13,15:00,2,2,D,1,2,A,12,14,7,5,7,12,10,4,1,5,0,0,1,1,4,0
4214,12,20260912,10,15,7,15:00,2,3,A,1,2,A,11,12,4,6,6,16,6,3,1,3,1,0,0,3,5,-1
4215,12,20260912,18,12,47,15:00,0,0,D,0,0,D,14,10,3,4,11,8,5,8,0,1,0,0,1,1,0,0
4216,12,20260912,29,2,15,20:00,0,2,A,0,0,D,12,11,3,5,18,11,4,2,6,2,1,0,0,3,2,-2
4217,12,20260912,31,11,11,17:30,0,0,D,0,0,D,14,12,2,3,14,8,5,6,0,2,0,0,1,1,0,0
4218,12,20260913,9,5,48,14:00,0,5,A,0,1,A,14,22,6,7,9,15,5,3,0,0,1,0,0,3,5,-5
4219,12,20260913,21,20,30,16:30,0,1,A,0,0,D,16,6,3,2,17,10,6,7,1,2,0,1,0,3,1,-1
4220,12,20260914,16,23,31,20:00,4,1,H,3,0,H,15,7,6,5,8,13,5,5,1,2,0,0,3,0,5,3
4221,12,20260918,4,8,3,20:00,3,0,H,0,0,D,13,12,6,2,10,7,4,12,2,0,0,0,3,0,3,3
4222,12,20260919,5,2,11,15:00,3,0,H,2,0,H,17,11,5,2,13,11,5,6,4,1,0,0,3,0,3,3
4223,12,20260919,11,15,42,15:00,1,0,H,1,0,H,21,13,2,4,6,12,4,4,2,1,0,1,3,0,1,1
4224,12,20260919,23,14,48,15:00,2,1,H,2,0,H,12,22,5,4,4,10,4,7,1,4,0,0,3,0,3,1
4225,12,20260919,25,9,16,17:30,0,1,A,0,0,D,24,10,3,3,12,10,6,2,2,0,0,0,0,3,1,-1
4226,12,20260919,31,3,43,12:30,2,3,A,0,1,A,20,15,7,6,9,13,11,1,1,2,0,0,0,3,5,-1
4227,12,20260920,1,18,30,14:00,0,1,A,0,0,D,9,12,2,3,11,13,3,3,1,2,0,0,0,3,1,-1
4228,12,20260920,12,21,35,16:30,1,1,D,0,0,D,12,29,6,6,9,5,3,13,3,0,0,0,1,1,2,0
4229,12,20260920,16,10,1,14:00,0,0,D,0,0,D,13,12,2,4,10,12,4,3,2,3,0,0,1,1,0,0
4230,12,20260920,20,29,38,14:00,5,3,H,3,2,H,16,17,6,9,14,14,6,5,0,1,0,0,3,0,8,2
