match_id,season_id,date_id,team_id,opponent_id,venue,goals_for,goals_against,points,shots,shots_on_target,yellows,reds
1,1,20150808,1,3,H,0,1,0,11,2,3,0
2,1,20150808,8,30,H,2,2,1,11,3,1,1
3,1,20150808,11,32,H,2,2,1,10,5,1,0
4,1,20150808,17,29,H,4,2,3,19,8,2,0
5,1,20150808,21,31,H,1,0,3,9,1,2,0
6,1,20150808,24,10,H,1,3,0,17,6,1,0
7,1,20150809,2,34,H,0,2,0,22,6,1,0
8,1,20150809,23,27,H,2,2,1,9,4,2,0
9,1,20150809,28,18,H,0,1,0,7,1,2,0
10,1,20150810,33,20,H,0,3,0,9,2,4,0
11,1,20150814,3,21,H,0,1,0,5,1,2,0
12,1,20150815,27,11,H,0,3,0,17,4,4,0
13,1,20150815,29,24,H,1,3,0,6,2,1,0
14,1,20150815,30,23,H,2,0,3,19,6,2,0
15,1,20150815,31,28,H,2,2,1,13,7,2,0
16,1,20150815,32,33,H,0,0,1,16,5,1,0
17,1,20150815,34,17,H,1,2,0,10,3,1,1
18,1,20150816,10,2,H,1,2,0,11,4,1,0
19,1,20150816,20,8,H,3,0,3,18,8,4,0
20,1,20150817,18,1,H,1,0,3,18,2,1,0
21,1,20150822,10,3,H,2,1,3,16,6,3,0
22,1,20150822,17,31,H,1,1,1,13,2,1,0
23,1,20150822,21,23,H,0,0,1,20,8,2,0
24,1,20150822,24,28,H,1,1,1,21,7,4,0
25,1,20150822,29,30,H,1,1,1,10,2,4,0
26,1,20150822,34,1,H,3,4,0,10,4,0,1
27,1,20150823,11,20,H,0,2,0,10,1,0,0
28,1,20150823,32,27,H,0,0,1,13,0,0,0
29,1,20150823,33,8,H,2,3,0,15,6,2,0
30,1,20150824,2,18,H,0,0,1,19,5,1,0
31,1,20150829,1,17,H,1,1,1,5,2,2,0
32,1,20150829,3,29,H,2,2,1,21,6,2,0
33,1,20150829,8,10,H,1,2,0,26,9,1,0
34,1,20150829,18,34,H,0,3,0,13,1,3,1
35,1,20150829,20,32,H,2,0,3,18,5,1,0
36,1,20150829,23,2,H,0,1,0,1,0,6,1
37,1,20150829,28,33,H,0,1,0,13,5,1,2
38,1,20150829,31,11,H,0,0,1,20,6,4,0
39,1,20150830,27,24,H,3,0,3,23,8,0,0
40,1,20150830,30,21,H,2,1,3,9,4,2,0
41,1,20150912,2,28,H,2,0,3,29,12,1,0
42,1,20150912,10,20,H,0,1,0,10,2,2,0
43,1,20150912,11,8,H,3,1,3,14,9,2,0
44,1,20150912,21,18,H,3,1,3,9,3,1,0
45,1,20150912,24,1,H,3,1,3,12,4,2,0
46,1,20150912,32,30,H,1,0,3,17,6,1,1
47,1,20150912,33,27,H,0,0,1,8,1,1,0
48,1,20150913,17,3,H,3,2,3,21,6,2,0
49,1,20150913,29,31,H,0,1,0,12,2,2,0
50,1,20150914,34,23,H,2,0,3,17,3,0,0
51,1,20150919,1,29,H,2,0,3,15,5,2,0
52,1,20150919,3,33,H,0,1,0,13,3,2,0
53,1,20150919,8,2,H,2,0,3,22,7,3,0
54,1,20150919,20,34,H,1,2,0,27,8,1,0
55,1,20150919,23,32,H,1,2,0,15,5,1,0
56,1,20150919,28,17,H,2,2,1,11,4,1,0
57,1,20150919,30,11,H,0,0,1,12,3,2,0
58,1,20150920,18,24,H,1,1,1,23,7,1,0
59,1,20150920,27,21,H,2,3,0,15,8,2,0
60,1,20150920,31,10,H,1,0,3,22,6,1,0
61,1,20150926,17,2,H,2,5,0,16,7,1,0
62,1,20150926,18,3,H,3,2,3,21,12,0,0
63,1,20150926,21,29,H,3,0,3,12,7,0,0
64,1,20150926,23,8,H,2,2,1,11,5,1,0
65,1,20150926,27,30,H,3,1,3,18,7,3,0
66,1,20150926,28,1,H,2,1,3,8,5,1,0
67,1,20150926,31,20,H,4,1,3,15,8,5,0
68,1,20150926,34,24,H,2,2,1,19,7,0,0
69,1,20150927,32,10,H,0,1,0,15,2,4,0
70,1,20150928,33,11,H,2,3,0,9,4,0,0
71,1,20151003,1,32,H,1,1,1,12,6,1,0
72,1,20151003,3,28,H,0,1,0,13,2,1,0
73,1,20151003,8,27,H,1,3,0,10,3,2,0
74,1,20151003,10,33,H,2,0,3,21,8,3,0
75,1,20151003,20,23,H,6,1,3,23,11,3,0
76,1,20151003,24,17,H,1,2,0,17,2,0,0
77,1,20151003,29,34,H,2,2,1,12,3,2,1
78,1,20151004,2,21,H,3,0,3,12,5,1,0
79,1,20151004,11,18,H,1,1,1,14,4,3,0
80,1,20151004,30,31,H,2,2,1,11,2,1,0
81,1,20151017,8,3,H,2,0,3,9,3,1,0
82,1,20151017,10,34,H,1,3,0,6,1,1,1
83,1,20151017,11,21,H,0,3,0,12,3,2,0
84,1,20151017,20,1,H,5,1,3,15,11,2,0
85,1,20151017,27,17,H,2,2,1,14,6,2,0
86,1,20151017,31,18,H,0,0,1,13,4,1,0
87,1,20151017,32,2,H,0,3,0,8,1,2,0
88,1,20151017,33,29,H,1,0,3,8,1,2,0
89,1,20151018,23,24,H,6,2,3,11,6,1,0
90,1,20151019,30,28,H,0,1,0,14,2,2,0
91,1,20151024,2,11,H,2,1,3,20,5,2,0
92,1,20151024,3,30,H,1,2,0,9,3,2,0
93,1,20151024,17,10,H,1,0,3,12,3,3,0
94,1,20151024,24,33,H,0,1,0,16,3,1,0
95,1,20151024,28,32,H,0,2,0,12,1,3,0
96,1,20151024,34,8,H,2,1,3,12,5,1,0
97,1,20151025,1,31,H,1,5,0,11,3,0,0
98,1,20151025,18,27,H,1,1,1,15,2,1,0
99,1,20151025,21,20,H,0,0,1,6,1,2,0
100,1,20151025,29,23,H,3,0,3,9,3,0,0
101,1,20151031,8,18,H,1,3,0,8,2,1,0
102,1,20151031,10,21,H,0,0,1,10,5,3,0
103,1,20151031,20,24,H,2,1,3,21,5,2,0
104,1,20151031,23,28,H,0,0,1,15,6,1,0
105,1,20151031,30,2,H,0,3,0,8,3,2,0
106,1,20151031,32,34,H,2,0,3,20,5,3,0
107,1,20151031,33,17,H,2,3,0,14,6,0,0
108,1,20151101,11,29,H,6,2,3,15,8,3,0
109,1,20151101,27,1,H,2,0,3,11,2,0,1
110,1,20151102,31,3,H,3,1,3,17,6,0,0
111,1,20151107,1,23,H,0,1,0,20,5,2,0
112,1,20151107,17,32,H,2,1,3,12,6,0,0
113,1,20151107,21,33,H,2,0,3,13,3,1,0
114,1,20151107,24,30,H,1,0,3,9,5,1,0
115,1,20151107,28,8,H,1,0,3,8,2,3,0
116,1,20151107,29,27,H,0,1,0,9,3,1,0
117,1,20151107,34,11,H,1,1,1,16,5,1,0
118,1,20151108,2,31,H,1,1,1,10,4,0,0
119,1,20151108,3,20,H,0,0,1,3,0,1,0
120,1,20151108,18,10,H,1,2,0,22,4,1,0
121,1,20151121,8,24,H,1,0,3,21,7,1,0
122,1,20151121,11,3,H,4,0,3,16,9,0,0
123,1,20151121,20,18,H,1,4,0,11,3,0,0
124,1,20151121,23,17,H,0,3,0,9,1,4,0
125,1,20151121,27,28,H,0,1,0,16,1,2,0
126,1,20151121,30,1,H,2,2,1,11,4,3,0
127,1,20151121,32,21,H,1,2,0,10,5,1,0
128,1,20151121,33,2,H,2,1,3,4,1,3,0
129,1,20151122,31,34,H,4,1,3,22,12,2,0
130,1,20151123,10,29,H,0,1,0,19,7,1,0
131,1,20151128,1,11,H,3,3,1,19,10,2,0
132,1,20151128,3,32,H,2,3,0,12,6,2,0
133,1,20151128,10,23,H,5,1,3,19,8,1,0
134,1,20151128,17,21,H,1,1,1,7,3,0,0
135,1,20151128,20,27,H,3,1,3,16,9,2,0
136,1,20151128,29,28,H,2,0,3,18,5,0,0
137,1,20151129,18,30,H,1,0,3,10,2,3,0
138,1,20151129,24,2,H,1,1,1,7,2,1,0
139,1,20151129,31,8,H,0,0,1,9,4,4,0
140,1,20151129,34,33,H,1,1,1,17,6,0,0
141,1,20151205,2,29,H,3,1,3,16,7,1,0
142,1,20151205,8,1,H,0,1,0,19,6,2,0
143,1,20151205,21,34,H,0,0,1,21,1,1,0
144,1,20151205,27,3,H,1,1,1,23,5,1,0
145,1,20151205,28,20,H,2,0,3,7,4,0,0
146,1,20151205,30,17,H,0,3,0,10,2,2,0
147,1,20151205,32,24,H,2,0,3,14,7,3,0
148,1,20151205,33,31,H,1,1,1,11,4,3,0
149,1,20151206,23,18,H,2,0,3,6,1,3,0
150,1,20151207,11,10,H,1,1,1,19,4,1,0
151,1,20151212,1,21,H,2,1,3,11,5,2,0
152,1,20151212,10,27,H,1,0,3,12,5,0,0
153,1,20151212,20,30,H,2,1,3,13,5,3,0
154,1,20151212,24,11,H,1,1,1,9,2,1,0
155,1,20151212,29,32,H,0,1,0,14,2,1,0
156,1,20151212,34,28,H,0,0,1,22,9,1,0
157,1,20151213,3,2,H,0,2,0,18,2,0,0
158,1,20151213,18,33,H,2,2,1,28,8,0,0
159,1,20151213,31,23,H,1,2,0,20,8,2,0
160,1,20151214,17,8,H,2,1,3,9,5,2,0
161,1,20151219,8,29,H,3,1,3,17,7,1,0
162,1,20151219,11,17,H,2,3,0,13,5,2,0
163,1,20151219,21,24,H,1,2,0,11,2,0,0
164,1,20151219,23,3,H,1,1,1,8,4,1,0
165,1,20151219,27,31,H,0,2,0,11,4,1,0
166,1,20151219,28,10,H,1,2,0,26,5,2,0
167,1,20151219,33,1,H,1,2,0,6,2,2,2
168,1,20151220,30,34,H,0,0,1,21,2,0,0
169,1,20151220,32,18,H,3,0,3,6,5,1,0
170,1,20151221,2,20,H,2,1,3,8,5,0,0
171,1,20151226,1,10,H,0,0,1,10,4,1,0
172,1,20151226,3,34,H,1,1,1,15,8,3,0
173,1,20151226,8,32,H,2,2,1,17,2,1,0
174,1,20151226,18,17,H,1,0,3,25,4,2,0
175,1,20151226,20,29,H,4,1,3,19,9,1,0
176,1,20151226,23,11,H,0,1,0,10,1,2,0
177,1,20151226,27,2,H,4,0,3,15,5,1,0
178,1,20151226,28,21,H,2,0,3,13,3,1,0
179,1,20151226,30,33,H,1,0,3,7,2,1,0
180,1,20151226,31,24,H,3,0,3,15,10,1,0
181,1,20151228,2,1,H,2,0,3,13,6,2,0
182,1,20151228,10,30,H,0,0,1,10,2,3,0
183,1,20151228,11,28,H,3,4,0,15,3,2,0
184,1,20151228,21,8,H,0,0,1,12,2,4,0
185,1,20151228,24,3,H,2,0,3,9,4,2,0
186,1,20151228,32,31,H,1,2,0,9,1,4,1
187,1,20151228,33,23,H,1,0,3,22,5,0,0
188,1,20151228,34,27,H,2,1,3,13,5,1,0
189,1,20151229,17,20,H,0,0,1,11,4,1,0
190,1,20151230,29,18,H,0,1,0,8,3,1,0
191,1,20160102,2,23,H,1,0,3,16,3,2,0
192,1,20160102,17,1,H,0,0,1,16,2,1,0
193,1,20160102,21,30,H,2,1,3,19,6,2,0
194,1,20160102,24,27,H,1,0,3,10,1,1,0
195,1,20160102,29,3,H,3,1,3,13,6,3,0
196,1,20160102,32,20,H,1,2,0,11,3,1,0
197,1,20160102,33,28,H,2,1,3,16,5,1,0
198,1,20160102,34,18,H,2,0,3,18,10,1,0
199,1,20160103,10,8,H,0,3,0,8,4,3,0
200,1,20160103,11,31,H,1,1,1,12,3,1,0
201,1,20160112,1,34,H,1,3,0,11,4,1,0
202,1,20160112,3,10,H,1,0,3,13,3,2,0
203,1,20160112,23,21,H,3,3,1,14,6,1,0
204,1,20160113,8,33,H,2,2,1,14,2,3,0
205,1,20160113,18,2,H,3,3,1,22,6,2,0
206,1,20160113,20,11,H,0,0,1,22,5,0,0
207,1,20160113,27,32,H,2,0,3,15,7,1,0
208,1,20160113,28,24,H,3,1,3,14,4,0,0
209,1,20160113,30,29,H,2,4,0,10,5,2,1
210,1,20160113,31,17,H,0,1,0,21,5,1,0
211,1,20160116,1,24,H,3,0,3,15,8,1,0
212,1,20160116,3,17,H,1,1,1,14,5,3,0
213,1,20160116,8,11,H,3,3,1,14,7,1,0
214,1,20160116,20,10,H,4,0,3,17,4,0,0
215,1,20160116,23,34,H,2,1,3,23,10,1,0
216,1,20160116,27,33,H,3,0,3,9,5,0,0
217,1,20160116,31,29,H,4,1,3,26,11,0,0
218,1,20160117,18,21,H,0,1,0,19,4,0,0
219,1,20160117,28,2,H,0,0,1,14,6,0,0
220,1,20160118,30,32,H,1,0,3,10,2,2,0
221,1,20160123,10,31,H,1,3,0,11,3,2,0
222,1,20160123,17,28,H,3,0,3,15,5,0,0
223,1,20160123,21,27,H,0,1,0,8,1,0,0
224,1,20160123,24,18,H,4,5,0,6,5,0,0
225,1,20160123,29,1,H,1,1,1,10,5,1,0
226,1,20160123,32,23,H,2,1,3,13,5,2,0
227,1,20160123,33,3,H,0,0,1,4,0,0,0
228,1,20160123,34,20,H,2,2,1,10,3,2,0
229,1,20160124,2,8,H,0,1,0,9,1,1,1
230,1,20160124,11,30,H,1,2,0,20,2,0,0
231,1,20160202,2,27,H,0,0,1,21,11,2,0
232,1,20160202,10,1,H,1,2,0,14,3,3,0
233,1,20160202,17,18,H,2,0,3,13,6,0,0
234,1,20160202,21,28,H,3,0,3,15,5,2,0
235,1,20160202,24,31,H,0,3,0,10,2,2,0
236,1,20160202,29,20,H,0,1,0,11,2,1,0
237,1,20160202,33,30,H,1,1,1,17,7,0,0
238,1,20160202,34,3,H,2,0,3,25,6,3,0
239,1,20160203,11,23,H,3,0,3,18,7,1,0
240,1,20160203,32,8,H,0,0,1,12,3,2,0
241,1,20160206,3,24,H,2,0,3,10,3,0,0
242,1,20160206,18,29,H,2,2,1,16,5,1,0
243,1,20160206,20,17,H,1,3,0,22,4,2,0
244,1,20160206,23,33,H,1,0,3,19,7,0,0
245,1,20160206,27,34,H,1,0,3,8,2,1,1
246,1,20160206,28,11,H,0,3,0,11,3,1,0
247,1,20160206,30,10,H,1,1,1,19,3,1,0
248,1,20160206,31,32,H,1,0,3,26,9,0,0
249,1,20160207,1,2,H,0,2,0,17,4,0,0
250,1,20160207,8,21,H,1,1,1,16,5,0,0
251,1,20160213,1,28,H,1,3,0,11,2,4,0
252,1,20160213,8,23,H,5,1,3,15,5,0,1
253,1,20160213,10,32,H,1,2,0,14,7,0,0
254,1,20160213,11,33,H,0,1,0,34,6,1,0
255,1,20160213,24,34,H,2,2,1,13,3,2,0
256,1,20160213,29,21,H,2,1,3,21,5,2,0
257,1,20160213,30,27,H,0,1,0,13,2,0,0
258,1,20160214,2,17,H,2,1,3,24,6,4,0
259,1,20160214,3,18,H,0,6,0,6,1,3,0
260,1,20160214,20,31,H,1,2,0,19,4,1,0
261,1,20160227,17,24,H,1,0,3,13,3,0,0
262,1,20160227,27,8,H,1,2,0,7,2,3,0
263,1,20160227,28,3,H,2,1,3,11,3,0,0
264,1,20160227,32,1,H,0,0,1,14,1,3,0
265,1,20160227,33,10,H,3,2,3,11,5,2,0
266,1,20160227,34,29,H,1,0,3,9,3,1,0
267,1,20160228,21,2,H,3,2,3,7,5,4,0
268,1,20160228,31,30,H,2,1,3,34,14,2,0
269,1,20160301,1,27,H,2,0,3,9,4,0,0
270,1,20160301,3,11,H,1,3,0,14,5,3,0
271,1,20160301,17,33,H,2,2,1,22,5,0,0
272,1,20160301,24,8,H,1,2,0,13,2,3,0
273,1,20160301,29,10,H,2,2,1,17,6,1,0
274,1,20160302,2,30,H,1,2,0,18,4,0,0
275,1,20160302,18,20,H,3,0,3,11,7,0,0
276,1,20160302,21,32,H,1,0,3,14,3,1,0
277,1,20160302,28,23,H,1,0,3,9,2,1,0
278,1,20160302,34,31,H,1,0,3,14,3,0,0
279,1,20160305,8,28,H,1,1,1,20,7,1,0
280,1,20160305,11,34,H,2,3,0,15,8,2,1
281,1,20160305,20,3,H,4,0,3,22,9,0,0
282,1,20160305,23,1,H,1,3,0,14,3,1,0
283,1,20160305,27,29,H,1,1,1,16,5,2,1
284,1,20160305,30,24,H,1,0,3,10,3,2,0
285,1,20160305,31,2,H,2,2,1,26,11,2,0
286,1,20160305,32,17,H,0,1,0,11,4,2,0
287,1,20160306,10,18,H,1,2,0,14,4,1,0
288,1,20160306,33,21,H,1,0,3,9,2,1,0
289,1,20160312,1,30,H,3,2,3,12,4,1,0
290,1,20160312,24,20,H,0,0,1,5,0,3,0
291,1,20160312,28,27,H,1,2,0,13,2,1,0
292,1,20160313,3,31,H,0,2,0,11,2,0,0
293,1,20160314,17,23,H,1,0,3,10,1,0,0
294,1,20160319,8,34,H,2,2,1,22,5,3,0
295,1,20160319,10,17,H,0,1,0,12,4,1,0
296,1,20160319,11,2,H,0,2,0,8,2,0,0
297,1,20160319,30,3,H,1,0,3,10,1,3,0
298,1,20160319,32,28,H,1,2,0,9,4,3,0
299,1,20160319,33,24,H,0,1,0,10,0,1,0
300,1,20160320,20,21,H,0,1,0,26,2,1,0
301,1,20160320,23,29,H,1,1,1,17,8,4,0
302,1,20160320,27,18,H,3,2,3,16,5,1,0
303,1,20160320,31,1,H,3,0,3,17,8,0,0
304,1,20160402,1,20,H,0,4,0,11,2,0,0
305,1,20160402,2,32,H,4,0,3,19,12,1,0
306,1,20160402,3,8,H,0,4,0,15,4,4,1
307,1,20160402,18,31,H,1,1,1,15,7,2,0
308,1,20160402,24,23,H,3,2,3,13,6,0,0
309,1,20160402,28,30,H,2,2,1,12,5,0,0
310,1,20160402,29,33,H,0,0,1,22,7,1,0
311,1,20160402,34,10,H,2,2,1,18,6,2,1
312,1,20160403,17,27,H,1,0,3,11,4,2,0
313,1,20160403,21,11,H,1,0,3,10,2,2,0
314,1,20160409,3,1,H,1,2,0,6,1,2,0
315,1,20160409,10,24,H,1,0,3,13,6,2,0
316,1,20160409,20,33,H,2,1,3,13,4,0,0
317,1,20160409,27,23,H,3,1,3,20,6,0,0
318,1,20160409,30,8,H,1,0,3,12,6,5,0
319,1,20160409,32,11,H,1,1,1,13,5,2,0
320,1,20160409,34,2,H,3,3,1,19,7,2,0
321,1,20160410,18,28,H,4,1,3,14,6,0,0
322,1,20160410,29,17,H,0,2,0,15,1,1,0
323,1,20160410,31,21,H,3,0,3,16,8,3,0
324,1,20160413,10,11,H,0,0,1,18,6,0,0
325,1,20160416,8,20,H,0,3,0,11,4,2,1
326,1,20160416,11,27,H,1,1,1,7,2,1,0
327,1,20160416,21,3,H,1,0,3,13,4,0,0
328,1,20160416,23,30,H,3,0,3,12,7,2,0
329,1,20160416,24,29,H,0,3,0,19,6,2,0
330,1,20160416,33,32,H,0,1,0,16,4,0,0
331,1,20160417,1,18,H,1,2,0,18,5,0,0
332,1,20160417,2,10,H,1,1,1,21,6,0,0
333,1,20160417,17,34,H,2,2,1,6,2,1,1
334,1,20160418,28,31,H,0,4,0,12,2,2,0
335,1,20160419,23,20,H,1,1,1,5,3,3,0
336,1,20160420,18,11,H,4,0,3,37,13,1,0
337,1,20160420,21,10,H,2,0,3,16,10,1,0
338,1,20160420,34,32,H,3,1,3,18,7,0,0
339,1,20160421,2,33,H,2,0,3,16,7,0,0
340,1,20160423,1,8,H,1,4,0,13,4,1,0
341,1,20160423,3,27,H,2,4,0,16,7,2,0
342,1,20160423,18,23,H,2,2,1,13,4,1,0
343,1,20160423,20,28,H,4,0,3,11,6,0,0
344,1,20160424,17,30,H,4,0,3,18,9,1,0
345,1,20160424,29,2,H,0,0,1,12,3,2,0
346,1,20160425,31,33,H,1,1,1,19,2,0,0
347,1,20160430,2,24,H,1,0,3,14,3,1,0
348,1,20160430,11,1,H,2,1,3,12,5,1,0
349,1,20160430,23,10,H,1,0,3,10,4,2,0
350,1,20160430,28,29,H,1,1,1,11,3,2,0
351,1,20160430,32,3,H,3,2,3,18,6,2,0
352,1,20160430,33,34,H,0,3,0,15,5,0,0
353,1,20160501,21,17,H,1,1,1,21,6,3,0
354,1,20160501,27,20,H,4,2,3,14,7,2,0
355,1,20160501,30,18,H,3,1,3,18,9,2,0
356,1,20160502,8,31,H,2,2,1,13,5,3,0
357,1,20160507,1,33,H,1,1,1,12,4,2,0
358,1,20160507,3,23,H,0,0,1,2,0,1,0
359,1,20160507,10,28,H,2,1,3,17,4,2,0
360,1,20160507,17,11,H,3,1,3,32,8,0,0
361,1,20160507,24,21,H,0,1,0,8,2,1,0
362,1,20160507,29,8,H,3,2,3,15,4,4,0
363,1,20160507,34,30,H,1,4,0,25,7,3,0
364,1,20160508,18,32,H,2,0,3,19,5,1,0
365,1,20160508,20,2,H,2,2,1,14,3,2,0
366,1,20160508,31,27,H,1,2,0,20,6,0,0
367,1,20160510,34,21,H,3,2,3,20,6,1,0
368,1,20160511,18,8,H,1,1,1,28,9,3,0
369,1,20160511,24,32,H,4,2,3,18,6,2,0
370,1,20160511,29,11,H,3,0,3,14,8,1,0
371,1,20160515,2,3,H,4,0,3,16,7,0,0
372,1,20160515,8,17,H,1,1,1,17,4,0,0
373,1,20160515,11,24,H,3,0,3,15,8,0,0
374,1,20160515,23,31,H,5,1,3,19,10,1,1
375,1,20160515,27,10,H,4,1,3,18,5,1,0
376,1,20160515,28,34,H,2,1,3,7,4,3,0
377,1,20160515,30,20,H,1,1,1,4,1,1,0
378,1,20160515,32,29,H,2,2,1,21,6,1,0
379,1,20160515,33,18,H,1,1,1,13,1,3,0
380,1,20160517,21,1,H,3,1,3,12,5,1,0
381,2,20160813,6,30,H,0,1,0,10,3,3,0
382,2,20160813,10,33,H,0,1,0,14,4,2,0
383,2,20160813,11,31,H,1,1,1,12,6,0,0
384,2,20160813,14,17,H,2,1,3,14,5,2,0
385,2,20160813,20,29,H,2,1,3,16,4,1,0
386,2,20160813,22,28,H,1,1,1,12,2,3,0
387,2,20160813,27,32,H,1,1,1,24,6,1,0
388,2,20160814,1,21,H,1,3,0,9,3,0,0
389,2,20160814,2,18,H,3,4,0,9,5,3,0
390,2,20160815,8,34,H,2,1,3,16,6,5,0
391,2,20160819,21,27,H,2,0,3,12,5,0,0
392,2,20160820,6,18,H,2,0,3,3,2,0,0
393,2,20160820,17,2,H,0,0,1,8,1,1,0
394,2,20160820,28,20,H,1,4,0,8,3,3,0
395,2,20160820,30,14,H,0,2,0,13,3,0,0
396,2,20160820,31,10,H,1,0,3,20,5,3,0
397,2,20160820,32,8,H,1,2,0,6,2,4,0
398,2,20160820,33,11,H,1,2,0,11,4,3,0
399,2,20160821,29,22,H,1,2,0,18,5,1,0
400,2,20160821,34,1,H,1,0,3,15,2,3,0
401,2,20160827,8,6,H,3,0,3,22,10,2,0
402,2,20160827,10,1,H,1,1,1,24,5,2,0
403,2,20160827,11,28,H,1,0,3,21,9,2,0
404,2,20160827,14,21,H,0,1,0,8,2,2,0
405,2,20160827,17,30,H,2,1,3,13,6,2,0
406,2,20160827,27,29,H,1,1,1,16,7,2,0
407,2,20160827,31,18,H,1,1,1,11,4,3,0
408,2,20160827,32,2,H,1,3,0,14,6,6,0
409,2,20160828,20,34,H,3,1,3,22,5,1,0
410,2,20160828,33,22,H,0,0,1,13,2,1,0
411,2,20160910,1,33,H,1,0,3,12,5,1,0
412,2,20160910,2,27,H,2,1,3,17,2,2,0
413,2,20160910,6,14,H,1,1,1,13,2,2,0
414,2,20160910,18,17,H,4,1,3,17,11,1,0
415,2,20160910,21,20,H,1,2,0,14,3,4,0
416,2,20160910,22,10,H,1,2,0,12,4,1,0
417,2,20160910,28,31,H,0,4,0,15,2,3,0
418,2,20160910,34,32,H,2,4,0,19,4,2,0
419,2,20160911,30,8,H,2,2,1,6,2,3,0
420,2,20160912,29,11,H,0,3,0,11,2,1,0
421,2,20160916,8,18,H,1,2,0,12,4,1,0
422,2,20160917,11,22,H,3,1,3,11,6,2,0
423,2,20160917,14,2,H,1,4,0,6,2,0,1
424,2,20160917,17,6,H,3,0,3,14,6,0,0
425,2,20160917,20,1,H,4,0,3,20,12,1,1
426,2,20160917,33,34,H,4,2,3,8,6,2,0
427,2,20160918,10,28,H,4,1,3,14,8,2,0
428,2,20160918,27,30,H,1,0,3,19,6,1,0
429,2,20160918,31,29,H,1,0,3,31,9,1,0
430,2,20160918,32,21,H,3,1,3,10,5,3,0
431,2,20160924,1,11,H,1,0,3,12,1,2,0
432,2,20160924,2,8,H,3,0,3,14,5,0,0
433,2,20160924,18,14,H,5,1,3,32,12,1,0
434,2,20160924,21,17,H,4,1,3,16,7,0,0
435,2,20160924,22,31,H,1,2,0,6,2,2,0
436,2,20160924,28,33,H,1,1,1,12,2,3,0
437,2,20160924,29,10,H,2,3,0,11,4,0,0
438,2,20160924,30,20,H,1,3,0,13,5,2,0
439,2,20160925,34,27,H,0,3,0,13,1,5,0
440,2,20160926,6,32,H,2,0,3,13,4,1,0
441,2,20160930,11,10,H,1,1,1,13,3,5,0
442,2,20161001,14,8,H,0,2,0,8,3,2,0
443,2,20161001,29,33,H,1,1,1,7,2,1,0
444,2,20161001,30,18,H,1,2,0,8,3,2,0
445,2,20161001,32,1,H,2,2,1,17,7,3,0
446,2,20161001,34,22,H,1,1,1,19,2,2,0
447,2,20161002,6,2,H,0,1,0,10,1,0,0
448,2,20161002,17,27,H,0,0,1,9,1,1,0
449,2,20161002,21,28,H,1,1,1,24,9,3,0
450,2,20161002,31,20,H,2,0,3,13,7,2,0
451,2,20161015,1,14,H,6,1,3,22,10,0,0
452,2,20161015,2,30,H,3,2,3,16,6,0,1
453,2,20161015,8,17,H,3,0,3,16,6,1,0
454,2,20161015,10,34,H,0,1,0,12,3,1,0
455,2,20161015,20,11,H,1,1,1,19,8,0,0
456,2,20161015,28,29,H,2,0,3,18,6,1,0
457,2,20161015,33,31,H,1,1,1,8,4,2,0
458,2,20161016,22,32,H,0,1,0,10,3,4,0
459,2,20161016,27,6,H,3,1,3,34,14,1,0
460,2,20161017,18,21,H,0,0,1,9,3,0,0
461,2,20161022,1,31,H,0,0,1,8,1,2,0
462,2,20161022,2,22,H,0,0,1,9,5,1,0
463,2,20161022,6,11,H,2,1,3,9,3,2,0
464,2,20161022,14,28,H,0,2,0,9,2,2,0
465,2,20161022,17,10,H,3,1,3,17,4,0,0
466,2,20161022,18,33,H,2,1,3,21,7,1,0
467,2,20161022,30,32,H,0,0,1,11,5,2,0
468,2,20161022,34,29,H,1,0,3,20,3,2,0
469,2,20161023,8,21,H,4,0,3,14,6,3,0
470,2,20161023,20,27,H,1,1,1,14,3,3,0
471,2,20161029,10,18,H,2,4,0,7,6,1,0
472,2,20161029,21,6,H,0,0,1,37,11,1,1
473,2,20161029,22,1,H,2,0,3,10,3,1,0
474,2,20161029,29,2,H,1,4,0,3,1,4,0
475,2,20161029,31,17,H,1,1,1,22,5,3,0
476,2,20161029,32,14,H,1,0,3,22,0,1,0
477,2,20161029,33,20,H,0,4,0,9,1,4,0
478,2,20161030,11,34,H,2,0,3,17,6,2,0
479,2,20161030,27,8,H,0,2,0,9,1,0,0
480,2,20161031,28,30,H,3,1,3,17,4,2,0
481,2,20161105,1,29,H,1,2,0,22,7,3,0
482,2,20161105,6,10,H,3,2,3,14,7,1,0
483,2,20161105,8,11,H,5,0,3,21,9,0,0
484,2,20161105,20,22,H,1,1,1,25,7,1,0
485,2,20161105,34,28,H,1,1,1,9,2,4,0
486,2,20161106,2,31,H,1,1,1,15,2,1,0
487,2,20161106,14,27,H,2,1,3,6,2,0,0
488,2,20161106,17,33,H,1,2,0,5,2,0,0
489,2,20161106,18,32,H,6,1,3,28,17,1,0
490,2,20161106,30,21,H,1,3,0,6,1,0,0
491,2,20161119,10,20,H,1,2,0,9,2,1,0
492,2,20161119,11,30,H,1,1,1,14,6,4,0
493,2,20161119,21,2,H,1,1,1,12,5,3,0
494,2,20161119,27,18,H,0,0,1,3,0,1,0
495,2,20161119,28,1,H,0,1,0,14,6,3,0
496,2,20161119,29,14,H,3,0,3,11,4,1,1
497,2,20161119,31,34,H,3,2,3,14,6,3,0
498,2,20161119,32,17,H,2,1,3,10,3,2,0
499,2,20161120,22,8,H,0,1,0,12,1,2,0
500,2,20161121,33,6,H,4,0,3,16,6,0,0
501,2,20161126,6,20,H,1,2,0,10,5,2,0
502,2,20161126,8,31,H,2,1,3,9,5,2,0
503,2,20161126,14,33,H,1,1,1,10,4,3,0
504,2,20161126,17,22,H,2,2,1,11,3,4,0
505,2,20161126,18,29,H,2,0,3,27,7,1,0
506,2,20161126,30,10,H,5,4,3,18,9,4,0
507,2,20161127,2,1,H,3,1,3,16,3,3,0
508,2,20161127,21,34,H,1,1,1,17,8,3,0
509,2,20161127,27,11,H,1,0,3,17,7,0,0
510,2,20161127,32,28,H,0,1,0,11,2,3,1
511,2,20161203,10,27,H,3,0,3,9,4,3,0
512,2,20161203,20,8,H,1,3,0,14,5,2,2
513,2,20161203,28,6,H,2,0,3,10,4,3,0
514,2,20161203,29,17,H,2,1,3,22,6,3,0
515,2,20161203,31,30,H,5,0,3,28,15,0,0
516,2,20161203,33,32,H,3,1,3,11,3,2,0
517,2,20161203,34,2,H,1,5,0,10,3,3,0
518,2,20161204,1,18,H,4,3,3,12,8,2,0
519,2,20161204,11,21,H,1,1,1,13,6,2,0
520,2,20161205,22,14,H,1,0,3,16,4,1,0
521,2,20161210,2,28,H,3,1,3,21,6,0,0
522,2,20161210,6,1,H,3,2,3,16,7,2,0
523,2,20161210,14,10,H,3,3,1,15,6,2,0
524,2,20161210,17,20,H,4,2,3,10,6,2,0
525,2,20161210,30,29,H,3,0,3,14,5,1,0
526,2,20161210,32,11,H,3,2,3,11,6,2,0
527,2,20161211,8,33,H,1,0,3,12,2,2,0
528,2,20161211,18,34,H,2,2,1,18,3,2,0
529,2,20161211,21,31,H,1,0,3,15,5,3,0
530,2,20161211,27,22,H,1,0,3,14,3,4,0
531,2,20161213,1,17,H,1,0,3,9,3,0,0
532,2,20161213,11,2,H,2,1,3,14,4,1,1
533,2,20161214,10,21,H,1,2,0,6,3,2,0
534,2,20161214,20,32,H,2,0,3,13,7,1,0
535,2,20161214,22,18,H,0,3,0,8,3,1,0
536,2,20161214,28,27,H,0,0,1,5,3,1,1
537,2,20161214,29,8,H,0,1,0,8,3,3,0
538,2,20161214,31,14,H,3,0,3,27,9,0,0
539,2,20161214,33,30,H,3,1,3,13,4,0,0
540,2,20161214,34,6,H,1,0,3,20,7,0,0
541,2,20161217,10,8,H,0,1,0,6,2,2,0
542,2,20161217,22,30,H,3,0,3,10,4,1,0
543,2,20161217,28,17,H,2,2,1,16,7,2,0
544,2,20161217,29,32,H,1,0,3,12,4,1,0
545,2,20161217,33,21,H,0,2,0,10,1,3,0
546,2,20161217,34,14,H,1,0,3,18,6,2,0
547,2,20161218,1,27,H,1,3,0,10,5,0,0
548,2,20161218,20,2,H,2,1,3,14,5,4,0
549,2,20161218,31,6,H,2,1,3,30,9,1,0
550,2,20161219,11,18,H,0,1,0,6,1,3,0
551,2,20161226,2,33,H,1,0,3,26,11,2,0
552,2,20161226,6,22,H,1,0,3,6,4,6,0
553,2,20161226,8,1,H,3,0,3,14,4,1,0
554,2,20161226,14,20,H,0,3,0,10,3,1,0
555,2,20161226,17,11,H,0,2,0,7,2,3,0
556,2,20161226,21,29,H,3,1,3,26,9,1,0
557,2,20161226,30,34,H,1,4,0,14,7,0,0
558,2,20161226,32,10,H,1,1,1,9,3,2,0
559,2,20161227,18,28,H,4,1,3,20,6,0,0
560,2,20161228,27,31,H,1,4,0,9,2,1,1
561,2,20161230,14,11,H,2,2,1,13,4,2,0
562,2,20161231,6,29,H,4,1,3,16,6,1,0
563,2,20161231,8,28,H,4,2,3,18,7,3,0
564,2,20161231,17,34,H,1,0,3,12,4,5,0
565,2,20161231,18,20,H,1,0,3,5,1,2,0
566,2,20161231,21,22,H,2,1,3,32,12,1,0
567,2,20161231,27,33,H,1,2,0,10,1,1,1
568,2,20161231,30,1,H,0,3,0,14,5,2,0
569,2,20170101,2,10,H,2,0,3,22,7,1,0
570,2,20170101,32,31,H,1,4,0,6,2,3,0
571,2,20170102,11,27,H,3,0,3,17,6,0,0
572,2,20170102,20,6,H,2,1,3,14,3,4,1
573,2,20170102,22,17,H,0,0,1,9,1,3,0
574,2,20170102,29,18,H,2,2,1,10,5,2,0
575,2,20170102,33,14,H,3,1,3,8,5,0,0
576,2,20170102,34,21,H,0,2,0,8,2,1,1
577,2,20170103,1,2,H,3,3,1,12,6,3,1
578,2,20170103,10,30,H,1,2,0,7,3,2,0
579,2,20170103,28,32,H,2,0,3,17,5,1,0
580,2,20170104,31,8,H,2,0,3,9,2,3,0
581,2,20170114,6,27,H,1,0,3,9,3,1,0
582,2,20170114,14,1,H,3,1,3,14,3,0,0
583,2,20170114,17,8,H,0,3,0,7,2,1,0
584,2,20170114,29,28,H,1,3,0,14,3,3,0
585,2,20170114,30,2,H,0,4,0,12,3,2,0
586,2,20170114,31,33,H,4,0,3,21,11,0,0
587,2,20170114,32,22,H,0,0,1,12,5,3,0
588,2,20170114,34,10,H,3,0,3,14,3,4,0
589,2,20170115,11,20,H,4,0,3,6,4,2,0
590,2,20170115,21,18,H,1,1,1,9,3,1,0
591,2,20170121,1,32,H,2,2,1,15,5,1,0
592,2,20170121,10,11,H,0,1,0,8,2,0,0
593,2,20170121,18,30,H,2,3,0,16,5,1,0
594,2,20170121,20,31,H,2,2,1,17,7,2,0
595,2,20170121,22,34,H,1,3,0,11,2,2,0
596,2,20170121,28,21,H,1,1,1,6,1,4,0
597,2,20170121,33,29,H,2,0,3,14,5,1,0
598,2,20170122,2,6,H,2,1,3,24,8,1,1
599,2,20170122,8,14,H,2,0,3,9,5,1,0
600,2,20170122,27,17,H,3,0,3,20,7,0,0
601,2,20170131,1,10,H,0,2,0,10,2,0,0
602,2,20170131,2,32,H,1,2,0,20,5,3,0
603,2,20170131,6,17,H,1,0,3,24,3,1,0
604,2,20170131,18,8,H,1,1,1,7,3,2,0
605,2,20170131,22,33,H,1,1,1,11,3,2,0
606,2,20170131,29,31,H,0,0,1,3,1,2,0
607,2,20170131,30,27,H,2,1,3,11,5,2,0
608,2,20170201,21,14,H,0,0,1,15,6,1,0
609,2,20170201,28,11,H,1,1,1,14,7,1,0
610,2,20170201,34,20,H,0,4,0,6,1,3,0
611,2,20170204,8,2,H,3,1,3,13,6,1,0
612,2,20170204,10,29,H,0,4,0,21,9,3,0
613,2,20170204,11,1,H,6,3,3,15,10,3,0
614,2,20170204,14,18,H,2,0,3,7,4,2,0
615,2,20170204,27,34,H,1,3,0,21,7,0,0
616,2,20170204,31,22,H,1,0,3,17,5,0,0
617,2,20170204,32,6,H,2,1,3,16,7,5,0
618,2,20170204,33,28,H,1,0,3,16,4,2,0
619,2,20170205,17,21,H,0,3,0,11,1,2,0
620,2,20170205,20,30,H,2,1,3,17,5,2,0
621,2,20170211,2,14,H,2,0,3,17,7,3,0
622,2,20170211,18,31,H,2,0,3,17,9,3,0
623,2,20170211,21,32,H,2,0,3,22,11,1,0
624,2,20170211,22,11,H,0,0,1,9,3,2,0
625,2,20170211,28,10,H,1,0,3,7,4,1,0
626,2,20170211,29,27,H,0,4,0,6,1,1,0
627,2,20170211,34,33,H,2,2,1,16,4,3,0
628,2,20170212,6,8,H,1,1,1,6,4,3,0
629,2,20170212,30,17,H,2,0,3,10,4,2,0
630,2,20170213,1,20,H,0,2,0,5,1,2,0
631,2,20170225,8,30,H,3,1,3,16,5,1,0
632,2,20170225,10,22,H,1,0,3,15,3,3,0
633,2,20170225,11,29,H,2,0,3,20,8,0,0
634,2,20170225,14,6,H,1,1,1,15,1,1,0
635,2,20170225,32,34,H,1,1,1,9,1,4,0
636,2,20170225,33,1,H,2,1,3,13,4,2,0
637,2,20170226,31,28,H,4,0,3,21,9,2,0
638,2,20170227,17,18,H,3,1,3,13,7,0,0
639,2,20170304,17,14,H,3,1,3,17,5,1,0
640,2,20170304,18,2,H,3,1,3,18,7,1,0
641,2,20170304,21,1,H,1,1,1,20,7,3,0
642,2,20170304,28,22,H,2,0,3,13,8,1,0
643,2,20170304,30,6,H,3,2,3,23,10,2,0
644,2,20170304,32,27,H,3,4,0,16,4,3,0
645,2,20170304,33,10,H,0,2,0,11,1,0,0
646,2,20170305,29,20,H,0,2,0,11,3,1,0
647,2,20170305,31,11,H,3,2,3,20,7,1,0
648,2,20170306,34,8,H,1,2,0,11,2,0,0
649,2,20170308,20,28,H,0,0,1,12,1,1,0
650,2,20170311,1,34,H,3,2,3,21,9,4,0
651,2,20170311,11,33,H,3,0,3,16,5,1,0
652,2,20170311,14,30,H,2,1,3,15,7,3,0
653,2,20170312,18,6,H,2,1,3,10,3,2,0
654,2,20170318,1,30,H,2,0,3,12,6,0,0
655,2,20170318,10,32,H,1,0,3,7,0,0,0
656,2,20170318,11,14,H,4,0,3,14,8,2,0
657,2,20170318,28,8,H,1,2,0,5,1,4,1
658,2,20170318,29,6,H,0,0,1,14,5,2,0
659,2,20170318,33,2,H,3,1,3,12,8,1,0
660,2,20170318,34,17,H,2,3,0,20,7,0,0
661,2,20170319,20,18,H,1,1,1,13,3,3,0
662,2,20170319,22,21,H,1,3,0,10,3,1,0
663,2,20170319,31,27,H,2,1,3,12,6,3,0
664,2,20170401,6,31,H,0,2,0,13,2,2,0
665,2,20170401,8,10,H,1,2,0,24,11,3,0
666,2,20170401,14,34,H,2,1,3,7,3,2,0
667,2,20170401,17,28,H,2,0,3,23,10,1,0
668,2,20170401,18,11,H,3,1,3,10,6,1,0
669,2,20170401,21,33,H,0,0,1,18,3,3,0
670,2,20170401,27,1,H,0,0,1,14,4,1,0
671,2,20170401,32,29,H,1,0,3,23,10,1,0
672,2,20170402,2,20,H,2,2,1,8,3,3,0
673,2,20170402,30,22,H,0,0,1,15,3,2,0
674,2,20170404,6,28,H,1,0,3,7,3,3,0
675,2,20170404,17,29,H,2,0,3,19,8,0,0
676,2,20170404,21,11,H,1,1,1,18,3,1,0
677,2,20170404,32,33,H,2,0,3,9,2,1,1
678,2,20170405,2,34,H,3,0,3,21,8,2,0
679,2,20170405,8,20,H,2,1,3,10,4,1,0
680,2,20170405,14,22,H,4,2,3,17,5,2,0
681,2,20170405,18,1,H,2,2,1,20,8,1,0
682,2,20170405,27,10,H,3,1,3,25,9,2,0
683,2,20170405,30,31,H,1,3,0,4,1,1,0
684,2,20170408,1,8,H,1,3,0,12,1,2,0
685,2,20170408,20,14,H,3,1,3,23,7,0,0
686,2,20170408,22,6,H,0,0,1,12,5,0,0
687,2,20170408,28,18,H,1,2,0,9,4,0,0
688,2,20170408,31,32,H,4,0,3,19,6,0,0
689,2,20170408,33,27,H,0,1,0,17,6,2,0
690,2,20170408,34,30,H,1,0,3,14,6,5,0
691,2,20170409,11,17,H,4,2,3,12,7,2,0
692,2,20170409,29,21,H,0,3,0,9,4,1,1
693,2,20170410,10,2,H,3,0,3,17,6,0,0
694,2,20170415,10,17,H,2,2,1,15,4,0,0
695,2,20170415,11,6,H,3,1,3,29,7,2,0
696,2,20170415,27,20,H,0,3,0,8,1,3,0
697,2,20170415,28,14,H,3,1,3,14,4,0,0
698,2,20170415,29,34,H,2,2,1,14,4,1,0
699,2,20170415,31,1,H,4,0,3,24,14,0,0
700,2,20170415,32,30,H,1,0,3,15,7,0,0
701,2,20170416,21,8,H,2,0,3,9,3,3,0
702,2,20170416,33,18,H,0,1,0,7,2,3,0
703,2,20170417,22,2,H,1,2,0,13,5,2,0
704,2,20170422,1,22,H,4,0,3,20,10,0,0
705,2,20170422,14,32,H,2,0,3,8,3,3,1
706,2,20170422,30,28,H,2,0,3,10,6,2,0
707,2,20170422,34,11,H,0,0,1,15,3,2,0
708,2,20170423,6,21,H,0,2,0,8,0,2,0
709,2,20170423,18,10,H,1,2,0,14,1,1,0
710,2,20170425,8,27,H,4,2,3,17,7,2,0
711,2,20170426,2,17,H,1,0,3,12,5,2,0
712,2,20170426,10,31,H,0,1,0,6,1,3,0
713,2,20170426,22,29,H,1,0,3,6,2,3,0
714,2,20170427,20,21,H,0,0,1,19,6,1,0
715,2,20170429,10,6,H,0,2,0,15,5,2,0
716,2,20170429,27,14,H,0,0,1,11,2,0,0
717,2,20170429,28,34,H,0,0,1,19,4,1,0
718,2,20170429,29,1,H,0,1,0,17,5,3,0
719,2,20170429,33,17,H,0,1,0,16,4,2,0
720,2,20170430,11,8,H,0,3,0,12,4,3,0
721,2,20170430,21,30,H,1,1,1,12,6,2,0
722,2,20170430,22,20,H,2,2,1,14,6,4,0
723,2,20170430,31,2,H,2,0,3,20,11,1,0
724,2,20170501,32,18,H,0,1,0,9,2,3,0
725,2,20170505,34,31,H,1,0,3,13,5,4,0
726,2,20170506,1,28,H,2,2,1,12,2,2,0
727,2,20170506,6,33,H,2,2,1,14,4,1,0
728,2,20170506,14,29,H,0,2,0,16,6,3,0
729,2,20170506,17,32,H,3,0,3,11,5,0,0
730,2,20170506,20,10,H,5,0,3,26,12,1,0
731,2,20170506,30,11,H,1,0,3,9,4,0,0
732,2,20170507,2,21,H,2,0,3,9,4,1,0
733,2,20170507,18,27,H,0,0,1,17,8,1,0
734,2,20170508,8,22,H,3,0,3,21,7,0,0
735,2,20170510,27,2,H,0,2,0,14,3,1,0
736,2,20170512,11,32,H,1,0,3,15,6,0,0
737,2,20170512,33,8,H,0,1,0,7,2,3,0
738,2,20170513,1,6,H,2,1,3,18,6,0,0
739,2,20170513,20,17,H,2,1,3,17,5,3,0
740,2,20170513,22,27,H,1,2,0,14,3,3,0
741,2,20170513,28,2,H,1,4,0,10,4,1,0
742,2,20170513,29,30,H,0,2,0,13,4,4,0
743,2,20170514,10,14,H,4,0,3,12,4,3,0
744,2,20170514,31,21,H,2,1,3,14,7,1,0
745,2,20170514,34,18,H,0,4,0,10,3,2,0
746,2,20170515,8,32,H,4,3,3,24,9,2,0
747,2,20170516,2,29,H,2,0,3,36,13,4,0
748,2,20170516,20,33,H,3,1,3,21,10,1,0
749,2,20170517,27,21,H,0,0,1,17,6,2,0
750,2,20170518,17,31,H,1,6,0,12,5,3,0
751,2,20170521,2,11,H,3,1,3,17,9,2,1
752,2,20170521,6,34,H,1,2,0,9,1,2,0
753,2,20170521,8,29,H,5,1,3,28,8,1,0
754,2,20170521,14,31,H,1,7,0,10,4,0,0
755,2,20170521,17,1,H,1,1,1,21,5,4,0
756,2,20170521,18,22,H,3,0,3,25,10,0,0
757,2,20170521,21,10,H,2,0,3,9,2,2,0
758,2,20170521,27,28,H,0,1,0,14,6,2,0
759,2,20170521,30,33,H,2,1,3,12,2,1,0
760,2,20170521,32,20,H,0,5,0,6,3,1,0
761,3,20170811,2,17,H,4,3,3,27,10,0,0
762,3,20170812,5,20,H,0,2,0,6,2,0,0
763,3,20170812,8,6,H,2,3,0,19,6,3,2
764,3,20170812,10,13,H,0,3,0,14,4,1,0
765,3,20170812,11,28,H,1,0,3,9,4,1,0
766,3,20170812,27,30,H,0,0,1,29,2,2,0
767,3,20170812,32,18,H,3,3,1,9,4,0,0
768,3,20170812,33,1,H,1,0,3,16,6,3,0
769,3,20170813,21,34,H,4,0,3,22,6,2,0
770,3,20170813,23,31,H,0,2,0,6,3,1,1
771,3,20170819,1,32,H,0,2,0,6,2,1,0
772,3,20170819,6,33,H,0,1,0,20,0,1,0
773,3,20170819,17,5,H,2,0,3,14,4,1,0
774,3,20170819,18,10,H,1,0,3,23,13,1,0
775,3,20170819,27,34,H,3,2,3,14,5,1,0
776,3,20170819,28,2,H,1,0,3,11,4,0,0
777,3,20170819,30,21,H,0,4,0,6,1,1,0
778,3,20170820,13,23,H,1,0,3,7,3,3,0
779,3,20170820,31,8,H,1,2,0,18,6,3,0
780,3,20170821,20,11,H,1,1,1,19,6,1,1
781,3,20170826,1,20,H,1,2,0,9,3,5,0
782,3,20170826,10,30,H,0,2,0,16,3,4,0
783,3,20170826,13,27,H,0,0,1,16,6,0,0
784,3,20170826,21,17,H,2,0,3,22,7,1,0
785,3,20170826,23,34,H,3,0,3,16,8,1,0
786,3,20170826,32,5,H,0,0,1,8,0,0,1
787,3,20170827,8,11,H,2,0,3,18,7,2,0
788,3,20170827,18,2,H,4,0,3,18,10,2,0
789,3,20170827,31,6,H,1,1,1,28,5,0,0
790,3,20170827,33,28,H,1,1,1,10,2,2,0
791,3,20170909,2,1,H,3,0,3,17,9,0,0
792,3,20170909,5,33,H,3,1,3,12,6,2,0
793,3,20170909,11,31,H,0,3,0,12,1,3,0
794,3,20170909,17,8,H,1,2,0,8,2,1,0
795,3,20170909,20,18,H,5,0,3,13,7,2,0
796,3,20170909,27,32,H,0,2,0,9,1,0,0
797,3,20170909,28,21,H,2,2,1,10,5,0,0
798,3,20170910,6,10,H,1,0,3,4,2,1,0
799,3,20170910,30,23,H,0,1,0,10,4,2,0
800,3,20170911,34,13,H,2,0,3,19,3,1,0
801,3,20170915,1,5,H,2,1,3,15,3,0,0
802,3,20170916,10,27,H,0,1,0,14,3,5,0
803,3,20170916,13,17,H,1,1,1,15,3,1,0
804,3,20170916,18,6,H,1,1,1,35,9,1,0
805,3,20170916,23,28,H,2,1,3,14,3,3,0
806,3,20170916,31,30,H,0,0,1,26,8,1,0
807,3,20170916,32,20,H,0,6,0,7,1,2,0
808,3,20170916,33,34,H,0,0,1,6,1,2,0
809,3,20170917,8,2,H,0,0,1,13,4,1,1
810,3,20170917,21,11,H,4,0,3,16,7,1,0
811,3,20170923,6,13,H,0,0,1,5,3,3,0
812,3,20170923,11,1,H,2,1,3,12,4,3,0
813,3,20170923,17,18,H,2,3,0,12,7,3,0
814,3,20170923,20,10,H,5,0,3,25,9,3,0
815,3,20170923,27,21,H,0,1,0,14,4,1,0
816,3,20170923,28,8,H,0,4,0,13,2,2,0
817,3,20170923,30,32,H,1,2,0,10,3,1,0
818,3,20170923,34,31,H,2,3,0,10,4,4,0
819,3,20170924,5,23,H,1,0,3,7,3,2,0
820,3,20170925,2,33,H,2,0,3,16,6,1,0
821,3,20170930,1,17,H,0,0,1,19,4,1,0
822,3,20170930,8,20,H,0,1,0,4,2,0,0
823,3,20170930,13,31,H,0,4,0,6,1,1,0
824,3,20170930,21,10,H,4,0,3,18,7,0,0
825,3,20170930,28,27,H,2,1,3,17,6,1,0
826,3,20170930,33,32,H,2,2,1,9,4,3,0
827,3,20170930,34,30,H,1,0,3,9,4,3,0
828,3,20171001,2,5,H,2,0,3,25,12,0,0
829,3,20171001,11,6,H,0,1,0,23,4,2,0
830,3,20171001,23,18,H,1,1,1,8,5,1,0
831,3,20171014,6,34,H,1,1,1,20,5,2,0
832,3,20171014,10,8,H,2,1,3,14,5,2,0
833,3,20171014,18,21,H,0,0,1,19,5,0,0
834,3,20171014,20,28,H,7,2,3,20,11,0,0
835,3,20171014,30,13,H,2,0,3,7,3,1,0
836,3,20171014,31,1,H,1,0,3,18,6,1,0
837,3,20171014,32,2,H,2,1,3,11,2,1,0
838,3,20171015,5,11,H,1,1,1,12,3,4,0
839,3,20171015,27,23,H,2,2,1,12,2,1,0
840,3,20171016,17,33,H,1,1,1,11,3,2,0
841,3,20171020,34,5,H,0,3,0,16,2,1,0
842,3,20171021,8,32,H,4,2,3,14,8,2,0
843,3,20171021,13,21,H,2,1,3,5,3,4,0
844,3,20171021,20,6,H,3,0,3,15,10,2,0
845,3,20171021,23,10,H,1,0,3,7,3,4,0
846,3,20171021,27,33,H,1,0,3,20,6,0,0
847,3,20171021,28,1,H,1,2,0,10,2,0,0
848,3,20171021,30,17,H,1,2,0,19,4,0,0
849,3,20171022,11,2,H,2,5,0,8,3,1,1
850,3,20171022,31,18,H,4,1,3,14,6,0,0
851,3,20171028,1,8,H,0,1,0,7,1,2,0
852,3,20171028,2,30,H,2,1,3,17,5,0,0
853,3,20171028,10,34,H,2,2,1,19,9,1,0
854,3,20171028,18,13,H,3,0,3,16,8,0,0
855,3,20171028,21,31,H,1,0,3,11,3,1,0
856,3,20171028,32,28,H,0,1,0,13,0,4,0
857,3,20171028,33,20,H,2,3,0,6,4,2,0
858,3,20171029,5,27,H,1,1,1,7,2,3,0
859,3,20171029,17,11,H,2,0,3,9,3,0,0
860,3,20171030,6,23,H,1,0,3,12,5,3,0
861,3,20171104,13,33,H,1,0,3,7,3,1,1
862,3,20171104,23,1,H,0,1,0,16,4,2,0
863,3,20171104,27,6,H,0,1,0,13,3,0,0
864,3,20171104,28,17,H,2,2,1,11,7,0,0
865,3,20171104,30,5,H,0,1,0,12,2,2,0
866,3,20171104,34,18,H,1,4,0,6,1,3,0
867,3,20171105,8,21,H,1,0,3,18,8,1,0
868,3,20171105,11,32,H,3,2,3,10,5,0,0
869,3,20171105,20,2,H,3,1,3,9,5,1,0
870,3,20171105,31,10,H,1,0,3,12,2,0,0
871,3,20171118,1,13,H,4,0,3,11,5,3,1
872,3,20171118,2,31,H,2,0,3,14,5,4,0
873,3,20171118,6,30,H,2,0,3,16,7,1,0
874,3,20171118,10,11,H,2,2,1,16,7,2,0
875,3,20171118,17,20,H,0,2,0,2,0,1,0
876,3,20171118,18,27,H,3,0,3,21,8,1,0
877,3,20171118,21,23,H,4,1,3,16,7,1,0
878,3,20171118,33,8,H,0,4,0,7,2,2,0
879,3,20171119,32,34,H,2,0,3,17,7,1,0
880,3,20171120,5,28,H,2,2,1,9,3,1,0
881,3,20171124,34,17,H,1,1,1,8,4,1,0
882,3,20171125,10,28,H,2,1,3,10,5,1,0
883,3,20171125,18,8,H,1,1,1,16,4,0,0
884,3,20171125,21,5,H,1,0,3,15,4,0,0
885,3,20171125,23,32,H,0,3,0,12,2,1,0
886,3,20171125,30,1,H,0,0,1,10,1,4,0
887,3,20171125,31,33,H,1,1,1,24,5,1,0
888,3,20171126,6,2,H,0,1,0,8,2,2,0
889,3,20171126,13,20,H,1,2,0,4,0,2,1
890,3,20171126,27,11,H,4,1,3,17,5,0,0
891,3,20171128,5,10,H,0,0,1,10,4,2,0
892,3,20171128,17,31,H,2,1,3,7,4,1,0
893,3,20171128,32,21,H,2,4,0,12,3,2,0
894,3,20171128,33,23,H,2,2,1,8,4,0,0
895,3,20171129,1,6,H,1,2,0,10,2,0,0
896,3,20171129,2,13,H,5,0,3,21,7,0,0
897,3,20171129,8,30,H,1,0,3,21,10,1,0
898,3,20171129,11,34,H,4,0,3,8,5,2,0
899,3,20171129,20,27,H,2,1,3,26,12,1,0
900,3,20171129,28,18,H,0,3,0,10,1,1,0
901,3,20171202,2,21,H,1,3,0,33,15,3,0
902,3,20171202,5,18,H,1,5,0,6,2,1,0
903,3,20171202,8,23,H,3,1,3,23,9,0,0
904,3,20171202,11,13,H,2,0,3,6,4,2,0
905,3,20171202,17,6,H,1,0,3,16,3,0,0
906,3,20171202,28,30,H,2,1,3,10,3,2,0
907,3,20171202,32,31,H,1,1,1,6,2,4,0
908,3,20171202,33,10,H,0,0,1,20,6,3,0
909,3,20171203,1,27,H,1,1,1,16,5,2,0
910,3,20171203,20,34,H,2,1,3,24,8,2,0
911,3,20171209,6,32,H,1,0,3,8,5,1,0
912,3,20171209,10,1,H,2,2,1,24,8,5,0
913,3,20171209,13,5,H,2,0,3,19,6,0,0
914,3,20171209,23,17,H,2,3,0,10,4,2,0
915,3,20171209,30,33,H,1,0,3,18,3,2,0
916,3,20171209,31,28,H,5,1,3,20,11,1,0
917,3,20171209,34,8,H,1,0,3,5,2,6,0
918,3,20171210,18,11,H,1,1,1,23,3,1,0
919,3,20171210,21,20,H,1,2,0,8,5,4,0
920,3,20171210,27,2,H,1,1,1,6,3,2,0
921,3,20171212,6,28,H,1,0,3,10,2,0,0
922,3,20171212,10,32,H,2,1,3,14,4,2,0
923,3,20171212,13,8,H,1,3,0,7,2,0,0
924,3,20171213,18,33,H,0,0,1,14,5,1,0
925,3,20171213,21,1,H,1,0,3,9,2,1,0
926,3,20171213,23,11,H,0,1,0,16,4,1,1
927,3,20171213,27,17,H,1,4,0,12,4,1,0
928,3,20171213,30,20,H,0,4,0,7,3,0,0
929,3,20171213,31,5,H,2,0,3,25,8,1,0
930,3,20171213,34,2,H,0,0,1,6,0,1,0
931,3,20171216,2,23,H,1,0,3,23,5,2,0
932,3,20171216,5,6,H,0,0,1,12,2,4,0
933,3,20171216,8,27,H,1,0,3,24,8,1,0
934,3,20171216,17,10,H,0,3,0,11,2,2,1
935,3,20171216,20,31,H,4,1,3,20,11,2,0
936,3,20171216,28,34,H,0,3,0,17,0,2,0
937,3,20171216,32,13,H,1,4,0,13,3,2,1
938,3,20171217,1,18,H,0,4,0,6,2,1,0
939,3,20171217,33,21,H,1,2,0,12,5,1,0
940,3,20171218,11,30,H,3,1,3,12,7,2,0
941,3,20171222,2,18,H,3,3,1,11,4,1,0
942,3,20171223,5,32,H,1,0,3,14,3,0,0
943,3,20171223,6,31,H,0,3,0,5,2,1,0
944,3,20171223,11,8,H,0,0,1,5,0,3,0
945,3,20171223,17,21,H,2,2,1,11,3,2,1
946,3,20171223,20,1,H,4,0,3,14,5,0,0
947,3,20171223,27,13,H,1,1,1,12,6,2,0
948,3,20171223,28,33,H,3,1,3,9,5,1,0
949,3,20171223,30,10,H,1,1,1,7,2,2,0
950,3,20171223,34,23,H,2,3,0,19,6,1,0
951,3,20171226,1,34,H,3,3,1,26,10,3,0
952,3,20171226,8,5,H,2,0,3,25,8,0,0
953,3,20171226,13,28,H,1,1,1,18,8,2,0
954,3,20171226,18,30,H,5,0,3,22,9,0,0
955,3,20171226,21,6,H,2,2,1,23,6,3,0
956,3,20171226,31,27,H,5,2,3,16,7,0,0
957,3,20171226,32,17,H,2,1,3,11,1,3,0
958,3,20171226,33,11,H,0,0,1,17,3,2,0
959,3,20171227,23,20,H,0,1,0,6,2,1,0
960,3,20171228,10,2,H,2,3,0,16,2,0,0
961,3,20171230,1,11,H,2,1,3,19,7,0,0
962,3,20171230,8,28,H,5,0,3,21,12,1,0
963,3,20171230,13,6,H,0,0,1,3,1,2,0
964,3,20171230,18,17,H,2,1,3,17,6,3,0
965,3,20171230,21,27,H,0,0,1,15,3,2,0
966,3,20171230,23,5,H,0,0,1,11,2,2,0
967,3,20171230,32,30,H,1,2,0,9,4,4,0
968,3,20171231,10,20,H,0,0,1,10,1,5,0
969,3,20171231,33,2,H,1,1,1,14,3,3,0
970,3,20180101,5,1,H,2,2,1,15,6,2,0
971,3,20180101,6,18,H,1,2,0,13,4,0,0
972,3,20180101,11,21,H,0,2,0,12,0,2,0
973,3,20180101,17,13,H,3,0,3,11,5,1,0
974,3,20180101,28,23,H,0,1,0,11,4,3,0
975,3,20180102,20,32,H,3,1,3,17,7,1,0
976,3,20180102,27,10,H,1,2,0,10,3,0,0
977,3,20180102,30,31,H,0,2,0,8,1,2,0
978,3,20180102,34,33,H,2,1,3,13,5,3,0
979,3,20180103,2,8,H,2,2,1,14,6,3,0
980,3,20180104,31,34,H,1,1,1,31,8,0,0
981,3,20180113,8,17,H,0,0,1,17,7,2,0
982,3,20180113,10,6,H,1,0,3,17,2,0,0
983,3,20180113,13,34,H,1,4,0,8,2,1,0
984,3,20180113,23,30,H,1,1,1,12,4,0,0
985,3,20180113,31,11,H,4,0,3,20,10,0,0
986,3,20180113,32,27,H,2,2,1,16,4,0,0
987,3,20180113,33,5,H,2,0,3,15,4,0,0
988,3,20180114,1,2,H,2,1,3,13,5,2,0
989,3,20180114,18,20,H,4,3,3,16,7,2,0
990,3,20180115,21,28,H,3,0,3,20,9,2,0
991,3,20180120,2,10,H,4,1,3,16,10,0,0
992,3,20180120,5,8,H,0,4,0,10,3,3,0
993,3,20180120,6,21,H,0,1,0,13,2,3,0
994,3,20180120,11,33,H,1,1,1,9,4,2,0
995,3,20180120,17,32,H,2,0,3,9,5,0,0
996,3,20180120,20,23,H,3,1,3,21,9,0,0
997,3,20180120,28,13,H,2,0,3,11,6,1,0
998,3,20180120,34,1,H,1,1,1,12,4,3,0
999,3,20180121,27,31,H,1,1,1,10,4,2,0
1000,3,20180122,30,18,H,1,0,3,3,2,0,0
1001,3,20180130,13,18,H,0,3,0,5,1,0,0
1002,3,20180130,30,2,H,3,1,3,12,4,0,0
1003,3,20180130,34,10,H,1,1,1,8,3,1,0
1004,3,20180131,8,1,H,0,3,0,21,5,1,0
1005,3,20180131,11,17,H,2,1,3,9,4,0,0
1006,3,20180131,20,33,H,3,0,3,19,10,1,0
1007,3,20180131,23,6,H,1,1,1,14,4,1,0
1008,3,20180131,27,5,H,1,1,1,18,3,3,0
1009,3,20180131,28,32,H,0,0,1,11,4,4,0
1010,3,20180131,31,21,H,2,0,3,22,6,2,0
1011,3,20180203,1,28,H,2,1,3,15,8,2,0
1012,3,20180203,2,11,H,5,1,3,15,7,2,0
1013,3,20180203,5,34,H,3,1,3,21,5,3,0
1014,3,20180203,6,20,H,1,1,1,8,3,4,0
1015,3,20180203,17,30,H,1,1,1,13,5,1,0
1016,3,20180203,21,13,H,2,0,3,16,7,2,0
1017,3,20180203,33,27,H,2,3,0,9,3,2,0
1018,3,20180204,10,23,H,1,1,1,21,6,1,0
1019,3,20180204,18,31,H,2,2,1,9,3,3,0
1020,3,20180205,32,8,H,4,1,3,21,8,2,0
1021,3,20180210,11,10,H,3,1,3,11,5,1,0
1022,3,20180210,20,17,H,5,1,3,19,11,2,0
1023,3,20180210,28,5,H,1,1,1,15,3,0,0
1024,3,20180210,30,6,H,1,0,3,12,4,2,0
1025,3,20180210,31,2,H,1,0,3,18,6,2,0
1026,3,20180210,34,32,H,2,0,3,8,4,1,0
1027,3,20180211,13,1,H,4,1,3,15,4,0,0
1028,3,20180211,23,21,H,1,0,3,10,3,0,0
1029,3,20180211,27,18,H,0,2,0,6,4,1,0
1030,3,20180212,8,33,H,3,0,3,20,8,0,0
1031,3,20180224,1,23,H,2,2,1,18,5,1,0
1032,3,20180224,5,30,H,4,1,3,16,5,1,0
1033,3,20180224,6,27,H,1,1,1,9,3,1,0
1034,3,20180224,17,28,H,1,1,1,19,9,1,0
1035,3,20180224,18,34,H,4,1,3,21,12,0,0
1036,3,20180224,32,11,H,1,0,3,13,5,3,0
1037,3,20180224,33,13,H,1,2,0,10,3,1,0
1038,3,20180225,10,31,H,0,1,0,5,3,0,0
1039,3,20180225,21,8,H,2,1,3,10,5,2,0
1040,3,20180301,2,20,H,0,3,0,10,5,1,0
1041,3,20180303,6,11,H,2,1,3,21,8,1,0
1042,3,20180303,17,1,H,1,1,1,23,4,2,0
1043,3,20180303,18,23,H,2,0,3,14,3,0,0
1044,3,20180303,27,28,H,0,0,1,18,6,0,0
1045,3,20180303,30,34,H,4,1,3,9,8,0,0
1046,3,20180303,31,13,H,2,0,3,15,7,1,0
1047,3,20180303,32,33,H,1,0,3,15,4,2,0
1048,3,20180304,5,2,H,2,1,3,13,6,3,0
1049,3,20180304,20,8,H,1,0,3,13,3,2,0
1050,3,20180305,10,21,H,2,3,0,10,4,1,0
1051,3,20180310,8,10,H,2,1,3,27,11,1,0
1052,3,20180310,11,5,H,2,0,3,13,3,0,0
1053,3,20180310,13,30,H,0,0,1,30,4,2,0
1054,3,20180310,21,18,H,2,1,3,5,2,2,0
1055,3,20180310,23,27,H,3,0,3,7,5,0,0
1056,3,20180310,33,17,H,1,4,0,6,2,1,0
1057,3,20180310,34,6,H,0,3,0,13,4,2,0
1058,3,20180311,1,31,H,1,4,0,14,3,1,0
1059,3,20180311,2,32,H,3,0,3,11,7,2,0
1060,3,20180312,28,20,H,0,2,0,3,0,1,0
1061,3,20180317,1,33,H,2,1,3,17,5,1,0
1062,3,20180317,13,10,H,0,2,0,6,2,3,0
1063,3,20180317,18,32,H,5,0,3,13,10,1,0
1064,3,20180317,28,11,H,1,2,0,9,4,1,1
1065,3,20180331,5,17,H,0,2,0,15,3,2,0
1066,3,20180331,10,18,H,1,2,0,6,3,2,0
1067,3,20180331,11,20,H,1,3,0,6,2,0,0
1068,3,20180331,21,30,H,2,0,3,11,5,0,0
1069,3,20180331,23,13,H,1,0,3,18,3,1,0
1070,3,20180331,32,1,H,2,2,1,16,5,4,0
1071,3,20180331,33,6,H,1,2,0,8,3,1,0
1072,3,20180331,34,27,H,3,0,3,13,5,0,0
1073,3,20180401,2,28,H,3,0,3,24,11,1,0
1074,3,20180401,8,31,H,1,3,0,14,4,0,0
1075,3,20180407,1,10,H,2,2,1,20,5,2,0
1076,3,20180407,5,13,H,1,1,1,13,4,1,1
1077,3,20180407,11,18,H,0,0,1,6,1,0,0
1078,3,20180407,17,23,H,1,2,0,8,1,1,0
1079,3,20180407,20,21,H,2,3,0,20,6,6,0
1080,3,20180407,28,31,H,1,2,0,10,4,4,0
1081,3,20180407,32,6,H,1,2,0,14,5,2,0
1082,3,20180407,33,30,H,1,1,1,15,3,3,0
1083,3,20180408,2,27,H,3,2,3,13,7,2,1
1084,3,20180408,8,34,H,1,1,1,23,6,0,0
1085,3,20180414,6,17,H,2,1,3,8,3,2,0
1086,3,20180414,10,5,H,3,2,3,15,8,3,0
1087,3,20180414,13,32,H,1,0,3,9,1,2,0
1088,3,20180414,18,1,H,3,0,3,20,7,1,0
1089,3,20180414,27,8,H,2,3,0,10,7,5,0
1090,3,20180414,30,11,H,1,1,1,17,7,1,0
1091,3,20180414,31,20,H,1,3,0,8,3,3,0
1092,3,20180415,21,33,H,0,1,0,14,4,1,0
1093,3,20180415,23,2,H,2,1,3,8,4,1,0
1094,3,20180416,34,28,H,1,1,1,18,6,2,0
1095,3,20180417,5,31,H,1,1,1,8,5,1,0
1096,3,20180418,1,21,H,0,2,0,13,2,3,0
1097,3,20180419,6,8,H,1,2,0,5,2,1,0
1098,3,20180419,17,27,H,0,0,1,11,3,0,0
1099,3,20180421,32,10,H,0,0,1,14,4,3,0
1100,3,20180421,33,18,H,2,2,1,13,6,0,0
1101,3,20180422,2,34,H,4,1,3,20,8,3,0
1102,3,20180422,20,30,H,5,0,3,19,12,0,0
1103,3,20180422,28,6,H,1,1,1,8,3,2,0
1104,3,20180423,11,23,H,1,0,3,9,1,2,0
1105,3,20180428,6,5,H,0,0,1,10,4,0,0
1106,3,20180428,10,17,H,5,0,3,15,9,1,0
1107,3,20180428,13,11,H,0,2,0,9,2,1,0
1108,3,20180428,18,28,H,0,0,1,20,2,1,0
1109,3,20180428,23,33,H,0,1,0,17,2,1,0
1110,3,20180428,27,1,H,2,1,3,14,6,5,0
1111,3,20180428,30,8,H,0,1,0,10,3,1,0
1112,3,20180429,21,2,H,2,1,3,17,3,0,0
1113,3,20180429,34,20,H,1,4,0,4,1,0,0
1114,3,20180430,31,32,H,2,0,3,13,3,1,0
1115,3,20180504,5,21,H,1,0,3,11,4,2,0
1116,3,20180505,1,30,H,1,0,3,13,5,1,0
1117,3,20180505,11,27,H,1,1,1,9,3,2,0
1118,3,20180505,17,34,H,0,2,0,13,2,1,0
1119,3,20180505,28,10,H,1,2,0,7,2,5,0
1120,3,20180505,32,23,H,2,1,3,11,8,2,0
1121,3,20180505,33,31,H,1,0,3,9,1,4,0
1122,3,20180506,2,6,H,5,0,3,16,8,0,0
1123,3,20180506,8,18,H,1,0,3,12,4,3,0
1124,3,20180506,20,13,H,0,0,1,15,2,0,0
1125,3,20180508,30,27,H,0,1,0,11,3,2,0
1126,3,20180509,8,13,H,1,1,1,22,5,0,0
1127,3,20180509,17,2,H,3,1,3,19,10,2,0
1128,3,20180509,20,5,H,3,1,3,19,7,0,0
1129,3,20180509,31,23,H,1,0,3,11,7,2,0
1130,3,20180510,34,21,H,0,0,1,9,2,1,0
1131,3,20180513,6,1,H,1,2,0,12,4,0,0
1132,3,20180513,10,33,H,2,0,3,11,5,2,0
1133,3,20180513,13,2,H,0,1,0,18,3,1,0
1134,3,20180513,18,5,H,4,0,3,22,11,0,0
1135,3,20180513,21,32,H,1,0,3,7,1,4,0
1136,3,20180513,23,8,H,3,0,3,16,6,0,0
1137,3,20180513,27,20,H,0,1,0,8,3,3,0
1138,3,20180513,30,28,H,1,2,0,26,11,1,0
1139,3,20180513,31,17,H,5,4,3,14,6,1,0
1140,3,20180513,34,11,H,3,1,3,15,4,0,0
1141,4,20180810,21,17,H,2,1,3,8,6,2,0
1142,4,20180811,1,7,H,2,0,3,12,4,1,0
1143,4,20180811,12,10,H,0,2,0,15,6,1,0
1144,4,20180811,13,8,H,0,3,0,6,1,2,0
1145,4,20180811,23,31,H,1,2,0,15,2,2,0
1146,4,20180811,32,5,H,2,0,3,19,5,2,0
1147,4,20180811,35,11,H,2,2,1,11,4,0,0
1148,4,20180812,2,20,H,0,2,0,9,3,2,0
1149,4,20180812,18,34,H,4,0,3,18,8,1,0
1150,4,20180812,27,6,H,0,0,1,18,3,0,0
1151,4,20180818,7,23,H,0,0,1,12,1,2,0
1152,4,20180818,8,2,H,3,2,3,24,11,0,0
1153,4,20180818,11,27,H,2,1,3,13,7,0,0
1154,4,20180818,17,35,H,2,0,3,6,2,2,1
1155,4,20180818,31,12,H,3,1,3,25,11,0,0
1156,4,20180818,34,1,H,1,2,0,11,5,6,0
1157,4,20180819,5,21,H,3,2,3,6,3,1,0
1158,4,20180819,6,32,H,1,3,0,8,3,1,0
1159,4,20180819,20,13,H,6,1,3,32,14,0,0
1160,4,20180820,10,18,H,0,2,0,8,2,1,1
1161,4,20180825,1,11,H,2,2,1,17,5,0,1
1162,4,20180825,2,34,H,3,1,3,17,10,1,0
1163,4,20180825,13,7,H,0,0,1,5,1,0,1
1164,4,20180825,18,5,H,1,0,3,22,8,1,0
1165,4,20180825,27,17,H,1,2,0,11,5,1,1
1166,4,20180825,35,20,H,1,1,1,11,2,1,0
1167,4,20180826,12,6,H,4,2,3,25,12,2,0
1168,4,20180826,23,8,H,1,2,0,6,2,3,0
1169,4,20180826,32,10,H,2,1,3,13,5,4,0
1170,4,20180827,21,31,H,0,3,0,23,5,2,0
1171,4,20180901,5,12,H,2,2,1,15,5,3,0
1172,4,20180901,8,1,H,2,0,3,24,6,2,0
1173,4,20180901,10,27,H,0,2,0,20,6,1,0
1174,4,20180901,11,13,H,1,1,1,11,1,3,0
1175,4,20180901,17,18,H,1,2,0,12,5,3,0
1176,4,20180901,20,23,H,2,1,3,24,8,0,0
1177,4,20180901,34,35,H,0,1,0,13,3,2,0
1178,4,20180902,6,21,H,0,2,0,9,2,2,0
1179,4,20180902,7,2,H,2,3,0,14,3,3,0
1180,4,20180902,32,31,H,2,1,3,7,3,2,0
1181,4,20180915,1,17,H,4,2,3,10,5,3,0
1182,4,20180915,8,7,H,4,1,3,18,7,0,0
1183,4,20180915,13,10,H,0,1,0,15,2,1,0
1184,4,20180915,20,12,H,3,0,3,28,9,0,0
1185,4,20180915,23,2,H,1,2,0,4,2,0,0
1186,4,20180915,31,18,H,1,2,0,11,3,0,0
1187,4,20180915,32,21,H,1,2,0,14,5,2,0
1188,4,20180916,11,34,H,1,3,0,16,4,2,0
1189,4,20180916,35,6,H,1,0,3,30,7,2,0
1190,4,20180917,27,5,H,2,2,1,14,5,2,0
1191,4,20180922,5,31,H,1,2,0,8,4,2,0
1192,4,20180922,6,1,H,4,0,3,12,5,2,0
1193,4,20180922,7,20,H,0,5,0,2,2,1,0
1194,4,20180922,10,23,H,0,0,1,16,4,1,0
1195,4,20180922,12,32,H,1,1,1,15,3,2,0
1196,4,20180922,17,13,H,3,1,3,18,8,2,0
1197,4,20180922,18,27,H,3,0,3,12,4,0,0
1198,4,20180922,21,35,H,1,1,1,15,6,1,0
1199,4,20180923,2,11,H,2,0,3,9,5,2,0
1200,4,20180923,34,8,H,0,0,1,6,1,2,0
1201,4,20180929,2,32,H,2,0,3,9,2,2,0
1202,4,20180929,8,18,H,1,1,1,10,4,0,0
1203,4,20180929,11,12,H,3,0,3,19,6,0,0
1204,4,20180929,13,31,H,0,2,0,9,5,2,0
1205,4,20180929,20,5,H,2,0,3,28,8,0,0
1206,4,20180929,23,17,H,0,2,0,6,1,0,0
1207,4,20180929,34,21,H,3,1,3,8,3,0,0
1208,4,20180929,35,27,H,2,0,3,14,6,3,0
1209,4,20180930,7,6,H,1,2,0,19,5,1,0
1210,4,20181001,1,10,H,2,1,3,11,5,3,0
1211,4,20181005,5,34,H,1,0,3,9,4,3,0
1212,4,20181006,6,13,H,1,1,1,6,3,2,0
1213,4,20181006,10,35,H,0,1,0,11,4,3,0
1214,4,20181006,17,11,H,1,2,0,8,2,2,1
1215,4,20181006,21,23,H,3,2,3,18,10,2,0
1216,4,20181006,31,7,H,1,0,3,19,7,2,0
1217,4,20181006,32,1,H,0,4,0,14,2,3,1
1218,4,20181007,12,2,H,1,5,0,21,4,2,0
1219,4,20181007,18,20,H,0,0,1,7,2,1,0
1220,4,20181007,27,8,H,0,3,0,15,6,6,0
1221,4,20181020,1,27,H,0,0,1,10,2,1,0
1222,4,20181020,7,12,H,4,2,3,22,5,3,0
1223,4,20181020,8,21,H,2,2,1,21,6,2,0
1224,4,20181020,13,18,H,0,1,0,13,1,0,0
1225,4,20181020,20,6,H,5,0,3,24,10,2,0
1226,4,20181020,23,5,H,0,1,0,27,6,0,0
1227,4,20181020,34,31,H,0,1,0,13,4,3,0
1228,4,20181020,35,32,H,0,2,0,10,1,3,0
1229,4,20181021,11,10,H,2,0,3,20,4,2,0
1230,4,20181022,2,17,H,3,1,3,19,6,2,0
1231,4,20181027,5,35,H,1,0,3,2,1,3,0
1232,4,20181027,12,1,H,0,3,0,11,1,2,1
1233,4,20181027,17,34,H,1,1,1,21,7,1,0
1234,4,20181027,18,7,H,4,1,3,19,7,0,0
1235,4,20181027,27,23,H,0,0,1,22,4,0,0
1236,4,20181027,32,13,H,3,0,3,12,6,1,0
1237,4,20181028,6,8,H,0,4,0,7,1,4,0
1238,4,20181028,10,2,H,2,2,1,16,3,1,0
1239,4,20181028,21,11,H,2,1,3,14,10,2,0
1240,4,20181029,31,20,H,0,1,0,4,1,2,0
1241,4,20181103,1,21,H,1,2,0,18,7,4,0
1242,4,20181103,2,18,H,1,1,1,12,4,1,0
1243,4,20181103,7,17,H,0,1,0,11,2,2,0
1244,4,20181103,11,5,H,3,1,3,14,3,0,0
1245,4,20181103,23,32,H,1,0,3,10,2,1,0
1246,4,20181103,34,6,H,4,2,3,22,10,1,0
1247,4,20181103,35,31,H,2,3,0,16,7,1,0
1248,4,20181104,8,10,H,3,1,3,15,6,0,0
1249,4,20181104,20,27,H,6,1,3,18,8,1,0
1250,4,20181105,13,12,H,1,0,3,10,2,1,0
1251,4,20181110,7,5,H,2,1,3,20,6,2,0
1252,4,20181110,10,31,H,0,1,0,11,4,1,0
1253,4,20181110,13,34,H,1,1,1,15,7,1,0
1254,4,20181110,17,6,H,0,0,1,22,5,2,0
1255,4,20181110,23,1,H,2,1,3,18,6,2,0
1256,4,20181110,27,32,H,1,1,1,14,4,3,0
1257,4,20181111,2,35,H,1,1,1,10,3,2,0
1258,4,20181111,8,11,H,0,0,1,15,4,4,0
1259,4,20181111,18,12,H,2,0,3,20,7,1,0
1260,4,20181111,20,21,H,3,1,3,17,5,1,0
1261,4,20181124,5,17,H,1,1,1,14,3,3,0
1262,4,20181124,11,7,H,1,0,3,16,8,0,0
1263,4,20181124,12,27,H,3,2,3,10,5,2,0
1264,4,20181124,21,10,H,0,0,1,12,5,1,0
1265,4,20181124,31,8,H,3,1,3,18,9,0,0
1266,4,20181124,32,18,H,0,3,0,5,1,0,0
1267,4,20181124,34,20,H,0,4,0,9,1,0,0
1268,4,20181125,1,2,H,1,2,0,11,5,2,0
1269,4,20181125,35,13,H,0,2,0,12,3,1,0
1270,4,20181126,6,23,H,1,2,0,14,4,0,0
1271,4,20181130,7,35,H,2,1,3,17,3,1,0
1272,4,20181201,10,6,H,2,0,3,29,9,1,0
1273,4,20181201,13,5,H,1,2,0,7,2,0,1
1274,4,20181201,17,32,H,2,0,3,7,3,2,0
1275,4,20181201,20,1,H,3,1,3,16,6,0,0
1276,4,20181201,23,34,H,0,3,0,16,4,3,0
1277,4,20181201,27,21,H,2,2,1,16,6,4,0
1278,4,20181202,2,31,H,4,2,3,22,7,3,0
1279,4,20181202,8,12,H,2,0,3,16,9,2,0
1280,4,20181202,18,11,H,1,0,3,16,3,3,0
1281,4,20181204,1,13,H,2,1,3,6,2,4,0
1282,4,20181204,5,10,H,3,1,3,9,3,2,1
1283,4,20181204,32,20,H,1,2,0,11,7,0,0
1284,4,20181204,34,7,H,3,1,3,17,11,1,0
1285,4,20181205,6,18,H,1,3,0,10,6,1,0
1286,4,20181205,11,23,H,1,1,1,19,3,0,0
1287,4,20181205,12,17,H,1,1,1,25,7,0,0
1288,4,20181205,21,2,H,2,2,1,10,7,3,0
1289,4,20181205,31,27,H,3,1,3,13,8,0,0
1290,4,20181205,35,8,H,2,1,3,6,2,4,0
1291,4,20181208,1,18,H,0,4,0,8,2,2,0
1292,4,20181208,2,13,H,1,0,3,14,2,5,0
1293,4,20181208,6,5,H,1,0,3,14,4,2,0
1294,4,20181208,7,27,H,1,0,3,13,4,2,0
1295,4,20181208,8,20,H,2,0,3,8,5,2,0
1296,4,20181208,17,31,H,0,2,0,11,3,3,0
1297,4,20181208,21,12,H,4,1,3,20,11,1,0
1298,4,20181208,34,10,H,3,2,3,13,6,1,0
1299,4,20181209,23,35,H,1,2,0,12,4,2,1
1300,4,20181210,11,32,H,2,2,1,12,5,1,0
1301,4,20181215,10,17,H,1,0,3,8,1,2,0
1302,4,20181215,12,34,H,0,2,0,16,4,2,0
1303,4,20181215,13,23,H,0,1,0,15,5,1,0
1304,4,20181215,20,11,H,3,1,3,13,5,1,0
1305,4,20181215,31,6,H,1,0,3,15,3,0,0
1306,4,20181215,32,7,H,3,2,3,17,8,0,0
1307,4,20181215,35,1,H,2,0,3,9,3,1,0
1308,4,20181216,5,8,H,1,2,0,6,2,2,0
1309,4,20181216,18,21,H,3,1,3,36,11,0,0
1310,4,20181216,27,2,H,3,2,3,12,7,3,0
1311,4,20181221,35,18,H,0,2,0,11,5,0,0
1312,4,20181222,1,5,H,2,0,3,14,3,2,0
1313,4,20181222,2,6,H,3,1,3,10,6,2,0
1314,4,20181222,7,21,H,1,5,0,9,3,2,0
1315,4,20181222,8,17,H,0,1,0,17,5,0,0
1316,4,20181222,13,27,H,1,3,0,16,5,2,0
1317,4,20181222,20,10,H,2,3,0,19,5,0,0
1318,4,20181222,23,12,H,0,0,1,9,0,1,0
1319,4,20181222,34,32,H,0,2,0,18,7,3,0
1320,4,20181223,11,31,H,2,6,0,10,3,0,0
1321,4,20181226,5,2,H,1,1,1,12,3,2,0
1322,4,20181226,6,11,H,1,5,0,11,4,2,0
1323,4,20181226,10,7,H,0,0,1,31,5,0,0
1324,4,20181226,12,35,H,1,1,1,11,9,2,0
1325,4,20181226,17,20,H,2,1,3,10,5,2,0
1326,4,20181226,18,23,H,4,0,3,16,8,0,0
1327,4,20181226,21,13,H,3,1,3,16,10,1,0
1328,4,20181226,31,1,H,5,0,3,10,7,2,0
1329,4,20181226,32,8,H,1,2,0,10,2,1,0
1330,4,20181227,27,34,H,1,2,0,11,5,2,0
1331,4,20181229,5,11,H,1,0,3,11,3,0,0
1332,4,20181229,12,13,H,1,0,3,14,5,3,0
1333,4,20181229,17,7,H,0,1,0,16,7,0,0
1334,4,20181229,18,2,H,5,1,3,15,10,1,0
1335,4,20181229,31,35,H,1,3,0,10,3,3,0
1336,4,20181229,32,23,H,1,1,1,12,5,1,0
1337,4,20181230,6,34,H,2,0,3,17,5,1,0
1338,4,20181230,10,8,H,0,1,0,4,0,0,0
1339,4,20181230,21,1,H,4,1,3,11,8,2,1
1340,4,20181230,27,20,H,1,3,0,5,4,2,1
1341,4,20190101,2,12,H,4,1,3,16,9,0,0
1342,4,20190101,7,31,H,0,3,0,6,3,1,0
1343,4,20190101,11,17,H,0,1,0,17,2,3,0
1344,4,20190102,1,32,H,3,3,1,25,12,1,0
1345,4,20190102,8,27,H,0,0,1,17,6,1,0
1346,4,20190102,13,6,H,1,2,0,9,2,0,1
1347,4,20190102,23,21,H,0,2,0,14,3,1,0
1348,4,20190102,34,5,H,2,2,1,13,6,0,0
1349,4,20190102,35,10,H,0,2,0,9,1,4,0
1350,4,20190103,20,18,H,2,1,3,9,4,4,0
1351,4,20190112,5,18,H,0,1,0,7,0,0,0
1352,4,20190112,6,12,H,2,1,3,11,0,1,0
1353,4,20190112,7,13,H,0,0,1,3,0,3,0
1354,4,20190112,8,23,H,2,1,3,10,6,1,0
1355,4,20190112,10,32,H,1,2,0,15,6,1,0
1356,4,20190112,17,27,H,1,2,0,23,6,2,0
1357,4,20190112,34,2,H,1,0,3,11,3,0,0
1358,4,20190113,11,1,H,2,0,3,15,3,5,0
1359,4,20190113,31,21,H,0,1,0,21,11,1,0
1360,4,20190114,20,35,H,3,0,3,24,9,1,0
1361,4,20190119,1,34,H,2,0,3,10,4,0,0
1362,4,20190119,2,8,H,2,0,3,13,5,0,0
1363,4,20190119,18,10,H,4,3,3,19,9,0,1
1364,4,20190119,21,5,H,2,1,3,20,5,1,0
1365,4,20190119,23,7,H,3,0,3,16,6,0,0
1366,4,20190119,27,11,H,2,1,3,11,4,2,0
1367,4,20190119,32,6,H,0,0,1,9,4,1,0
1368,4,20190119,35,17,H,4,3,3,12,7,3,0
1369,4,20190120,12,31,H,1,2,0,12,4,2,0
1370,4,20190120,13,20,H,0,3,0,5,2,2,0
1371,4,20190129,2,7,H,2,1,3,15,4,3,0
1372,4,20190129,12,5,H,4,2,3,24,7,2,0
1373,4,20190129,13,11,H,0,1,0,10,2,1,0
1374,4,20190129,21,6,H,2,2,1,28,9,1,0
1375,4,20190129,23,20,H,2,1,3,6,2,2,0
1376,4,20190129,35,34,H,3,0,3,20,9,4,0
1377,4,20190130,1,8,H,4,0,3,12,7,1,0
1378,4,20190130,18,17,H,1,1,1,10,3,1,0
1379,4,20190130,27,10,H,1,1,1,13,4,2,0
1380,4,20190130,31,32,H,2,1,3,17,3,0,0
1381,4,20190202,5,32,H,0,0,1,21,4,1,0
1382,4,20190202,6,27,H,1,1,1,15,6,3,0
1383,4,20190202,7,1,H,2,0,3,12,5,1,0
1384,4,20190202,8,13,H,5,0,3,23,7,0,0
1385,4,20190202,10,12,H,2,0,3,17,6,2,0
1386,4,20190202,11,35,H,1,3,0,13,4,3,0
1387,4,20190202,31,23,H,1,0,3,21,4,0,0
1388,4,20190203,17,21,H,0,1,0,17,6,4,0
1389,4,20190203,20,2,H,3,1,3,19,12,1,0
1390,4,20190204,34,18,H,1,1,1,13,2,1,0
1391,4,20190206,11,20,H,0,2,0,4,1,1,0
1392,4,20190209,5,6,H,1,3,0,16,6,1,0
1393,4,20190209,10,34,H,1,1,1,25,5,3,0
1394,4,20190209,12,21,H,0,3,0,15,3,3,0
1395,4,20190209,13,2,H,1,2,0,15,6,3,0
1396,4,20190209,18,1,H,3,0,3,20,9,2,0
1397,4,20190209,27,7,H,1,2,0,14,7,3,0
1398,4,20190209,32,11,H,1,0,3,7,2,2,0
1399,4,20190210,20,8,H,6,0,3,15,9,1,0
1400,4,20190210,31,17,H,3,1,3,12,5,3,0
1401,4,20190211,35,23,H,1,1,1,22,6,1,0
1402,4,20190222,7,32,H,1,5,0,15,6,1,0
1403,4,20190222,34,12,H,3,1,3,21,7,1,0
1404,4,20190223,1,35,H,1,1,1,10,3,4,0
1405,4,20190223,6,31,H,2,1,3,10,4,1,0
1406,4,20190223,17,10,H,1,4,0,27,5,2,0
1407,4,20190223,23,13,H,2,0,3,29,12,2,0
1408,4,20190224,2,27,H,2,0,3,12,4,0,0
1409,4,20190224,21,18,H,0,0,1,6,3,1,0
1410,4,20190226,7,11,H,0,3,0,6,0,3,0
1411,4,20190226,13,35,H,1,0,3,15,3,2,0
1412,4,20190226,17,5,H,2,1,3,19,3,1,0
1413,4,20190226,23,6,H,2,0,3,12,3,1,0
1414,4,20190227,2,1,H,5,1,3,16,6,2,0
1415,4,20190227,8,31,H,2,0,3,11,1,1,0
1416,4,20190227,10,21,H,1,3,0,17,2,2,0
1417,4,20190227,18,32,H,5,0,3,19,10,0,0
1418,4,20190227,20,34,H,1,0,3,20,7,0,0
1419,4,20190227,27,12,H,2,0,3,14,4,0,0
1420,4,20190302,1,20,H,0,1,0,0,0,1,0
1421,4,20190302,5,13,H,1,0,3,13,4,2,0
1422,4,20190302,6,10,H,1,3,0,18,4,1,0
1423,4,20190302,21,27,H,3,2,3,16,6,2,0
1424,4,20190302,31,2,H,1,1,1,10,3,3,0
1425,4,20190302,34,23,H,2,0,3,10,4,3,0
1426,4,20190302,35,7,H,2,0,3,13,6,1,0
1427,4,20190303,11,18,H,0,0,1,7,3,1,0
1428,4,20190303,12,8,H,1,2,0,12,5,2,0
1429,4,20190303,32,17,H,2,1,3,6,5,5,0
1430,4,20190309,7,34,H,2,0,3,16,7,2,0
1431,4,20190309,10,5,H,1,2,0,15,3,1,0
1432,4,20190309,13,1,H,0,2,0,8,1,3,0
1433,4,20190309,17,12,H,3,1,3,18,8,0,0
1434,4,20190309,20,32,H,3,1,3,19,9,1,0
1435,4,20190309,23,11,H,3,2,3,19,7,3,0
1436,4,20190309,27,31,H,2,1,3,12,4,4,0
1437,4,20190310,2,21,H,2,0,3,14,3,2,0
1438,4,20190310,8,35,H,1,1,1,22,6,1,0
1439,4,20190310,18,6,H,4,2,3,23,5,2,0
1440,4,20190316,1,23,H,2,2,1,10,3,3,0
1441,4,20190316,6,17,H,1,2,0,13,2,1,0
1442,4,20190316,34,13,H,4,3,3,16,5,0,0
1443,4,20190317,11,8,H,2,0,3,15,8,1,0
1444,4,20190317,12,18,H,1,2,0,7,2,2,0
1445,4,20190330,5,27,H,0,1,0,14,1,1,0
1446,4,20190330,6,35,H,2,0,3,5,1,1,0
1447,4,20190330,10,13,H,2,0,3,19,5,0,0
1448,4,20190330,12,20,H,0,2,0,5,0,2,0
1449,4,20190330,17,1,H,2,0,3,18,4,0,0
1450,4,20190330,21,32,H,2,1,3,8,5,1,0
1451,4,20190330,34,11,H,0,2,0,3,1,1,0
1452,4,20190331,7,8,H,1,2,0,8,3,2,0
1453,4,20190331,18,31,H,2,1,3,14,3,0,0
1454,4,20190401,2,23,H,2,0,3,7,4,2,0
1455,4,20190402,32,12,H,4,1,3,15,7,3,0
1456,4,20190402,35,21,H,2,1,3,9,2,1,0
1457,4,20190403,8,5,H,3,0,3,17,4,0,0
1458,4,20190403,20,7,H,2,0,3,27,11,0,0
1459,4,20190403,31,10,H,2,0,3,26,10,1,0
1460,4,20190405,27,18,H,1,3,0,11,1,2,0
1461,4,20190406,1,6,H,1,3,0,10,2,2,0
1462,4,20190406,13,17,H,1,4,0,10,4,3,0
1463,4,20190406,23,10,H,0,1,0,18,5,1,0
1464,4,20190407,11,2,H,1,0,3,23,6,1,0
1465,4,20190408,8,34,H,2,0,3,16,7,2,0
1466,4,20190412,17,23,H,0,1,0,12,5,2,0
1467,4,20190413,5,1,H,0,5,0,8,1,2,1
1468,4,20190413,6,7,H,2,0,3,14,7,2,0
1469,4,20190413,12,11,H,2,0,3,12,5,2,0
1470,4,20190413,21,34,H,2,1,3,14,4,1,0
1471,4,20190413,27,35,H,3,1,3,13,6,1,0
1472,4,20190413,31,13,H,4,0,3,22,5,2,0
1473,4,20190414,10,20,H,1,3,0,7,3,0,0
1474,4,20190414,18,8,H,2,0,3,15,7,0,0
1475,4,20190415,32,2,H,0,1,0,11,3,2,1
1476,4,20190416,5,7,H,0,2,0,14,2,0,0
1477,4,20190420,1,12,H,0,1,0,15,5,1,0
1478,4,20190420,13,32,H,1,2,0,13,3,2,0
1479,4,20190420,20,31,H,1,0,3,15,4,1,0
1480,4,20190420,23,27,H,3,1,3,15,6,0,0
1481,4,20190420,34,17,H,2,2,1,11,3,2,0
1482,4,20190420,35,5,H,0,0,1,22,5,0,0
1483,4,20190421,2,10,H,2,3,0,12,5,4,0
1484,4,20190421,7,18,H,0,2,0,7,2,1,0
1485,4,20190421,11,21,H,4,0,3,15,8,1,0
1486,4,20190422,8,6,H,2,2,1,22,9,2,0
1487,4,20190423,31,5,H,1,0,3,29,5,1,0
1488,4,20190423,32,27,H,1,1,1,15,4,5,0
1489,4,20190424,21,20,H,0,2,0,12,1,2,0
1490,4,20190424,35,2,H,3,1,3,11,3,2,0
1491,4,20190426,18,13,H,5,0,3,21,7,0,0
1492,4,20190427,5,23,H,1,1,1,9,2,2,0
1493,4,20190427,10,11,H,0,0,1,8,0,2,0
1494,4,20190427,12,7,H,1,0,3,8,2,0,0
1495,4,20190427,27,1,H,3,3,1,22,7,2,0
1496,4,20190427,31,34,H,0,1,0,14,4,0,0
1497,4,20190427,32,35,H,1,2,0,10,1,3,0
1498,4,20190428,6,20,H,0,1,0,2,0,1,0
1499,4,20190428,17,2,H,3,0,3,24,12,3,0
1500,4,20190428,21,8,H,1,1,1,7,5,3,0
1501,4,20190503,11,6,H,2,0,3,20,6,0,0
1502,4,20190504,1,31,H,1,0,3,20,6,1,0
1503,4,20190504,7,10,H,2,3,0,18,8,0,0
1504,4,20190504,23,18,H,2,3,0,14,7,1,0
1505,4,20190504,34,27,H,3,0,3,17,6,1,0
1506,4,20190504,35,12,H,1,0,3,19,6,1,0
1507,4,20190505,2,5,H,1,1,1,20,8,5,0
1508,4,20190505,8,32,H,3,0,3,19,9,0,0
1509,4,20190505,13,21,H,1,1,1,7,3,1,0
1510,4,20190506,20,17,H,1,0,3,19,5,3,0
1511,4,20190512,5,20,H,1,4,0,6,2,0,0
1512,4,20190512,6,2,H,1,3,0,14,5,5,0
1513,4,20190512,10,1,H,5,3,3,17,8,3,0
1514,4,20190512,12,23,H,0,4,0,16,2,1,0
1515,4,20190512,17,8,H,0,0,1,9,3,0,0
1516,4,20190512,18,35,H,2,0,3,13,5,0,0
1517,4,20190512,21,7,H,0,2,0,26,10,3,0
1518,4,20190512,27,13,H,1,1,1,10,3,0,0
1519,4,20190512,31,11,H,2,2,1,11,3,0,0
1520,4,20190512,32,34,H,1,4,0,17,8,1,1
1521,5,20190809,18,24,H,4,1,3,15,7,0,0
1522,5,20190810,1,26,H,1,1,1,13,3,2,0
1523,5,20190810,6,27,H,3,0,3,10,4,0,0
1524,5,20190810,10,11,H,0,0,1,6,2,2,0
1525,5,20190810,31,3,H,3,1,3,31,7,1,0
1526,5,20190810,32,5,H,0,3,0,11,3,0,0
1527,5,20190810,34,20,H,0,5,0,5,3,2,0
1528,5,20190811,17,35,H,0,0,1,15,1,0,0
1529,5,20190811,21,8,H,4,0,3,11,5,3,0
1530,5,20190811,23,2,H,0,1,0,9,2,1,0
1531,5,20190817,2,6,H,2,1,3,16,9,2,0
1532,5,20190817,3,1,H,1,2,0,22,7,0,0
1533,5,20190817,5,34,H,1,1,1,16,4,0,0
1534,5,20190817,11,32,H,1,0,3,12,2,2,0
1535,5,20190817,20,31,H,2,2,1,30,10,1,0
1536,5,20190817,24,23,H,3,1,3,15,8,1,0
1537,5,20190817,27,18,H,1,2,0,14,3,2,0
1538,5,20190818,8,17,H,1,1,1,14,5,1,0
1539,5,20190818,26,10,H,1,0,3,15,3,3,0
1540,5,20190819,35,21,H,1,1,1,6,2,2,0
1541,5,20190823,3,11,H,2,0,3,7,3,2,0
1542,5,20190824,5,27,H,0,2,0,12,3,1,1
1543,5,20190824,18,2,H,3,1,3,25,5,1,0
1544,5,20190824,21,10,H,1,2,0,22,3,2,0
1545,5,20190824,24,8,H,2,3,0,6,5,1,0
1546,5,20190824,26,17,H,1,2,0,8,3,1,0
1547,5,20190824,32,34,H,1,3,0,23,3,1,0
1548,5,20190825,1,20,H,1,3,0,10,7,1,0
1549,5,20190825,31,23,H,0,1,0,17,2,2,0
1550,5,20190825,35,6,H,1,1,1,17,2,0,0
1551,5,20190831,6,18,H,0,3,0,7,2,0,0
1552,5,20190831,8,26,H,2,2,1,13,5,0,0
1553,5,20190831,10,3,H,1,0,3,22,5,2,0
1554,5,20190831,17,1,H,3,1,3,13,5,1,0
1555,5,20190831,20,5,H,4,0,3,15,6,1,0
1556,5,20190831,23,32,H,1,1,1,13,5,2,0
1557,5,20190831,27,21,H,1,1,1,10,2,1,1
1558,5,20190831,34,24,H,2,0,3,18,8,2,0
1559,5,20190901,2,31,H,2,2,1,26,8,3,0
1560,5,20190901,11,35,H,3,2,3,15,6,1,0
1561,5,20190914,5,6,H,1,1,1,14,5,0,0
1562,5,20190914,18,23,H,3,1,3,21,9,0,0
1563,5,20190914,21,17,H,1,0,3,10,5,1,0
1564,5,20190914,24,20,H,3,2,3,7,3,3,0
1565,5,20190914,26,27,H,0,1,0,17,4,1,1
1566,5,20190914,31,10,H,4,0,3,13,5,4,0
1567,5,20190914,35,8,H,2,5,0,11,4,1,0
1568,5,20190915,1,11,H,3,1,3,13,6,0,0
1569,5,20190915,32,2,H,2,2,1,31,7,3,0
1570,5,20190916,3,34,H,0,0,1,10,5,2,0
1571,5,20190920,27,1,H,1,3,0,25,6,1,0
1572,5,20190921,6,24,H,2,0,3,13,6,0,0
1573,5,20190921,11,26,H,0,2,0,16,3,1,0
1574,5,20190921,17,31,H,2,1,3,16,7,1,0
1575,5,20190921,20,32,H,8,0,3,28,11,2,0
1576,5,20190921,23,5,H,0,0,1,11,4,2,0
1577,5,20190922,2,3,H,3,2,3,21,6,5,1
1578,5,20190922,8,18,H,1,2,0,13,2,3,0
1579,5,20190922,10,35,H,1,1,1,13,4,2,0
1580,5,20190922,34,21,H,2,0,3,8,6,2,0
1581,5,20190928,1,34,H,2,2,1,13,5,3,0
1582,5,20190928,3,6,H,2,2,1,16,3,1,0
1583,5,20190928,8,5,H,2,0,3,24,10,2,0
1584,5,20190928,10,24,H,2,0,3,15,3,3,0
1585,5,20190928,11,20,H,1,3,0,12,8,2,0
1586,5,20190928,26,18,H,0,1,0,12,2,1,0
1587,5,20190928,31,27,H,2,1,3,9,4,0,1
1588,5,20190928,35,32,H,2,0,3,6,2,0,0
1589,5,20190929,17,23,H,5,0,3,13,5,1,0
1590,5,20190930,21,2,H,1,1,1,16,4,4,0
1591,5,20191005,5,31,H,3,0,3,17,6,2,0
1592,5,20191005,6,11,H,1,0,3,9,3,2,0
1593,5,20191005,18,17,H,2,1,3,18,8,1,0
1594,5,20191005,24,3,H,1,5,0,21,5,1,0
1595,5,20191005,32,26,H,0,0,1,8,2,0,0
1596,5,20191005,34,10,H,1,2,0,9,4,3,0
1597,5,20191006,2,1,H,1,0,3,12,2,1,0
1598,5,20191006,20,35,H,0,2,0,18,2,5,0
1599,5,20191006,23,21,H,1,0,3,12,2,3,0
1600,5,20191006,27,8,H,1,4,0,10,3,0,0
1601,5,20191019,1,24,H,0,0,1,11,2,1,0
1602,5,20191019,3,5,H,2,1,3,24,8,1,0
1603,5,20191019,8,23,H,1,0,3,16,8,2,0
1604,5,20191019,10,20,H,0,2,0,7,2,1,0
1605,5,20191019,11,34,H,2,0,3,19,10,2,0
1606,5,20191019,17,6,H,2,1,3,19,3,0,0
1607,5,20191019,31,32,H,1,1,1,12,2,4,0
1608,5,20191019,35,27,H,1,1,1,4,1,3,0
1609,5,20191020,21,18,H,1,1,1,7,2,0,0
1610,5,20191021,26,2,H,1,0,3,8,2,4,0
1611,5,20191025,27,17,H,0,9,0,6,3,0,1
1612,5,20191026,5,11,H,3,2,3,8,4,2,0
1613,5,20191026,6,8,H,2,4,0,13,5,3,0
1614,5,20191026,20,3,H,3,0,3,25,9,1,1
1615,5,20191026,32,1,H,0,0,1,7,3,5,0
1616,5,20191026,34,26,H,1,1,1,12,4,2,0
1617,5,20191027,2,10,H,2,2,1,15,6,2,0
1618,5,20191027,18,31,H,2,1,3,21,13,3,0
1619,5,20191027,23,35,H,1,1,1,13,2,2,1
1620,5,20191027,24,21,H,1,3,0,10,3,2,0
1621,5,20191102,1,21,H,1,0,3,12,6,4,0
1622,5,20191102,2,35,H,1,1,1,10,4,0,0
1623,5,20191102,3,18,H,1,2,0,5,2,1,0
1624,5,20191102,5,24,H,2,0,3,21,5,0,0
1625,5,20191102,20,27,H,2,1,3,26,4,3,0
1626,5,20191102,26,6,H,3,0,3,13,6,1,0
1627,5,20191102,32,8,H,1,2,0,12,3,4,0
1628,5,20191102,34,23,H,2,3,0,16,6,2,0
1629,5,20191103,10,17,H,0,2,0,12,3,2,0
1630,5,20191103,11,31,H,1,1,1,7,3,1,0
1631,5,20191108,24,32,H,0,2,0,17,5,1,0
1632,5,20191109,6,34,H,3,0,3,14,12,2,0
1633,5,20191109,8,10,H,2,0,3,23,5,3,0
1634,5,20191109,17,2,H,2,0,3,19,7,1,0
1635,5,20191109,23,1,H,2,1,3,20,9,2,0
1636,5,20191109,27,11,H,1,2,0,4,3,1,0
1637,5,20191109,31,26,H,1,1,1,17,5,2,0
1638,5,20191110,18,20,H,3,1,3,12,5,0,0
1639,5,20191110,21,5,H,3,1,3,21,11,2,0
1640,5,20191110,35,3,H,2,1,3,17,5,4,0
1641,5,20191123,1,35,H,1,2,0,9,2,2,1
1642,5,20191123,2,27,H,2,2,1,12,5,6,0
1643,5,20191123,5,17,H,0,2,0,7,0,2,0
1644,5,20191123,10,18,H,1,2,0,16,6,0,0
1645,5,20191123,11,24,H,0,2,0,18,7,3,0
1646,5,20191123,20,8,H,2,1,3,15,4,1,0
1647,5,20191123,32,6,H,0,3,0,15,4,0,0
1648,5,20191123,34,31,H,2,3,0,11,4,3,0
1649,5,20191124,26,21,H,3,3,1,12,8,1,0
1650,5,20191125,3,23,H,2,0,3,17,8,1,0
1651,5,20191130,6,10,H,0,2,0,15,4,2,0
1652,5,20191130,8,34,H,0,1,0,19,6,0,0
1653,5,20191130,18,5,H,2,1,3,15,7,0,1
1654,5,20191130,23,20,H,2,2,1,6,3,1,0
1655,5,20191130,27,32,H,2,1,3,11,6,1,0
1656,5,20191130,31,1,H,3,2,3,15,5,0,0
1657,5,20191201,17,11,H,2,1,3,16,6,0,0
1658,5,20191201,21,3,H,2,2,1,16,6,4,0
1659,5,20191201,24,2,H,2,2,1,15,8,2,0
1660,5,20191201,35,26,H,1,1,1,13,3,1,0
1661,5,20191203,6,20,H,1,4,0,4,2,1,0
1662,5,20191203,10,1,H,1,0,3,7,2,3,1
1663,5,20191204,8,3,H,2,1,3,25,9,2,0
1664,5,20191204,17,32,H,2,0,3,12,6,3,0
1665,5,20191204,18,11,H,5,2,3,11,5,1,0
1666,5,20191204,21,31,H,2,1,3,12,7,0,0
1667,5,20191204,27,24,H,2,1,3,14,5,1,0
1668,5,20191204,35,34,H,2,0,3,13,7,1,0
1669,5,20191205,2,5,H,1,2,0,12,5,3,0
1670,5,20191205,26,23,H,0,2,0,13,6,2,0
1671,5,20191207,1,18,H,0,3,0,3,0,0,0
1672,5,20191207,11,8,H,3,1,3,13,7,3,0
1673,5,20191207,20,21,H,1,2,0,22,5,3,0
1674,5,20191207,31,6,H,5,0,3,13,7,1,0
1675,5,20191207,32,10,H,0,0,1,13,3,4,0
1676,5,20191208,3,17,H,1,4,0,15,2,6,0
1677,5,20191208,5,35,H,2,2,1,13,4,3,0
1678,5,20191208,23,27,H,2,1,3,12,6,1,0
1679,5,20191208,24,26,H,1,2,0,14,4,0,0
1680,5,20191209,34,2,H,1,3,0,11,4,2,0
1681,5,20191214,6,23,H,1,0,3,7,4,0,0
1682,5,20191214,8,1,H,0,1,0,18,5,1,0
1683,5,20191214,17,24,H,1,1,1,18,5,0,0
1684,5,20191214,18,32,H,2,0,3,16,6,2,0
1685,5,20191214,26,3,H,2,0,3,7,3,2,0
1686,5,20191214,27,34,H,0,1,0,11,2,1,0
1687,5,20191215,2,20,H,0,3,0,6,1,1,0
1688,5,20191215,21,11,H,1,1,1,24,8,1,0
1689,5,20191215,35,31,H,1,2,0,18,5,4,0
1690,5,20191216,10,5,H,1,1,1,11,4,1,0
1691,5,20191221,1,6,H,0,1,0,3,0,2,0
1692,5,20191221,3,27,H,1,3,0,19,6,2,0
1693,5,20191221,5,26,H,0,1,0,9,2,1,0
1694,5,20191221,11,2,H,0,0,1,9,0,2,0
1695,5,20191221,20,17,H,3,1,3,23,12,2,0
1696,5,20191221,23,10,H,1,0,3,8,3,2,0
1697,5,20191221,24,35,H,1,2,0,13,7,2,0
1698,5,20191222,31,8,H,0,2,0,5,1,4,1
1699,5,20191222,32,21,H,2,0,3,11,3,3,0
1700,5,20191226,1,2,H,1,1,1,12,4,4,0
1701,5,20191226,3,24,H,1,0,3,11,2,2,0
1702,5,20191226,8,27,H,0,2,0,10,3,3,0
1703,5,20191226,10,34,H,2,1,3,13,4,0,0
1704,5,20191226,11,6,H,1,0,3,21,5,0,0
1705,5,20191226,17,18,H,0,4,0,3,0,1,0
1706,5,20191226,21,23,H,4,1,3,22,10,2,0
1707,5,20191226,26,32,H,1,1,1,16,4,1,0
1708,5,20191226,31,5,H,2,1,3,11,5,4,0
1709,5,20191227,35,20,H,3,2,3,20,8,0,0
1710,5,20191228,5,1,H,2,0,3,16,6,0,0
1711,5,20191228,6,21,H,0,2,0,8,1,4,0
1712,5,20191228,23,11,H,1,2,0,20,5,2,0
1713,5,20191228,24,31,H,2,2,1,5,2,3,0
1714,5,20191228,27,10,H,1,1,1,14,5,1,0
1715,5,20191228,32,3,H,3,0,3,20,6,3,1
1716,5,20191228,34,17,H,1,2,0,14,4,4,0
1717,5,20191229,2,8,H,1,2,0,7,2,5,0
1718,5,20191229,18,35,H,1,0,3,10,3,1,0
1719,5,20191229,20,26,H,2,0,3,16,4,1,0
1720,5,20200101,2,21,H,2,0,3,10,4,2,0
1721,5,20200101,5,8,H,1,1,1,16,5,2,0
1722,5,20200101,6,3,H,1,2,0,20,1,1,0
1723,5,20200101,20,11,H,2,1,3,16,7,0,0
1724,5,20200101,23,17,H,0,3,0,5,2,1,0
1725,5,20200101,24,10,H,1,1,1,15,4,5,0
1726,5,20200101,27,31,H,1,0,3,12,3,3,0
1727,5,20200101,32,35,H,2,1,3,9,3,3,1
1728,5,20200101,34,1,H,4,0,3,14,7,1,0
1729,5,20200102,18,26,H,2,0,3,19,7,0,0
1730,5,20200110,26,34,H,1,0,3,13,3,1,0
1731,5,20200111,8,6,H,3,0,3,18,8,0,0
1732,5,20200111,10,2,H,1,1,1,6,3,2,0
1733,5,20200111,11,5,H,1,0,3,14,6,2,0
1734,5,20200111,17,27,H,1,2,0,5,5,0,0
1735,5,20200111,21,24,H,4,0,3,13,6,0,0
1736,5,20200111,31,18,H,0,1,0,14,4,0,0
1737,5,20200111,35,23,H,1,1,1,9,4,0,0
1738,5,20200112,1,32,H,0,3,0,10,1,1,0
1739,5,20200112,3,20,H,1,6,0,7,1,2,0
1740,5,20200118,2,26,H,1,1,1,11,4,1,0
1741,5,20200118,5,3,H,1,1,1,10,2,3,0
1742,5,20200118,20,10,H,2,2,1,25,6,1,0
1743,5,20200118,23,8,H,1,0,3,7,2,1,0
1744,5,20200118,24,1,H,1,0,3,16,5,2,1
1745,5,20200118,27,35,H,2,3,0,11,5,2,0
1746,5,20200118,32,31,H,0,0,1,15,2,2,0
1747,5,20200118,34,11,H,1,1,1,12,6,1,0
1748,5,20200119,6,17,H,2,1,3,8,5,1,0
1749,5,20200119,18,21,H,2,0,3,16,5,1,0
1750,5,20200121,1,5,H,3,1,3,11,3,1,0
1751,5,20200121,3,32,H,2,1,3,16,5,2,0
1752,5,20200121,8,2,H,2,2,1,19,8,2,0
1753,5,20200121,10,27,H,0,2,0,6,0,1,0
1754,5,20200121,11,23,H,2,2,1,17,8,1,0
1755,5,20200121,26,20,H,0,1,0,4,1,4,0
1756,5,20200122,17,34,H,4,1,3,19,8,1,0
1757,5,20200122,21,6,H,0,2,0,24,7,0,0
1758,5,20200122,31,24,H,2,1,3,14,3,0,0
1759,5,20200123,35,18,H,1,2,0,10,3,0,0
1760,5,20200129,34,18,H,0,2,0,7,4,2,0
1761,5,20200201,1,3,H,2,1,3,16,6,1,1
1762,5,20200201,10,26,H,0,1,0,13,3,3,0
1763,5,20200201,17,8,H,2,2,1,14,4,2,0
1764,5,20200201,18,27,H,4,0,3,16,9,0,0
1765,5,20200201,21,35,H,0,0,1,15,5,3,0
1766,5,20200201,23,24,H,0,0,1,15,5,2,0
1767,5,20200201,32,11,H,2,3,0,11,2,2,0
1768,5,20200201,34,5,H,3,3,1,12,6,1,0
1769,5,20200202,6,2,H,0,0,1,15,2,1,0
1770,5,20200202,31,20,H,2,0,3,3,3,2,0
1771,5,20200208,5,32,H,1,1,1,10,2,2,0
1772,5,20200208,11,10,H,3,1,3,14,8,0,0
1773,5,20200209,26,1,H,2,1,3,16,6,2,0
1774,5,20200214,35,17,H,0,0,1,15,3,2,0
1775,5,20200215,24,18,H,0,1,0,5,1,1,0
1776,5,20200215,27,6,H,1,2,0,10,2,2,0
1777,5,20200216,2,23,H,4,0,3,15,7,2,0
1778,5,20200216,3,31,H,2,3,0,18,4,2,0
1779,5,20200217,8,21,H,0,2,0,17,1,4,0
1780,5,20200219,20,34,H,2,0,3,20,7,0,0
1781,5,20200222,6,1,H,3,0,3,16,10,4,0
1782,5,20200222,8,31,H,2,1,3,17,7,1,0
1783,5,20200222,10,23,H,1,0,3,18,9,2,0
1784,5,20200222,17,20,H,0,1,0,10,3,0,0
1785,5,20200222,26,5,H,1,1,1,14,3,0,0
1786,5,20200222,27,3,H,2,0,3,28,9,1,0
1787,5,20200223,2,11,H,3,2,3,9,4,0,0
1788,5,20200223,21,32,H,3,0,3,21,9,0,0
1789,5,20200223,35,24,H,3,0,3,19,6,2,0
1790,5,20200224,18,34,H,3,2,3,25,7,0,0
1791,5,20200228,24,17,H,1,0,3,11,6,1,0
1792,5,20200229,1,8,H,2,2,1,9,5,2,0
1793,5,20200229,5,10,H,0,1,0,24,8,1,0
1794,5,20200229,23,6,H,0,0,1,21,4,4,0
1795,5,20200229,32,18,H,3,0,3,14,5,0,0
1796,5,20200229,34,27,H,3,1,3,14,7,1,0
1797,5,20200301,11,21,H,1,1,1,16,5,3,0
1798,5,20200301,31,35,H,2,3,0,13,5,3,0
1799,5,20200307,2,34,H,1,0,3,9,2,1,0
1800,5,20200307,6,31,H,1,1,1,21,8,5,0
1801,5,20200307,10,32,H,1,0,3,10,3,4,0
1802,5,20200307,18,1,H,2,1,3,14,6,0,0
1803,5,20200307,26,24,H,1,0,3,10,4,0,0
1804,5,20200307,27,23,H,0,1,0,6,3,0,1
1805,5,20200307,35,5,H,0,0,1,11,1,1,0
1806,5,20200308,8,11,H,4,0,3,17,11,1,0
1807,5,20200308,21,20,H,2,0,3,12,6,2,0
1808,5,20200309,17,3,H,4,0,3,15,7,2,0
1809,5,20200617,3,26,H,0,0,1,14,6,1,0
1810,5,20200617,20,2,H,3,0,3,20,12,1,0
1811,5,20200619,24,27,H,0,3,0,9,1,1,0
1812,5,20200619,31,21,H,1,1,1,10,3,0,0
1813,5,20200620,1,10,H,0,2,0,12,1,3,0
1814,5,20200620,5,2,H,2,1,3,9,5,2,0
1815,5,20200620,32,17,H,1,1,1,8,4,0,0
1816,5,20200620,34,35,H,0,2,0,7,2,1,0
1817,5,20200621,3,8,H,1,2,0,8,4,2,0
1818,5,20200621,11,18,H,0,0,1,9,3,2,0
1819,5,20200621,23,26,H,3,0,3,12,8,2,0
1820,5,20200622,20,6,H,5,0,3,19,7,1,0
1821,5,20200623,17,5,H,0,0,1,11,2,2,0
1822,5,20200623,31,34,H,2,0,3,15,4,2,0
1823,5,20200624,18,10,H,4,0,3,21,7,0,0
1824,5,20200624,21,26,H,3,0,3,15,6,1,0
1825,5,20200624,23,3,H,1,1,1,13,3,2,0
1826,5,20200624,24,11,H,0,1,0,9,1,0,0
1827,5,20200624,35,1,H,1,0,3,10,2,3,0
1828,5,20200625,6,32,H,1,0,3,9,5,1,0
1829,5,20200625,8,20,H,2,1,3,15,10,1,0
1830,5,20200625,27,2,H,0,2,0,12,3,0,1
1831,5,20200627,3,35,H,0,1,0,11,1,1,0
1832,5,20200628,32,27,H,1,3,0,8,0,3,0
1833,5,20200629,10,6,H,0,1,0,17,4,1,0
1834,5,20200630,5,21,H,0,3,0,8,2,0,0
1835,5,20200701,1,23,H,1,4,0,12,1,2,0
1836,5,20200701,2,24,H,4,0,3,13,8,1,0
1837,5,20200701,11,17,H,2,1,3,7,2,1,0
1838,5,20200701,34,8,H,3,2,3,10,4,2,0
1839,5,20200702,20,18,H,4,0,3,14,6,2,0
1840,5,20200702,26,31,H,3,1,3,7,5,2,0
1841,5,20200704,8,32,H,3,0,3,21,9,0,0
1842,5,20200704,17,10,H,3,0,3,15,4,2,0
1843,5,20200704,21,1,H,5,2,3,19,10,0,0
1844,5,20200704,24,5,H,0,1,0,12,1,2,0
1845,5,20200704,35,2,H,0,2,0,10,1,2,0
1846,5,20200705,6,26,H,1,1,1,9,4,0,0
1847,5,20200705,18,3,H,2,0,3,6,4,1,0
1848,5,20200705,23,34,H,2,2,1,11,4,0,0
1849,5,20200705,27,20,H,1,0,3,8,4,1,0
1850,5,20200706,31,11,H,1,0,3,12,2,3,0
1851,5,20200707,2,17,H,1,1,1,11,7,1,1
1852,5,20200707,10,8,H,2,3,0,13,4,1,0
1853,5,20200707,32,24,H,2,1,3,9,4,2,0
1854,5,20200708,5,18,H,1,3,0,12,2,1,0
1855,5,20200708,20,23,H,5,0,3,23,9,0,0
1856,5,20200708,26,35,H,1,0,3,7,3,2,0
1857,5,20200708,34,6,H,0,1,0,21,5,1,0
1858,5,20200709,1,31,H,0,0,1,9,2,3,0
1859,5,20200709,3,21,H,0,3,0,9,1,2,0
1860,5,20200709,11,27,H,1,1,1,11,4,3,0
1861,5,20200711,5,20,H,0,5,0,3,0,1,0
1862,5,20200711,18,6,H,1,1,1,23,9,1,0
1863,5,20200711,24,34,H,0,4,0,11,2,1,0
1864,5,20200711,26,8,H,3,0,3,9,4,1,0
1865,5,20200711,32,23,H,2,1,3,17,5,1,0
1866,5,20200712,1,17,H,4,1,3,10,4,2,0
1867,5,20200712,3,10,H,2,0,3,12,9,2,0
1868,5,20200712,31,2,H,2,1,3,15,9,5,0
1869,5,20200712,35,11,H,3,0,3,14,7,0,0
1870,5,20200713,21,27,H,2,2,1,8,4,1,0
1871,5,20200714,8,24,H,1,0,3,22,6,2,0
1872,5,20200715,2,18,H,2,1,3,3,2,3,0
1873,5,20200715,6,35,H,1,1,1,9,1,0,0
1874,5,20200715,20,1,H,2,1,3,8,4,1,0
1875,5,20200715,23,31,H,1,3,0,22,6,2,0
1876,5,20200716,10,21,H,0,2,0,13,5,1,0
1877,5,20200716,11,3,H,1,1,1,9,1,2,0
1878,5,20200716,17,26,H,2,0,3,15,7,1,0
1879,5,20200716,27,5,H,1,1,1,21,6,1,0
1880,5,20200717,34,32,H,3,1,3,10,4,0,0
1881,5,20200718,24,6,H,0,2,0,6,2,0,2
1882,5,20200719,1,27,H,0,2,0,11,3,2,0
1883,5,20200719,31,17,H,3,0,3,7,3,2,0
1884,5,20200720,5,23,H,0,0,1,11,3,4,0
1885,5,20200720,26,11,H,0,1,0,8,0,1,0
1886,5,20200720,35,10,H,2,0,3,11,5,2,0
1887,5,20200721,3,2,H,1,0,3,8,3,2,0
1888,5,20200721,32,20,H,0,4,0,2,0,2,0
1889,5,20200722,18,8,H,5,3,3,10,7,1,0
1890,5,20200722,21,34,H,1,1,1,11,4,3,0
1891,5,20200726,2,32,H,3,2,3,13,5,3,0
1892,5,20200726,6,5,H,1,2,0,13,2,3,0
1893,5,20200726,8,35,H,2,0,3,11,3,2,0
1894,5,20200726,10,31,H,1,1,1,13,2,3,0
1895,5,20200726,11,1,H,1,3,0,13,5,1,0
1896,5,20200726,17,21,H,0,2,0,14,3,1,1
1897,5,20200726,20,24,H,5,0,3,31,10,1,0
1898,5,20200726,23,18,H,1,3,0,3,2,1,0
1899,5,20200726,27,26,H,3,1,3,13,4,0,0
1900,5,20200726,34,3,H,1,1,1,10,1,2,0
1901,6,20200912,10,27,H,1,0,3,5,3,2,0
1902,6,20200912,12,2,H,0,3,0,5,2,2,0
1903,6,20200912,18,16,H,4,3,3,22,6,1,0
1904,6,20200912,34,23,H,0,2,0,15,3,2,0
1905,6,20200913,31,11,H,0,1,0,9,5,1,0
1906,6,20200913,33,17,H,0,3,0,7,1,1,0
1907,6,20200914,5,8,H,1,3,0,13,3,1,0
1908,6,20200914,26,35,H,0,2,0,9,2,2,0
1909,6,20200919,2,34,H,2,1,3,7,3,0,0
1910,6,20200919,11,33,H,5,2,3,17,7,1,0
1911,6,20200919,16,12,H,4,3,3,10,7,1,0
1912,6,20200919,21,10,H,1,3,0,13,4,2,0
1913,6,20200920,8,18,H,0,2,0,5,3,0,1
1914,6,20200920,17,6,H,4,2,3,14,6,1,0
1915,6,20200920,23,5,H,0,3,0,6,0,3,0
1916,6,20200920,27,31,H,2,5,0,14,7,4,0
1917,6,20200921,3,26,H,1,0,3,18,2,3,0
1918,6,20200921,35,20,H,1,3,0,10,1,0,0
1919,6,20200926,5,21,H,2,3,0,18,5,4,0
1920,6,20200926,6,27,H,0,1,0,10,2,1,0
1921,6,20200926,10,11,H,1,2,0,8,1,3,0
1922,6,20200926,33,8,H,3,3,1,9,3,1,0
1923,6,20200927,20,17,H,2,5,0,16,5,1,0
1924,6,20200927,26,16,H,0,1,0,14,4,2,0
1925,6,20200927,31,23,H,1,1,1,23,12,1,0
1926,6,20200927,34,35,H,4,0,3,15,7,0,0
1927,6,20200928,12,3,H,0,3,0,16,3,6,0
1928,6,20200928,18,2,H,3,1,3,21,8,2,0
1929,6,20201003,8,10,H,4,0,3,17,6,2,0
1930,6,20201003,11,5,H,4,2,3,11,6,0,0
1931,6,20201003,16,20,H,1,1,1,12,7,2,0
1932,6,20201003,23,6,H,3,1,3,10,5,2,0
1933,6,20201004,2,26,H,2,1,3,6,5,0,0
1934,6,20201004,3,18,H,7,2,3,18,11,2,0
1935,6,20201004,17,34,H,0,3,0,4,0,2,0
1936,6,20201004,21,31,H,1,6,0,5,2,2,1
1937,6,20201004,27,33,H,2,0,3,13,7,2,0
1938,6,20201004,35,12,H,1,0,3,14,5,1,0
1939,6,20201017,8,27,H,3,3,1,11,5,1,0
1940,6,20201017,11,18,H,2,2,1,11,5,3,1
1941,6,20201017,20,2,H,1,0,3,13,5,4,0
1942,6,20201017,23,21,H,1,4,0,7,4,1,0
1943,6,20201018,10,5,H,1,1,1,1,1,3,0
1944,6,20201018,17,3,H,0,1,0,11,5,4,0
1945,6,20201018,26,12,H,1,1,1,10,6,0,0
1946,6,20201018,31,34,H,3,3,1,11,6,0,0
1947,6,20201019,16,35,H,0,1,0,13,2,2,0
1948,6,20201019,33,6,H,0,0,1,13,6,2,0
1949,6,20201023,3,16,H,0,3,0,12,4,2,0
1950,6,20201024,12,10,H,1,2,0,16,3,0,1
1951,6,20201024,18,26,H,2,1,3,17,5,0,0
1952,6,20201024,21,8,H,0,0,1,14,4,3,0
1953,6,20201024,34,20,H,1,1,1,6,2,2,0
1954,6,20201025,2,17,H,0,1,0,12,4,3,0
1955,6,20201025,27,11,H,2,0,3,12,6,1,0
1956,6,20201025,35,23,H,1,1,1,16,3,0,0
1957,6,20201026,5,33,H,1,1,1,5,3,2,0
1958,6,20201026,6,31,H,0,1,0,13,4,2,0
1959,6,20201030,35,10,H,2,0,3,15,5,0,0
1960,6,20201031,6,8,H,0,3,0,5,0,1,0
1961,6,20201031,18,34,H,2,1,3,9,5,0,0
1962,6,20201031,26,20,H,0,1,0,5,1,0,0
1963,6,20201101,3,27,H,3,4,0,19,10,1,0
1964,6,20201101,21,2,H,0,1,0,8,2,3,0
1965,6,20201101,23,11,H,2,1,3,11,4,2,0
1966,6,20201101,31,5,H,2,1,3,9,3,2,0
1967,6,20201102,12,33,H,2,0,3,13,6,3,0
1968,6,20201102,16,17,H,1,4,0,11,4,1,0
1969,6,20201106,5,6,H,0,0,1,19,3,1,0
1970,6,20201106,27,23,H,2,0,3,15,8,1,0
1971,6,20201107,8,26,H,4,1,3,20,9,0,0
1972,6,20201107,10,16,H,4,1,3,10,6,0,0
1973,6,20201107,11,21,H,1,3,0,7,1,4,0
1974,6,20201107,34,12,H,1,0,3,16,7,2,0
1975,6,20201108,2,3,H,0,3,0,13,2,0,0
1976,6,20201108,17,35,H,1,0,3,10,3,2,0
1977,6,20201108,20,18,H,1,1,1,7,2,3,0
1978,6,20201108,33,31,H,0,1,0,12,2,1,0
1979,6,20201121,3,5,H,1,2,0,15,4,2,0
1980,6,20201121,21,33,H,1,0,3,17,7,1,0
1981,6,20201121,23,8,H,0,2,0,8,1,2,0
1982,6,20201121,31,20,H,2,0,3,4,2,2,0
1983,6,20201122,12,11,H,2,3,0,14,6,2,0
1984,6,20201122,16,2,H,0,0,1,25,4,3,0
1985,6,20201122,18,17,H,3,0,3,24,13,0,0
1986,6,20201122,26,34,H,0,1,0,9,5,0,0
1987,6,20201123,6,10,H,1,0,3,10,4,2,0
1988,6,20201123,35,27,H,1,1,1,20,9,2,0
1989,6,20201127,10,23,H,0,2,0,12,3,2,0
1990,6,20201128,5,18,H,1,1,1,11,3,2,0
1991,6,20201128,11,16,H,0,1,0,15,8,1,0
1992,6,20201128,20,6,H,5,0,3,19,6,0,0
1993,6,20201128,33,26,H,1,0,3,17,6,2,0
1994,6,20201129,2,35,H,1,2,0,13,2,3,0
1995,6,20201129,8,31,H,0,0,1,13,3,4,0
1996,6,20201129,27,21,H,2,3,0,10,5,1,0
1997,6,20201130,17,12,H,1,2,0,16,3,0,0
1998,6,20201130,34,3,H,2,1,3,6,2,1,0
1999,6,20201205,6,11,H,1,1,1,8,3,0,0
2000,6,20201205,8,16,H,3,1,3,23,11,0,0
2001,6,20201205,20,12,H,2,0,3,16,6,0,0
2002,6,20201205,34,21,H,1,3,0,19,6,0,0
2003,6,20201206,18,35,H,4,0,3,11,6,1,0
2004,6,20201206,26,17,H,1,2,0,4,1,1,0
2005,6,20201206,31,2,H,2,0,3,6,3,1,0
2006,6,20201206,33,10,H,1,5,0,9,4,2,1
2007,6,20201207,5,27,H,1,2,0,12,4,3,0
2008,6,20201211,16,34,H,1,2,0,13,7,1,0
2009,6,20201212,11,8,H,1,0,3,9,4,2,0
2010,6,20201212,21,20,H,0,0,1,11,2,1,0
2011,6,20201212,23,33,H,2,1,3,12,7,2,0
2012,6,20201212,35,3,H,0,1,0,16,7,2,0
2013,6,20201213,2,6,H,0,1,0,18,6,2,1
2014,6,20201213,10,31,H,1,1,1,16,5,1,0
2015,6,20201213,12,18,H,1,1,1,10,5,3,0
2016,6,20201213,17,5,H,3,0,3,15,6,2,0
2017,6,20201213,27,26,H,3,0,3,16,6,0,0
2018,6,20201215,20,33,H,1,1,1,26,7,2,0
2019,6,20201215,35,8,H,2,1,3,12,4,2,0
2020,6,20201216,2,27,H,1,1,1,9,4,1,1
2021,6,20201216,12,5,H,0,0,1,9,4,1,0
2022,6,20201216,16,23,H,5,2,3,25,10,3,0
2023,6,20201216,17,11,H,0,2,0,14,2,2,0
2024,6,20201216,18,31,H,2,1,3,17,11,0,0
2025,6,20201216,34,10,H,1,1,1,9,2,0,0
2026,6,20201217,3,6,H,0,0,1,27,7,1,0
2027,6,20201217,26,21,H,2,3,0,12,6,3,0
2028,6,20201219,10,18,H,0,7,0,5,3,1,0
2029,6,20201219,11,2,H,2,1,3,9,2,1,0
2030,6,20201219,23,12,H,1,1,1,12,5,1,0
2031,6,20201219,27,20,H,0,1,0,9,3,2,0
2032,6,20201220,5,26,H,1,1,1,21,5,1,0
2033,6,20201220,21,16,H,6,2,3,26,14,1,0
2034,6,20201220,31,17,H,0,2,0,8,3,2,0
2035,6,20201220,33,3,H,0,3,0,1,1,1,1
2036,6,20201221,6,35,H,2,1,3,10,4,2,0
2037,6,20201221,8,34,H,3,0,3,11,7,0,0
2038,6,20201226,2,8,H,3,1,3,15,7,2,0
2039,6,20201226,3,10,H,3,0,3,21,10,1,1
2040,6,20201226,12,27,H,0,0,1,10,1,2,0
2041,6,20201226,17,21,H,2,2,1,10,2,2,0
2042,6,20201226,20,23,H,2,0,3,11,6,2,0
2043,6,20201226,26,11,H,0,1,0,10,2,2,0
2044,6,20201227,16,6,H,1,0,3,11,4,0,0
2045,6,20201227,18,33,H,1,1,1,17,2,0,0
2046,6,20201227,34,5,H,2,2,1,11,4,0,0
2047,6,20201227,35,31,H,1,1,1,11,6,4,0
2048,6,20201228,8,3,H,1,1,1,16,5,3,0
2049,6,20201228,10,17,H,1,1,1,4,1,0,0
2050,6,20201229,5,2,H,0,1,0,13,2,2,0
2051,6,20201229,6,26,H,1,0,3,5,3,1,0
2052,6,20201229,21,35,H,1,0,3,11,3,1,0
2053,6,20201229,27,34,H,0,0,1,8,3,3,0
2054,6,20201229,33,16,H,0,5,0,4,1,0,0
2055,6,20201230,23,18,H,0,0,1,8,2,2,0
2056,6,20210101,11,34,H,0,1,0,10,2,2,0
2057,6,20210101,21,3,H,2,1,3,19,9,4,0
2058,6,20210102,5,35,H,3,3,1,13,4,2,0
2059,6,20210102,10,26,H,2,0,3,9,4,1,0
2060,6,20210102,31,16,H,3,0,3,20,7,2,1
2061,6,20210102,33,2,H,0,4,0,7,3,1,0
2062,6,20210103,8,20,H,1,3,0,9,2,3,0
2063,6,20210103,23,17,H,1,2,0,8,2,0,0
2064,6,20210104,27,18,H,1,0,3,7,3,1,0
2065,6,20210112,6,21,H,0,1,0,11,0,1,0
2066,6,20210112,26,23,H,1,0,3,17,4,2,0
2067,6,20210112,35,11,H,1,2,0,12,3,2,0
2068,6,20210113,20,5,H,1,0,3,16,6,0,0
2069,6,20210113,31,12,H,1,1,1,15,6,1,0
2070,6,20210114,2,10,H,0,0,1,11,4,1,0
2071,6,20210116,12,8,H,0,1,0,10,3,2,1
2072,6,20210116,16,5,H,0,1,0,7,2,1,0
2073,6,20210116,17,27,H,2,0,3,16,5,2,0
2074,6,20210116,34,6,H,1,0,3,15,4,2,0
2075,6,20210116,35,33,H,2,3,0,23,6,2,0
2076,6,20210117,18,21,H,0,0,1,17,3,2,0
2077,6,20210117,20,10,H,4,0,3,13,6,0,0
2078,6,20210117,26,31,H,1,3,0,15,5,4,0
2079,6,20210118,2,23,H,3,0,3,20,6,0,0
2080,6,20210119,17,8,H,2,0,3,8,6,1,0
2081,6,20210119,34,33,H,2,1,3,14,6,0,0
2082,6,20210120,12,21,H,1,2,0,12,5,3,0
2083,6,20210120,20,3,H,2,0,3,28,9,0,0
2084,6,20210121,18,6,H,0,1,0,27,6,2,0
2085,6,20210123,3,23,H,2,0,3,14,5,0,0
2086,6,20210126,10,34,H,2,3,0,6,3,0,0
2087,6,20210126,23,16,H,1,2,0,22,5,1,0
2088,6,20210126,27,2,H,1,3,0,13,5,1,0
2089,6,20210126,33,20,H,0,5,0,4,1,2,0
2090,6,20210127,5,12,H,0,0,1,16,5,2,0
2091,6,20210127,6,3,H,3,2,3,10,5,1,0
2092,6,20210127,8,35,H,0,0,1,14,5,1,0
2093,6,20210127,11,17,H,1,1,1,8,2,1,0
2094,6,20210127,21,26,H,1,2,0,16,4,1,0
2095,6,20210128,31,18,H,1,3,0,3,2,1,0
2096,6,20210130,2,21,H,0,0,1,17,3,1,0
2097,6,20210130,10,35,H,1,0,3,11,2,1,0
2098,6,20210130,11,23,H,0,2,0,11,3,3,0
2099,6,20210130,20,26,H,1,0,3,10,5,0,0
2100,6,20210130,27,3,H,0,1,0,20,5,1,0
2101,6,20210130,33,12,H,2,2,1,5,3,1,0
2102,6,20210131,5,31,H,1,0,3,16,5,2,0
2103,6,20210131,8,6,H,2,0,3,19,8,0,0
2104,6,20210131,17,16,H,1,3,0,18,8,0,0
2105,6,20210131,34,18,H,1,3,0,8,2,2,0
2106,6,20210202,21,27,H,9,0,3,24,14,2,0
2107,6,20210202,23,10,H,1,2,0,21,5,1,0
2108,6,20210202,26,33,H,2,1,3,14,6,2,0
2109,6,20210202,35,2,H,2,1,3,11,7,3,0
2110,6,20210203,3,34,H,1,3,0,9,2,1,0
2111,6,20210203,6,20,H,0,2,0,2,0,2,0
2112,6,20210203,12,17,H,0,2,0,8,1,3,0
2113,6,20210203,16,11,H,1,2,0,16,7,2,0
2114,6,20210203,18,5,H,0,1,0,11,1,1,0
2115,6,20210204,31,8,H,0,1,0,7,2,2,0
2116,6,20210206,3,2,H,1,0,3,12,8,3,0
2117,6,20210206,6,5,H,1,1,1,20,7,2,0
2118,6,20210206,12,34,H,0,0,1,20,2,1,0
2119,6,20210206,21,11,H,3,3,1,14,5,2,0
2120,6,20210206,23,27,H,3,2,3,6,4,2,1
2121,6,20210207,18,20,H,1,4,0,8,3,2,0
2122,6,20210207,26,8,H,1,2,0,8,3,1,0
2123,6,20210207,31,33,H,2,0,3,13,6,1,0
2124,6,20210207,35,17,H,0,0,1,13,1,1,0
2125,6,20210208,16,10,H,2,0,3,17,7,0,0
2126,6,20210213,5,3,H,0,0,1,26,9,2,0
2127,6,20210213,10,6,H,0,3,0,13,3,0,0
2128,6,20210213,17,18,H,3,1,3,11,6,1,0
2129,6,20210213,20,31,H,3,0,3,15,6,1,0
2130,6,20210214,2,16,H,4,2,3,13,5,0,0
2131,6,20210214,11,12,H,0,2,0,7,2,1,0
2132,6,20210214,27,35,H,1,2,0,7,3,2,0
2133,6,20210214,33,21,H,1,1,1,7,3,5,0
2134,6,20210215,8,23,H,2,0,3,18,5,0,0
2135,6,20210215,34,26,H,3,0,3,13,9,0,0
2136,6,20210217,6,12,H,1,1,1,8,3,1,0
2137,6,20210217,11,20,H,1,3,0,3,2,2,0
2138,6,20210219,35,16,H,1,0,3,15,5,1,0
2139,6,20210220,6,33,H,0,0,1,6,1,3,0
2140,6,20210220,12,26,H,1,0,3,15,7,1,0
2141,6,20210220,18,11,H,0,2,0,15,6,2,0
2142,6,20210220,27,8,H,1,1,1,4,1,1,0
2143,6,20210221,2,20,H,0,1,0,7,1,2,0
2144,6,20210221,3,17,H,1,2,0,11,2,2,0
2145,6,20210221,21,23,H,3,1,3,15,7,1,0
2146,6,20210221,34,31,H,2,1,3,4,4,4,0
2147,6,20210222,5,10,H,1,2,0,25,5,2,0
2148,6,20210223,16,27,H,3,0,3,11,7,1,0
2149,6,20210227,16,3,H,0,1,0,13,3,3,0
2150,6,20210227,20,34,H,2,1,3,10,3,1,0
2151,6,20210227,23,35,H,1,1,1,19,7,2,0
2152,6,20210227,33,5,H,1,0,3,6,2,0,0
2153,6,20210228,8,21,H,0,0,1,18,6,1,0
2154,6,20210228,10,12,H,0,0,1,3,0,1,0
2155,6,20210228,17,2,H,1,3,0,8,3,2,0
2156,6,20210228,26,18,H,0,2,0,8,2,0,0
2157,6,20210228,31,6,H,4,0,3,16,7,0,0
2158,6,20210301,11,27,H,1,0,3,7,1,0,0
2159,6,20210302,20,35,H,4,1,3,22,10,0,0
2160,6,20210303,6,17,H,1,1,1,12,7,0,0
2161,6,20210303,10,21,H,0,0,1,8,2,1,0
2162,6,20210303,26,3,H,1,0,3,9,2,1,1
2163,6,20210304,12,31,H,0,1,0,11,3,2,0
2164,6,20210304,18,8,H,0,1,0,7,1,0,0
2165,6,20210304,33,11,H,0,1,0,11,3,3,0
2166,6,20210306,3,35,H,0,0,1,9,1,1,0
2167,6,20210306,5,17,H,1,2,0,7,2,0,0
2168,6,20210306,6,2,H,1,1,1,9,5,1,0
2169,6,20210306,26,27,H,0,2,0,8,2,4,0
2170,6,20210307,18,12,H,0,1,0,16,3,2,0
2171,6,20210307,20,21,H,0,2,0,23,6,0,0
2172,6,20210307,31,10,H,4,1,3,12,5,2,0
2173,6,20210307,33,23,H,0,0,1,13,3,0,0
2174,6,20210308,8,11,H,2,0,3,19,9,0,0
2175,6,20210308,34,16,H,2,0,3,16,5,1,0
2176,6,20210310,20,27,H,5,2,3,17,10,1,0
2177,6,20210312,23,3,H,1,1,1,12,3,2,0
2178,6,20210313,10,33,H,1,0,3,6,4,3,0
2179,6,20210313,11,6,H,1,2,0,14,4,0,0
2180,6,20210313,12,20,H,0,3,0,3,0,0,0
2181,6,20210313,16,8,H,0,0,1,7,4,3,0
2182,6,20210314,2,31,H,2,1,3,13,3,1,0
2183,6,20210314,17,26,H,5,0,3,19,10,0,0
2184,6,20210314,21,34,H,1,0,3,15,4,4,0
2185,6,20210314,27,5,H,1,2,0,9,4,0,0
2186,6,20210315,35,18,H,0,1,0,10,5,2,0
2187,6,20210319,12,16,H,1,2,0,13,6,2,0
2188,6,20210320,5,23,H,3,0,3,11,6,0,0
2189,6,20210321,3,31,H,0,2,0,8,1,3,0
2190,6,20210321,34,2,H,3,3,1,15,5,3,0
2191,6,20210403,2,18,H,0,3,0,3,2,1,0
2192,6,20210403,8,33,H,2,5,0,18,8,1,1
2193,6,20210403,16,26,H,2,1,3,23,8,1,0
2194,6,20210403,17,20,H,0,2,0,5,2,2,0
2195,6,20210404,3,12,H,3,1,3,14,4,1,0
2196,6,20210404,21,5,H,2,1,3,15,7,2,0
2197,6,20210404,23,31,H,2,2,1,22,6,3,0
2198,6,20210404,27,6,H,3,2,3,24,9,0,0
2199,6,20210405,11,10,H,1,1,1,15,7,2,0
2200,6,20210405,35,34,H,2,3,0,20,5,1,0
2201,6,20210409,12,35,H,0,1,0,14,3,0,0
2202,6,20210410,10,8,H,1,4,0,1,1,1,0
2203,6,20210410,18,3,H,2,1,3,23,10,2,0
2204,6,20210410,20,16,H,1,2,0,29,7,3,0
2205,6,20210411,6,23,H,1,2,0,24,4,1,0
2206,6,20210411,26,2,H,0,3,0,7,2,1,0
2207,6,20210411,31,21,H,1,3,0,12,3,1,0
2208,6,20210411,34,17,H,3,2,3,4,4,3,0
2209,6,20210412,5,11,H,0,0,1,23,3,1,0
2210,6,20210412,33,27,H,3,0,3,15,6,0,0
2211,6,20210416,11,31,H,2,2,1,18,7,1,0
2212,6,20210417,23,34,H,3,2,3,16,8,2,0
2213,6,20210417,35,26,H,1,0,3,10,5,1,0
2214,6,20210418,2,12,H,1,1,1,18,5,0,0
2215,6,20210418,21,6,H,3,1,3,17,9,1,0
2216,6,20210419,16,18,H,1,1,1,12,5,2,0
2217,6,20210420,8,5,H,0,0,1,7,4,2,0
2218,6,20210421,3,20,H,1,2,0,8,3,0,1
2219,6,20210421,31,27,H,2,1,3,12,3,2,0
2220,6,20210422,17,33,H,3,0,3,17,7,0,0
2221,6,20210423,2,11,H,0,1,0,14,3,1,0
2222,6,20210424,18,23,H,1,1,1,22,9,2,0
2223,6,20210424,26,5,H,1,0,3,7,3,3,0
2224,6,20210424,34,8,H,0,1,0,9,2,0,1
2225,6,20210425,3,33,H,2,2,1,24,11,0,0
2226,6,20210425,16,21,H,0,0,1,6,3,4,0
2227,6,20210425,35,6,H,0,4,0,12,2,1,0
2228,6,20210426,17,10,H,2,1,3,13,5,0,0
2229,6,20210430,27,17,H,1,1,1,5,3,1,1
2230,6,20210501,5,16,H,2,0,3,17,5,1,0
2231,6,20210501,8,12,H,2,0,3,9,5,1,0
2232,6,20210501,10,20,H,0,2,0,9,4,2,0
2233,6,20210501,11,3,H,1,2,0,16,3,0,0
2234,6,20210502,23,2,H,0,2,0,5,1,2,1
2235,6,20210502,31,26,H,4,0,3,20,11,1,0
2236,6,20210503,6,34,H,1,2,0,8,3,2,0
2237,6,20210503,33,35,H,1,1,1,10,4,2,0
2238,6,20210507,17,23,H,2,4,0,25,9,1,0
2239,6,20210508,16,31,H,3,1,3,16,7,1,0
2240,6,20210508,18,27,H,2,0,3,14,6,0,0
2241,6,20210508,20,8,H,1,2,0,16,4,2,0
2242,6,20210508,26,10,H,0,2,0,7,0,1,0
2243,6,20210509,2,33,H,3,1,3,15,7,1,0
2244,6,20210509,3,21,H,1,3,0,11,5,1,1
2245,6,20210509,34,11,H,0,1,0,11,0,2,0
2246,6,20210509,35,5,H,2,1,3,16,6,2,0
2247,6,20210510,12,6,H,0,2,0,21,3,2,0
2248,6,20210511,21,17,H,1,2,0,4,1,0,0
2249,6,20210511,27,10,H,3,1,3,13,6,2,0
2250,6,20210512,8,2,H,0,1,0,19,5,0,0
2251,6,20210513,3,11,H,0,0,1,13,2,2,0
2252,6,20210513,21,18,H,2,4,0,18,3,3,0
2253,6,20210514,23,20,H,3,4,0,11,5,2,0
2254,6,20210515,5,34,H,1,1,1,10,2,1,0
2255,6,20210515,6,16,H,0,4,0,16,4,1,0
2256,6,20210515,27,12,H,3,1,3,11,7,0,0
2257,6,20210516,10,3,H,3,2,3,23,8,3,0
2258,6,20210516,11,26,H,0,1,0,16,6,1,0
2259,6,20210516,31,35,H,2,0,3,24,13,1,0
2260,6,20210516,33,18,H,1,2,0,10,3,0,0
2261,6,20210518,5,20,H,3,2,3,19,6,3,0
2262,6,20210518,8,17,H,2,1,3,17,6,2,0
2263,6,20210518,21,12,H,1,1,1,13,6,2,0
2264,6,20210518,27,16,H,0,2,0,18,3,0,0
2265,6,20210519,6,18,H,0,3,0,10,4,0,0
2266,6,20210519,10,2,H,1,3,0,12,6,2,0
2267,6,20210519,11,35,H,1,0,3,14,4,0,0
2268,6,20210519,23,26,H,1,0,3,16,5,0,0
2269,6,20210519,31,3,H,1,2,0,10,4,1,0
2270,6,20210519,33,34,H,1,3,0,14,4,2,0
2271,6,20210523,2,5,H,2,0,3,16,5,0,0
2272,6,20210523,3,8,H,2,1,3,6,3,3,0
2273,6,20210523,12,23,H,0,2,0,14,0,1,0
2274,6,20210523,16,33,H,3,1,3,17,9,2,0
2275,6,20210523,17,31,H,2,4,0,10,6,0,0
2276,6,20210523,18,10,H,2,0,3,19,5,2,0
2277,6,20210523,20,11,H,5,0,3,21,11,2,0
2278,6,20210523,26,6,H,1,0,3,12,3,3,0
2279,6,20210523,34,27,H,3,0,3,14,7,0,0
2280,6,20210523,35,21,H,1,2,0,14,4,4,0
2281,7,20210813,4,2,H,2,0,3,8,3,0,0
2282,7,20210814,6,5,H,1,2,0,14,3,2,0
2283,7,20210814,8,10,H,3,0,3,13,6,0,0
2284,7,20210814,11,27,H,3,1,3,14,6,2,0
2285,7,20210814,17,35,H,1,0,3,9,5,1,0
2286,7,20210814,21,16,H,5,1,3,16,8,1,0
2287,7,20210814,24,18,H,0,3,0,14,3,1,0
2288,7,20210814,32,3,H,3,2,3,13,7,3,0
2289,7,20210815,23,34,H,2,4,0,17,3,1,0
2290,7,20210815,31,20,H,1,0,3,13,3,2,0
2291,7,20210821,3,23,H,2,0,3,10,2,3,0
2292,7,20210821,5,32,H,2,0,3,13,3,4,0
2293,7,20210821,10,4,H,0,0,1,7,2,3,0
2294,7,20210821,16,11,H,2,2,1,17,4,2,0
2295,7,20210821,18,6,H,2,0,3,27,9,0,0
2296,7,20210821,20,24,H,5,0,3,16,4,1,0
2297,7,20210822,2,8,H,0,2,0,6,3,3,0
2298,7,20210822,27,21,H,1,1,1,8,3,2,0
2299,7,20210822,35,31,H,0,1,0,25,6,1,0
2300,7,20210823,34,17,H,4,1,3,13,7,0,0
2301,7,20210828,3,4,H,1,1,1,7,5,3,0
2302,7,20210828,5,11,H,0,2,0,14,3,1,0
2303,7,20210828,18,8,H,1,1,1,24,7,0,0
2304,7,20210828,20,2,H,5,0,3,25,10,1,0
2305,7,20210828,23,27,H,2,2,1,10,5,3,0
2306,7,20210828,24,17,H,1,2,0,14,4,2,0
2307,7,20210828,34,10,H,2,2,1,14,4,1,0
2308,7,20210829,6,16,H,1,1,1,12,3,4,0
2309,7,20210829,31,32,H,1,0,3,15,8,3,0
2310,7,20210829,35,21,H,0,1,0,15,6,3,0
2311,7,20210911,2,24,H,1,0,3,30,7,1,0
2312,7,20210911,4,5,H,0,1,0,7,1,3,0
2313,7,20210911,8,3,H,3,0,3,12,4,1,0
2314,7,20210911,10,31,H,3,0,3,18,4,2,0
2315,7,20210911,17,20,H,0,1,0,6,1,1,0
2316,7,20210911,21,23,H,4,1,3,21,7,1,0
2317,7,20210911,27,34,H,0,0,1,11,3,3,0
2318,7,20210911,32,35,H,0,2,0,6,2,3,0
2319,7,20210912,16,18,H,0,3,0,9,4,2,1
2320,7,20210913,11,6,H,3,1,3,14,6,1,0
2321,7,20210917,23,16,H,1,1,1,17,7,2,0
2322,7,20210918,3,11,H,3,0,3,15,3,1,0
2323,7,20210918,6,2,H,0,1,0,18,3,2,0
2324,7,20210918,18,10,H,3,0,3,25,10,3,0
2325,7,20210918,20,27,H,0,0,1,18,1,0,0
2326,7,20210918,24,32,H,1,3,0,12,5,1,0
2327,7,20210918,35,4,H,0,2,0,11,0,4,0
2328,7,20210919,5,17,H,2,1,3,12,5,2,0
2329,7,20210919,31,8,H,0,3,0,8,2,0,0
2330,7,20210919,34,21,H,1,2,0,13,4,0,0
2331,7,20210925,4,18,H,3,3,1,12,4,1,0
2332,7,20210925,8,20,H,0,1,0,5,0,3,0
2333,7,20210925,11,24,H,2,0,3,11,4,2,0
2334,7,20210925,16,34,H,1,2,0,15,5,3,0
2335,7,20210925,17,6,H,2,2,1,22,5,2,0
2336,7,20210925,21,3,H,0,1,0,28,4,2,0
2337,7,20210925,32,23,H,1,1,1,15,4,4,0
2338,7,20210926,2,31,H,3,1,3,12,7,2,0
2339,7,20210926,27,35,H,0,1,0,18,6,0,0
2340,7,20210927,10,5,H,1,1,1,8,3,2,0
2341,7,20211002,5,2,H,0,0,1,21,2,2,0
2342,7,20211002,6,24,H,0,0,1,14,4,5,0
2343,7,20211002,8,27,H,3,1,3,20,9,1,0
2344,7,20211002,16,32,H,1,0,3,20,4,0,0
2345,7,20211002,21,11,H,1,1,1,13,6,1,0
2346,7,20211002,35,23,H,2,1,3,7,3,0,0
2347,7,20211003,10,17,H,2,2,1,18,4,2,0
2348,7,20211003,18,20,H,2,2,1,6,4,3,0
2349,7,20211003,31,3,H,2,1,3,17,8,2,0
2350,7,20211003,34,4,H,1,2,0,18,5,2,0
2351,7,20211016,3,35,H,2,3,0,14,5,2,0
2352,7,20211016,4,8,H,0,1,0,17,7,1,0
2353,7,20211016,17,21,H,4,2,3,22,11,0,0
2354,7,20211016,20,6,H,2,0,3,15,6,1,0
2355,7,20211016,24,5,H,0,0,1,15,3,3,0
2356,7,20211016,27,16,H,1,0,3,19,5,2,0
2357,7,20211016,32,18,H,0,5,0,6,2,0,0
2358,7,20211017,11,34,H,0,1,0,15,2,0,0
2359,7,20211017,23,31,H,2,3,0,7,1,4,1
2360,7,20211018,2,10,H,2,2,1,17,6,1,0
2361,7,20211022,2,3,H,3,1,3,22,9,2,0
2362,7,20211023,5,20,H,1,4,0,10,5,2,0
2363,7,20211023,8,24,H,7,0,3,23,13,0,0
2364,7,20211023,10,23,H,1,1,1,15,3,3,0
2365,7,20211023,11,32,H,2,5,0,15,4,4,0
2366,7,20211023,16,35,H,1,1,1,18,4,2,0
2367,7,20211023,27,6,H,2,2,1,16,4,1,0
2368,7,20211024,4,17,H,1,2,0,15,5,1,0
2369,7,20211024,21,18,H,0,5,0,12,4,6,1
2370,7,20211024,34,31,H,1,0,3,13,4,2,0
2371,7,20211030,6,4,H,3,1,3,15,6,1,0
2372,7,20211030,17,2,H,0,2,0,16,8,2,0
2373,7,20211030,18,5,H,2,2,1,14,3,2,0
2374,7,20211030,20,10,H,0,2,0,14,3,2,1
2375,7,20211030,23,8,H,0,3,0,6,1,3,0
2376,7,20211030,31,21,H,0,3,0,9,0,2,0
2377,7,20211030,32,27,H,0,1,0,10,4,2,0
2378,7,20211031,3,34,H,1,4,0,9,3,1,1
2379,7,20211031,24,16,H,1,2,0,14,3,1,0
2380,7,20211101,35,11,H,2,1,3,10,4,1,0
2381,7,20211105,27,3,H,1,0,3,9,3,2,0
2382,7,20211106,4,24,H,1,2,0,19,7,2,0
2383,7,20211106,5,23,H,1,1,1,14,5,3,1
2384,7,20211106,8,6,H,1,1,1,25,4,1,0
2385,7,20211106,10,35,H,2,0,3,13,6,2,0
2386,7,20211106,21,20,H,0,2,0,5,1,1,0
2387,7,20211107,2,32,H,1,0,3,14,6,4,0
2388,7,20211107,11,31,H,0,0,1,12,2,2,1
2389,7,20211107,16,17,H,1,1,1,18,5,1,0
2390,7,20211107,34,18,H,3,2,3,7,3,1,0
2391,7,20211120,3,5,H,2,0,3,9,5,3,0
2392,7,20211120,6,10,H,3,3,1,15,9,2,0
2393,7,20211120,17,8,H,0,3,0,4,3,3,0
2394,7,20211120,18,2,H,4,0,3,19,9,2,0
2395,7,20211120,23,4,H,3,3,1,23,9,2,0
2396,7,20211120,24,27,H,2,1,3,8,4,3,0
2397,7,20211120,32,21,H,4,1,3,20,7,2,0
2398,7,20211120,35,34,H,1,0,3,15,5,1,0
2399,7,20211121,20,11,H,3,0,3,17,7,1,0
2400,7,20211121,31,16,H,2,1,3,13,4,1,0
2401,7,20211127,2,23,H,2,0,3,24,6,1,0
2402,7,20211127,5,16,H,0,0,1,20,4,1,0
2403,7,20211127,10,3,H,1,2,0,8,3,3,0
2404,7,20211127,18,27,H,4,0,3,20,6,0,0
2405,7,20211127,24,35,H,0,0,1,14,4,2,0
2406,7,20211128,4,11,H,1,0,3,6,4,4,0
2407,7,20211128,8,21,H,1,1,1,24,6,2,0
2408,7,20211128,17,32,H,4,2,3,18,8,0,0
2409,7,20211128,20,34,H,2,1,3,19,9,2,0
2410,7,20211130,16,10,H,1,0,3,15,3,5,0
2411,7,20211130,23,24,H,1,1,1,9,1,0,0
2412,7,20211201,3,20,H,1,2,0,9,3,0,0
2413,7,20211201,11,18,H,1,4,0,8,2,4,0
2414,7,20211201,27,17,H,2,2,1,15,7,1,0
2415,7,20211201,32,8,H,1,2,0,13,6,4,0
2416,7,20211201,34,5,H,1,1,1,14,6,1,0
2417,7,20211201,35,6,H,0,0,1,16,2,2,0
2418,7,20211202,21,2,H,3,2,3,14,10,1,0
2419,7,20211202,31,4,H,2,0,3,11,6,0,0
2420,7,20211204,23,6,H,1,0,3,19,4,1,0
2421,7,20211204,27,5,H,1,1,1,14,4,4,0
2422,7,20211204,32,20,H,1,3,0,11,4,3,0
2423,7,20211204,34,8,H,3,2,3,11,5,1,0
2424,7,20211204,35,18,H,0,1,0,3,1,2,0
2425,7,20211205,3,17,H,2,1,3,13,4,1,0
2426,7,20211205,16,4,H,2,2,1,13,6,5,0
2427,7,20211205,21,10,H,1,0,3,16,3,2,0
2428,7,20211205,31,24,H,3,0,3,17,7,1,0
2429,7,20211206,11,2,H,2,1,3,11,5,2,0
2430,7,20211210,4,32,H,2,1,3,14,5,4,0
2431,7,20211211,2,27,H,3,0,3,15,5,2,0
2432,7,20211211,8,16,H,3,2,3,16,6,2,0
2433,7,20211211,18,3,H,1,0,3,20,5,1,0
2434,7,20211211,20,35,H,1,0,3,24,10,3,0
2435,7,20211211,24,21,H,0,1,0,11,5,1,0
2436,7,20211212,6,34,H,0,0,1,9,1,2,0
2437,7,20211212,10,11,H,3,1,3,17,6,0,0
2438,7,20211212,17,23,H,4,0,3,8,5,2,0
2439,7,20211214,20,16,H,7,0,3,31,15,1,0
2440,7,20211214,24,3,H,0,2,0,7,3,3,0
2441,7,20211215,2,34,H,2,0,3,21,8,2,0
2442,7,20211215,5,35,H,0,1,0,12,2,2,0
2443,7,20211215,10,27,H,2,2,1,9,6,2,0
2444,7,20211216,8,11,H,1,1,1,23,10,2,0
2445,7,20211216,18,23,H,3,1,3,23,8,1,0
2446,7,20211218,16,2,H,1,4,0,9,2,3,0
2447,7,20211219,23,20,H,0,4,0,5,1,1,0
2448,7,20211219,31,18,H,2,2,1,10,5,4,0
2449,7,20211219,35,8,H,0,0,1,4,1,0,0
2450,7,20211226,3,8,H,1,3,0,8,1,3,0
2451,7,20211226,5,4,H,2,0,3,15,5,1,0
2452,7,20211226,20,17,H,6,3,3,17,9,1,0
2453,7,20211226,24,2,H,0,5,0,4,2,1,0
2454,7,20211226,31,10,H,3,0,3,17,6,1,0
2455,7,20211226,34,27,H,2,3,0,11,5,2,0
2456,7,20211227,23,21,H,1,1,1,13,8,3,0
2457,7,20211228,10,24,H,3,0,3,19,6,1,0
2458,7,20211228,17,18,H,1,0,3,6,1,0,0
2459,7,20211228,27,31,H,1,1,1,9,2,2,1
2460,7,20211228,32,34,H,1,4,0,14,5,0,0
2461,7,20211229,4,20,H,0,1,0,6,2,0,0
2462,7,20211229,8,5,H,1,1,1,11,5,4,0
2463,7,20211230,21,6,H,3,1,3,18,6,0,0
2464,7,20220101,2,20,H,1,2,0,7,2,3,1
2465,7,20220101,10,34,H,2,3,0,22,6,0,0
2466,7,20220101,32,31,H,0,1,0,6,4,0,0
2467,7,20220102,4,3,H,2,1,3,10,4,2,0
2468,7,20220102,8,18,H,2,2,1,15,6,1,0
2469,7,20220102,11,5,H,2,3,0,17,6,1,0
2470,7,20220102,16,6,H,3,1,3,22,7,2,0
2471,7,20220103,21,35,H,0,1,0,9,2,3,0
2472,7,20220111,27,4,H,4,1,3,12,6,0,0
2473,7,20220112,34,24,H,2,0,3,13,5,0,0
2474,7,20220114,5,10,H,1,1,1,19,4,0,0
2475,7,20220115,3,21,H,2,2,1,13,9,1,0
2476,7,20220115,20,8,H,1,0,3,11,6,0,0
2477,7,20220115,23,32,H,1,1,1,12,1,3,0
2478,7,20220115,24,11,H,2,1,3,14,3,3,0
2479,7,20220115,35,27,H,3,1,3,9,5,2,0
2480,7,20220116,18,4,H,3,0,3,27,13,0,0
2481,7,20220116,34,16,H,2,3,0,15,5,3,0
2482,7,20220118,5,8,H,1,1,1,10,2,1,0
2483,7,20220119,4,21,H,1,3,0,18,8,0,0
2484,7,20220119,17,31,H,2,3,0,14,4,1,0
2485,7,20220121,32,24,H,0,3,0,15,4,0,1
2486,7,20220122,4,35,H,1,2,0,11,1,2,0
2487,7,20220122,11,3,H,0,1,0,15,1,5,0
2488,7,20220122,16,23,H,0,1,0,13,4,4,0
2489,7,20220122,21,34,H,1,0,3,18,3,1,0
2490,7,20220122,27,20,H,1,1,1,7,3,3,0
2491,7,20220123,2,6,H,0,0,1,20,5,0,0
2492,7,20220123,8,31,H,2,0,3,15,7,2,0
2493,7,20220123,10,18,H,1,3,0,8,5,4,0
2494,7,20220123,17,5,H,1,1,1,15,5,0,0
2495,7,20220205,6,32,H,0,0,1,13,2,1,0
2496,7,20220208,6,21,H,1,1,1,9,3,2,0
2497,7,20220208,23,11,H,3,1,3,20,9,2,0
2498,7,20220208,34,32,H,1,0,3,9,3,1,0
2499,7,20220209,3,16,H,3,3,1,12,4,1,1
2500,7,20220209,20,4,H,2,0,3,15,7,0,0
2501,7,20220209,24,10,H,1,1,1,5,1,1,0
2502,7,20220209,31,27,H,2,3,0,8,3,2,0
2503,7,20220210,18,17,H,2,0,3,22,11,1,0
2504,7,20220210,35,2,H,0,1,0,15,4,2,0
2505,7,20220212,4,10,H,0,0,1,9,2,1,0
2506,7,20220212,11,16,H,3,0,3,21,10,1,0
2507,7,20220212,21,27,H,1,1,1,12,8,4,0
2508,7,20220212,24,20,H,0,4,0,8,3,0,0
2509,7,20220212,32,5,H,0,2,0,9,1,3,0
2510,7,20220213,6,18,H,0,1,0,8,5,0,0
2511,7,20220213,17,34,H,2,2,1,13,2,1,0
2512,7,20220213,23,3,H,1,0,3,10,2,3,0
2513,7,20220213,31,35,H,0,2,0,17,7,3,0
2514,7,20220215,21,5,H,2,0,3,19,7,3,0
2515,7,20220219,2,4,H,2,1,3,24,8,1,0
2516,7,20220219,3,32,H,0,1,0,20,1,1,0
2517,7,20220219,5,6,H,0,3,0,11,1,1,0
2518,7,20220219,10,8,H,0,1,0,7,0,1,0
2519,7,20220219,18,24,H,3,1,3,29,8,0,0
2520,7,20220219,20,31,H,2,3,0,21,4,0,0
2521,7,20220219,27,11,H,2,0,3,19,11,0,0
2522,7,20220219,34,23,H,1,1,1,11,3,3,0
2523,7,20220220,16,21,H,2,4,0,16,6,6,0
2524,7,20220220,35,17,H,2,1,3,11,3,4,0
2525,7,20220223,6,31,H,1,0,3,15,4,0,0
2526,7,20220223,18,16,H,6,0,3,23,15,0,0
2527,7,20220223,32,10,H,1,4,0,8,1,2,0
2528,7,20220224,2,35,H,2,1,3,26,5,1,0
2529,7,20220225,27,24,H,2,0,3,27,9,1,0
2530,7,20220226,4,23,H,0,2,0,6,1,3,1
2531,7,20220226,5,3,H,0,2,0,12,1,4,0
2532,7,20220226,10,6,H,1,1,1,11,4,0,0
2533,7,20220226,11,20,H,0,1,0,6,2,3,0
2534,7,20220226,16,31,H,0,4,0,19,3,4,0
2535,7,20220226,21,32,H,0,0,1,22,3,0,0
2536,7,20220227,34,35,H,1,0,3,13,4,1,0
2537,7,20220301,6,17,H,0,2,0,9,2,1,0
2538,7,20220305,3,27,H,4,0,3,14,9,1,0
2539,7,20220305,6,8,H,0,4,0,6,1,2,0
2540,7,20220305,17,16,H,1,0,3,7,4,1,0
2541,7,20220305,18,34,H,1,0,3,22,5,2,0
2542,7,20220305,23,5,H,2,1,3,10,4,1,0
2543,7,20220305,24,4,H,1,3,0,15,7,2,0
2544,7,20220305,35,10,H,0,2,0,12,5,0,0
2545,7,20220306,20,21,H,4,1,3,24,10,0,0
2546,7,20220306,32,2,H,2,3,0,13,7,1,0
2547,7,20220307,31,11,H,5,0,3,14,7,2,0
2548,7,20220310,16,3,H,0,3,0,4,1,5,0
2549,7,20220310,24,8,H,1,3,0,9,3,0,0
2550,7,20220310,27,23,H,1,2,0,14,5,1,0
2551,7,20220310,35,32,H,4,0,3,10,5,2,0
2552,7,20220312,4,6,H,2,0,3,13,4,1,0
2553,7,20220312,5,18,H,0,2,0,8,3,3,0
2554,7,20220312,21,31,H,3,2,3,10,6,2,0
2555,7,20220313,2,17,H,2,0,3,21,8,0,0
2556,7,20220313,8,23,H,1,0,3,8,3,4,0
2557,7,20220313,11,35,H,0,1,0,8,2,2,1
2558,7,20220313,16,24,H,2,1,3,13,7,3,0
2559,7,20220313,27,32,H,1,2,0,13,7,3,0
2560,7,20220313,34,3,H,2,1,3,11,4,1,0
2561,7,20220314,10,20,H,0,0,1,7,1,3,0
2562,7,20220316,2,18,H,0,2,0,9,2,0,0
2563,7,20220316,5,31,H,0,2,0,15,0,2,0
2564,7,20220317,11,23,H,1,0,3,9,3,2,1
2565,7,20220318,35,16,H,2,3,0,14,8,1,1
2566,7,20220319,3,2,H,0,1,0,8,1,3,0
2567,7,20220320,17,4,H,2,1,3,12,4,1,0
2568,7,20220320,31,34,H,3,1,3,17,4,0,0
2569,7,20220402,5,24,H,0,0,1,31,4,1,0
2570,7,20220402,6,20,H,0,2,0,3,1,1,0
2571,7,20220402,8,4,H,1,4,0,21,8,0,0
2572,7,20220402,16,27,H,1,1,1,12,3,1,0
2573,7,20220402,18,32,H,2,0,3,20,3,1,0
2574,7,20220402,21,17,H,1,1,1,11,5,2,0
2575,7,20220402,35,3,H,2,1,3,11,5,4,0
2576,7,20220403,31,23,H,5,1,3,19,6,2,0
2577,7,20220403,34,11,H,2,1,3,11,5,1,0
2578,7,20220404,10,2,H,3,0,3,6,5,0,0
2579,7,20220406,6,11,H,3,2,3,13,4,2,0
2580,7,20220408,23,35,H,1,0,3,12,4,1,0
2581,7,20220409,2,5,H,1,2,0,20,4,3,0
2582,7,20220409,3,31,H,0,4,0,9,8,2,0
2583,7,20220409,11,21,H,1,0,3,7,3,2,0
2584,7,20220409,27,8,H,0,6,0,4,1,1,0
2585,7,20220409,32,16,H,0,3,0,8,1,2,0
2586,7,20220410,4,34,H,2,0,3,15,7,0,0
2587,7,20220410,17,10,H,2,1,3,12,3,1,0
2588,7,20220410,20,18,H,2,2,1,11,5,1,0
2589,7,20220410,24,6,H,2,0,3,17,6,1,0
2590,7,20220416,21,24,H,3,2,3,20,9,0,0
2591,7,20220416,27,2,H,1,0,3,9,3,2,0
2592,7,20220416,31,5,H,0,1,0,5,0,3,0
2593,7,20220416,32,4,H,1,2,0,17,4,2,0
2594,7,20220417,23,17,H,2,1,3,16,7,2,0
2595,7,20220417,34,6,H,1,1,1,21,8,2,0
2596,7,20220419,18,21,H,4,0,3,14,5,1,0
2597,7,20220420,8,2,H,2,4,0,11,2,3,0
2598,7,20220420,11,17,H,1,1,1,13,3,3,0
2599,7,20220420,20,5,H,3,0,3,17,5,0,0
2600,7,20220420,23,10,H,1,0,3,13,4,1,0
2601,7,20220421,6,27,H,2,0,3,16,6,2,0
2602,7,20220423,2,21,H,3,1,3,14,7,3,0
2603,7,20220423,4,31,H,0,0,1,15,2,2,0
2604,7,20220423,17,3,H,0,0,1,5,2,3,0
2605,7,20220423,20,32,H,5,1,3,21,8,1,0
2606,7,20220423,24,23,H,0,3,0,5,2,0,0
2607,7,20220424,5,27,H,2,2,1,8,5,1,0
2608,7,20220424,6,35,H,1,0,3,14,5,3,0
2609,7,20220424,8,34,H,1,0,3,26,5,1,0
2610,7,20220424,18,11,H,2,0,3,18,4,2,0
2611,7,20220425,10,16,H,0,0,1,17,7,2,0
2612,7,20220428,21,8,H,1,1,1,6,3,0,0
2613,7,20220430,3,24,H,2,0,3,21,6,4,0
2614,7,20220430,16,20,H,0,4,0,7,2,1,0
2615,7,20220430,23,18,H,0,1,0,4,2,1,0
2616,7,20220430,27,10,H,1,2,0,8,3,1,0
2617,7,20220430,32,6,H,1,2,0,13,1,1,0
2618,7,20220430,35,5,H,0,3,0,11,1,2,0
2619,7,20220501,11,8,H,1,0,3,9,4,3,0
2620,7,20220501,31,17,H,3,1,3,13,7,2,0
2621,7,20220501,34,2,H,1,2,0,8,3,2,0
2622,7,20220502,21,4,H,3,0,3,9,5,1,0
2623,7,20220507,4,27,H,3,0,3,18,5,0,0
2624,7,20220507,5,21,H,4,0,3,17,6,0,0
2625,7,20220507,6,3,H,1,3,0,14,6,1,0
2626,7,20220507,8,35,H,2,2,1,19,6,1,0
2627,7,20220507,10,32,H,1,0,3,15,7,2,0
2628,7,20220507,18,31,H,1,1,1,22,3,3,0
2629,7,20220508,2,16,H,2,1,3,19,9,2,0
2630,7,20220508,17,11,H,1,2,0,16,9,3,0
2631,7,20220508,20,23,H,5,0,3,21,9,1,0
2632,7,20220508,24,34,H,0,4,0,8,2,1,0
2633,7,20220510,3,18,H,1,2,0,9,4,0,0
2634,7,20220511,16,8,H,0,3,0,5,0,1,1
2635,7,20220511,17,24,H,3,0,3,20,8,0,0
2636,7,20220511,32,11,H,0,0,1,6,0,1,0
2637,7,20220511,35,20,H,1,5,0,7,3,0,0
2638,7,20220512,31,2,H,3,0,3,16,6,1,0
2639,7,20220515,3,10,H,1,1,1,13,4,1,0
2640,7,20220515,11,4,H,2,3,0,10,5,0,2
2641,7,20220515,16,5,H,1,1,1,19,5,3,0
2642,7,20220515,31,6,H,1,0,3,21,8,3,0
2643,7,20220515,32,17,H,1,5,0,13,5,0,0
2644,7,20220515,34,20,H,2,2,1,6,2,3,0
2645,7,20220515,35,24,H,1,1,1,17,4,0,0
2646,7,20220516,23,2,H,2,0,3,16,4,0,0
2647,7,20220517,27,18,H,1,2,0,4,2,2,0
2648,7,20220519,3,6,H,1,1,1,22,9,0,0
2649,7,20220519,8,17,H,1,1,1,20,7,4,0
2650,7,20220519,11,10,H,3,2,3,12,6,2,0
2651,7,20220522,2,11,H,5,1,3,26,9,0,0
2652,7,20220522,4,16,H,1,2,0,14,5,2,1
2653,7,20220522,5,34,H,3,1,3,18,7,1,0
2654,7,20220522,6,23,H,1,2,0,12,5,1,0
2655,7,20220522,8,32,H,2,1,3,19,8,0,0
2656,7,20220522,10,21,H,1,0,3,6,3,2,0
2657,7,20220522,17,27,H,4,1,3,12,6,0,0
2658,7,20220522,18,35,H,3,1,3,29,8,1,0
2659,7,20220522,20,3,H,3,2,3,24,5,0,0
2660,7,20220522,24,31,H,0,5,0,9,0,3,0
2661,8,20220805,10,2,H,0,2,0,10,2,1,0
2662,8,20220806,1,3,H,2,0,3,7,3,3,0
2663,8,20220806,11,8,H,0,1,0,8,4,3,0
2664,8,20220806,12,18,H,2,2,1,9,3,2,0
2665,8,20220806,16,35,H,2,1,3,12,4,2,0
2666,8,20220806,23,25,H,2,0,3,23,10,0,0
2667,8,20220806,31,27,H,4,1,3,18,8,3,0
2668,8,20220807,17,4,H,2,2,1,14,5,0,0
2669,8,20220807,21,5,H,1,2,0,17,5,4,0
2670,8,20220807,34,20,H,0,2,0,6,1,0,0
2671,8,20220813,2,17,H,4,2,3,19,7,1,0
2672,8,20220813,3,11,H,2,1,3,12,4,4,0
2673,8,20220813,4,21,H,4,0,3,13,7,0,0
2674,8,20220813,5,23,H,0,0,1,13,7,2,0
2675,8,20220813,20,1,H,4,0,3,19,7,0,0
2676,8,20220813,27,16,H,2,2,1,14,4,1,0
2677,8,20220813,35,12,H,0,0,1,7,1,3,0
2678,8,20220814,8,31,H,2,2,1,16,3,3,0
2679,8,20220814,25,34,H,1,0,3,13,6,4,0
2680,8,20220815,18,10,H,1,1,1,24,4,2,1
2681,8,20220820,1,2,H,0,3,0,6,1,2,0
2682,8,20220820,10,3,H,3,1,3,17,9,2,0
2683,8,20220820,11,25,H,1,1,1,19,8,3,0
2684,8,20220820,12,4,H,3,2,3,18,9,3,0
2685,8,20220820,17,27,H,1,2,0,6,1,2,0
2686,8,20220820,31,35,H,1,0,3,11,4,2,0
2687,8,20220821,16,8,H,3,0,3,12,6,0,0
2688,8,20220821,23,20,H,3,3,1,12,6,4,0
2689,8,20220821,34,5,H,0,2,0,13,3,2,0
2690,8,20220822,21,18,H,2,1,3,12,4,3,0
2691,8,20220827,2,12,H,2,1,3,22,8,2,0
2692,8,20220827,4,11,H,1,1,1,19,5,2,0
2693,8,20220827,5,16,H,1,0,3,13,4,2,0
2694,8,20220827,8,17,H,2,1,3,7,3,1,1
2695,8,20220827,18,1,H,9,0,3,19,12,0,0
2696,8,20220827,20,10,H,4,2,3,18,5,1,0
2697,8,20220827,27,21,H,0,1,0,17,5,0,0
2698,8,20220828,3,34,H,0,1,0,9,3,2,0
2699,8,20220828,25,31,H,0,2,0,17,1,6,0
2700,8,20220828,35,23,H,1,1,1,10,4,2,0
2701,8,20220830,10,4,H,1,1,1,13,4,1,0
2702,8,20220830,12,5,H,2,1,3,10,3,2,0
2703,8,20220830,16,11,H,1,1,1,14,5,3,0
2704,8,20220830,27,8,H,2,1,3,9,7,2,0
2705,8,20220831,1,35,H,0,0,1,5,2,2,0
2706,8,20220831,2,3,H,2,1,3,22,9,2,0
2707,8,20220831,18,23,H,2,1,3,23,6,0,0
2708,8,20220831,20,25,H,6,0,3,17,9,0,0
2709,8,20220831,34,31,H,1,1,1,14,4,2,0
2710,8,20220901,17,21,H,0,1,0,10,2,1,0
2711,8,20220903,3,20,H,1,1,1,3,1,2,0
2712,8,20220903,4,16,H,5,2,3,14,8,2,0
2713,8,20220903,8,34,H,2,1,3,8,3,4,0
2714,8,20220903,11,18,H,0,0,1,14,3,2,0
2715,8,20220903,23,10,H,0,0,1,23,6,2,0
2716,8,20220903,25,1,H,2,3,0,11,3,2,0
2717,8,20220903,31,12,H,2,1,3,23,10,3,0
2718,8,20220903,35,27,H,1,0,3,7,2,4,0
2719,8,20220904,5,17,H,5,2,3,23,11,1,0
2720,8,20220904,21,2,H,3,1,3,10,6,3,0
2721,8,20220916,3,27,H,1,0,3,11,3,3,0
2722,8,20220916,25,12,H,2,3,0,11,3,2,0
2723,8,20220917,23,1,H,1,1,1,20,7,2,0
2724,8,20220917,31,17,H,6,2,3,16,11,1,0
2725,8,20220917,35,20,H,0,3,0,6,1,2,1
2726,8,20220918,4,2,H,0,3,0,5,2,0,0
2727,8,20220918,11,34,H,1,0,3,7,2,3,0
2728,8,20221001,1,4,H,0,0,1,7,1,1,0
2729,8,20221001,2,31,H,3,1,3,22,9,2,0
2730,8,20221001,10,8,H,1,2,0,7,3,1,0
2731,8,20221001,12,23,H,1,4,0,3,1,2,1
2732,8,20221001,18,5,H,3,3,1,15,7,1,0
2733,8,20221001,27,11,H,1,2,0,22,6,2,0
2734,8,20221001,34,35,H,2,0,3,18,5,2,0
2735,8,20221002,16,3,H,0,0,1,9,1,3,1
2736,8,20221002,20,21,H,6,3,3,22,10,0,0
2737,8,20221003,17,25,H,4,0,3,17,7,2,0
2738,8,20221008,1,17,H,2,1,3,10,4,1,0
2739,8,20221008,5,31,H,0,1,0,14,4,1,0
2740,8,20221008,8,35,H,3,0,3,20,7,2,0
2741,8,20221008,20,27,H,4,0,3,21,8,0,0
2742,8,20221008,23,4,H,5,1,3,16,6,0,0
2743,8,20221009,2,18,H,3,2,3,11,7,1,0
2744,8,20221009,10,16,H,2,1,3,13,5,3,0
2745,8,20221009,11,21,H,1,2,0,11,2,2,0
2746,8,20221009,34,12,H,3,1,3,17,8,1,0
2747,8,20221010,25,3,H,1,1,1,6,3,3,0
2748,8,20221014,4,5,H,2,0,3,7,3,3,0
2749,8,20221015,12,1,H,2,2,1,19,4,2,0
2750,8,20221015,17,10,H,0,0,1,14,5,2,0
2751,8,20221015,31,11,H,2,0,3,21,7,1,0
2752,8,20221015,35,25,H,1,0,3,9,2,2,0
2753,8,20221016,3,8,H,0,2,0,18,7,0,0
2754,8,20221016,16,2,H,0,1,0,16,4,0,0
2755,8,20221016,18,20,H,1,0,3,13,2,3,0
2756,8,20221016,21,23,H,0,0,1,15,2,3,0
2757,8,20221016,27,34,H,1,1,1,10,8,1,0
2758,8,20221018,5,25,H,0,0,1,19,7,3,0
2759,8,20221018,10,35,H,2,1,3,14,4,3,0
2760,8,20221019,1,27,H,0,1,0,15,3,1,0
2761,8,20221019,4,8,H,0,0,1,8,5,0,0
2762,8,20221019,18,34,H,1,0,3,22,7,0,0
2763,8,20221019,21,31,H,2,0,3,28,10,1,0
2764,8,20221019,23,11,H,1,0,3,16,4,2,0
2765,8,20221020,12,3,H,3,0,3,18,8,0,0
2766,8,20221020,17,16,H,2,0,3,5,1,2,0
2767,8,20221022,8,21,H,1,1,1,6,2,1,0
2768,8,20221022,11,10,H,3,0,3,9,6,3,0
2769,8,20221022,20,5,H,3,1,3,10,4,1,0
2770,8,20221022,25,18,H,1,0,3,10,7,2,0
2771,8,20221023,3,4,H,4,0,3,19,11,1,0
2772,8,20221023,16,12,H,2,3,0,14,5,1,0
2773,8,20221023,27,2,H,1,1,1,10,3,2,0
2774,8,20221023,31,23,H,1,2,0,17,5,4,0
2775,8,20221023,35,17,H,0,4,0,21,5,2,0
2776,8,20221024,34,1,H,2,0,3,20,4,0,0
2777,8,20221029,1,31,H,2,3,0,6,4,1,0
2778,8,20221029,4,35,H,1,1,1,12,3,3,0
2779,8,20221029,5,8,H,4,1,3,19,9,1,0
2780,8,20221029,10,27,H,1,0,3,12,3,3,0
2781,8,20221029,12,11,H,0,0,1,24,6,2,0
2782,8,20221029,17,20,H,0,1,0,10,5,0,0
2783,8,20221029,18,16,H,1,2,0,22,10,0,0
2784,8,20221029,23,3,H,4,0,3,20,7,1,0
2785,8,20221030,2,25,H,5,0,3,24,10,0,0
2786,8,20221030,21,34,H,1,0,3,16,3,1,0
2787,8,20221105,11,17,H,0,2,0,12,2,0,0
2788,8,20221105,16,1,H,4,3,3,18,4,2,0
2789,8,20221105,20,12,H,2,1,3,16,5,2,1
2790,8,20221105,25,4,H,2,2,1,15,7,2,0
2791,8,20221105,35,5,H,2,3,0,8,5,2,1
2792,8,20221106,3,21,H,3,1,3,6,4,3,0
2793,8,20221106,8,2,H,0,1,0,5,1,5,0
2794,8,20221106,27,23,H,1,4,0,16,5,1,0
2795,8,20221106,31,18,H,1,2,0,14,5,0,0
2796,8,20221106,34,10,H,1,2,0,5,2,1,0
2797,8,20221112,1,11,H,3,0,3,16,9,2,0
2798,8,20221112,18,27,H,3,1,3,15,7,0,0
2799,8,20221112,20,4,H,1,2,0,29,6,2,0
2800,8,20221112,23,8,H,1,0,3,10,3,3,0
2801,8,20221112,25,10,H,1,0,3,9,2,1,0
2802,8,20221112,31,16,H,4,3,3,14,8,1,0
2803,8,20221112,34,17,H,0,2,0,18,6,3,0
2804,8,20221112,35,2,H,0,2,0,11,2,3,0
2805,8,20221113,5,3,H,1,2,0,7,2,2,0
2806,8,20221113,12,21,H,1,2,0,14,7,1,0
2807,8,20221226,2,34,H,3,1,3,16,5,0,0
2808,8,20221226,3,18,H,1,3,0,12,6,0,0
2809,8,20221226,4,31,H,2,2,1,9,5,3,0
2810,8,20221226,10,12,H,0,3,0,4,0,0,2
2811,8,20221226,11,35,H,1,2,0,12,6,1,0
2812,8,20221226,17,23,H,0,3,0,8,2,0,0
2813,8,20221226,27,5,H,1,3,0,14,4,1,0
2814,8,20221227,8,1,H,2,0,3,15,5,0,0
2815,8,20221227,21,25,H,3,0,3,17,8,3,0
2816,8,20221228,16,20,H,1,3,0,9,1,3,0
2817,8,20221230,18,17,H,2,1,3,21,5,0,0
2818,8,20221230,34,4,H,0,2,0,20,5,1,0
2819,8,20221231,1,10,H,0,2,0,6,2,4,0
2820,8,20221231,5,2,H,2,4,0,9,5,3,0
2821,8,20221231,12,27,H,2,1,3,8,2,0,0
2822,8,20221231,20,11,H,1,1,1,16,3,3,0
2823,8,20221231,23,16,H,0,0,1,16,5,3,0
2824,8,20221231,35,21,H,0,1,0,10,3,1,0
2825,8,20230101,25,8,H,1,1,1,12,5,2,0
2826,8,20230101,31,3,H,0,2,0,6,2,4,0
2827,8,20230102,4,18,H,3,1,3,10,7,1,0
2828,8,20230103,2,23,H,0,0,1,17,4,4,0
2829,8,20230103,11,5,H,1,4,0,10,4,3,0
2830,8,20230103,17,12,H,0,1,0,15,6,2,0
2831,8,20230103,21,1,H,3,0,3,18,6,0,0
2832,8,20230104,3,35,H,1,1,1,13,4,1,0
2833,8,20230104,10,31,H,0,4,0,19,4,1,0
2834,8,20230104,16,34,H,2,2,1,14,6,3,0
2835,8,20230104,27,25,H,0,1,0,8,0,2,0
2836,8,20230105,8,20,H,0,1,0,8,2,2,0
2837,8,20230112,12,8,H,2,1,3,8,3,4,0
2838,8,20230113,3,16,H,2,1,3,11,5,2,0
2839,8,20230114,4,1,H,2,0,3,12,4,1,0
2840,8,20230114,5,18,H,3,0,3,16,9,1,0
2841,8,20230114,11,27,H,1,2,0,12,4,0,0
2842,8,20230114,21,20,H,2,1,3,8,4,3,0
2843,8,20230114,25,17,H,2,0,3,15,5,1,0
2844,8,20230114,35,34,H,1,0,3,17,4,0,0
2845,8,20230115,8,10,H,1,0,3,15,5,2,0
2846,8,20230115,23,12,H,1,0,3,20,5,1,0
2847,8,20230115,31,2,H,0,2,0,17,7,4,0
2848,8,20230118,10,21,H,1,1,1,10,5,1,0
2849,8,20230119,20,31,H,4,2,3,16,6,1,0
2850,8,20230121,1,25,H,1,1,1,16,4,1,0
2851,8,20230121,10,23,H,0,0,1,6,1,4,0
2852,8,20230121,17,5,H,2,2,1,9,2,0,0
2853,8,20230121,18,8,H,0,0,1,15,3,3,0
2854,8,20230121,27,3,H,0,1,0,8,5,1,0
2855,8,20230121,34,11,H,2,0,3,11,4,1,0
2856,8,20230122,2,21,H,3,2,3,25,5,1,0
2857,8,20230122,16,4,H,0,0,1,9,5,2,0
2858,8,20230122,20,35,H,3,0,3,13,7,1,0
2859,8,20230123,12,31,H,0,1,0,10,5,1,0
2860,8,20230203,8,12,H,0,0,1,12,3,1,0
2861,8,20230204,3,17,H,2,4,0,19,4,0,0
2862,8,20230204,4,27,H,3,0,3,14,4,1,0
2863,8,20230204,5,1,H,1,0,3,20,6,3,0
2864,8,20230204,11,2,H,1,0,3,12,4,4,0
2865,8,20230204,21,10,H,2,1,3,14,5,1,1
2866,8,20230204,23,34,H,1,1,1,8,2,2,0
2867,8,20230204,35,18,H,3,0,3,12,6,1,0
2868,8,20230205,25,16,H,1,0,3,6,2,4,0
2869,8,20230205,31,20,H,1,0,3,12,3,2,1
2870,8,20230208,21,16,H,2,2,1,24,7,1,0
2871,8,20230211,1,23,H,1,1,1,11,5,2,0
2872,8,20230211,2,4,H,1,1,1,23,7,0,0
2873,8,20230211,10,5,H,1,1,1,6,1,4,0
2874,8,20230211,12,25,H,2,0,3,16,3,0,0
2875,8,20230211,17,31,H,4,1,3,15,7,5,0
2876,8,20230211,27,35,H,1,2,0,17,2,2,0
2877,8,20230211,34,8,H,1,1,1,10,2,1,0
2878,8,20230212,16,21,H,0,2,0,16,6,2,0
2879,8,20230212,20,3,H,3,1,3,17,9,1,0
2880,8,20230213,18,11,H,2,0,3,15,6,1,0
2881,8,20230215,2,20,H,1,3,0,10,1,2,0
2882,8,20230218,3,2,H,2,4,0,7,5,2,0
2883,8,20230218,4,10,H,1,1,1,12,5,2,0
2884,8,20230218,5,12,H,0,1,0,21,7,0,0
2885,8,20230218,8,27,H,0,1,0,17,5,3,0
2886,8,20230218,11,16,H,1,0,3,15,6,2,0
2887,8,20230218,23,18,H,0,2,0,14,4,1,1
2888,8,20230218,25,20,H,1,1,1,4,1,1,0
2889,8,20230218,35,1,H,0,1,0,15,4,3,0
2890,8,20230219,21,17,H,3,0,3,26,8,0,0
2891,8,20230219,31,34,H,2,0,3,16,6,2,0
2892,8,20230224,12,35,H,1,1,1,10,5,2,0
2893,8,20230225,1,20,H,1,4,0,13,2,2,0
2894,8,20230225,10,18,H,0,0,1,6,0,2,0
2895,8,20230225,11,3,H,0,2,0,15,5,2,0
2896,8,20230225,16,27,H,1,0,3,14,4,2,0
2897,8,20230225,17,2,H,0,1,0,1,0,0,0
2898,8,20230225,34,25,H,4,0,3,18,5,0,0
2899,8,20230226,31,8,H,2,0,3,8,3,2,0
2900,8,20230301,2,11,H,4,0,3,15,5,0,0
2901,8,20230301,18,35,H,2,0,3,15,6,2,0
2902,8,20230304,2,1,H,3,2,3,31,9,0,0
2903,8,20230304,3,10,H,1,0,3,8,1,2,0
2904,8,20230304,5,34,H,4,0,3,20,9,0,0
2905,8,20230304,8,16,H,1,0,3,13,3,2,0
2906,8,20230304,20,23,H,2,0,3,11,3,2,0
2907,8,20230304,27,17,H,1,0,3,11,5,4,0
2908,8,20230304,35,31,H,1,0,3,8,5,1,0
2909,8,20230305,18,21,H,7,0,3,18,8,2,0
2910,8,20230305,25,11,H,2,2,1,10,4,3,0
2911,8,20230306,4,12,H,3,2,3,14,6,0,0
2912,8,20230311,1,18,H,1,0,3,5,2,2,0
2913,8,20230311,10,20,H,0,1,0,4,0,2,0
2914,8,20230311,11,4,H,1,0,3,13,6,2,0
2915,8,20230311,16,5,H,2,2,1,12,4,1,0
2916,8,20230311,17,8,H,1,3,0,17,7,1,1
2917,8,20230311,31,25,H,3,1,3,15,7,3,0
2918,8,20230312,12,2,H,0,3,0,12,2,0,0
2919,8,20230312,21,27,H,0,0,1,10,4,2,0
2920,8,20230312,23,35,H,2,1,3,19,8,1,0
2921,8,20230312,34,3,H,1,1,1,17,6,1,0
2922,8,20230315,5,10,H,1,0,3,11,5,1,0
2923,8,20230315,27,4,H,0,2,0,7,1,1,0
2924,8,20230317,25,23,H,1,2,0,5,3,5,0
2925,8,20230318,3,1,H,3,0,3,20,9,1,0
2926,8,20230318,4,17,H,1,1,1,11,2,1,1
2927,8,20230318,8,11,H,2,2,1,20,7,2,0
2928,8,20230318,27,31,H,3,3,1,19,7,1,0
2929,8,20230318,35,16,H,2,4,0,23,8,3,1
2930,8,20230319,2,10,H,4,1,3,15,5,0,0
2931,8,20230401,1,12,H,2,1,3,12,7,1,0
2932,8,20230401,2,16,H,4,1,3,13,6,0,0
2933,8,20230401,5,4,H,3,3,1,33,15,2,0
2934,8,20230401,8,3,H,0,2,0,27,8,3,0
2935,8,20230401,10,17,H,2,1,3,31,9,3,0
2936,8,20230401,20,18,H,4,1,3,17,8,1,0
2937,8,20230401,25,35,H,1,1,1,17,7,3,0
2938,8,20230402,23,21,H,2,0,3,22,6,0,0
2939,8,20230402,34,27,H,1,0,3,12,2,0,0
2940,8,20230403,11,31,H,1,1,1,15,6,0,1
2941,8,20230404,1,5,H,0,2,0,14,3,1,0
2942,8,20230404,8,18,H,0,0,1,12,3,1,0
2943,8,20230404,16,25,H,2,1,3,21,6,1,0
2944,8,20230404,17,3,H,1,2,0,9,4,2,1
2945,8,20230405,21,4,H,1,0,3,18,3,3,0
2946,8,20230405,34,23,H,1,5,0,7,2,2,0
2947,8,20230408,3,25,H,2,0,3,8,3,3,0
2948,8,20230408,4,23,H,1,2,0,12,6,0,0
2949,8,20230408,12,34,H,0,1,0,16,3,1,0
2950,8,20230408,17,1,H,0,1,0,14,4,0,0
2951,8,20230408,21,11,H,2,0,3,29,11,0,0
2952,8,20230408,27,20,H,1,4,0,4,1,0,0
2953,8,20230408,31,5,H,2,1,3,9,3,3,0
2954,8,20230408,35,8,H,1,0,3,9,4,2,0
2955,8,20230409,16,10,H,1,5,0,11,7,3,0
2956,8,20230409,18,2,H,2,2,1,21,6,4,0
2957,8,20230415,3,23,H,3,0,3,16,6,1,0
2958,8,20230415,8,5,H,1,2,0,8,2,2,0
2959,8,20230415,11,12,H,1,3,0,15,7,3,0
2960,8,20230415,20,17,H,3,1,3,12,4,1,0
2961,8,20230415,27,10,H,0,2,0,11,4,3,0
2962,8,20230415,31,1,H,2,3,0,24,8,1,0
2963,8,20230415,35,4,H,2,0,3,11,9,1,0
2964,8,20230416,25,21,H,0,2,0,6,0,2,0
2965,8,20230416,34,2,H,2,2,1,16,3,1,0
2966,8,20230417,16,18,H,1,6,0,13,3,0,0
2967,8,20230421,2,27,H,3,3,1,25,6,1,0
2968,8,20230422,4,3,H,1,1,1,6,5,3,0
2969,8,20230422,10,11,H,0,0,1,12,2,1,0
2970,8,20230422,12,16,H,2,1,3,12,5,1,0
2971,8,20230422,17,35,H,2,1,3,15,8,1,0
2972,8,20230422,18,25,H,3,2,3,18,6,0,0
2973,8,20230423,1,34,H,0,4,0,17,5,1,0
2974,8,20230423,23,31,H,6,1,3,25,8,0,0
2975,8,20230425,3,12,H,1,0,3,14,3,3,0
2976,8,20230425,16,17,H,1,1,1,13,3,4,0
2977,8,20230425,35,10,H,2,0,3,9,3,5,0
2978,8,20230426,8,4,H,0,2,0,15,4,1,0
2979,8,20230426,20,2,H,4,1,3,14,9,3,0
2980,8,20230426,25,5,H,3,1,3,12,5,2,0
2981,8,20230426,34,18,H,1,2,0,7,2,0,0
2982,8,20230427,11,23,H,1,4,0,13,5,2,0
2983,8,20230427,27,1,H,0,1,0,11,2,0,0
2984,8,20230427,31,21,H,2,2,1,18,7,1,0
2985,8,20230429,4,25,H,2,1,3,14,8,1,0
2986,8,20230429,5,35,H,6,0,3,22,8,1,0
2987,8,20230429,10,34,H,4,3,3,16,6,1,0
2988,8,20230430,1,16,H,4,1,3,12,7,1,0
2989,8,20230430,12,20,H,1,2,0,4,1,1,0
2990,8,20230430,18,31,H,4,3,3,12,4,3,0
2991,8,20230430,21,3,H,1,0,3,14,6,2,0
2992,8,20230430,23,27,H,3,1,3,22,5,1,0
2993,8,20230501,17,11,H,2,2,1,15,6,4,0
2994,8,20230502,2,8,H,3,1,3,16,10,0,0
2995,8,20230503,18,12,H,1,0,3,15,3,0,0
2996,8,20230503,20,34,H,3,0,3,16,7,0,0
2997,8,20230504,5,21,H,1,0,3,22,6,4,0
2998,8,20230506,1,8,H,1,3,0,10,4,1,0
2999,8,20230506,18,4,H,1,0,3,15,5,4,0
3000,8,20230506,20,16,H,2,1,3,18,6,0,0
3001,8,20230506,31,10,H,1,0,3,8,3,3,0
3002,8,20230506,35,3,H,1,0,3,6,2,3,0
3003,8,20230507,23,2,H,0,2,0,12,5,2,0
3004,8,20230507,34,21,H,1,0,3,15,4,0,0
3005,8,20230508,5,11,H,1,5,0,23,5,1,0
3006,8,20230508,12,17,H,5,3,3,17,7,0,0
3007,8,20230508,25,27,H,4,3,3,9,4,1,0
3008,8,20230513,3,31,H,2,1,3,8,4,3,0
3009,8,20230513,8,25,H,2,2,1,14,6,3,0
3010,8,20230513,10,1,H,2,0,3,17,5,0,0
3011,8,20230513,16,23,H,2,2,1,9,4,3,1
3012,8,20230513,21,35,H,2,0,3,27,9,3,0
3013,8,20230513,27,12,H,0,2,0,5,1,2,0
3014,8,20230514,2,5,H,0,3,0,14,2,1,0
3015,8,20230514,4,34,H,2,0,3,24,10,1,0
3016,8,20230514,11,20,H,0,3,0,7,3,1,0
3017,8,20230515,17,18,H,0,3,0,4,4,2,0
3018,8,20230518,23,5,H,4,1,3,22,9,2,0
3019,8,20230520,1,21,H,0,1,0,10,4,1,0
3020,8,20230520,12,10,H,2,2,1,11,4,3,0
3021,8,20230520,18,3,H,1,1,1,10,5,3,0
3022,8,20230520,25,2,H,1,0,3,6,2,3,0
3023,8,20230520,31,4,H,1,3,0,22,8,1,0
3024,8,20230520,35,11,H,1,1,1,13,5,5,0
3025,8,20230521,5,27,H,3,1,3,26,8,2,0
3026,8,20230521,20,8,H,1,0,3,15,2,0,0
3027,8,20230521,34,16,H,3,1,3,19,9,1,0
3028,8,20230522,23,17,H,0,0,1,23,4,2,0
3029,8,20230524,5,20,H,1,1,1,20,7,2,0
3030,8,20230525,21,8,H,4,1,3,18,9,1,0
3031,8,20230528,2,35,H,5,0,3,14,8,0,0
3032,8,20230528,3,5,H,2,1,3,12,5,4,0
3033,8,20230528,4,20,H,1,0,3,11,4,4,0
3034,8,20230528,8,23,H,1,1,1,22,5,0,0
3035,8,20230528,10,25,H,1,1,1,16,4,0,0
3036,8,20230528,11,1,H,1,0,3,13,6,1,0
3037,8,20230528,16,31,H,1,4,0,19,2,3,0
3038,8,20230528,17,34,H,2,1,3,13,4,1,0
3039,8,20230528,21,12,H,2,1,3,21,8,1,0
3040,8,20230528,27,18,H,4,4,1,15,10,0,0
3041,9,20230811,6,20,H,0,3,0,6,1,0,1
3042,9,20230812,1,34,H,1,1,1,14,5,1,0
3043,9,20230812,2,25,H,2,1,3,15,7,2,0
3044,9,20230812,5,19,H,4,1,3,27,12,2,0
3045,9,20230812,11,12,H,0,1,0,19,9,0,0
3046,9,20230812,23,3,H,5,1,3,17,13,4,0
3047,9,20230812,26,10,H,0,1,0,8,1,3,0
3048,9,20230813,4,31,H,2,2,1,11,6,1,0
3049,9,20230813,8,18,H,1,1,1,10,4,3,0
3050,9,20230814,21,35,H,1,0,3,15,3,2,0
3051,9,20230818,25,26,H,2,1,3,16,4,2,0
3052,9,20230819,12,4,H,0,3,0,10,2,2,1
3053,9,20230819,18,1,H,3,1,3,26,10,1,1
3054,9,20230819,20,23,H,1,0,3,14,4,1,0
3055,9,20230819,31,21,H,2,0,3,17,6,1,0
3056,9,20230819,35,5,H,1,4,0,16,5,3,1
3057,9,20230820,3,11,H,4,0,3,13,7,3,0
3058,9,20230820,34,8,H,3,1,3,12,6,2,1
3059,9,20230821,10,2,H,0,1,0,14,2,2,0
3060,9,20230825,8,19,H,3,0,3,19,8,2,0
3061,9,20230826,1,31,H,0,2,0,11,3,1,0
3062,9,20230826,2,12,H,2,2,1,19,11,0,0
3063,9,20230826,4,10,H,1,1,1,12,1,0,0
3064,9,20230826,5,34,H,1,3,0,25,10,1,0
3065,9,20230826,11,35,H,0,1,0,15,7,3,0
3066,9,20230826,21,25,H,3,2,3,18,9,4,0
3067,9,20230827,6,3,H,1,3,0,9,2,2,0
3068,9,20230827,23,18,H,1,2,0,23,8,1,0
3069,9,20230827,26,20,H,1,2,0,6,2,3,0
3070,9,20230901,19,34,H,1,2,0,16,1,1,0
3071,9,20230902,4,1,H,2,2,1,21,7,1,0
3072,9,20230902,5,23,H,3,1,3,15,6,4,0
3073,9,20230902,6,31,H,2,5,0,16,4,4,0
3074,9,20230902,8,25,H,0,1,0,21,2,3,0
3075,9,20230902,20,12,H,5,1,3,7,5,2,0
3076,9,20230902,26,11,H,2,2,1,13,8,1,0
3077,9,20230903,2,21,H,3,1,3,17,5,2,0
3078,9,20230903,10,35,H,3,2,3,16,11,1,0
3079,9,20230903,18,3,H,3,0,3,17,4,0,0
3080,9,20230916,3,10,H,3,1,3,16,5,5,0
3081,9,20230916,12,19,H,1,0,3,13,2,2,0
3082,9,20230916,21,5,H,1,3,0,14,4,2,0
3083,9,20230916,23,4,H,1,0,3,9,2,3,0
3084,9,20230916,31,26,H,2,1,3,28,10,6,0
3085,9,20230916,34,20,H,1,3,0,6,3,3,0
3086,9,20230916,35,18,H,1,3,0,11,2,1,0
3087,9,20230917,1,8,H,0,0,1,13,4,1,0
3088,9,20230917,11,2,H,0,1,0,8,1,1,0
3089,9,20230918,25,6,H,1,1,1,14,4,2,0
3090,9,20230923,4,11,H,1,3,0,12,2,2,0
3091,9,20230923,6,21,H,0,1,0,12,4,1,0
3092,9,20230923,10,12,H,0,0,1,7,3,3,0
3093,9,20230923,19,35,H,1,1,1,20,4,0,0
3094,9,20230923,20,25,H,2,0,3,7,4,3,1
3095,9,20230924,2,31,H,2,2,1,13,6,3,0
3096,9,20230924,5,1,H,3,1,3,13,4,3,0
3097,9,20230924,8,3,H,0,1,0,10,4,2,0
3098,9,20230924,18,34,H,3,1,3,22,7,0,0
3099,9,20230924,26,23,H,0,8,0,9,1,3,0
3100,9,20230930,1,2,H,0,4,0,8,1,0,0
3101,9,20230930,3,5,H,6,1,3,19,9,4,0
3102,9,20230930,11,19,H,1,2,0,23,5,0,0
3103,9,20230930,21,10,H,0,1,0,19,4,3,0
3104,9,20230930,23,6,H,2,0,3,20,8,1,0
3105,9,20230930,31,18,H,2,1,3,24,8,5,0
3106,9,20230930,34,26,H,2,0,3,20,9,1,0
3107,9,20230930,35,20,H,2,1,3,3,1,5,0
3108,9,20231001,25,4,H,1,1,1,6,1,1,1
3109,9,20231002,12,8,H,0,2,0,10,3,1,0
3110,9,20231003,19,6,H,1,2,0,18,3,4,0
3111,9,20231007,6,8,H,1,4,0,10,3,2,0
3112,9,20231007,10,25,H,0,0,1,8,2,0,0
3113,9,20231007,11,1,H,3,0,3,25,8,1,0
3114,9,20231007,12,26,H,3,1,3,20,6,1,0
3115,9,20231007,19,31,H,0,1,0,12,2,2,0
3116,9,20231007,21,4,H,2,1,3,21,8,0,0
3117,9,20231008,2,20,H,1,0,3,12,2,2,0
3118,9,20231008,5,18,H,2,2,1,14,3,1,0
3119,9,20231008,34,23,H,2,2,1,5,3,3,0
3120,9,20231008,35,3,H,1,1,1,8,3,2,1
3121,9,20231021,1,35,H,1,2,0,7,4,2,1
3122,9,20231021,4,6,H,3,0,3,23,10,5,0
3123,9,20231021,8,2,H,2,2,1,11,5,3,0
3124,9,20231021,18,11,H,2,0,3,26,6,1,0
3125,9,20231021,20,5,H,2,1,3,10,6,2,1
3126,9,20231021,23,10,H,4,0,3,10,7,2,0
3127,9,20231021,25,19,H,2,2,1,19,8,3,0
3128,9,20231021,26,21,H,1,2,0,12,6,3,0
3129,9,20231022,3,34,H,4,1,3,15,7,0,0
3130,9,20231023,31,12,H,2,0,3,15,5,2,0
3131,9,20231027,10,31,H,1,2,0,13,3,2,0
3132,9,20231028,1,6,H,2,1,3,13,6,2,0
3133,9,20231028,2,26,H,5,0,3,13,8,0,0
3134,9,20231028,8,4,H,0,2,0,17,2,1,0
3135,9,20231028,35,23,H,2,2,1,11,6,1,0
3136,9,20231029,3,19,H,3,1,3,17,6,3,0
3137,9,20231029,5,12,H,1,1,1,18,7,0,0
3138,9,20231029,18,25,H,3,0,3,21,8,2,0
3139,9,20231029,21,20,H,0,3,0,7,3,4,0
3140,9,20231029,34,11,H,0,1,0,12,2,4,0
3141,9,20231104,4,34,H,3,2,3,16,4,1,0
3142,9,20231104,6,10,H,0,2,0,17,5,0,0
3143,9,20231104,11,5,H,1,1,1,10,4,4,0
3144,9,20231104,12,21,H,0,1,0,18,3,5,0
3145,9,20231104,20,1,H,6,1,3,21,8,0,0
3146,9,20231104,23,2,H,1,0,3,9,2,5,0
3147,9,20231104,26,35,H,2,1,3,11,2,2,0
3148,9,20231105,19,18,H,1,1,1,8,5,1,0
3149,9,20231105,25,3,H,2,0,3,5,3,1,0
3150,9,20231106,31,8,H,1,4,0,8,5,1,2
3151,9,20231111,1,23,H,2,0,3,19,10,2,0
3152,9,20231111,2,6,H,3,1,3,16,6,0,1
3153,9,20231111,10,11,H,2,3,0,13,4,1,0
3154,9,20231111,21,19,H,1,0,3,15,4,0,0
3155,9,20231111,35,31,H,2,1,3,17,4,4,0
3156,9,20231112,3,12,H,3,1,3,12,6,2,0
3157,9,20231112,5,26,H,1,1,1,11,6,3,1
3158,9,20231112,8,20,H,4,4,1,17,9,5,0
3159,9,20231112,18,4,H,3,0,3,17,10,1,0
3160,9,20231112,34,25,H,3,2,3,16,6,2,0
3161,9,20231125,4,2,H,0,1,0,9,3,1,0
3162,9,20231125,6,34,H,1,2,0,11,5,1,0
3163,9,20231125,19,10,H,2,1,3,8,3,6,0
3164,9,20231125,20,18,H,1,1,1,16,5,1,0
3165,9,20231125,23,8,H,4,1,3,14,5,4,0
3166,9,20231125,25,5,H,2,3,0,18,5,2,0
3167,9,20231125,26,1,H,1,3,0,10,2,4,0
3168,9,20231126,11,21,H,0,3,0,24,6,3,0
3169,9,20231126,31,3,H,1,2,0,18,8,0,0
3170,9,20231127,12,35,H,3,2,3,12,6,2,0
3171,9,20231202,2,35,H,2,1,3,19,6,1,0
3172,9,20231202,4,19,H,3,1,3,27,6,1,0
3173,9,20231202,6,26,H,5,0,3,19,7,2,0
3174,9,20231202,23,21,H,1,0,3,22,4,1,0
3175,9,20231202,25,11,H,0,1,0,13,2,1,0
3176,9,20231203,1,3,H,2,2,1,15,7,5,0
3177,9,20231203,8,5,H,3,2,3,8,5,3,1
3178,9,20231203,18,12,H,4,3,3,26,12,0,0
3179,9,20231203,20,31,H,3,3,1,18,4,4,0
3180,9,20231203,34,10,H,1,1,1,9,3,2,0
3181,9,20231205,19,2,H,3,4,0,6,4,2,0
3182,9,20231205,35,6,H,1,0,3,7,4,2,0
3183,9,20231206,3,20,H,1,0,3,22,7,2,0
3184,9,20231206,5,4,H,2,1,3,18,7,3,0
3185,9,20231206,10,1,H,0,2,0,16,3,1,0
3186,9,20231206,12,25,H,5,0,3,14,6,0,0
3187,9,20231206,21,8,H,2,1,3,28,9,4,0
3188,9,20231206,26,18,H,0,2,0,6,1,2,0
3189,9,20231207,11,23,H,3,0,3,21,6,3,0
3190,9,20231207,31,34,H,1,2,0,23,7,3,0
3191,9,20231209,3,2,H,1,0,3,10,3,4,0
3192,9,20231209,5,6,H,1,1,1,29,11,0,0
3193,9,20231209,10,18,H,1,2,0,8,4,5,1
3194,9,20231209,21,1,H,0,3,0,20,3,3,0
3195,9,20231209,26,4,H,1,0,3,9,4,5,0
3196,9,20231209,35,25,H,1,1,1,10,4,0,0
3197,9,20231210,11,8,H,2,0,3,9,5,2,0
3198,9,20231210,12,34,H,5,0,3,14,8,2,0
3199,9,20231210,19,20,H,1,2,0,4,2,2,0
3200,9,20231210,31,23,H,4,1,3,23,12,1,0
3201,9,20231215,25,31,H,0,2,0,15,1,2,0
3202,9,20231216,6,11,H,0,2,0,14,2,0,0
3203,9,20231216,8,26,H,2,0,3,15,6,1,0
3204,9,20231216,20,10,H,2,2,1,19,9,1,0
3205,9,20231216,23,12,H,3,0,3,27,10,0,0
3206,9,20231217,2,5,H,2,0,3,26,9,1,0
3207,9,20231217,4,3,H,1,2,0,4,3,6,1
3208,9,20231217,18,21,H,0,0,1,34,8,2,0
3209,9,20231217,34,35,H,3,0,3,13,4,3,0
3210,9,20231221,10,5,H,1,1,1,11,3,5,0
3211,9,20231222,3,26,H,1,1,1,12,4,3,0
3212,9,20231223,12,6,H,0,2,0,19,5,2,0
3213,9,20231223,18,2,H,1,1,1,13,3,2,0
3214,9,20231223,19,23,H,1,0,3,16,5,2,0
3215,9,20231223,25,1,H,2,3,0,11,5,0,1
3216,9,20231223,31,11,H,2,1,3,13,6,1,0
3217,9,20231223,34,21,H,2,0,3,12,5,2,0
3218,9,20231224,35,8,H,2,1,3,14,6,3,0
3219,9,20231226,1,12,H,3,0,3,16,4,0,0
3220,9,20231226,6,18,H,0,2,0,9,0,2,0
3221,9,20231226,21,3,H,3,2,3,13,7,1,0
3222,9,20231226,23,25,H,1,3,0,19,7,3,0
3223,9,20231226,26,19,H,2,3,0,21,6,5,0
3224,9,20231227,4,35,H,1,4,0,14,4,1,0
3225,9,20231227,8,10,H,2,1,3,9,4,3,0
3226,9,20231227,11,20,H,1,3,0,7,2,4,0
3227,9,20231228,2,34,H,0,2,0,30,8,2,0
3228,9,20231228,5,31,H,4,2,3,15,9,3,0
3229,9,20231230,3,6,H,3,2,3,19,7,4,0
3230,9,20231230,10,4,H,3,1,3,13,6,0,0
3231,9,20231230,19,8,H,2,3,0,15,6,2,0
3232,9,20231230,20,26,H,2,0,3,18,4,1,0
3233,9,20231230,25,21,H,2,1,3,8,2,2,0
3234,9,20231230,35,11,H,3,0,3,12,6,2,0
3235,9,20231231,12,2,H,2,1,3,15,4,4,0
3236,9,20231231,31,1,H,3,1,3,12,6,3,0
3237,9,20240101,18,23,H,4,2,3,34,15,3,0
3238,9,20240102,34,5,H,0,0,1,6,2,1,0
3239,9,20240112,6,19,H,1,1,1,13,7,1,0
3240,9,20240113,8,12,H,1,0,3,17,3,5,0
3241,9,20240113,23,20,H,2,3,0,12,5,1,0
3242,9,20240114,11,3,H,0,0,1,10,2,1,0
3243,9,20240114,21,31,H,2,2,1,9,2,2,0
3244,9,20240120,2,10,H,5,0,3,21,6,0,0
3245,9,20240120,4,25,H,3,2,3,11,5,1,0
3246,9,20240121,1,18,H,0,4,0,11,1,1,0
3247,9,20240121,26,34,H,2,2,1,21,6,3,1
3248,9,20240122,5,35,H,0,0,1,11,4,1,0
3249,9,20240130,3,23,H,1,3,0,12,6,4,0
3250,9,20240130,10,26,H,3,2,3,12,4,1,0
3251,9,20240130,12,11,H,0,0,1,25,6,1,0
3252,9,20240130,19,5,H,4,0,3,18,8,2,0
3253,9,20240130,25,2,H,1,2,0,9,3,0,0
3254,9,20240131,18,8,H,4,1,3,28,13,2,0
3255,9,20240131,20,6,H,3,1,3,14,4,2,0
3256,9,20240131,31,4,H,3,2,3,19,5,2,0
3257,9,20240201,34,1,H,1,1,1,9,3,1,0
3258,9,20240201,35,21,H,3,4,0,16,7,2,0
3259,9,20240203,5,10,H,4,1,3,13,6,1,0
3260,9,20240203,6,12,H,2,2,1,12,4,2,0
3261,9,20240203,11,31,H,2,2,1,14,5,3,0
3262,9,20240203,23,19,H,4,4,1,19,6,2,0
3263,9,20240203,26,3,H,0,5,0,10,5,1,0
3264,9,20240204,1,25,H,1,1,1,9,2,3,1
3265,9,20240204,2,18,H,3,1,3,15,7,6,0
3266,9,20240204,8,35,H,2,4,0,15,6,3,0
3267,9,20240204,21,34,H,3,0,3,12,5,0,0
3268,9,20240205,4,20,H,1,3,0,9,3,1,0
3269,9,20240210,12,1,H,3,1,3,7,6,1,0
3270,9,20240210,18,6,H,3,1,3,25,10,3,0
3271,9,20240210,19,26,H,1,3,0,20,5,1,0
3272,9,20240210,20,11,H,2,0,3,19,3,0,0
3273,9,20240210,25,23,H,2,3,0,13,3,1,0
3274,9,20240210,31,5,H,2,1,3,16,6,2,0
3275,9,20240210,35,4,H,0,2,0,17,5,2,0
3276,9,20240211,3,21,H,1,2,0,23,10,3,0
3277,9,20240211,34,2,H,0,6,0,5,1,4,0
3278,9,20240212,10,8,H,1,3,0,13,4,2,0
3279,9,20240217,4,18,H,1,4,0,15,6,2,0
3280,9,20240217,6,2,H,0,5,0,8,0,2,0
3281,9,20240217,12,3,H,1,2,0,15,4,5,0
3282,9,20240217,20,8,H,1,1,1,31,5,1,0
3283,9,20240217,23,1,H,2,2,1,17,5,1,0
3284,9,20240217,25,34,H,2,0,3,19,8,4,0
3285,9,20240217,31,35,H,1,2,0,15,4,0,0
3286,9,20240218,19,21,H,1,2,0,22,4,3,0
3287,9,20240218,26,5,H,0,5,0,6,1,1,1
3288,9,20240219,11,10,H,1,1,1,19,4,0,0
3289,9,20240220,20,4,H,1,0,3,25,11,2,0
3290,9,20240221,18,19,H,4,1,3,29,13,1,0
3291,9,20240224,1,20,H,0,1,0,13,4,2,0
3292,9,20240224,2,23,H,4,1,3,18,8,1,0
3293,9,20240224,3,25,H,4,2,3,16,6,1,0
3294,9,20240224,5,11,H,1,1,1,23,7,2,1
3295,9,20240224,10,6,H,3,0,3,15,6,3,0
3296,9,20240224,21,12,H,1,2,0,21,9,2,0
3297,9,20240225,35,26,H,1,0,3,13,2,2,0
3298,9,20240226,34,4,H,4,2,3,17,6,1,0
3299,9,20240302,4,8,H,2,2,1,14,5,3,0
3300,9,20240302,11,34,H,1,3,0,22,11,1,0
3301,9,20240302,12,5,H,3,0,3,12,5,1,0
3302,9,20240302,19,3,H,2,3,0,13,5,1,0
3303,9,20240302,23,35,H,3,0,3,14,7,0,0
3304,9,20240302,25,18,H,0,1,0,8,2,2,0
3305,9,20240302,31,10,H,3,1,3,14,6,1,0
3306,9,20240303,6,1,H,0,2,0,20,6,2,0
3307,9,20240303,20,21,H,3,1,3,27,8,0,0
3308,9,20240304,26,2,H,0,6,0,4,0,1,0
3309,9,20240309,1,26,H,2,2,1,32,12,3,0
3310,9,20240309,2,4,H,2,1,3,17,6,2,0
3311,9,20240309,10,19,H,1,1,1,21,4,2,0
3312,9,20240309,21,11,H,2,0,3,15,8,1,0
3313,9,20240309,35,12,H,2,1,3,8,3,2,0
3314,9,20240310,3,31,H,0,4,0,10,1,0,1
3315,9,20240310,5,25,H,1,0,3,10,3,4,0
3316,9,20240310,18,20,H,1,1,1,19,6,0,0
3317,9,20240310,34,6,H,2,2,1,22,4,2,0
3318,9,20240311,8,23,H,3,2,3,12,8,3,0
3319,9,20240313,1,19,H,4,3,3,24,10,1,0
3320,9,20240316,6,4,H,2,1,3,17,6,2,0
3321,9,20240316,12,31,H,3,0,3,16,7,2,0
3322,9,20240316,19,25,H,1,1,1,10,4,1,0
3323,9,20240317,34,3,H,1,1,1,13,5,3,0
3324,9,20240330,1,11,H,2,1,3,11,4,1,0
3325,9,20240330,3,35,H,2,0,3,11,5,3,0
3326,9,20240330,4,21,H,1,1,1,31,5,2,0
3327,9,20240330,8,6,H,2,2,1,33,13,2,0
3328,9,20240330,23,34,H,4,3,3,24,9,1,1
3329,9,20240330,25,10,H,1,1,1,12,5,1,0
3330,9,20240330,26,12,H,3,3,1,8,4,4,0
3331,9,20240330,31,19,H,2,1,3,17,4,2,0
3332,9,20240331,18,5,H,2,1,3,30,8,5,0
3333,9,20240331,20,2,H,0,0,1,12,1,0,0
3334,9,20240402,1,10,H,1,0,3,11,6,3,0
3335,9,20240402,6,35,H,1,1,1,13,6,0,0
3336,9,20240402,23,11,H,1,1,1,18,6,0,0
3337,9,20240402,25,12,H,3,1,3,16,4,0,0
3338,9,20240402,34,31,H,1,1,1,11,4,1,0
3339,9,20240403,2,19,H,2,0,3,13,4,1,0
3340,9,20240403,4,5,H,0,0,1,5,2,1,0
3341,9,20240403,20,3,H,4,1,3,25,11,1,0
3342,9,20240404,8,21,H,4,3,3,28,10,3,0
3343,9,20240404,18,26,H,3,1,3,29,9,0,0
3344,9,20240406,3,4,H,3,3,1,11,3,2,0
3345,9,20240406,5,2,H,0,3,0,10,2,1,0
3346,9,20240406,10,20,H,2,4,0,7,4,1,0
3347,9,20240406,11,6,H,1,0,3,12,3,2,0
3348,9,20240406,12,23,H,0,1,0,14,4,1,0
3349,9,20240406,19,1,H,2,1,3,19,9,0,0
3350,9,20240406,35,34,H,1,2,0,14,7,5,0
3351,9,20240407,21,18,H,2,2,1,9,5,5,0
3352,9,20240407,26,8,H,2,2,1,11,6,4,0
3353,9,20240407,31,25,H,3,1,3,17,7,2,0
3354,9,20240413,1,21,H,2,2,1,20,5,4,0
3355,9,20240413,4,26,H,2,0,3,9,5,3,0
3356,9,20240413,6,5,H,1,1,1,11,3,1,0
3357,9,20240413,20,19,H,5,1,3,33,13,1,0
3358,9,20240413,23,31,H,4,0,3,18,5,0,0
3359,9,20240413,25,35,H,2,2,1,18,9,2,0
3360,9,20240414,2,3,H,0,2,0,18,4,3,0
3361,9,20240414,18,10,H,0,1,0,21,6,1,0
3362,9,20240414,34,12,H,0,2,0,15,4,1,0
3363,9,20240415,8,11,H,6,0,3,14,10,1,0
3364,9,20240420,19,4,H,1,5,0,6,3,1,0
3365,9,20240420,26,6,H,1,4,0,18,11,1,0
3366,9,20240420,35,2,H,0,2,0,5,3,3,0
3367,9,20240421,3,1,H,3,1,3,14,4,1,0
3368,9,20240421,10,34,H,5,2,3,18,7,3,0
3369,9,20240421,11,25,H,2,0,3,7,4,3,0
3370,9,20240421,12,18,H,1,3,0,12,5,3,0
3371,9,20240423,2,8,H,5,0,3,27,10,2,0
3372,9,20240424,10,23,H,2,0,3,20,7,3,0
3373,9,20240424,11,18,H,2,0,3,16,6,0,0
3374,9,20240424,21,26,H,4,2,3,25,13,0,0
3375,9,20240424,35,1,H,0,1,0,15,4,4,0
3376,9,20240425,5,20,H,0,4,0,7,3,2,0
3377,9,20240427,3,8,H,2,2,1,9,4,3,0
3378,9,20240427,11,4,H,1,0,3,18,1,1,0
3379,9,20240427,12,10,H,1,1,1,9,2,0,0
3380,9,20240427,21,6,H,1,1,1,27,10,1,0
3381,9,20240427,23,26,H,5,1,3,20,7,0,0
3382,9,20240427,34,18,H,2,2,1,11,8,0,0
3383,9,20240427,35,19,H,2,1,3,13,5,3,0
3384,9,20240428,1,5,H,3,0,3,15,6,2,0
3385,9,20240428,25,20,H,0,2,0,14,2,0,0
3386,9,20240428,31,2,H,2,3,0,14,2,2,0
3387,9,20240502,8,31,H,2,0,3,16,5,0,0
3388,9,20240503,19,11,H,1,1,1,18,5,1,0
3389,9,20240504,2,1,H,3,0,3,25,9,2,0
3390,9,20240504,4,12,H,0,0,1,7,3,1,0
3391,9,20240504,6,23,H,1,4,0,17,5,2,0
3392,9,20240504,20,35,H,5,1,3,20,12,0,0
3393,9,20240504,26,25,H,1,3,0,17,5,0,1
3394,9,20240505,5,3,H,1,0,3,15,8,2,0
3395,9,20240505,8,34,H,5,0,3,25,14,1,0
3396,9,20240505,18,31,H,4,2,3,25,13,1,0
3397,9,20240506,10,21,H,4,0,3,18,10,1,0
3398,9,20240511,1,4,H,1,2,0,13,4,2,0
3399,9,20240511,11,26,H,1,0,3,15,6,1,0
3400,9,20240511,12,20,H,0,4,0,1,1,1,1
3401,9,20240511,23,5,H,1,1,1,18,7,3,0
3402,9,20240511,25,8,H,2,3,0,20,4,2,0
3403,9,20240511,31,6,H,2,1,3,21,9,3,0
3404,9,20240511,34,19,H,3,1,3,24,8,1,0
3405,9,20240511,35,10,H,1,3,0,13,7,3,0
3406,9,20240512,21,2,H,0,1,0,14,2,0,0
3407,9,20240513,3,18,H,3,3,1,19,5,1,0
3408,9,20240514,31,20,H,0,2,0,10,5,3,0
3409,9,20240515,5,8,H,1,2,0,12,2,2,0
3410,9,20240515,21,23,H,3,2,3,17,8,3,0
3411,9,20240519,2,11,H,2,1,3,26,5,4,0
3412,9,20240519,4,23,H,2,4,0,10,5,4,0
3413,9,20240519,5,21,H,0,2,0,17,3,1,0
3414,9,20240519,6,25,H,1,2,0,20,3,1,0
3415,9,20240519,8,1,H,2,1,3,16,6,2,0
3416,9,20240519,10,3,H,5,0,3,15,9,1,0
3417,9,20240519,18,35,H,2,0,3,36,14,1,0
3418,9,20240519,19,12,H,2,4,0,15,6,5,0
3419,9,20240519,20,34,H,3,1,3,28,12,0,0
3420,9,20240519,26,31,H,0,3,0,6,1,2,0
3421,10,20240816,21,12,H,1,0,3,14,5,2,0
3422,10,20240817,2,35,H,2,0,3,18,6,2,0
3423,10,20240817,11,5,H,0,3,0,9,1,1,1
3424,10,20240817,15,18,H,0,2,0,7,2,3,0
3425,10,20240817,23,27,H,1,0,3,3,1,2,1
3426,10,20240817,25,1,H,1,1,1,14,8,1,0
3427,10,20240817,34,3,H,1,2,0,14,3,1,0
3428,10,20240818,4,10,H,2,1,3,9,5,1,0
3429,10,20240818,8,20,H,0,2,0,10,3,1,0
3430,10,20240819,17,31,H,1,1,1,7,3,1,0
3431,10,20240824,3,2,H,0,2,0,11,3,1,0
3432,10,20240824,5,21,H,2,1,3,14,5,1,0
3433,10,20240824,10,34,H,0,2,0,14,2,1,0
3434,10,20240824,12,17,H,2,1,3,18,6,2,0
3435,10,20240824,20,15,H,4,1,3,14,5,2,0
3436,10,20240824,27,25,H,0,1,0,5,1,3,0
3437,10,20240824,31,11,H,4,0,3,13,7,0,0
3438,10,20240825,1,23,H,1,1,1,16,4,2,0
3439,10,20240825,18,4,H,2,0,3,19,8,2,0
3440,10,20240825,35,8,H,2,6,0,12,4,2,0
3441,10,20240831,2,5,H,1,1,1,11,7,3,1
3442,10,20240831,4,27,H,3,1,3,20,7,2,0
3443,10,20240831,11,1,H,2,3,0,18,8,2,0
3444,10,20240831,15,12,H,1,1,1,11,4,2,0
3445,10,20240831,17,3,H,1,2,0,9,3,4,0
3446,10,20240831,25,35,H,1,1,1,16,5,3,0
3447,10,20240831,34,20,H,1,3,0,10,2,3,0
3448,10,20240901,8,10,H,1,1,1,13,7,4,0
3449,10,20240901,21,18,H,0,3,0,8,3,4,0
3450,10,20240901,23,31,H,2,1,3,9,3,4,0
3451,10,20240914,1,8,H,0,1,0,19,7,6,0
3452,10,20240914,3,11,H,3,2,3,17,8,1,0
3453,10,20240914,5,15,H,0,0,1,21,6,4,0
3454,10,20240914,10,17,H,2,2,1,20,4,0,0
3455,10,20240914,12,34,H,1,1,1,21,5,2,0
3456,10,20240914,18,25,H,0,1,0,14,5,4,0
3457,10,20240914,20,4,H,2,1,3,18,7,3,0
3458,10,20240914,27,21,H,0,3,0,6,4,1,1
3459,10,20240915,31,2,H,0,1,0,15,5,5,0
3460,10,20240915,35,23,H,1,2,0,12,5,3,0
3461,10,20240921,3,35,H,3,1,3,9,4,3,0
3462,10,20240921,10,21,H,0,0,1,9,4,3,0
3463,10,20240921,12,23,H,3,1,3,22,11,6,0
3464,10,20240921,17,11,H,1,1,1,12,2,1,0
3465,10,20240921,18,1,H,3,0,3,19,13,1,0
3466,10,20240921,27,15,H,1,1,1,11,3,4,0
3467,10,20240921,31,4,H,3,1,3,23,10,3,0
3468,10,20240921,34,8,H,0,3,0,15,7,5,0
3469,10,20240922,5,25,H,2,2,1,14,3,3,0
3470,10,20240922,20,2,H,2,2,1,33,11,3,0
3471,10,20240928,2,17,H,4,2,3,36,16,2,0
3472,10,20240928,4,34,H,1,1,1,8,3,2,0
3473,10,20240928,8,5,H,4,2,3,15,7,3,0
3474,10,20240928,11,10,H,2,1,3,8,2,2,0
3475,10,20240928,23,20,H,1,1,1,11,4,4,0
3476,10,20240928,25,12,H,0,1,0,11,1,2,0
3477,10,20240928,35,18,H,1,2,0,8,3,2,0
3478,10,20240929,15,3,H,2,2,1,15,5,4,0
3479,10,20240929,21,31,H,0,3,0,11,2,5,1
3480,10,20240930,1,27,H,3,1,3,14,6,2,0
3481,10,20241005,2,27,H,3,1,3,29,6,0,0
3482,10,20241005,4,35,H,5,3,3,19,12,2,0
3483,10,20241005,10,18,H,0,1,0,9,5,4,0
3484,10,20241005,11,23,H,0,0,1,8,2,1,0
3485,10,20241005,17,1,H,1,0,3,6,2,4,0
3486,10,20241005,20,12,H,3,2,3,20,7,2,0
3487,10,20241005,34,15,H,4,1,3,23,13,0,0
3488,10,20241006,3,21,H,0,0,1,11,1,1,0
3489,10,20241006,5,31,H,3,2,3,11,4,2,0
3490,10,20241006,8,25,H,1,1,1,22,8,6,0
3491,10,20241019,1,2,H,2,0,3,13,4,1,0
3492,10,20241019,12,3,H,1,3,0,10,4,3,1
3493,10,20241019,15,11,H,0,2,0,13,2,1,0
3494,10,20241019,21,4,H,2,1,3,23,11,2,0
3495,10,20241019,23,5,H,0,1,0,21,6,2,0
3496,10,20241019,27,17,H,2,3,0,14,7,5,1
3497,10,20241019,31,34,H,4,1,3,22,7,1,0
3498,10,20241020,18,8,H,2,1,3,9,5,4,0
3499,10,20241020,35,20,H,1,2,0,3,2,4,0
3500,10,20241021,25,10,H,1,0,3,20,6,2,0
3501,10,20241025,17,25,H,1,3,0,11,1,5,0
3502,10,20241026,3,1,H,1,1,1,18,8,7,0
3503,10,20241026,4,15,H,4,3,3,20,9,0,0
3504,10,20241026,5,35,H,2,2,1,19,6,3,0
3505,10,20241026,11,12,H,1,1,1,10,5,1,0
3506,10,20241026,20,27,H,1,0,3,22,8,1,0
3507,10,20241027,2,18,H,2,2,1,9,3,2,0
3508,10,20241027,8,23,H,2,1,3,17,7,6,0
3509,10,20241027,10,31,H,1,0,3,14,6,4,0
3510,10,20241027,34,21,H,2,1,3,12,3,5,0
3511,10,20241102,1,20,H,2,1,3,12,6,2,0
3512,10,20241102,15,17,H,1,1,1,14,2,4,1
3513,10,20241102,18,5,H,2,1,3,16,8,1,0
3514,10,20241102,23,2,H,1,0,3,9,4,4,0
3515,10,20241102,25,34,H,3,0,3,19,6,1,0
3516,10,20241102,27,11,H,1,0,3,9,2,4,0
3517,10,20241102,35,10,H,2,2,1,11,6,1,0
3518,10,20241103,21,8,H,1,1,1,11,4,6,0
3519,10,20241103,31,3,H,4,1,3,16,6,2,0
3520,10,20241104,12,4,H,2,1,3,26,12,2,0
3521,10,20241109,4,1,H,3,2,3,12,6,2,0
3522,10,20241109,5,20,H,2,1,3,10,4,3,0
3523,10,20241109,10,12,H,0,2,0,13,5,1,1
3524,10,20241109,18,3,H,2,0,3,14,5,0,0
3525,10,20241109,34,11,H,0,0,1,11,6,1,0
3526,10,20241109,35,27,H,2,0,3,8,4,1,0
3527,10,20241110,8,2,H,1,1,1,17,3,4,0
3528,10,20241110,21,17,H,3,0,3,13,3,0,0
3529,10,20241110,25,23,H,1,3,0,9,3,1,0
3530,10,20241110,31,15,H,1,2,0,17,5,1,0
3531,10,20241123,1,5,H,1,2,0,19,5,2,0
3532,10,20241123,2,25,H,3,0,3,19,7,3,0
3533,10,20241123,3,10,H,2,2,1,17,5,3,0
3534,10,20241123,11,4,H,0,0,1,27,5,0,0
3535,10,20241123,12,35,H,1,4,0,10,3,3,0
3536,10,20241123,17,8,H,1,2,0,4,1,4,0
3537,10,20241123,20,31,H,0,4,0,23,5,4,0
3538,10,20241124,15,21,H,1,1,1,11,6,0,0
3539,10,20241124,27,18,H,2,3,0,7,5,3,0
3540,10,20241125,23,34,H,0,2,0,18,2,1,0
3541,10,20241129,5,27,H,1,1,1,22,5,2,0
3542,10,20241130,4,17,H,4,1,3,13,6,1,0
3543,10,20241130,10,23,H,1,1,1,16,4,3,0
3544,10,20241130,25,15,H,1,0,3,12,5,1,0
3545,10,20241130,34,2,H,2,5,0,12,5,4,0
3546,10,20241130,35,1,H,2,4,0,10,3,4,0
3547,10,20241201,8,3,H,3,0,3,17,8,2,0
3548,10,20241201,18,20,H,2,0,3,18,7,1,0
3549,10,20241201,21,11,H,4,0,3,11,5,2,0
3550,10,20241201,31,12,H,1,1,1,8,3,0,0
3551,10,20241203,15,10,H,0,1,0,9,2,2,0
3552,10,20241203,17,34,H,3,1,3,8,6,2,0
3553,10,20241204,2,21,H,2,0,3,14,6,1,0
3554,10,20241204,3,4,H,3,1,3,20,10,2,0
3555,10,20241204,11,35,H,4,0,3,13,4,2,0
3556,10,20241204,20,25,H,3,0,3,17,7,2,0
3557,10,20241204,23,18,H,3,3,1,17,6,2,0
3558,10,20241204,27,8,H,1,5,0,6,4,1,1
3559,10,20241205,1,31,H,1,0,3,21,8,2,0
3560,10,20241205,12,5,H,3,1,3,6,2,2,0
3561,10,20241207,3,27,H,1,0,3,18,5,1,0
3562,10,20241207,4,23,H,4,2,3,11,8,3,0
3563,10,20241207,10,20,H,2,2,1,12,3,1,0
3564,10,20241207,21,25,H,2,3,0,17,7,0,0
3565,10,20241208,12,2,H,1,1,1,2,2,4,0
3566,10,20241208,15,1,H,1,2,0,18,5,2,0
3567,10,20241208,17,5,H,2,2,1,10,3,1,0
3568,10,20241208,31,8,H,3,4,0,13,5,2,0
3569,10,20241209,34,35,H,2,1,3,19,4,5,0
3570,10,20241214,2,11,H,0,0,1,13,5,0,0
3571,10,20241214,18,12,H,2,2,1,16,4,3,1
3572,10,20241214,23,17,H,4,0,3,27,11,3,0
3573,10,20241214,25,3,H,2,1,3,17,6,0,0
3574,10,20241214,35,15,H,1,2,0,16,6,0,1
3575,10,20241215,5,10,H,1,3,0,17,5,1,0
3576,10,20241215,8,4,H,2,1,3,26,8,0,1
3577,10,20241215,20,21,H,1,2,0,10,3,1,0
3578,10,20241215,27,31,H,0,5,0,9,3,1,0
3579,10,20241216,1,34,H,1,1,1,29,9,0,0
3580,10,20241221,3,20,H,2,1,3,11,6,3,0
3581,10,20241221,4,25,H,0,2,0,7,3,3,0
3582,10,20241221,10,2,H,1,5,0,15,6,2,0
3583,10,20241221,15,23,H,0,4,0,10,2,2,0
3584,10,20241221,34,5,H,1,1,1,11,4,2,0
3585,10,20241222,11,8,H,0,0,1,5,4,4,0
3586,10,20241222,12,27,H,0,0,1,16,5,1,0
3587,10,20241222,17,35,H,0,3,0,9,5,2,0
3588,10,20241222,21,1,H,0,3,0,23,7,1,0
3589,10,20241222,31,18,H,3,6,0,9,5,1,0
3590,10,20241226,1,10,H,0,0,1,18,4,2,0
3591,10,20241226,8,12,H,1,2,0,12,8,1,0
3592,10,20241226,18,17,H,3,1,3,19,7,3,0
3593,10,20241226,20,11,H,1,1,1,24,5,1,0
3594,10,20241226,23,3,H,3,0,3,22,8,2,0
3595,10,20241226,25,31,H,1,0,3,10,3,3,0
3596,10,20241226,27,34,H,0,1,0,18,5,1,0
3597,10,20241226,35,21,H,2,0,3,7,4,2,0
3598,10,20241227,2,15,H,1,0,3,13,5,1,0
3599,10,20241227,5,4,H,0,0,1,24,7,0,0
3600,10,20241229,10,27,H,2,1,3,19,10,2,0
3601,10,20241229,11,25,H,0,2,0,13,2,4,0
3602,10,20241229,12,1,H,2,2,1,11,6,1,0
3603,10,20241229,17,20,H,0,2,0,11,4,2,0
3604,10,20241229,31,35,H,2,2,1,13,3,1,0
3605,10,20241229,34,18,H,0,5,0,7,0,0,0
3606,10,20241230,3,5,H,2,2,1,20,4,2,0
3607,10,20241230,15,8,H,2,0,3,9,6,4,0
3608,10,20241230,21,23,H,0,2,0,10,0,1,0
3609,10,20250101,4,2,H,1,3,0,5,2,1,0
3610,10,20250104,1,11,H,1,0,3,19,8,2,0
3611,10,20250104,3,17,H,2,1,3,13,5,0,0
3612,10,20250104,5,2,H,1,1,1,11,4,2,0
3613,10,20250104,10,8,H,1,1,1,13,6,0,0
3614,10,20250104,20,34,H,4,1,3,10,7,2,0
3615,10,20250104,27,4,H,0,5,0,8,1,2,0
3616,10,20250104,31,23,H,1,2,0,13,4,1,0
3617,10,20250105,12,15,H,2,2,1,15,4,1,0
3618,10,20250105,18,21,H,2,2,1,19,6,2,0
3619,10,20250106,35,25,H,0,3,0,13,6,1,0
3620,10,20250114,4,20,H,2,2,1,18,6,0,0
3621,10,20250114,8,1,H,2,2,1,26,10,2,0
3622,10,20250114,25,18,H,1,1,1,6,3,2,0
3623,10,20250114,34,12,H,3,2,3,4,3,3,0
3624,10,20250115,2,31,H,2,1,3,14,4,3,0
3625,10,20250115,11,3,H,0,1,0,10,3,2,0
3626,10,20250115,17,10,H,0,2,0,21,4,0,0
3627,10,20250115,23,35,H,3,0,3,17,5,0,0
3628,10,20250116,15,5,H,0,2,0,5,3,2,0
3629,10,20250116,21,27,H,3,1,3,23,9,1,0
3630,10,20250118,2,3,H,2,2,1,18,6,2,0
3631,10,20250118,4,18,H,0,2,0,11,6,2,0
3632,10,20250118,17,12,H,0,2,0,8,4,3,0
3633,10,20250118,23,1,H,1,4,0,13,5,1,0
3634,10,20250118,34,10,H,0,2,0,7,0,1,1
3635,10,20250119,11,31,H,3,2,3,12,6,2,0
3636,10,20250119,15,20,H,0,6,0,8,4,0,0
3637,10,20250119,21,5,H,1,3,0,10,1,3,0
3638,10,20250119,25,27,H,3,2,3,14,5,0,0
3639,10,20250120,8,35,H,3,1,3,19,7,4,0
3640,10,20250125,1,25,H,5,0,3,16,10,2,0
3641,10,20250125,5,11,H,0,1,0,16,1,3,0
3642,10,20250125,18,15,H,4,1,3,16,6,0,0
3643,10,20250125,20,8,H,3,1,3,15,6,3,0
3644,10,20250125,27,23,H,1,3,0,12,5,1,0
3645,10,20250125,35,2,H,0,1,0,9,4,0,1
3646,10,20250126,3,34,H,1,1,1,14,4,2,0
3647,10,20250126,10,4,H,1,2,0,16,5,2,0
3648,10,20250126,12,21,H,0,1,0,9,3,0,0
3649,10,20250126,31,17,H,1,2,0,15,6,1,0
3650,10,20250201,1,18,H,0,2,0,14,3,2,0
3651,10,20250201,11,17,H,4,0,3,13,7,0,0
3652,10,20250201,15,27,H,1,2,0,15,6,0,0
3653,10,20250201,23,12,H,1,2,0,11,4,4,0
3654,10,20250201,25,5,H,7,0,3,14,9,1,0
3655,10,20250201,35,3,H,2,0,3,8,5,2,0
3656,10,20250202,2,20,H,5,1,3,12,7,2,0
3657,10,20250202,4,31,H,0,2,0,20,4,0,0
3658,10,20250202,21,10,H,0,2,0,17,2,3,0
3659,10,20250203,8,34,H,2,1,3,22,3,3,0
3660,10,20250212,11,18,H,2,2,1,10,3,2,1
3661,10,20250214,5,8,H,3,0,3,13,5,1,0
3662,10,20250215,3,15,H,1,1,1,25,6,0,0
3663,10,20250215,10,11,H,1,2,0,17,6,0,0
3664,10,20250215,12,25,H,2,1,3,24,10,0,0
3665,10,20250215,17,2,H,0,2,0,6,2,2,0
3666,10,20250215,20,23,H,4,0,3,11,7,0,0
3667,10,20250215,27,1,H,1,3,0,11,4,1,0
3668,10,20250215,34,4,H,0,1,0,13,3,1,0
3669,10,20250216,18,35,H,2,1,3,10,3,2,0
3670,10,20250216,31,21,H,1,0,3,22,7,1,0
3671,10,20250219,3,18,H,2,2,1,9,4,1,0
3672,10,20250221,17,4,H,0,4,0,8,3,4,0
3673,10,20250222,1,35,H,0,1,0,8,3,3,1
3674,10,20250222,2,34,H,0,1,0,20,2,1,1
3675,10,20250222,3,8,H,2,1,3,12,6,1,0
3676,10,20250222,11,21,H,2,2,1,9,8,4,0
3677,10,20250222,12,10,H,0,2,0,10,0,1,0
3678,10,20250222,15,31,H,1,4,0,17,5,2,0
3679,10,20250222,27,5,H,0,4,0,6,1,2,0
3680,10,20250223,20,18,H,0,2,0,16,5,0,0
3681,10,20250223,23,25,H,4,3,3,13,5,1,0
3682,10,20250225,5,1,H,2,1,3,11,4,2,0
3683,10,20250225,8,27,H,4,0,3,19,10,1,0
3684,10,20250225,10,3,H,4,1,3,19,6,3,0
3685,10,20250225,35,12,H,1,2,0,18,5,1,0
3686,10,20250226,4,11,H,1,1,1,12,3,2,0
3687,10,20250226,18,23,H,2,0,3,12,3,0,0
3688,10,20250226,21,15,H,3,2,3,10,6,4,1
3689,10,20250226,25,2,H,0,0,1,6,2,1,0
3690,10,20250226,31,20,H,0,1,0,11,6,3,0
3691,10,20250227,34,17,H,2,0,3,8,2,0,0
3692,10,20250308,4,3,H,0,1,0,13,3,2,0
3693,10,20250308,5,12,H,2,1,3,9,4,0,0
3694,10,20250308,10,15,H,1,0,3,19,4,4,0
3695,10,20250308,18,27,H,3,1,3,28,7,2,0
3696,10,20250308,25,20,H,1,0,3,9,4,3,0
3697,10,20250308,35,11,H,1,1,1,11,3,2,0
3698,10,20250309,8,17,H,1,0,3,20,7,1,0
3699,10,20250309,21,2,H,1,1,1,10,6,0,0
3700,10,20250309,31,1,H,2,2,1,12,4,3,0
3701,10,20250310,34,23,H,0,1,0,9,2,0,0
3702,10,20250315,1,4,H,1,2,0,17,5,3,0
3703,10,20250315,11,34,H,1,1,1,13,5,1,0
3704,10,20250315,15,25,H,2,4,0,11,4,1,0
3705,10,20250315,20,5,H,2,2,1,11,3,2,0
3706,10,20250315,27,35,H,1,2,0,10,3,0,0
3707,10,20250316,2,8,H,1,0,3,12,4,3,0
3708,10,20250316,12,31,H,2,0,3,13,4,0,0
3709,10,20250316,17,21,H,0,3,0,11,3,2,0
3710,10,20250401,2,12,H,2,1,3,17,4,1,0
3711,10,20250401,25,21,H,1,0,3,8,2,1,0
3712,10,20250401,35,34,H,1,0,3,9,2,4,0
3713,10,20250402,1,15,H,1,2,0,24,7,1,0
3714,10,20250402,5,3,H,0,3,0,11,4,1,0
3715,10,20250402,18,11,H,1,0,3,17,3,2,0
3716,10,20250402,20,17,H,2,0,3,18,5,1,0
3717,10,20250402,23,4,H,2,1,3,21,4,1,0
3718,10,20250402,27,10,H,1,1,1,8,2,2,0
3719,10,20250403,8,31,H,1,0,3,11,5,5,0
3720,10,20250405,3,25,H,2,1,3,17,8,2,0
3721,10,20250405,10,5,H,2,1,3,8,3,0,2
3722,10,20250405,11,2,H,1,1,1,5,2,3,0
3723,10,20250405,15,35,H,1,2,0,6,2,2,0
3724,10,20250405,34,1,H,2,2,1,9,3,2,0
3725,10,20250406,4,8,H,0,0,1,9,2,1,0
3726,10,20250406,12,18,H,3,2,3,12,6,3,0
3727,10,20250406,21,20,H,0,0,1,13,2,3,0
3728,10,20250406,31,27,H,3,1,3,13,8,1,0
3729,10,20250407,17,23,H,0,3,0,7,2,2,0
3730,10,20250412,2,4,H,1,1,1,14,3,1,0
3731,10,20250412,5,17,H,2,2,1,21,7,2,0
3732,10,20250412,20,10,H,5,2,3,21,9,2,0
3733,10,20250412,25,11,H,0,1,0,10,5,0,0
3734,10,20250412,27,3,H,0,3,0,7,2,3,0
3735,10,20250413,8,15,H,2,2,1,34,9,2,0
3736,10,20250413,18,34,H,2,1,3,15,6,0,0
3737,10,20250413,23,21,H,4,1,3,13,6,0,0
3738,10,20250413,35,31,H,4,2,3,13,5,1,0
3739,10,20250414,1,12,H,1,0,3,12,3,3,0
3740,10,20250416,23,10,H,5,0,3,14,7,2,0
3741,10,20250419,3,23,H,4,1,3,23,9,1,0
3742,10,20250419,4,5,H,4,2,3,16,8,3,0
3743,10,20250419,10,1,H,0,0,1,5,0,3,1
3744,10,20250419,11,20,H,0,2,0,8,3,4,0
3745,10,20250419,34,27,H,1,1,1,12,4,2,0
3746,10,20250420,12,8,H,1,2,0,6,1,1,0
3747,10,20250420,15,2,H,0,4,0,4,0,0,1
3748,10,20250420,17,18,H,0,1,0,5,0,1,0
3749,10,20250420,21,35,H,0,1,0,12,2,2,0
3750,10,20250421,31,25,H,1,2,0,22,6,1,0
3751,10,20250422,20,3,H,2,1,3,14,6,3,0
3752,10,20250423,2,10,H,2,2,1,12,6,1,0
3753,10,20250426,5,34,H,3,2,3,16,9,1,0
3754,10,20250426,8,11,H,1,0,3,10,7,0,0
3755,10,20250426,23,15,H,3,0,3,25,5,1,0
3756,10,20250426,27,12,H,1,2,0,7,3,1,0
3757,10,20250426,35,17,H,3,0,3,20,6,1,0
3758,10,20250427,1,21,H,1,1,1,8,1,4,1
3759,10,20250427,18,31,H,5,1,3,25,8,2,0
3760,10,20250501,25,4,H,0,2,0,14,5,3,0
3761,10,20250502,20,35,H,1,0,3,9,2,0,0
3762,10,20250503,2,1,H,1,2,0,13,4,0,0
3763,10,20250503,3,12,H,1,0,3,10,3,0,0
3764,10,20250503,11,15,H,2,2,1,8,3,4,0
3765,10,20250503,17,27,H,2,0,3,14,4,1,0
3766,10,20250504,4,21,H,4,3,3,12,6,0,0
3767,10,20250504,5,23,H,1,1,1,5,2,2,0
3768,10,20250504,8,18,H,3,1,3,17,7,2,0
3769,10,20250504,34,31,H,1,1,1,11,2,2,0
3770,10,20250505,10,25,H,1,1,1,20,3,3,0
3771,10,20250510,1,3,H,0,1,0,10,4,4,0
3772,10,20250510,12,11,H,1,3,0,18,6,1,0
3773,10,20250510,15,4,H,0,1,0,11,4,2,0
3774,10,20250510,27,20,H,0,0,1,2,0,2,0
3775,10,20250510,35,5,H,0,2,0,10,3,1,0
3776,10,20250511,18,2,H,2,2,1,14,5,1,0
3777,10,20250511,21,34,H,0,2,0,20,5,0,0
3778,10,20250511,23,8,H,2,0,3,15,6,4,0
3779,10,20250511,25,17,H,2,2,1,15,4,3,0
3780,10,20250511,31,10,H,0,2,0,8,1,1,0
3781,10,20250516,3,31,H,2,0,3,18,7,1,0
3782,10,20250516,8,21,H,1,0,3,11,3,1,0
3783,10,20250518,2,23,H,1,0,3,12,4,3,0
3784,10,20250518,4,12,H,2,3,0,11,6,4,0
3785,10,20250518,11,27,H,2,0,3,13,5,1,0
3786,10,20250518,17,15,H,2,0,3,9,3,1,0
3787,10,20250518,34,25,H,1,2,0,16,5,6,0
3788,10,20250519,5,18,H,3,2,3,25,12,1,0
3789,10,20250520,10,35,H,4,2,3,14,10,1,0
3790,10,20250520,20,1,H,3,1,3,12,5,1,1
3791,10,20250525,1,17,H,2,0,3,20,7,0,0
3792,10,20250525,12,20,H,0,2,0,13,3,0,0
3793,10,20250525,15,34,H,1,3,0,14,4,1,0
3794,10,20250525,18,10,H,1,1,1,14,3,1,1
3795,10,20250525,21,3,H,2,0,3,25,10,2,0
3796,10,20250525,23,11,H,0,1,0,17,6,1,0
3797,10,20250525,25,8,H,0,1,0,10,2,2,0
3798,10,20250525,27,2,H,1,2,0,7,2,0,0
3799,10,20250525,31,5,H,1,4,0,4,2,3,0
3800,10,20250525,35,4,H,1,1,1,18,6,2,0
3801,11,20250815,18,1,H,4,2,3,19,10,1,0
3802,11,20250816,3,23,H,0,0,1,3,3,1,1
3803,11,20250816,5,12,H,1,1,1,10,4,3,0
3804,11,20250816,29,34,H,3,0,3,10,5,0,0
3805,11,20250816,31,6,H,3,0,3,16,6,0,0
3806,11,20250816,35,20,H,0,4,0,9,3,1,0
3807,11,20250817,8,10,H,0,0,1,19,3,2,0
3808,11,20250817,21,2,H,0,1,0,22,7,1,0
3809,11,20250817,25,4,H,3,1,3,11,5,1,0
3810,11,20250818,16,11,H,1,0,3,21,3,0,0
3811,11,20250822,34,8,H,1,5,0,12,4,0,0
3812,11,20250823,1,35,H,1,0,3,14,4,2,0
3813,11,20250823,2,16,H,5,0,3,18,5,0,0
3814,11,20250823,4,3,H,1,0,3,9,2,1,0
3815,11,20250823,6,29,H,2,0,3,7,2,0,0
3816,11,20250823,20,31,H,0,2,0,10,4,1,0
3817,11,20250824,10,25,H,1,1,1,8,4,3,0
3818,11,20250824,11,5,H,2,0,3,11,3,4,0
3819,11,20250824,12,21,H,1,1,1,13,4,1,0
3820,11,20250825,23,18,H,2,3,0,10,3,2,1
3821,11,20250830,8,12,H,2,0,3,13,6,2,0
3822,11,20250830,16,23,H,0,0,1,10,1,1,0
3823,11,20250830,21,6,H,3,2,3,26,6,1,0
3824,11,20250830,29,4,H,2,1,3,12,3,3,0
3825,11,20250830,31,1,H,0,1,0,5,1,2,0
3826,11,20250830,35,11,H,2,3,0,12,4,0,0
3827,11,20250831,3,10,H,0,3,0,13,4,2,0
3828,11,20250831,5,20,H,2,1,3,12,7,2,0
3829,11,20250831,18,2,H,1,0,3,9,3,2,0
3830,11,20250831,25,34,H,0,3,0,11,3,0,0
3831,11,20250913,1,5,H,2,1,3,13,5,4,0
3832,11,20250913,2,25,H,3,0,3,16,5,1,0
3833,11,20250913,4,8,H,2,2,1,7,4,3,0
3834,11,20250913,10,29,H,0,0,1,14,6,1,0
3835,11,20250913,11,3,H,0,0,1,20,2,3,0
3836,11,20250913,12,16,H,1,0,3,5,3,1,0
3837,11,20250913,23,35,H,1,0,3,16,4,1,0
3838,11,20250913,34,31,H,0,3,0,7,4,0,1
3839,11,20250914,6,18,H,0,1,0,3,0,0,0
3840,11,20250914,20,21,H,3,0,3,13,6,0,0
3841,11,20250920,5,31,H,2,2,1,12,4,1,0
3842,11,20250920,6,25,H,1,1,1,12,5,1,0
3843,11,20250920,12,4,H,3,1,3,14,3,4,0
3844,11,20250920,18,11,H,2,1,3,11,3,2,0
3845,11,20250920,21,8,H,2,1,3,11,4,0,1
3846,11,20250920,34,10,H,1,2,0,8,3,3,0
3847,11,20250920,35,16,H,1,3,0,16,6,1,0
3848,11,20250921,1,23,H,0,0,1,11,2,2,0
3849,11,20250921,2,20,H,1,1,1,12,3,1,0
3850,11,20250921,29,3,H,1,1,1,14,4,2,1
3851,11,20250927,4,21,H,3,1,3,10,8,2,0
3852,11,20250927,8,5,H,1,3,0,13,3,3,1
3853,11,20250927,10,18,H,2,1,3,16,7,1,0
3854,11,20250927,16,1,H,2,2,1,19,8,2,0
3855,11,20250927,20,6,H,5,1,3,21,8,1,0
3856,11,20250927,25,29,H,0,1,0,22,6,4,0
3857,11,20250927,31,35,H,1,1,1,10,3,3,0
3858,11,20250928,3,12,H,3,1,3,9,4,1,0
3859,11,20250928,23,2,H,1,2,0,8,3,2,0
3860,11,20250929,11,34,H,1,1,1,12,6,3,0
3861,11,20251003,1,12,H,3,1,3,11,6,0,0
3862,11,20251004,2,34,H,2,0,3,21,5,0,0
3863,11,20251004,8,18,H,2,1,3,12,6,0,0
3864,11,20251004,16,31,H,1,2,0,16,4,2,0
3865,11,20251004,21,29,H,2,0,3,15,6,1,0
3866,11,20251005,3,6,H,2,1,3,15,7,3,0
3867,11,20251005,4,20,H,0,1,0,6,1,3,0
3868,11,20251005,11,10,H,2,1,3,14,7,2,0
3869,11,20251005,23,25,H,2,0,3,18,9,0,0
3870,11,20251005,35,5,H,1,1,1,6,3,2,0
3871,11,20251018,5,23,H,2,1,3,13,5,0,0
3872,11,20251018,6,16,H,2,0,3,4,3,2,0
3873,11,20251018,10,1,H,3,3,1,20,7,1,0
3874,11,20251018,12,2,H,0,1,0,9,0,0,0
3875,11,20251018,20,11,H,2,0,3,19,7,0,0
3876,11,20251018,25,8,H,0,3,0,12,2,2,0
3877,11,20251018,29,35,H,2,0,3,8,2,0,0
3878,11,20251019,18,21,H,1,2,0,19,6,0,0
3879,11,20251019,31,3,H,1,2,0,9,3,2,0
3880,11,20251020,34,4,H,0,2,0,7,1,1,0
3881,11,20251024,16,34,H,2,1,3,13,5,3,0
3882,11,20251025,4,18,H,3,2,3,17,8,3,0
3883,11,20251025,8,29,H,1,2,0,16,7,1,0
3884,11,20251025,21,5,H,4,2,3,13,9,2,0
3885,11,20251025,23,12,H,2,1,3,18,7,0,0
3886,11,20251026,1,25,H,2,0,3,13,5,3,0
3887,11,20251026,2,10,H,1,0,3,10,3,0,0
3888,11,20251026,3,20,H,1,0,3,9,3,1,0
3889,11,20251026,11,31,H,0,3,0,12,2,2,0
3890,11,20251026,35,6,H,2,3,0,15,7,1,0
3891,11,20251101,5,16,H,3,0,3,14,7,0,0
3892,11,20251101,6,2,H,0,2,0,3,0,2,0
3893,11,20251101,10,4,H,2,0,3,9,2,0,0
3894,11,20251101,12,35,H,3,0,3,19,6,1,0
3895,11,20251101,18,3,H,2,0,3,16,4,2,0
3896,11,20251101,25,21,H,2,2,1,17,3,1,0
3897,11,20251101,31,8,H,0,1,0,3,1,4,0
3898,11,20251102,20,1,H,3,1,3,15,8,2,0
3899,11,20251102,34,23,H,3,1,3,15,9,1,0
3900,11,20251103,29,11,H,1,1,1,17,3,3,0
3901,11,20251108,8,35,H,3,0,3,20,8,1,0
3902,11,20251108,11,12,H,2,0,3,14,5,2,0
3903,11,20251108,29,2,H,2,2,1,6,2,2,0
3904,11,20251108,31,21,H,2,2,1,10,4,5,0
3905,11,20251108,34,6,H,3,2,3,15,6,2,0
3906,11,20251109,3,1,H,4,0,3,16,8,2,0
3907,11,20251109,4,23,H,3,1,3,15,7,2,0
3908,11,20251109,10,5,H,0,0,1,10,2,1,0
3909,11,20251109,20,18,H,3,0,3,14,6,2,0
3910,11,20251109,25,16,H,3,1,3,14,6,2,0
3911,11,20251122,1,34,H,2,2,1,28,10,3,0
3912,11,20251122,5,4,H,2,1,3,14,5,4,0
3913,11,20251122,6,8,H,0,2,0,8,2,2,0
3914,11,20251122,12,29,H,1,0,3,24,6,3,0
3915,11,20251122,18,25,H,0,3,0,21,4,2,0
3916,11,20251122,23,20,H,2,1,3,9,5,1,0
3917,11,20251122,35,10,H,0,2,0,8,1,2,0
3918,11,20251123,2,31,H,4,1,3,17,8,1,0
3919,11,20251123,16,3,H,1,2,0,14,5,5,0
3920,11,20251124,21,11,H,0,1,0,25,6,2,0
3921,11,20251129,4,6,H,3,1,3,14,4,0,0
3922,11,20251129,11,23,H,1,4,0,10,2,0,0
3923,11,20251129,20,16,H,3,2,3,18,9,4,0
3924,11,20251129,29,1,H,3,2,3,12,6,5,0
3925,11,20251129,31,12,H,1,2,0,14,2,3,0
3926,11,20251130,3,35,H,1,0,3,16,6,0,0
3927,11,20251130,8,2,H,1,1,1,11,4,1,1
3928,11,20251130,10,21,H,1,2,0,14,3,3,0
3929,11,20251130,25,5,H,0,2,0,19,3,0,0
3930,11,20251130,34,18,H,0,2,0,7,0,1,1
3931,11,20251202,1,11,H,0,1,0,5,2,3,0
3932,11,20251202,12,20,H,4,5,0,12,6,0,0
3933,11,20251202,23,31,H,2,2,1,19,7,0,0
3934,11,20251203,2,4,H,2,0,3,15,7,0,0
3935,11,20251203,5,3,H,3,4,0,16,7,2,0
3936,11,20251203,6,10,H,0,1,0,11,4,0,0
3937,11,20251203,16,8,H,3,1,3,17,5,1,0
3938,11,20251203,18,29,H,1,1,1,23,4,1,0
3939,11,20251203,35,25,H,0,1,0,5,1,2,0
3940,11,20251204,21,34,H,1,1,1,17,4,2,0
3941,11,20251206,1,8,H,0,0,1,13,5,0,0
3942,11,20251206,3,2,H,2,1,3,15,6,0,0
3943,11,20251206,11,25,H,3,0,3,11,5,4,0
3944,11,20251206,16,18,H,3,3,1,12,5,3,0
3945,11,20251206,20,29,H,3,0,3,18,6,1,0
3946,11,20251206,23,6,H,2,1,3,17,7,2,0
3947,11,20251206,31,4,H,2,0,3,15,7,3,0
3948,11,20251207,5,34,H,1,1,1,22,4,2,0
3949,11,20251207,12,10,H,1,2,0,12,4,0,0
3950,11,20251208,35,21,H,1,4,0,8,2,3,0
3951,11,20251213,2,35,H,2,1,3,16,2,0,0
3952,11,20251213,6,12,H,2,3,0,16,8,1,0
3953,11,20251213,8,11,H,2,0,3,17,5,1,0
3954,11,20251213,18,5,H,2,0,3,18,4,1,0
3955,11,20251214,4,16,H,1,1,1,7,2,0,0
3956,11,20251214,10,20,H,0,3,0,16,4,2,0
3957,11,20251214,25,31,H,3,0,3,15,6,1,0
3958,11,20251214,29,23,H,1,0,3,5,1,5,0
3959,11,20251214,34,3,H,2,3,0,10,3,1,0
3960,11,20251215,21,1,H,4,4,1,25,9,2,0
3961,11,20251220,1,6,H,1,1,1,16,1,1,0
3962,11,20251220,5,29,H,0,0,1,16,4,2,0
3963,11,20251220,11,2,H,0,1,0,5,1,2,0
3964,11,20251220,16,10,H,4,1,3,20,8,1,0
3965,11,20251220,20,34,H,3,0,3,17,8,1,0
3966,11,20251220,23,8,H,2,2,1,11,5,3,0
3967,11,20251220,31,18,H,1,2,0,15,4,3,2
3968,11,20251220,35,4,H,0,2,0,9,2,2,0
3969,11,20251221,3,21,H,2,1,3,12,4,1,0
3970,11,20251222,12,25,H,1,0,3,11,1,5,0
3971,11,20251226,21,23,H,1,0,3,10,4,2,0
3972,11,20251227,2,5,H,2,1,3,24,6,2,0
3973,11,20251227,4,1,H,4,1,3,15,7,2,0
3974,11,20251227,6,11,H,0,0,1,16,0,0,0
3975,11,20251227,8,3,H,1,2,0,14,3,5,0
3976,11,20251227,18,35,H,2,1,3,14,4,0,0
3977,11,20251227,25,20,H,1,2,0,7,2,1,0
3978,11,20251227,34,12,H,0,1,0,11,2,1,0
3979,11,20251228,10,31,H,0,1,0,15,2,3,0
3980,11,20251228,29,16,H,1,1,1,8,3,1,0
3981,11,20251230,2,3,H,4,1,3,22,7,2,0
3982,11,20251230,6,23,H,1,3,0,15,4,2,0
3983,11,20251230,8,1,H,2,2,1,17,3,1,0
3984,11,20251230,21,35,H,1,1,1,15,6,0,0
3985,11,20251230,25,11,H,0,2,0,21,6,1,0
3986,11,20251230,34,5,H,2,2,1,10,4,3,0
3987,11,20260101,4,31,H,0,0,1,7,2,1,0
3988,11,20260101,10,12,H,1,1,1,11,2,0,0
3989,11,20260101,18,16,H,0,0,1,19,4,0,0
3990,11,20260101,29,20,H,0,0,1,10,4,1,0
3991,11,20260103,1,2,H,2,3,0,15,3,3,0
3992,11,20260103,3,25,H,3,1,3,11,4,1,0
3993,11,20260103,5,6,H,2,0,3,15,4,0,0
3994,11,20260103,35,34,H,3,0,3,11,8,1,0
3995,11,20260104,11,4,H,2,4,0,14,6,0,0
3996,11,20260104,12,18,H,2,2,1,8,2,1,0
3997,11,20260104,16,21,H,1,1,1,11,3,0,0
3998,11,20260104,20,8,H,1,1,1,14,3,3,0
3999,11,20260104,23,10,H,2,0,3,12,7,1,0
4000,11,20260104,31,29,H,1,1,1,13,5,2,0
4001,11,20260106,34,25,H,1,2,0,14,3,3,0
4002,11,20260107,1,31,H,3,2,3,11,3,3,0
4003,11,20260107,4,29,H,3,0,3,18,6,2,0
4004,11,20260107,6,21,H,2,2,1,7,1,2,0
4005,11,20260107,10,3,H,0,0,1,11,5,2,0
4006,11,20260107,11,35,H,1,1,1,13,2,1,2
4007,11,20260107,12,8,H,2,1,3,16,5,3,0
4008,11,20260107,20,5,H,1,1,1,22,6,1,0
4009,11,20260107,23,16,H,4,3,3,18,8,3,0
4010,11,20260108,2,18,H,0,0,1,9,4,2,0
4011,11,20260117,8,4,H,2,0,3,6,2,3,0
4012,11,20260117,16,12,H,1,0,3,14,5,1,0
4013,11,20260117,18,6,H,1,1,1,32,11,1,0
4014,11,20260117,21,20,H,2,0,3,11,7,2,0
4015,11,20260117,25,2,H,0,0,1,6,0,1,0
4016,11,20260117,29,10,H,2,1,3,13,7,3,0
4017,11,20260117,31,34,H,1,2,0,21,6,5,0
4018,11,20260118,3,11,H,0,1,0,18,5,1,0
4019,11,20260118,35,23,H,0,0,1,6,2,2,0
4020,11,20260119,5,1,H,1,1,1,17,5,2,0
4021,11,20260124,1,18,H,3,2,3,12,5,1,0
4022,11,20260124,6,31,H,2,2,1,9,4,1,0
4023,11,20260124,12,5,H,2,1,3,12,4,1,0
4024,11,20260124,20,35,H,2,0,3,11,4,1,0
4025,11,20260124,34,29,H,3,1,3,13,5,2,0
4026,11,20260125,2,21,H,2,3,0,15,4,2,0
4027,11,20260125,4,25,H,0,2,0,10,1,1,0
4028,11,20260125,10,8,H,1,3,0,13,7,2,1
4029,11,20260125,23,3,H,0,2,0,15,4,1,0
4030,11,20260126,11,16,H,1,1,1,10,3,0,0
4031,11,20260131,5,11,H,1,1,1,11,2,1,0
4032,11,20260131,8,34,H,3,2,3,14,6,3,0
4033,11,20260131,16,2,H,0,4,0,3,1,1,0
4034,11,20260131,18,23,H,4,1,3,17,7,1,0
4035,11,20260131,35,1,H,0,2,0,17,7,3,0
4036,11,20260201,3,4,H,0,1,0,27,5,0,0
4037,11,20260201,21,12,H,3,2,3,13,6,2,0
4038,11,20260201,25,10,H,1,1,1,9,1,1,0
4039,11,20260201,31,20,H,2,2,1,12,6,3,0
4040,11,20260202,29,6,H,3,0,3,14,5,1,0
4041,11,20260206,16,25,H,3,1,3,14,5,1,0
4042,11,20260207,1,3,H,1,1,1,20,9,1,0
4043,11,20260207,2,29,H,3,0,3,16,5,1,0
4044,11,20260207,6,34,H,0,2,0,18,5,3,0
4045,11,20260207,12,11,H,1,2,0,13,3,1,0
4046,11,20260207,21,31,H,2,0,3,23,10,1,0
4047,11,20260207,23,4,H,2,3,0,16,4,2,0
4048,11,20260207,35,8,H,1,3,0,11,3,1,0
4049,11,20260208,5,10,H,0,1,0,7,2,1,0
4050,11,20260208,18,20,H,1,2,0,15,4,2,1
4051,11,20260210,8,16,H,2,2,1,19,4,4,0
4052,11,20260210,11,1,H,1,2,0,16,6,1,1
4053,11,20260210,31,23,H,1,2,0,16,2,3,0
4054,11,20260210,34,21,H,1,1,1,7,3,1,0
4055,11,20260211,3,5,H,1,0,3,15,1,2,0
4056,11,20260211,10,6,H,2,3,0,21,3,2,0
4057,11,20260211,20,12,H,3,0,3,13,5,3,0
4058,11,20260211,25,35,H,0,0,1,35,10,0,0
4059,11,20260211,29,18,H,0,1,0,11,2,1,0
4060,11,20260212,4,2,H,1,1,1,12,3,3,0
4061,11,20260218,35,2,H,2,2,1,5,2,2,0
4062,11,20260221,3,16,H,1,1,1,16,4,1,0
4063,11,20260221,4,5,H,0,2,0,13,3,1,0
4064,11,20260221,8,6,H,1,1,1,12,2,2,1
4065,11,20260221,20,23,H,2,1,3,15,7,2,0
4066,11,20260221,34,1,H,0,0,1,20,3,1,0
4067,11,20260222,10,35,H,1,0,3,14,3,5,0
4068,11,20260222,25,18,H,0,1,0,18,2,2,0
4069,11,20260222,29,12,H,1,3,0,12,2,1,0
4070,11,20260222,31,2,H,1,4,0,6,5,2,0
4071,11,20260223,11,21,H,0,1,0,12,4,2,0
4072,11,20260227,35,3,H,2,0,3,9,2,3,0
4073,11,20260228,1,29,H,1,1,1,21,5,4,0
4074,11,20260228,6,4,H,3,4,0,12,3,2,0
4075,11,20260228,16,20,H,0,1,0,14,2,0,0
4076,11,20260228,18,34,H,5,2,3,18,7,2,0
4077,11,20260228,23,11,H,2,3,0,17,7,2,0
4078,11,20260301,2,8,H,2,1,3,12,5,1,0
4079,11,20260301,5,25,H,2,1,3,14,7,3,0
4080,11,20260301,12,31,H,2,1,3,18,4,3,0
4081,11,20260301,21,10,H,2,1,3,20,11,2,0
4082,11,20260303,1,4,H,0,0,1,13,2,2,0
4083,11,20260303,11,6,H,2,0,3,14,5,0,0
4084,11,20260303,16,29,H,0,1,0,18,4,1,0
4085,11,20260303,35,18,H,2,1,3,4,3,2,0
4086,11,20260304,3,8,H,1,4,0,9,4,3,0
4087,11,20260304,5,2,H,0,1,0,11,3,4,0
4088,11,20260304,12,34,H,0,1,0,13,5,2,0
4089,11,20260304,20,25,H,2,2,1,21,7,0,0
4090,11,20260304,23,21,H,2,1,3,12,5,2,1
4091,11,20260305,31,10,H,1,3,0,12,4,3,0
4092,11,20260314,2,11,H,2,0,3,25,7,0,0
4093,11,20260314,6,1,H,0,0,1,15,2,1,0
4094,11,20260314,8,23,H,0,1,0,22,3,2,0
4095,11,20260314,29,5,H,0,1,0,14,4,1,0
4096,11,20260314,34,20,H,1,1,1,1,1,2,0
4097,11,20260315,10,16,H,0,0,1,12,0,2,0
4098,11,20260315,18,31,H,1,1,1,17,4,0,0
4099,11,20260315,21,3,H,3,1,3,16,6,3,0
4100,11,20260315,25,12,H,0,0,1,11,2,2,0
4101,11,20260316,4,35,H,2,2,1,10,3,2,0
4102,11,20260320,1,21,H,2,2,1,16,5,2,0
4103,11,20260321,5,18,H,2,1,3,16,7,5,0
4104,11,20260321,11,8,H,3,0,3,10,9,0,0
4105,11,20260321,12,6,H,3,1,3,22,6,2,0
4106,11,20260321,16,4,H,0,0,1,14,4,2,0
4107,11,20260322,3,34,H,2,0,3,23,7,0,0
4108,11,20260322,23,29,H,1,2,0,16,4,1,0
4109,11,20260322,31,25,H,0,3,0,14,3,1,0
4110,11,20260410,34,35,H,4,0,3,18,7,2,0
4111,11,20260411,2,1,H,1,2,0,15,3,1,0
4112,11,20260411,4,11,H,2,2,1,17,4,0,0
4113,11,20260411,6,5,H,0,2,0,10,5,2,0
4114,11,20260411,18,12,H,2,0,3,18,5,0,0
4115,11,20260412,8,20,H,0,3,0,12,3,3,0
4116,11,20260412,10,23,H,2,1,3,11,5,0,0
4117,11,20260412,25,3,H,1,1,1,15,4,2,0
4118,11,20260412,29,31,H,1,0,3,13,2,3,0
4119,11,20260413,21,16,H,1,2,0,20,9,3,1
4120,11,20260418,4,12,H,0,0,1,13,4,0,0
4121,11,20260418,8,21,H,0,1,0,21,3,1,0
4122,11,20260418,16,35,H,3,0,3,17,6,2,0
4123,11,20260418,23,1,H,1,2,0,12,3,2,0
4124,11,20260418,31,5,H,2,2,1,13,6,3,0
4125,11,20260419,3,29,H,4,3,3,15,7,1,0
4126,11,20260419,11,18,H,1,2,0,10,4,2,0
4127,11,20260419,20,2,H,2,1,3,15,5,2,0
4128,11,20260419,25,6,H,4,1,3,10,4,0,0
4129,11,20260420,10,34,H,0,0,1,9,1,2,0
4130,11,20260421,5,8,H,3,0,3,15,9,1,0
4131,11,20260422,1,16,H,2,2,1,17,7,3,0
4132,11,20260422,6,20,H,0,1,0,9,1,0,0
4133,11,20260424,29,25,H,0,5,0,14,4,2,0
4134,11,20260425,2,23,H,1,0,3,11,4,2,0
4135,11,20260425,12,3,H,1,0,3,13,6,2,0
4136,11,20260425,18,10,H,3,1,3,9,3,1,0
4137,11,20260425,34,11,H,2,1,3,10,3,3,0
4138,11,20260425,35,31,H,0,1,0,11,2,3,0
4139,11,20260427,21,4,H,2,1,3,11,6,2,0
4140,11,20260501,16,6,H,3,1,3,18,8,4,0
4141,11,20260502,2,12,H,3,0,3,18,9,0,0
4142,11,20260502,4,34,H,3,0,3,14,6,1,0
4143,11,20260502,23,5,H,3,1,3,13,6,3,0
4144,11,20260502,35,29,H,1,1,1,20,7,0,0
4145,11,20260503,1,10,H,3,0,3,16,5,0,0
4146,11,20260503,3,31,H,1,2,0,5,1,2,0
4147,11,20260503,21,18,H,3,2,3,18,6,2,0
4148,11,20260504,8,25,H,1,3,0,21,5,3,0
4149,11,20260504,11,20,H,3,3,1,14,6,4,0
4150,11,20260509,5,35,H,3,0,3,14,6,1,0
4151,11,20260509,12,1,H,0,1,0,14,2,4,1
4152,11,20260509,18,8,H,1,1,1,8,3,2,0
4153,11,20260509,20,4,H,3,0,3,25,10,4,0
4154,11,20260509,29,21,H,0,0,1,15,4,0,0
4155,11,20260510,6,3,H,2,2,1,15,6,1,0
4156,11,20260510,10,11,H,2,2,1,21,8,0,0
4157,11,20260510,25,23,H,1,1,1,17,6,2,0
4158,11,20260510,34,2,H,0,1,0,9,3,3,0
4159,11,20260511,31,16,H,1,1,1,16,3,3,0
4160,11,20260513,20,10,H,3,0,3,15,4,0,0
4161,11,20260515,3,18,H,4,2,3,14,9,3,0
4162,11,20260517,4,10,H,2,2,1,14,3,1,0
4163,11,20260517,11,29,H,1,3,0,10,4,3,0
4164,11,20260517,16,5,H,1,0,3,7,1,1,0
4165,11,20260517,21,25,H,3,2,3,29,8,2,0
4166,11,20260517,23,34,H,3,1,3,15,7,1,0
4167,11,20260517,35,12,H,1,1,1,11,3,1,0
4168,11,20260518,2,6,H,1,0,3,13,3,1,0
4169,11,20260519,1,20,H,1,1,1,10,2,4,0
4170,11,20260519,8,31,H,2,1,3,9,4,4,0
4171,11,20260524,5,21,H,0,3,0,13,2,0,0
4172,11,20260524,6,35,H,1,1,1,16,8,2,0
4173,11,20260524,10,2,H,1,2,0,8,3,0,0
4174,11,20260524,12,23,H,2,0,3,21,6,2,0
4175,11,20260524,18,4,H,1,1,1,24,8,2,0
4176,11,20260524,20,3,H,1,2,0,16,3,1,0
4177,11,20260524,25,1,H,1,1,1,15,5,1,0
4178,11,20260524,29,8,H,2,1,3,20,2,3,0
4179,11,20260524,31,11,H,1,0,3,21,6,5,0
4180,11,20260524,34,16,H,3,0,3,16,9,0,0
4181,12,20260821,2,9,H,3,0,3,20,6,1,0
4182,12,20260822,4,31,H,3,0,3,26,8,1,0
4183,12,20260822,11,10,H,2,0,3,16,5,0,0
4184,12,20260822,14,21,H,2,0,3,8,4,2,0
4185,12,20260822,15,29,H,2,1,3,10,3,0,0
4186,12,20260822,25,16,H,0,1,0,12,2,2,0
4187,12,20260823,5,3,H,4,0,3,21,6,2,0
4188,12,20260823,20,1,H,2,1,3,13,6,1,0
4189,12,20260823,23,18,H,2,2,1,13,4,5,0
4190,12,20260824,12,8,H,2,3,0,14,6,2,0
4191,12,20260828,10,20,H,1,4,0,9,1,1,0
4192,12,20260829,1,11,H,1,1,1,17,5,3,0
4193,12,20260829,9,14,H,0,1,0,11,3,1,0
4194,12,20260829,18,25,H,2,2,1,13,4,4,0
4195,12,20260829,31,23,H,0,2,0,17,6,1,0
4196,12,20260830,8,5,H,4,3,3,17,6,1,0
4197,12,20260830,16,4,H,1,1,1,12,2,0,0
4198,12,20260830,21,15,H,5,2,3,33,11,1,0
4199,12,20260830,29,12,H,1,0,3,12,4,0,0
4200,12,20260831,3,2,H,0,1,0,7,0,3,0
4201,12,20260904,15,18,H,0,2,0,14,5,1,0
4202,12,20260905,4,29,H,1,1,1,12,2,3,0
4203,12,20260905,5,16,H,1,1,1,20,5,3,0
4204,12,20260905,12,10,H,2,3,0,25,6,0,0
4205,12,20260905,14,3,H,0,0,1,11,4,2,0
4206,12,20260905,20,9,H,1,0,3,15,4,1,0
4207,12,20260905,23,1,H,2,2,1,8,2,2,0
4208,12,20260905,25,31,H,0,0,1,12,2,2,0
4209,12,20260906,2,8,H,2,1,3,16,9,2,0
4210,12,20260906,11,21,H,2,2,1,18,6,3,0
4211,12,20260912,1,4,H,2,2,1,20,10,5,0
4212,12,20260912,3,25,H,1,2,0,7,5,2,0
4213,12,20260912,8,14,H,2,2,1,12,7,1,0
4214,12,20260912,10,15,H,2,3,0,11,4,1,1
4215,12,20260912,18,12,H,0,0,1,14,3,0,0
4216,12,20260912,29,2,H,0,2,0,12,3,6,1
4217,12,20260912,31,11,H,0,0,1,14,2,0,0
4218,12,20260913,9,5,H,0,5,0,14,6,0,1
4219,12,20260913,21,20,H,0,1,0,16,3,1,0
4220,12,20260914,16,23,H,4,1,3,15,6,1,0
1,1,20150808,3,1,A,1,0,3,7,3,4,0
2,1,20150808,30,8,A,2,2,1,18,10,3,0
3,1,20150808,32,11,A,2,2,1,11,5,2,0
4,1,20150808,29,17,A,2,4,0,10,5,4,0
5,1,20150808,31,21,A,0,1,0,9,4,3,0
6,1,20150808,10,24,A,3,1,3,11,7,0,0
7,1,20150809,34,2,A,2,0,3,8,4,3,0
8,1,20150809,27,23,A,2,2,1,15,5,4,0
9,1,20150809,18,28,A,1,0,3,8,3,4,0
10,1,20150810,20,33,A,3,0,3,19,7,1,0
11,1,20150814,21,3,A,1,0,3,9,2,2,0
12,1,20150815,11,27,A,3,0,3,10,4,2,0
13,1,20150815,24,29,A,3,1,3,19,6,2,0
14,1,20150815,23,30,A,0,2,0,4,2,1,1
15,1,20150815,28,31,A,2,2,1,16,7,2,0
16,1,20150815,33,32,A,0,0,1,6,0,2,0
17,1,20150815,17,34,A,2,1,3,11,6,3,0
18,1,20150816,2,10,A,2,1,3,20,7,1,0
19,1,20150816,8,20,A,0,3,0,10,3,2,0
20,1,20150817,1,18,A,0,1,0,13,2,4,0
21,1,20150822,3,10,A,1,2,0,11,2,3,0
22,1,20150822,31,17,A,1,1,1,19,6,4,0
23,1,20150822,23,21,A,0,0,1,7,0,2,0
24,1,20150822,28,24,A,1,1,1,6,1,1,0
25,1,20150822,30,29,A,1,1,1,20,9,2,0
26,1,20150822,1,34,A,4,3,3,15,7,0,0
27,1,20150823,20,11,A,2,0,3,16,9,3,0
28,1,20150823,27,32,A,0,0,1,14,5,2,0
29,1,20150823,8,33,A,3,2,3,15,5,1,1
30,1,20150824,18,2,A,0,0,1,15,8,4,0
31,1,20150829,17,1,A,1,1,1,4,2,4,0
32,1,20150829,29,3,A,2,2,1,7,3,1,0
33,1,20150829,10,8,A,2,1,3,13,6,1,0
34,1,20150829,34,18,A,3,0,3,12,5,1,1
35,1,20150829,32,20,A,0,2,0,7,0,2,0
36,1,20150829,2,23,A,1,0,3,22,9,1,0
37,1,20150829,33,28,A,1,0,3,15,5,4,0
38,1,20150829,11,31,A,0,0,1,8,3,1,0
39,1,20150830,24,27,A,0,3,0,6,1,0,1
40,1,20150830,21,30,A,1,2,0,11,4,2,0
41,1,20150912,28,2,A,0,2,0,9,4,1,0
42,1,20150912,20,10,A,1,0,3,21,7,3,0
43,1,20150912,8,11,A,1,3,0,15,2,2,0
44,1,20150912,18,21,A,1,3,0,8,4,2,0
45,1,20150912,1,24,A,1,3,0,7,2,3,0
46,1,20150912,30,32,A,0,1,0,8,3,1,0
47,1,20150912,27,33,A,0,0,1,14,4,0,0
48,1,20150913,3,17,A,2,3,0,11,4,1,0
49,1,20150913,31,29,A,1,0,3,15,4,1,0
50,1,20150914,23,34,A,0,2,0,14,4,2,0
51,1,20150919,29,1,A,0,2,0,9,2,4,1
52,1,20150919,33,3,A,1,0,3,11,6,3,0
53,1,20150919,2,8,A,0,2,0,9,2,1,2
54,1,20150919,34,20,A,2,1,3,6,3,2,0
55,1,20150919,32,23,A,2,1,3,13,4,2,0
56,1,20150919,17,28,A,2,2,1,12,5,4,0
57,1,20150919,11,30,A,0,0,1,17,2,2,1
58,1,20150920,24,18,A,1,1,1,7,2,2,0
59,1,20150920,21,27,A,3,2,3,10,3,0,0
60,1,20150920,10,31,A,0,1,0,12,4,2,0
61,1,20150926,2,17,A,5,2,3,26,12,1,0
62,1,20150926,3,18,A,2,3,0,10,4,0,0
63,1,20150926,29,21,A,0,3,0,9,4,3,0
64,1,20150926,8,23,A,2,2,1,16,4,2,0
65,1,20150926,30,27,A,1,3,0,11,4,1,0
66,1,20150926,1,28,A,1,2,0,11,6,0,0
67,1,20150926,20,31,A,1,4,0,22,8,1,0
68,1,20150926,24,34,A,2,2,1,16,7,0,0
69,1,20150927,10,32,A,1,0,3,16,3,4,0
70,1,20150928,11,33,A,3,2,3,12,4,3,0
71,1,20151003,32,1,A,1,1,1,11,2,1,0
72,1,20151003,28,3,A,1,0,3,12,5,0,0
73,1,20151003,27,8,A,3,1,3,13,5,5,0
74,1,20151003,33,10,A,0,2,0,7,2,3,0
75,1,20151003,23,20,A,1,6,0,6,4,1,0
76,1,20151003,17,24,A,2,1,3,16,5,1,0
77,1,20151003,34,29,A,2,2,1,20,6,4,0
78,1,20151004,21,2,A,0,3,0,9,5,3,0
79,1,20151004,18,11,A,1,1,1,13,4,3,0
80,1,20151004,31,30,A,2,2,1,19,11,4,0
81,1,20151017,3,8,A,0,2,0,8,1,3,0
82,1,20151017,34,10,A,3,1,3,24,4,3,0
83,1,20151017,21,11,A,3,0,3,10,7,2,0
84,1,20151017,1,20,A,1,5,0,5,1,1,0
85,1,20151017,17,27,A,2,2,1,26,7,0,0
86,1,20151017,18,31,A,0,0,1,12,3,2,0
87,1,20151017,2,32,A,3,0,3,17,6,1,0
88,1,20151017,29,33,A,0,1,0,9,2,2,0
89,1,20151018,24,23,A,2,6,0,18,6,1,0
90,1,20151019,28,30,A,1,0,3,9,2,2,0
91,1,20151024,11,2,A,1,2,0,10,5,0,1
92,1,20151024,30,3,A,2,1,3,11,4,3,0
93,1,20151024,10,17,A,0,1,0,9,4,1,0
94,1,20151024,33,24,A,1,0,3,7,4,2,0
95,1,20151024,32,28,A,2,0,3,13,3,1,0
96,1,20151024,8,34,A,1,2,0,8,4,5,1
97,1,20151025,31,1,A,5,1,3,14,9,1,0
98,1,20151025,27,18,A,1,1,1,8,3,0,1
99,1,20151025,20,21,A,0,0,1,6,1,2,0
100,1,20151025,23,29,A,0,3,0,21,8,2,1
101,1,20151031,18,8,A,3,1,3,16,7,4,0
102,1,20151031,21,10,A,0,0,1,5,1,3,0
103,1,20151031,24,20,A,1,2,0,5,3,2,1
104,1,20151031,28,23,A,0,0,1,9,2,3,0
105,1,20151031,2,30,A,3,0,3,15,5,0,0
106,1,20151031,34,32,A,0,2,0,8,3,0,1
107,1,20151031,17,33,A,3,2,3,13,5,2,0
108,1,20151101,29,11,A,2,6,0,17,9,2,0
109,1,20151101,1,27,A,0,2,0,16,2,2,0
110,1,20151102,3,31,A,1,3,0,13,2,3,0
111,1,20151107,23,1,A,1,0,3,2,1,2,0
112,1,20151107,32,17,A,1,2,0,8,4,1,0
113,1,20151107,33,21,A,0,2,0,4,0,3,1
114,1,20151107,30,24,A,0,1,0,8,0,0,0
115,1,20151107,8,28,A,0,1,0,19,4,1,0
116,1,20151107,27,29,A,1,0,3,11,4,3,0
117,1,20151107,11,34,A,1,1,1,13,4,2,0
118,1,20151108,31,2,A,1,1,1,14,4,1,0
119,1,20151108,20,3,A,0,0,1,13,3,1,0
120,1,20151108,10,18,A,2,1,3,9,4,2,0
121,1,20151121,24,8,A,0,1,0,4,2,4,0
122,1,20151121,3,11,A,0,4,0,10,3,0,0
123,1,20151121,18,20,A,4,1,3,14,9,3,0
124,1,20151121,17,23,A,3,0,3,18,7,1,0
125,1,20151121,28,27,A,1,0,3,16,4,0,0
126,1,20151121,1,30,A,2,2,1,16,4,2,0
127,1,20151121,21,32,A,2,1,3,13,6,2,0
128,1,20151121,2,33,A,1,2,0,11,3,2,0
129,1,20151122,34,31,A,1,4,0,10,4,2,0
130,1,20151123,29,10,A,1,0,3,12,4,3,0
131,1,20151128,11,1,A,3,3,1,11,6,0,0
132,1,20151128,32,3,A,3,2,3,14,6,3,0
133,1,20151128,23,10,A,1,5,0,7,2,1,0
134,1,20151128,21,17,A,1,1,1,10,2,1,0
135,1,20151128,27,20,A,1,3,0,12,8,1,0
136,1,20151128,28,29,A,0,2,0,7,3,2,1
137,1,20151129,30,18,A,0,1,0,8,0,1,0
138,1,20151129,2,24,A,1,1,1,12,3,1,0
139,1,20151129,8,31,A,0,0,1,5,1,2,0
140,1,20151129,33,34,A,1,1,1,7,3,2,0
141,1,20151205,29,2,A,1,3,0,11,4,1,0
142,1,20151205,1,8,A,1,0,3,15,5,1,0
143,1,20151205,34,21,A,0,0,1,9,2,0,0
144,1,20151205,3,27,A,1,1,1,9,2,2,0
145,1,20151205,20,28,A,0,2,0,11,4,1,0
146,1,20151205,17,30,A,3,0,3,16,5,3,0
147,1,20151205,24,32,A,0,2,0,6,1,3,0
148,1,20151205,31,33,A,1,1,1,9,3,2,0
149,1,20151206,18,23,A,0,2,0,10,1,1,0
150,1,20151207,10,11,A,1,1,1,14,5,2,0
151,1,20151212,21,1,A,1,2,0,11,5,1,0
152,1,20151212,27,10,A,0,1,0,15,3,0,0
153,1,20151212,30,20,A,1,2,0,13,7,1,0
154,1,20151212,11,24,A,1,1,1,15,3,0,0
155,1,20151212,32,29,A,1,0,3,13,6,0,0
156,1,20151212,28,34,A,0,0,1,12,3,2,0
157,1,20151213,2,3,A,2,0,3,8,4,0,0
158,1,20151213,33,18,A,2,2,1,4,2,0,0
159,1,20151213,23,31,A,2,1,3,8,4,2,0
160,1,20151214,8,17,A,1,2,0,11,5,0,0
161,1,20151219,29,8,A,1,3,0,11,3,3,0
162,1,20151219,17,11,A,3,2,3,10,5,1,0
163,1,20151219,24,21,A,2,1,3,6,4,2,0
164,1,20151219,3,23,A,1,1,1,10,7,3,0
165,1,20151219,31,27,A,2,0,3,13,6,1,0
166,1,20151219,10,28,A,2,1,3,12,3,0,0
167,1,20151219,1,33,A,2,1,3,16,7,1,0
168,1,20151220,34,30,A,0,0,1,11,2,1,0
169,1,20151220,18,32,A,0,3,0,12,4,0,0
170,1,20151221,20,2,A,1,2,0,20,6,2,0
171,1,20151226,10,1,A,0,0,1,8,0,0,0
172,1,20151226,34,3,A,1,1,1,10,4,3,0
173,1,20151226,32,8,A,2,2,1,12,3,4,0
174,1,20151226,17,18,A,0,1,0,7,3,1,0
175,1,20151226,29,20,A,1,4,0,11,3,1,0
176,1,20151226,11,23,A,1,0,3,20,7,2,0
177,1,20151226,2,27,A,0,4,0,7,4,0,0
178,1,20151226,21,28,A,0,2,0,11,6,2,0
179,1,20151226,33,30,A,0,1,0,9,3,3,0
180,1,20151226,24,31,A,0,3,0,11,3,2,0
181,1,20151228,1,2,A,0,2,0,10,3,0,0
182,1,20151228,30,10,A,0,0,1,5,3,2,0
183,1,20151228,28,11,A,4,3,3,8,5,1,0
184,1,20151228,8,21,A,0,0,1,8,3,2,0
185,1,20151228,3,24,A,0,2,0,6,3,5,0
186,1,20151228,31,32,A,2,1,3,10,3,2,0
187,1,20151228,23,33,A,0,1,0,7,2,0,0
188,1,20151228,27,34,A,1,2,0,15,4,3,0
189,1,20151229,20,17,A,0,0,1,21,5,3,0
190,1,20151230,18,29,A,1,0,3,17,6,3,0
191,1,20160102,23,2,A,0,1,0,15,6,2,0
192,1,20160102,1,17,A,0,0,1,9,0,1,1
193,1,20160102,30,21,A,1,2,0,9,4,1,0
194,1,20160102,27,24,A,0,1,0,10,4,0,1
195,1,20160102,3,29,A,1,3,0,8,3,4,0
196,1,20160102,20,32,A,2,1,3,16,5,0,0
197,1,20160102,28,33,A,1,2,0,10,3,1,1
198,1,20160102,18,34,A,0,2,0,23,2,1,0
199,1,20160103,8,10,A,3,0,3,10,4,0,0
200,1,20160103,31,11,A,1,1,1,19,4,2,0
201,1,20160112,34,1,A,3,1,3,10,5,1,0
202,1,20160112,10,3,A,0,1,0,9,1,1,0
203,1,20160112,21,23,A,3,3,1,12,4,3,0
204,1,20160113,33,8,A,2,2,1,13,6,3,0
205,1,20160113,2,18,A,3,3,1,14,5,0,0
206,1,20160113,11,20,A,0,0,1,7,2,1,0
207,1,20160113,32,27,A,0,2,0,4,1,2,0
208,1,20160113,24,28,A,1,3,0,5,2,1,1
209,1,20160113,29,30,A,4,2,3,7,5,0,0
210,1,20160113,17,31,A,1,0,3,10,2,0,0
211,1,20160116,24,1,A,0,3,0,10,3,1,0
212,1,20160116,17,3,A,1,1,1,12,5,2,0
213,1,20160116,11,8,A,3,3,1,9,4,1,0
214,1,20160116,10,20,A,0,4,0,9,3,2,0
215,1,20160116,34,23,A,1,2,0,10,3,0,0
216,1,20160116,33,27,A,0,3,0,9,0,0,0
217,1,20160116,29,31,A,1,4,0,5,2,2,0
218,1,20160117,21,18,A,1,0,3,7,1,2,0
219,1,20160117,2,28,A,0,0,1,8,3,0,0
220,1,20160118,32,30,A,0,1,0,13,2,2,0
221,1,20160123,31,10,A,3,1,3,24,11,2,0
222,1,20160123,28,17,A,0,3,0,3,2,1,0
223,1,20160123,27,21,A,1,0,3,7,2,0,0
224,1,20160123,18,24,A,5,4,3,13,7,1,0
225,1,20160123,1,29,A,1,1,1,15,5,1,0
226,1,20160123,23,32,A,1,2,0,11,2,1,0
227,1,20160123,3,33,A,0,0,1,15,4,1,0
228,1,20160123,20,34,A,2,2,1,16,3,3,0
229,1,20160124,8,2,A,1,0,3,12,6,3,0
230,1,20160124,30,11,A,2,1,3,7,5,3,0
231,1,20160202,27,2,A,0,0,1,14,3,1,0
232,1,20160202,1,10,A,2,1,3,8,4,4,0
233,1,20160202,18,17,A,0,2,0,14,2,1,0
234,1,20160202,28,21,A,0,3,0,10,0,1,0
235,1,20160202,31,24,A,3,0,3,17,6,2,0
236,1,20160202,20,29,A,1,0,3,6,2,4,0
237,1,20160202,30,33,A,1,1,1,18,4,0,0
238,1,20160202,3,34,A,0,2,0,6,2,0,1
239,1,20160203,23,11,A,0,3,0,7,3,2,1
240,1,20160203,8,32,A,0,0,1,12,4,1,0
241,1,20160206,24,3,A,0,2,0,12,4,2,0
242,1,20160206,29,18,A,2,2,1,7,2,1,0
243,1,20160206,17,20,A,3,1,3,14,7,2,0
244,1,20160206,33,23,A,0,1,0,7,0,3,0
245,1,20160206,34,27,A,0,1,0,18,2,2,0
246,1,20160206,11,28,A,3,0,3,14,6,0,0
247,1,20160206,10,30,A,1,1,1,12,2,2,0
248,1,20160206,32,31,A,0,1,0,3,0,1,0
249,1,20160207,2,1,A,2,0,3,10,5,1,0
250,1,20160207,21,8,A,1,1,1,17,7,3,0
251,1,20160213,28,1,A,3,1,3,11,6,2,0
252,1,20160213,23,8,A,1,5,0,10,4,1,0
253,1,20160213,32,10,A,2,1,3,10,3,2,0
254,1,20160213,33,11,A,1,0,3,5,1,3,0
255,1,20160213,34,24,A,2,2,1,11,6,2,0
256,1,20160213,21,29,A,1,2,0,12,6,3,0
257,1,20160213,27,30,A,1,0,3,13,5,3,0
258,1,20160214,17,2,A,1,2,0,7,3,3,1
259,1,20160214,18,3,A,6,0,3,11,9,1,0
260,1,20160214,31,20,A,2,1,3,6,3,3,0
261,1,20160227,24,17,A,0,1,0,9,1,2,0
262,1,20160227,8,27,A,2,1,3,16,4,1,0
263,1,20160227,3,28,A,1,2,0,5,1,3,0
264,1,20160227,1,32,A,0,0,1,11,3,1,0
265,1,20160227,10,33,A,2,3,0,15,2,2,0
266,1,20160227,29,34,A,0,1,0,13,4,0,0
267,1,20160228,2,21,A,2,3,0,13,5,3,0
268,1,20160228,30,31,A,1,2,0,10,4,3,0
269,1,20160301,27,1,A,0,2,0,6,1,0,0
270,1,20160301,11,3,A,3,1,3,10,7,1,0
271,1,20160301,33,17,A,2,2,1,11,3,2,0
272,1,20160301,8,24,A,2,1,3,10,2,2,0
273,1,20160301,10,29,A,2,2,1,13,5,1,0
274,1,20160302,30,2,A,2,1,3,11,2,2,0
275,1,20160302,20,18,A,0,3,0,4,2,1,0
276,1,20160302,32,21,A,0,1,0,13,3,2,0
277,1,20160302,23,28,A,0,1,0,5,3,0,0
278,1,20160302,31,34,A,0,1,0,9,2,3,0
279,1,20160305,28,8,A,1,1,1,16,5,2,0
280,1,20160305,34,11,A,3,2,3,17,5,3,0
281,1,20160305,3,20,A,0,4,0,2,1,1,0
282,1,20160305,1,23,A,3,1,3,16,5,3,0
283,1,20160305,29,27,A,1,1,1,11,3,1,0
284,1,20160305,24,30,A,0,1,0,8,3,5,0
285,1,20160305,2,31,A,2,2,1,10,4,2,1
286,1,20160305,17,32,A,1,0,3,14,7,2,0
287,1,20160306,18,10,A,2,1,3,19,5,2,1
288,1,20160306,21,33,A,0,1,0,7,1,0,1
289,1,20160312,30,1,A,2,3,0,12,4,0,0
290,1,20160312,20,24,A,0,0,1,15,3,1,0
291,1,20160312,27,28,A,2,1,3,11,4,2,1
292,1,20160313,31,3,A,2,0,3,19,8,0,0
293,1,20160314,23,17,A,0,1,0,13,2,0,0
294,1,20160319,34,8,A,2,2,1,13,6,5,0
295,1,20160319,17,10,A,1,0,3,8,3,1,0
296,1,20160319,2,11,A,2,0,3,11,3,0,0
297,1,20160319,3,30,A,0,1,0,12,2,2,0
298,1,20160319,28,32,A,2,1,3,9,6,1,0
299,1,20160319,24,33,A,1,0,3,7,1,2,0
300,1,20160320,21,20,A,1,0,3,5,3,1,0
301,1,20160320,29,23,A,1,1,1,14,4,1,0
302,1,20160320,18,27,A,2,3,0,18,9,3,0
303,1,20160320,1,31,A,0,3,0,2,0,1,0
304,1,20160402,20,1,A,4,0,3,15,7,1,0
305,1,20160402,32,2,A,0,4,0,6,2,1,0
306,1,20160402,8,3,A,4,0,3,11,8,1,0
307,1,20160402,31,18,A,1,1,1,18,5,0,0
308,1,20160402,23,24,A,2,3,0,13,5,0,0
309,1,20160402,30,28,A,2,2,1,12,3,1,0
310,1,20160402,33,29,A,0,0,1,3,0,1,0
311,1,20160402,10,34,A,2,2,1,12,5,2,0
312,1,20160403,27,17,A,0,1,0,10,2,2,0
313,1,20160403,11,21,A,0,1,0,7,1,0,0
314,1,20160409,1,3,A,2,1,3,12,3,2,0
315,1,20160409,24,10,A,0,1,0,13,4,1,0
316,1,20160409,33,20,A,1,2,0,13,2,1,0
317,1,20160409,23,27,A,1,3,0,5,3,0,0
318,1,20160409,8,30,A,0,1,0,8,2,4,0
319,1,20160409,11,32,A,1,1,1,12,7,1,0
320,1,20160409,2,34,A,3,3,1,11,6,0,0
321,1,20160410,28,18,A,1,4,0,10,3,2,0
322,1,20160410,17,29,A,2,0,3,17,7,1,0
323,1,20160410,21,31,A,0,3,0,5,1,3,0
324,1,20160413,11,10,A,0,0,1,9,5,1,1
325,1,20160416,20,8,A,3,0,3,11,8,3,0
326,1,20160416,27,11,A,1,1,1,18,4,1,0
327,1,20160416,3,21,A,0,1,0,7,1,1,0
328,1,20160416,30,23,A,0,3,0,11,1,1,0
329,1,20160416,29,24,A,3,0,3,8,3,2,0
330,1,20160416,32,33,A,1,0,3,11,4,3,0
331,1,20160417,18,1,A,2,1,3,19,6,0,0
332,1,20160417,10,2,A,1,1,1,7,2,2,0
333,1,20160417,34,17,A,2,2,1,19,4,3,0
334,1,20160418,31,28,A,4,0,3,23,6,0,0
335,1,20160419,20,23,A,1,1,1,9,5,2,0
336,1,20160420,11,18,A,0,4,0,3,0,1,1
337,1,20160420,10,21,A,0,2,0,5,0,2,0
338,1,20160420,32,34,A,1,3,0,7,4,2,1
339,1,20160421,33,2,A,0,2,0,8,1,1,0
340,1,20160423,8,1,A,4,1,3,16,4,0,0
341,1,20160423,27,3,A,4,2,3,17,7,0,0
342,1,20160423,23,18,A,2,2,1,6,3,1,0
343,1,20160423,28,20,A,0,4,0,14,2,0,0
344,1,20160424,30,17,A,0,4,0,9,1,2,0
345,1,20160424,2,29,A,0,0,1,20,7,4,0
346,1,20160425,33,31,A,1,1,1,16,3,1,0
347,1,20160430,24,2,A,0,1,0,12,3,0,0
348,1,20160430,1,11,A,1,2,0,16,2,0,0
349,1,20160430,10,23,A,0,1,0,9,3,0,0
350,1,20160430,29,28,A,1,1,1,14,5,2,0
351,1,20160430,3,32,A,2,3,0,7,2,3,1
352,1,20160430,34,33,A,3,0,3,8,4,0,0
353,1,20160501,17,21,A,1,1,1,14,3,0,1
354,1,20160501,20,27,A,2,4,0,6,5,1,0
355,1,20160501,18,30,A,1,3,0,11,3,2,1
356,1,20160502,31,8,A,2,2,1,16,5,9,0
357,1,20160507,33,1,A,1,1,1,12,4,1,0
358,1,20160507,23,3,A,0,0,1,9,3,1,0
359,1,20160507,28,10,A,1,2,0,12,3,3,0
360,1,20160507,11,17,A,1,3,0,9,5,3,0
361,1,20160507,21,24,A,1,0,3,15,2,0,0
362,1,20160507,8,29,A,2,3,0,9,8,1,1
363,1,20160507,30,34,A,4,1,3,13,6,0,0
364,1,20160508,32,18,A,0,2,0,14,3,2,0
365,1,20160508,2,20,A,2,2,1,5,2,1,0
366,1,20160508,27,31,A,2,1,3,10,2,3,0
367,1,20160510,21,34,A,2,3,0,3,2,3,0
368,1,20160511,8,18,A,1,1,1,13,7,1,0
369,1,20160511,32,24,A,2,4,0,12,7,3,0
370,1,20160511,11,29,A,0,3,0,17,6,0,0
371,1,20160515,3,2,A,0,4,0,5,2,1,0
372,1,20160515,17,8,A,1,1,1,18,5,0,0
373,1,20160515,24,11,A,0,3,0,10,2,0,0
374,1,20160515,31,23,A,1,5,0,17,5,2,0
375,1,20160515,10,27,A,1,4,0,16,4,2,0
376,1,20160515,34,28,A,1,2,0,20,7,1,0
377,1,20160515,20,30,A,1,1,1,18,5,3,0
378,1,20160515,29,32,A,2,2,1,6,4,0,0
379,1,20160515,18,33,A,1,1,1,7,3,1,0
380,1,20160517,1,21,A,1,3,0,7,0,0,0
381,2,20160813,30,6,A,1,0,3,17,9,2,0
382,2,20160813,33,10,A,1,0,3,13,3,2,0
383,2,20160813,31,11,A,1,1,1,13,4,0,0
384,2,20160813,17,14,A,1,2,0,18,5,2,0
385,2,20160813,29,20,A,1,2,0,7,3,2,0
386,2,20160813,28,22,A,1,1,1,12,1,5,0
387,2,20160813,32,27,A,1,1,1,5,1,2,1
388,2,20160814,21,1,A,3,1,3,11,7,1,0
389,2,20160814,18,2,A,4,3,3,16,7,3,0
390,2,20160815,34,8,A,1,2,0,7,3,2,0
391,2,20160819,27,21,A,0,2,0,13,1,0,0
392,2,20160820,18,6,A,0,2,0,26,5,1,0
393,2,20160820,2,17,A,0,0,1,13,4,2,0
394,2,20160820,20,28,A,4,1,3,12,6,4,0
395,2,20160820,14,30,A,2,0,3,12,4,0,0
396,2,20160820,10,31,A,0,1,0,10,2,3,0
397,2,20160820,8,32,A,2,1,3,13,4,3,0
398,2,20160820,11,33,A,2,1,3,13,7,1,0
399,2,20160821,22,29,A,2,1,3,8,3,1,0
400,2,20160821,1,34,A,0,1,0,8,5,1,1
401,2,20160827,6,8,A,0,3,0,6,0,2,0
402,2,20160827,1,10,A,1,1,1,10,3,1,0
403,2,20160827,28,11,A,0,1,0,8,1,1,0
404,2,20160827,21,14,A,1,0,3,29,9,3,0
405,2,20160827,30,17,A,1,2,0,9,3,2,0
406,2,20160827,29,27,A,1,1,1,5,2,2,0
407,2,20160827,18,31,A,1,1,1,13,3,5,0
408,2,20160827,2,32,A,3,1,3,10,7,1,0
409,2,20160828,34,20,A,1,3,0,9,2,3,0
410,2,20160828,22,33,A,0,0,1,7,2,3,0
411,2,20160910,33,1,A,0,1,0,12,2,3,0
412,2,20160910,27,2,A,1,2,0,11,5,5,0
413,2,20160910,14,6,A,1,1,1,11,3,0,0
414,2,20160910,17,18,A,1,4,0,12,3,2,0
415,2,20160910,20,21,A,2,1,3,18,6,2,0
416,2,20160910,10,22,A,2,1,3,12,4,2,0
417,2,20160910,31,28,A,4,0,3,20,8,2,0
418,2,20160910,32,34,A,4,2,3,13,8,2,0
419,2,20160911,8,30,A,2,2,1,28,7,4,0
420,2,20160912,11,29,A,3,0,3,20,9,1,0
421,2,20160916,18,8,A,2,1,3,13,5,1,0
422,2,20160917,22,11,A,1,3,0,7,0,1,0
423,2,20160917,2,14,A,4,1,3,24,9,2,0
424,2,20160917,6,17,A,0,3,0,7,2,1,0
425,2,20160917,1,20,A,0,4,0,6,2,1,0
426,2,20160917,34,33,A,2,4,0,23,5,1,0
427,2,20160918,28,10,A,1,4,0,11,4,1,0
428,2,20160918,30,27,A,0,1,0,9,3,1,0
429,2,20160918,29,31,A,0,1,0,6,2,5,1
430,2,20160918,21,32,A,1,3,0,15,2,4,0
431,2,20160924,11,1,A,0,1,0,13,2,2,0
432,2,20160924,8,2,A,0,3,0,9,2,2,0
433,2,20160924,14,18,A,1,5,0,2,1,2,1
434,2,20160924,17,21,A,1,4,0,10,3,2,0
435,2,20160924,31,22,A,2,1,3,19,5,1,0
436,2,20160924,33,28,A,1,1,1,9,3,4,0
437,2,20160924,10,29,A,3,2,3,20,4,2,0
438,2,20160924,20,30,A,3,1,3,18,4,4,0
439,2,20160925,27,34,A,3,0,3,18,9,2,0
440,2,20160926,32,6,A,0,2,0,12,3,3,0
441,2,20160930,10,11,A,1,1,1,10,2,4,0
442,2,20161001,8,14,A,2,0,3,22,9,2,0
443,2,20161001,33,29,A,1,1,1,17,7,3,0
444,2,20161001,18,30,A,2,1,3,18,6,2,0
445,2,20161001,1,32,A,2,2,1,11,2,4,0
446,2,20161001,22,34,A,1,1,1,9,3,3,0
447,2,20161002,2,6,A,1,0,3,18,3,0,0
448,2,20161002,27,17,A,0,0,1,11,5,0,0
449,2,20161002,28,21,A,1,1,1,7,6,0,0
450,2,20161002,20,31,A,0,2,0,12,6,2,0
451,2,20161015,14,1,A,1,6,0,11,4,3,0
452,2,20161015,30,2,A,2,3,0,13,6,1,0
453,2,20161015,17,8,A,0,3,0,5,0,1,0
454,2,20161015,34,10,A,1,0,3,12,4,3,1
455,2,20161015,11,20,A,1,1,1,3,2,2,0
456,2,20161015,29,28,A,0,2,0,11,1,1,0
457,2,20161015,31,33,A,1,1,1,20,8,2,0
458,2,20161016,32,22,A,1,0,3,4,2,1,0
459,2,20161016,6,27,A,1,3,0,6,1,2,0
460,2,20161017,21,18,A,0,0,1,7,1,4,0
461,2,20161022,31,1,A,0,0,1,16,4,4,0
462,2,20161022,22,2,A,0,0,1,11,4,0,0
463,2,20161022,11,6,A,1,2,0,20,8,3,0
464,2,20161022,28,14,A,2,0,3,12,6,3,0
465,2,20161022,10,17,A,1,3,0,23,7,0,0
466,2,20161022,33,18,A,1,2,0,6,1,3,0
467,2,20161022,32,30,A,0,0,1,10,2,1,0
468,2,20161022,29,34,A,0,1,0,10,2,5,0
469,2,20161023,21,8,A,0,4,0,16,5,2,0
470,2,20161023,27,20,A,1,1,1,6,2,3,0
471,2,20161029,18,10,A,4,2,3,17,10,2,0
472,2,20161029,6,21,A,0,0,1,7,1,3,0
473,2,20161029,1,22,A,0,2,0,15,3,1,0
474,2,20161029,2,29,A,4,1,3,21,7,3,0
475,2,20161029,17,31,A,1,1,1,6,1,4,0
476,2,20161029,14,32,A,0,1,0,8,2,2,0
477,2,20161029,20,33,A,4,0,3,21,8,3,0
478,2,20161030,34,11,A,0,2,0,13,3,3,0
479,2,20161030,8,27,A,2,0,3,13,7,0,0
480,2,20161031,30,28,A,1,3,0,14,6,0,0
481,2,20161105,29,1,A,2,1,3,9,4,2,1
482,2,20161105,10,6,A,2,3,0,16,5,2,0
483,2,20161105,11,8,A,0,5,0,1,0,3,0
484,2,20161105,22,20,A,1,1,1,5,3,3,0
485,2,20161105,28,34,A,1,1,1,12,4,1,0
486,2,20161106,31,2,A,1,1,1,10,3,2,0
487,2,20161106,27,14,A,1,2,0,19,7,5,0
488,2,20161106,33,17,A,2,1,3,11,5,2,0
489,2,20161106,32,18,A,1,6,0,11,8,2,0
490,2,20161106,21,30,A,3,1,3,9,3,2,0
491,2,20161119,20,10,A,2,1,3,10,4,2,0
492,2,20161119,30,11,A,1,1,1,5,3,2,0
493,2,20161119,2,21,A,1,1,1,5,1,3,0
494,2,20161119,18,27,A,0,0,1,15,2,1,0
495,2,20161119,1,28,A,1,0,3,9,2,2,0
496,2,20161119,14,29,A,0,3,0,17,7,0,0
497,2,20161119,34,31,A,2,3,0,11,3,2,1
498,2,20161119,17,32,A,1,2,0,10,2,3,0
499,2,20161120,8,22,A,1,0,3,13,3,3,0
500,2,20161121,6,33,A,0,4,0,5,2,0,0
501,2,20161126,20,6,A,2,1,3,21,5,3,0
502,2,20161126,31,8,A,1,2,0,12,6,1,0
503,2,20161126,33,14,A,1,1,1,11,2,2,0
504,2,20161126,22,17,A,2,2,1,6,2,4,0
505,2,20161126,29,18,A,0,2,0,6,1,3,0
506,2,20161126,10,30,A,4,5,0,12,4,5,0
507,2,20161127,1,2,A,1,3,0,9,3,5,0
508,2,20161127,34,21,A,1,1,1,6,2,1,0
509,2,20161127,11,27,A,0,1,0,13,1,2,0
510,2,20161127,28,32,A,1,0,3,14,1,0,0
511,2,20161203,27,10,A,0,3,0,17,3,1,0
512,2,20161203,8,20,A,3,1,3,10,4,3,0
513,2,20161203,6,28,A,0,2,0,14,4,2,0
514,2,20161203,17,29,A,1,2,0,17,5,1,0
515,2,20161203,30,31,A,0,5,0,1,0,4,0
516,2,20161203,32,33,A,1,3,0,17,5,1,1
517,2,20161203,2,34,A,5,1,3,19,10,3,0
518,2,20161204,18,1,A,3,4,0,10,3,2,0
519,2,20161204,21,11,A,1,1,1,10,2,3,0
520,2,20161205,14,22,A,0,1,0,6,2,1,0
521,2,20161210,28,2,A,1,3,0,12,5,0,0
522,2,20161210,1,6,A,2,3,0,17,4,2,0
523,2,20161210,10,14,A,3,3,1,14,6,4,0
524,2,20161210,20,17,A,2,4,0,19,4,1,0
525,2,20161210,29,30,A,0,3,0,11,2,2,0
526,2,20161210,11,32,A,2,3,0,11,4,2,0
527,2,20161211,33,8,A,0,1,0,6,1,4,0
528,2,20161211,34,18,A,2,2,1,7,3,0,0
529,2,20161211,31,21,A,0,1,0,12,4,3,0
530,2,20161211,22,27,A,0,1,0,6,2,3,0
531,2,20161213,17,1,A,0,1,0,12,4,3,0
532,2,20161213,2,11,A,1,2,0,9,3,1,0
533,2,20161214,21,10,A,2,1,3,16,6,2,0
534,2,20161214,32,20,A,0,2,0,5,2,2,0
535,2,20161214,18,22,A,3,0,3,15,4,0,0
536,2,20161214,27,28,A,0,0,1,15,4,2,0
537,2,20161214,8,29,A,1,0,3,19,6,2,0
538,2,20161214,14,31,A,0,3,0,10,5,2,0
539,2,20161214,30,33,A,1,3,0,8,4,0,0
540,2,20161214,6,34,A,0,1,0,8,2,2,0
541,2,20161217,8,10,A,1,0,3,13,6,3,0
542,2,20161217,30,22,A,0,3,0,14,2,0,0
543,2,20161217,17,28,A,2,2,1,14,8,6,1
544,2,20161217,32,29,A,0,1,0,9,4,2,0
545,2,20161217,21,33,A,2,0,3,10,5,3,0
546,2,20161217,14,34,A,0,1,0,16,5,4,0
547,2,20161218,27,1,A,3,1,3,14,8,2,0
548,2,20161218,2,20,A,1,2,0,6,1,2,0
549,2,20161218,6,31,A,1,2,0,5,2,2,0
550,2,20161219,18,11,A,1,0,3,11,4,1,0
551,2,20161226,33,2,A,0,1,0,3,1,1,0
552,2,20161226,22,6,A,0,1,0,8,2,5,0
553,2,20161226,1,8,A,0,3,0,7,3,1,0
554,2,20161226,20,14,A,3,0,3,16,6,0,0
555,2,20161226,11,17,A,2,0,3,8,3,0,0
556,2,20161226,29,21,A,1,3,0,7,4,1,0
557,2,20161226,34,30,A,4,1,3,14,7,0,0
558,2,20161226,10,32,A,1,1,1,10,4,4,0
559,2,20161227,28,18,A,1,4,0,6,2,1,0
560,2,20161228,31,27,A,4,1,3,17,5,4,0
561,2,20161230,11,14,A,2,2,1,20,7,2,0
562,2,20161231,29,6,A,1,4,0,11,3,1,0
563,2,20161231,28,8,A,2,4,0,5,2,2,0
564,2,20161231,34,17,A,0,1,0,25,5,3,0
565,2,20161231,20,18,A,0,1,0,9,2,1,0
566,2,20161231,22,21,A,1,2,0,9,2,1,0
567,2,20161231,33,27,A,2,1,3,7,3,3,0
568,2,20161231,1,30,A,3,0,3,11,6,0,0
569,2,20170101,10,2,A,0,2,0,7,4,1,0
570,2,20170101,31,32,A,4,1,3,19,6,0,0
571,2,20170102,27,11,A,0,3,0,12,3,1,0
572,2,20170102,6,20,A,1,2,0,11,3,3,0
573,2,20170102,17,22,A,0,0,1,10,4,0,0
574,2,20170102,18,29,A,2,2,1,21,15,3,0
575,2,20170102,14,33,A,1,3,0,17,6,0,0
576,2,20170102,21,34,A,2,0,3,13,6,2,0
577,2,20170103,2,1,A,3,3,1,14,4,3,0
578,2,20170103,30,10,A,2,1,3,11,4,1,0
579,2,20170103,32,28,A,0,2,0,9,2,2,0
580,2,20170104,8,31,A,0,2,0,11,2,2,0
581,2,20170114,27,6,A,0,1,0,20,5,2,0
582,2,20170114,1,14,A,1,3,0,8,6,1,0
583,2,20170114,8,17,A,3,0,3,8,3,0,0
584,2,20170114,28,29,A,3,1,3,14,6,1,0
585,2,20170114,2,30,A,4,0,3,14,6,0,0
586,2,20170114,33,31,A,0,4,0,3,0,2,0
587,2,20170114,22,32,A,0,0,1,5,1,1,0
588,2,20170114,10,34,A,0,3,0,10,1,2,0
589,2,20170115,20,11,A,0,4,0,13,5,2,0
590,2,20170115,18,21,A,1,1,1,13,4,3,0
591,2,20170121,32,1,A,2,2,1,10,3,1,0
592,2,20170121,11,10,A,1,0,3,16,8,1,0
593,2,20170121,30,18,A,3,2,3,6,3,1,0
594,2,20170121,31,20,A,2,2,1,6,2,4,0
595,2,20170121,34,22,A,3,1,3,13,5,1,0
596,2,20170121,21,28,A,1,1,1,25,8,0,0
597,2,20170121,29,33,A,0,2,0,9,3,1,0
598,2,20170122,6,2,A,1,2,0,13,7,3,0
599,2,20170122,14,8,A,0,2,0,9,4,3,0
600,2,20170122,17,27,A,0,3,0,11,2,1,0
601,2,20170131,10,1,A,2,0,3,11,4,4,0
602,2,20170131,32,2,A,2,1,3,10,6,3,0
603,2,20170131,17,6,A,0,1,0,13,5,0,0
604,2,20170131,8,18,A,1,1,1,8,2,1,0
605,2,20170131,33,22,A,1,1,1,16,5,1,0
606,2,20170131,31,29,A,0,0,1,14,3,1,0
607,2,20170131,27,30,A,1,2,0,10,2,0,0
608,2,20170201,14,21,A,0,0,1,6,2,4,0
609,2,20170201,11,28,A,1,1,1,14,5,0,0
610,2,20170201,20,34,A,4,0,3,11,4,3,0
611,2,20170204,2,8,A,1,3,0,9,5,1,0
612,2,20170204,29,10,A,4,0,3,10,7,3,0
613,2,20170204,1,11,A,3,6,0,18,8,1,0
614,2,20170204,18,14,A,0,2,0,22,5,1,0
615,2,20170204,34,27,A,3,1,3,6,4,2,0
616,2,20170204,22,31,A,0,1,0,8,0,1,0
617,2,20170204,6,32,A,1,2,0,11,7,0,1
618,2,20170204,28,33,A,0,1,0,12,2,2,0
619,2,20170205,21,17,A,3,0,3,15,9,4,0
620,2,20170205,30,20,A,1,2,0,4,2,3,0
621,2,20170211,14,2,A,0,2,0,9,4,1,1
622,2,20170211,31,18,A,0,2,0,7,2,4,0
623,2,20170211,32,21,A,0,2,0,9,3,0,0
624,2,20170211,11,22,A,0,0,1,7,3,0,0
625,2,20170211,10,28,A,0,1,0,6,1,3,0
626,2,20170211,27,29,A,4,0,3,15,8,0,0
627,2,20170211,33,34,A,2,2,1,8,3,2,0
628,2,20170212,8,6,A,1,1,1,13,2,2,0
629,2,20170212,17,30,A,0,2,0,9,1,2,0
630,2,20170213,20,1,A,2,0,3,17,5,3,0
631,2,20170225,30,8,A,1,3,0,3,2,3,0
632,2,20170225,22,10,A,0,1,0,11,4,1,0
633,2,20170225,29,11,A,0,2,0,10,1,2,0
634,2,20170225,6,14,A,1,1,1,10,3,1,1
635,2,20170225,34,32,A,1,1,1,13,2,1,1
636,2,20170225,1,33,A,1,2,0,12,4,0,0
637,2,20170226,28,31,A,0,4,0,5,3,3,0
638,2,20170227,18,17,A,1,3,0,17,7,0,0
639,2,20170304,14,17,A,1,3,0,10,4,1,0
640,2,20170304,2,18,A,1,3,0,7,3,2,0
641,2,20170304,1,21,A,1,1,1,3,1,2,1
642,2,20170304,22,28,A,0,2,0,8,2,2,0
643,2,20170304,6,30,A,2,3,0,6,4,2,0
644,2,20170304,27,32,A,4,3,3,20,11,2,0
645,2,20170304,10,33,A,2,0,3,10,4,1,0
646,2,20170305,20,29,A,2,0,3,14,7,0,0
647,2,20170305,11,31,A,2,3,0,8,4,2,0
648,2,20170306,8,34,A,2,1,3,9,4,1,0
649,2,20170308,28,20,A,0,0,1,5,2,3,0
650,2,20170311,34,1,A,2,3,0,15,7,2,0
651,2,20170311,33,11,A,0,3,0,5,2,2,0
652,2,20170311,30,14,A,1,2,0,11,3,1,0
653,2,20170312,6,18,A,1,2,0,11,1,2,0
654,2,20170318,30,1,A,0,2,0,10,1,2,0
655,2,20170318,32,10,A,0,1,0,6,2,2,0
656,2,20170318,14,11,A,0,4,0,6,0,0,1
657,2,20170318,8,28,A,2,1,3,20,7,2,0
658,2,20170318,6,29,A,0,0,1,17,3,1,0
659,2,20170318,2,33,A,1,3,0,11,2,0,0
660,2,20170318,17,34,A,3,2,3,11,5,1,0
661,2,20170319,18,20,A,1,1,1,13,4,3,0
662,2,20170319,21,22,A,3,1,3,14,6,1,0
663,2,20170319,27,31,A,1,2,0,8,3,3,0
664,2,20170401,31,6,A,2,0,3,19,7,0,0
665,2,20170401,10,8,A,2,1,3,8,3,2,0
666,2,20170401,34,14,A,1,2,0,12,4,2,0
667,2,20170401,28,17,A,0,2,0,10,2,4,0
668,2,20170401,11,18,A,1,3,0,9,4,3,0
669,2,20170401,33,21,A,0,0,1,3,1,3,0
670,2,20170401,1,27,A,0,0,1,12,3,0,0
671,2,20170401,29,32,A,0,1,0,11,3,3,0
672,2,20170402,20,2,A,2,2,1,14,5,2,0
673,2,20170402,22,30,A,0,0,1,8,1,3,0
674,2,20170404,28,6,A,0,1,0,15,2,2,0
675,2,20170404,29,17,A,0,2,0,15,3,1,0
676,2,20170404,11,21,A,1,1,1,11,4,4,1
677,2,20170404,33,32,A,0,2,0,18,2,4,0
678,2,20170405,34,2,A,0,3,0,7,2,2,0
679,2,20170405,20,8,A,1,2,0,17,7,3,0
680,2,20170405,22,14,A,2,4,0,12,4,1,0
681,2,20170405,1,18,A,2,2,1,7,2,1,0
682,2,20170405,10,27,A,1,3,0,17,3,1,0
683,2,20170405,31,30,A,3,1,3,18,8,1,0
684,2,20170408,8,1,A,3,1,3,15,5,3,0
685,2,20170408,14,20,A,1,3,0,6,1,2,0
686,2,20170408,6,22,A,0,0,1,7,2,3,0
687,2,20170408,18,28,A,2,1,3,14,4,2,0
688,2,20170408,32,31,A,0,4,0,8,2,1,0
689,2,20170408,27,33,A,1,0,3,10,3,2,0
690,2,20170408,30,34,A,0,1,0,4,1,1,0
691,2,20170409,17,11,A,2,4,0,6,4,2,0
692,2,20170409,21,29,A,3,0,3,18,9,5,0
693,2,20170410,2,10,A,0,3,0,11,3,1,0
694,2,20170415,17,10,A,2,2,1,6,2,2,0
695,2,20170415,6,11,A,1,3,0,13,6,0,0
696,2,20170415,20,27,A,3,0,3,18,5,0,0
697,2,20170415,14,28,A,1,3,0,14,3,2,0
698,2,20170415,34,29,A,2,2,1,7,3,0,1
699,2,20170415,1,31,A,0,4,0,5,1,1,0
700,2,20170415,30,32,A,0,1,0,13,4,0,0
701,2,20170416,8,21,A,0,2,0,5,0,3,0
702,2,20170416,18,33,A,1,0,3,15,2,1,0
703,2,20170417,2,22,A,2,1,3,12,4,2,0
704,2,20170422,22,1,A,0,4,0,5,2,2,1
705,2,20170422,32,14,A,0,2,0,13,2,1,0
706,2,20170422,28,30,A,0,2,0,9,3,2,0
707,2,20170422,11,34,A,0,0,1,4,0,3,0
708,2,20170423,21,6,A,2,0,3,12,6,1,0
709,2,20170423,10,18,A,2,1,3,7,3,2,0
710,2,20170425,27,8,A,2,4,0,12,4,2,0
711,2,20170426,17,2,A,0,1,0,7,3,4,0
712,2,20170426,31,10,A,1,0,3,18,4,3,0
713,2,20170426,29,22,A,0,1,0,10,4,3,0
714,2,20170427,21,20,A,0,0,1,3,1,0,1
715,2,20170429,6,10,A,2,0,3,9,3,0,0
716,2,20170429,14,27,A,0,0,1,9,1,3,0
717,2,20170429,34,28,A,0,0,1,12,4,0,0
718,2,20170429,1,29,A,1,0,3,15,7,2,0
719,2,20170429,17,33,A,1,0,3,6,1,2,0
720,2,20170430,8,11,A,3,0,3,11,5,4,0
721,2,20170430,30,21,A,1,1,1,12,4,2,0
722,2,20170430,20,22,A,2,2,1,22,4,4,0
723,2,20170430,2,31,A,0,2,0,12,4,3,0
724,2,20170501,18,32,A,1,0,3,12,8,1,0
725,2,20170505,31,34,A,0,1,0,11,5,2,0
726,2,20170506,28,1,A,2,2,1,14,3,0,0
727,2,20170506,33,6,A,2,2,1,11,3,3,0
728,2,20170506,29,14,A,2,0,3,12,5,1,0
729,2,20170506,32,17,A,0,3,0,14,7,0,0
730,2,20170506,10,20,A,0,5,0,5,2,3,0
731,2,20170506,11,30,A,0,1,0,8,2,0,0
732,2,20170507,21,2,A,0,2,0,10,4,0,0
733,2,20170507,27,18,A,0,0,1,4,0,3,0
734,2,20170508,22,8,A,0,3,0,2,1,2,0
735,2,20170510,2,27,A,2,0,3,11,4,2,0
736,2,20170512,32,11,A,0,1,0,14,2,3,0
737,2,20170512,8,33,A,1,0,3,24,5,0,0
738,2,20170513,6,1,A,1,2,0,14,3,1,0
739,2,20170513,17,20,A,1,2,0,9,4,3,0
740,2,20170513,27,22,A,2,1,3,14,4,0,0
741,2,20170513,2,28,A,4,1,3,10,6,2,0
742,2,20170513,30,29,A,2,0,3,3,3,0,0
743,2,20170514,14,10,A,0,4,0,9,0,5,0
744,2,20170514,21,31,A,1,2,0,8,2,2,0
745,2,20170514,18,34,A,4,0,3,26,11,0,0
746,2,20170515,32,8,A,3,4,0,9,3,4,1
747,2,20170516,29,2,A,0,2,0,6,2,2,0
748,2,20170516,33,20,A,1,3,0,5,2,2,0
749,2,20170517,21,27,A,0,0,1,11,1,1,0
750,2,20170518,31,17,A,6,1,3,26,12,1,0
751,2,20170521,11,2,A,1,3,0,22,7,4,0
752,2,20170521,34,6,A,2,1,3,14,4,2,0
753,2,20170521,29,8,A,1,5,0,7,3,1,0
754,2,20170521,31,14,A,7,1,3,19,14,0,0
755,2,20170521,1,17,A,1,1,1,10,4,1,0
756,2,20170521,22,18,A,0,3,0,9,3,1,0
757,2,20170521,10,21,A,0,2,0,6,1,0,0
758,2,20170521,28,27,A,1,0,3,14,3,4,0
759,2,20170521,33,30,A,1,2,0,16,5,1,0
760,2,20170521,20,32,A,5,0,3,15,9,0,0
761,3,20170811,17,2,A,3,4,0,6,3,1,0
762,3,20170812,20,5,A,2,0,3,14,4,2,0
763,3,20170812,6,8,A,3,2,3,10,5,3,0
764,3,20170812,13,10,A,3,0,3,8,6,3,0
765,3,20170812,28,11,A,0,1,0,9,1,1,0
766,3,20170812,30,27,A,0,0,1,4,0,1,0
767,3,20170812,18,32,A,3,3,1,14,5,3,0
768,3,20170812,1,33,A,0,1,0,9,2,1,0
769,3,20170813,34,21,A,0,4,0,9,1,2,0
770,3,20170813,31,23,A,2,0,3,18,6,2,0
771,3,20170819,32,1,A,2,0,3,19,7,3,0
772,3,20170819,33,6,A,1,0,3,8,1,0,1
773,3,20170819,5,17,A,0,2,0,5,2,0,0
774,3,20170819,10,18,A,0,1,0,4,1,3,0
775,3,20170819,34,27,A,2,3,0,16,8,1,1
776,3,20170819,2,28,A,0,1,0,18,6,0,0
777,3,20170819,21,30,A,4,0,3,17,8,1,0
778,3,20170820,23,13,A,0,1,0,13,5,4,0
779,3,20170820,8,31,A,2,1,3,9,2,3,0
780,3,20170821,11,20,A,1,1,1,7,2,2,1
781,3,20170826,20,1,A,2,1,3,19,8,4,1
782,3,20170826,30,10,A,2,0,3,7,3,1,0
783,3,20170826,27,13,A,0,0,1,6,3,1,0
784,3,20170826,17,21,A,0,2,0,11,4,2,0
785,3,20170826,34,23,A,0,3,0,8,3,3,0
786,3,20170826,5,32,A,0,0,1,16,2,1,0
787,3,20170827,11,8,A,0,2,0,7,0,2,0
788,3,20170827,2,18,A,0,4,0,8,0,4,0
789,3,20170827,6,31,A,1,1,1,13,3,0,0
790,3,20170827,28,33,A,1,1,1,16,2,2,0
791,3,20170909,1,2,A,0,3,0,7,2,1,0
792,3,20170909,33,5,A,1,3,0,12,3,0,0
793,3,20170909,31,11,A,3,0,3,15,6,1,0
794,3,20170909,8,17,A,2,1,3,16,6,0,0
795,3,20170909,18,20,A,0,5,0,10,3,2,1
796,3,20170909,32,27,A,2,0,3,12,3,0,0
797,3,20170909,21,28,A,2,2,1,18,8,0,0
798,3,20170910,10,6,A,0,1,0,23,5,1,0
799,3,20170910,23,30,A,1,0,3,16,8,3,0
800,3,20170911,13,34,A,0,2,0,10,2,2,0
801,3,20170915,5,1,A,1,2,0,9,2,0,0
802,3,20170916,27,10,A,1,0,3,13,4,1,0
803,3,20170916,17,13,A,1,1,1,10,1,1,0
804,3,20170916,6,18,A,1,1,1,5,4,2,0
805,3,20170916,28,23,A,1,2,0,13,4,1,0
806,3,20170916,30,31,A,0,0,1,4,0,3,0
807,3,20170916,20,32,A,6,0,3,28,10,0,0
808,3,20170916,34,33,A,0,0,1,9,1,2,0
809,3,20170917,2,8,A,0,0,1,11,2,3,0
810,3,20170917,11,21,A,0,4,0,7,3,1,0
811,3,20170923,13,6,A,0,0,1,9,2,2,0
812,3,20170923,1,11,A,1,2,0,8,4,1,0
813,3,20170923,18,17,A,3,2,3,23,6,3,0
814,3,20170923,10,20,A,0,5,0,5,0,1,0
815,3,20170923,21,27,A,1,0,3,9,4,4,0
816,3,20170923,8,28,A,4,0,3,7,4,2,0
817,3,20170923,32,30,A,2,1,3,8,4,3,0
818,3,20170923,31,34,A,3,2,3,15,5,2,1
819,3,20170924,23,5,A,0,1,0,17,5,1,0
820,3,20170925,33,2,A,0,2,0,7,3,4,0
821,3,20170930,17,1,A,0,0,1,8,1,0,0
822,3,20170930,20,8,A,1,0,3,17,6,2,0
823,3,20170930,31,13,A,4,0,3,14,7,1,0
824,3,20170930,10,21,A,0,4,0,6,1,0,0
825,3,20170930,27,28,A,1,2,0,21,3,2,0
826,3,20170930,32,33,A,2,2,1,15,3,0,0
827,3,20170930,30,34,A,0,1,0,6,1,2,0
828,3,20171001,5,2,A,0,2,0,9,1,2,0
829,3,20171001,6,11,A,1,0,3,5,2,2,0
830,3,20171001,18,23,A,1,1,1,17,2,1,0
831,3,20171014,34,6,A,1,1,1,8,6,2,1
832,3,20171014,8,10,A,1,2,0,15,5,1,0
833,3,20171014,21,18,A,0,0,1,6,1,2,0
834,3,20171014,28,20,A,2,7,0,5,1,1,0
835,3,20171014,13,30,A,0,2,0,7,2,5,0
836,3,20171014,1,31,A,0,1,0,5,1,3,0
837,3,20171014,2,32,A,1,2,0,9,6,0,0
838,3,20171015,11,5,A,1,1,1,13,6,1,0
839,3,20171015,23,27,A,2,2,1,19,5,2,0
840,3,20171016,33,17,A,1,1,1,5,1,2,0
841,3,20171020,5,34,A,3,0,3,7,5,0,0
842,3,20171021,32,8,A,2,4,0,16,5,3,0
843,3,20171021,21,13,A,1,2,0,9,3,2,0
844,3,20171021,6,20,A,0,3,0,6,0,3,0
845,3,20171021,10,23,A,0,1,0,10,0,2,0
846,3,20171021,33,27,A,0,1,0,7,2,1,0
847,3,20171021,1,28,A,2,1,3,7,3,1,0
848,3,20171021,17,30,A,2,1,3,11,6,1,0
849,3,20171022,2,11,A,5,2,3,30,14,1,0
850,3,20171022,18,31,A,1,4,0,12,7,1,0
851,3,20171028,8,1,A,1,0,3,18,5,0,0
852,3,20171028,30,2,A,1,2,0,4,2,0,0
853,3,20171028,34,10,A,2,2,1,6,2,2,0
854,3,20171028,13,18,A,0,3,0,1,0,1,0
855,3,20171028,31,21,A,0,1,0,13,4,0,0
856,3,20171028,28,32,A,1,0,3,6,2,4,0
857,3,20171028,20,33,A,3,2,3,15,5,3,0
858,3,20171029,27,5,A,1,1,1,6,1,1,0
859,3,20171029,11,17,A,0,2,0,16,2,2,0
860,3,20171030,23,6,A,0,1,0,12,5,0,0
861,3,20171104,33,13,A,0,1,0,9,3,4,0
862,3,20171104,1,23,A,1,0,3,16,6,2,0
863,3,20171104,6,27,A,1,0,3,5,1,0,0
864,3,20171104,17,28,A,2,2,1,14,4,0,0
865,3,20171104,5,30,A,1,0,3,5,2,1,0
866,3,20171104,18,34,A,4,1,3,15,7,0,0
867,3,20171105,21,8,A,0,1,0,10,2,3,0
868,3,20171105,32,11,A,2,3,0,11,3,2,0
869,3,20171105,2,20,A,1,3,0,6,3,6,0
870,3,20171105,10,31,A,0,1,0,11,3,2,0
871,3,20171118,13,1,A,0,4,0,20,3,2,0
872,3,20171118,31,2,A,0,2,0,14,4,1,0
873,3,20171118,30,6,A,0,2,0,13,1,1,0
874,3,20171118,11,10,A,2,2,1,8,5,3,0
875,3,20171118,20,17,A,2,0,3,12,4,1,0
876,3,20171118,27,18,A,0,3,0,5,0,1,0
877,3,20171118,23,21,A,1,4,0,12,5,1,0
878,3,20171118,8,33,A,4,0,3,11,7,3,0
879,3,20171119,34,32,A,0,2,0,10,6,4,0
880,3,20171120,28,5,A,2,2,1,13,6,0,0
881,3,20171124,17,34,A,1,1,1,7,2,1,0
882,3,20171125,28,10,A,1,2,0,9,3,1,0
883,3,20171125,8,18,A,1,1,1,11,3,0,0
884,3,20171125,5,21,A,0,1,0,8,2,2,0
885,3,20171125,32,23,A,3,0,3,12,4,2,0
886,3,20171125,1,30,A,0,0,1,9,5,2,0
887,3,20171125,33,31,A,1,1,1,5,2,4,0
888,3,20171126,2,6,A,1,0,3,17,2,0,0
889,3,20171126,20,13,A,2,1,3,14,5,3,0
890,3,20171126,11,27,A,1,4,0,5,2,0,0
891,3,20171128,10,5,A,0,0,1,10,4,0,0
892,3,20171128,31,17,A,1,2,0,18,6,2,0
893,3,20171128,21,32,A,4,2,3,15,7,1,0
894,3,20171128,23,33,A,2,2,1,14,4,0,0
895,3,20171129,6,1,A,2,1,3,10,4,1,0
896,3,20171129,13,2,A,0,5,0,7,2,1,0
897,3,20171129,30,8,A,0,1,0,2,0,0,0
898,3,20171129,34,11,A,0,4,0,7,3,1,0
899,3,20171129,27,20,A,1,2,0,7,2,1,0
900,3,20171129,18,28,A,3,0,3,14,7,5,0
901,3,20171202,21,2,A,3,1,3,8,4,2,1
902,3,20171202,18,5,A,5,1,3,12,6,0,0
903,3,20171202,23,8,A,1,3,0,8,2,1,0
904,3,20171202,13,11,A,0,2,0,5,3,1,0
905,3,20171202,6,17,A,0,1,0,14,4,2,0
906,3,20171202,30,28,A,1,2,0,10,3,0,0
907,3,20171202,31,32,A,1,1,1,8,2,1,1
908,3,20171202,10,33,A,0,0,1,10,2,1,0
909,3,20171203,27,1,A,1,1,1,15,4,1,0
910,3,20171203,34,20,A,1,2,0,7,4,2,0
911,3,20171209,32,6,A,0,1,0,11,2,0,1
912,3,20171209,1,10,A,2,2,1,11,5,2,0
913,3,20171209,5,13,A,0,2,0,7,2,0,0
914,3,20171209,17,23,A,3,2,3,13,5,1,0
915,3,20171209,33,30,A,0,1,0,7,1,5,0
916,3,20171209,28,31,A,1,5,0,4,3,0,0
917,3,20171209,8,34,A,0,1,0,19,2,1,0
918,3,20171210,11,18,A,1,1,1,3,2,3,0
919,3,20171210,20,21,A,2,1,3,14,7,2,0
920,3,20171210,2,27,A,1,1,1,11,6,2,0
921,3,20171212,28,6,A,0,1,0,14,7,0,0
922,3,20171212,32,10,A,1,2,0,7,2,1,1
923,3,20171212,8,13,A,3,1,3,12,5,0,0
924,3,20171213,33,18,A,0,0,1,6,1,0,0
925,3,20171213,1,21,A,0,1,0,14,7,2,0
926,3,20171213,11,23,A,1,0,3,7,4,2,0
927,3,20171213,17,27,A,4,1,3,16,11,0,0
928,3,20171213,20,30,A,4,0,3,23,10,0,0
929,3,20171213,5,31,A,0,2,0,7,4,1,0
930,3,20171213,2,34,A,0,0,1,22,3,0,0
931,3,20171216,23,2,A,0,1,0,10,2,1,0
932,3,20171216,6,5,A,0,0,1,11,6,2,0
933,3,20171216,27,8,A,0,1,0,6,2,3,0
934,3,20171216,10,17,A,3,0,3,13,6,2,0
935,3,20171216,31,20,A,1,4,0,7,2,4,0
936,3,20171216,34,28,A,3,0,3,14,7,1,0
937,3,20171216,13,32,A,4,1,3,15,9,1,1
938,3,20171217,18,1,A,4,0,3,21,7,1,0
939,3,20171217,21,33,A,2,1,3,8,3,3,0
940,3,20171218,30,11,A,1,3,0,8,3,3,0
941,3,20171222,18,2,A,3,3,1,14,9,0,0
942,3,20171223,32,5,A,0,1,0,13,1,0,0
943,3,20171223,31,6,A,3,0,3,18,8,2,0
944,3,20171223,8,11,A,0,0,1,25,8,0,0
945,3,20171223,21,17,A,2,2,1,19,6,2,0
946,3,20171223,1,20,A,0,4,0,5,1,1,0
947,3,20171223,13,27,A,1,1,1,10,3,1,0
948,3,20171223,33,28,A,1,3,0,17,7,0,0
949,3,20171223,10,30,A,1,1,1,13,5,3,0
950,3,20171223,23,34,A,3,2,3,11,4,1,0
951,3,20171226,34,1,A,3,3,1,10,5,4,0
952,3,20171226,5,8,A,0,2,0,8,1,1,0
953,3,20171226,28,13,A,1,1,1,15,7,4,0
954,3,20171226,30,18,A,0,5,0,7,4,1,0
955,3,20171226,6,21,A,2,2,1,3,2,7,0
956,3,20171226,27,31,A,2,5,0,16,6,2,0
957,3,20171226,17,32,A,1,2,0,11,5,3,0
958,3,20171226,11,33,A,0,0,1,7,3,0,0
959,3,20171227,20,23,A,1,0,3,22,6,0,0
960,3,20171228,2,10,A,3,2,3,16,9,1,0
961,3,20171230,11,1,A,1,2,0,6,1,0,0
962,3,20171230,28,8,A,0,5,0,1,1,1,0
963,3,20171230,6,13,A,0,0,1,11,4,1,0
964,3,20171230,17,18,A,1,2,0,7,1,2,0
965,3,20171230,27,21,A,0,0,1,8,3,4,0
966,3,20171230,5,23,A,0,0,1,10,3,2,0
967,3,20171230,30,32,A,2,1,3,9,4,2,0
968,3,20171231,20,10,A,0,0,1,15,4,4,0
969,3,20171231,2,33,A,1,1,1,14,4,3,0
970,3,20180101,1,5,A,2,2,1,26,8,1,0
971,3,20180101,18,6,A,2,1,3,19,5,0,0
972,3,20180101,21,11,A,2,0,3,21,6,0,0
973,3,20180101,13,17,A,0,3,0,6,1,1,0
974,3,20180101,23,28,A,1,0,3,14,6,1,0
975,3,20180102,32,20,A,1,3,0,7,4,1,0
976,3,20180102,10,27,A,2,1,3,11,4,1,0
977,3,20180102,31,30,A,2,0,3,12,5,2,0
978,3,20180102,33,34,A,1,2,0,10,3,2,0
979,3,20180103,8,2,A,2,2,1,19,6,2,0
980,3,20180104,34,31,A,1,1,1,3,1,2,0
981,3,20180113,17,8,A,0,0,1,14,1,2,1
982,3,20180113,6,10,A,0,1,0,8,2,3,0
983,3,20180113,34,13,A,4,1,3,8,6,1,0
984,3,20180113,30,23,A,1,1,1,8,5,3,0
985,3,20180113,11,31,A,0,4,0,7,0,2,0
986,3,20180113,27,32,A,2,2,1,10,4,5,0
987,3,20180113,5,33,A,0,2,0,13,1,0,0
988,3,20180114,2,1,A,1,2,0,12,3,2,0
989,3,20180114,20,18,A,3,4,0,11,4,3,0
990,3,20180115,28,21,A,0,3,0,11,5,1,0
991,3,20180120,10,2,A,1,4,0,9,5,0,0
992,3,20180120,8,5,A,4,0,3,14,10,0,0
993,3,20180120,21,6,A,1,0,3,12,2,3,0
994,3,20180120,33,11,A,1,1,1,15,5,1,0
995,3,20180120,32,17,A,0,2,0,11,3,0,0
996,3,20180120,23,20,A,1,3,0,6,4,1,0
997,3,20180120,13,28,A,0,2,0,6,3,1,0
998,3,20180120,1,34,A,1,1,1,8,3,1,0
999,3,20180121,31,27,A,1,1,1,17,2,3,0
1000,3,20180122,18,30,A,0,1,0,21,4,2,0
1001,3,20180130,18,13,A,3,0,3,14,7,0,0
1002,3,20180130,2,30,A,1,3,0,9,4,3,0
1003,3,20180130,10,34,A,1,1,1,9,3,3,0
1004,3,20180131,1,8,A,3,0,3,11,5,0,0
1005,3,20180131,17,11,A,1,2,0,8,1,2,0
1006,3,20180131,33,20,A,0,3,0,3,1,3,0
1007,3,20180131,6,23,A,1,1,1,11,2,2,0
1008,3,20180131,5,27,A,1,1,1,9,2,1,0
1009,3,20180131,32,28,A,0,0,1,12,2,3,0
1010,3,20180131,21,31,A,0,2,0,6,3,2,0
1011,3,20180203,28,1,A,1,2,0,13,4,3,0
1012,3,20180203,11,2,A,1,5,0,11,2,0,0
1013,3,20180203,34,5,A,1,3,0,4,1,1,0
1014,3,20180203,20,6,A,1,1,1,20,7,1,0
1015,3,20180203,30,17,A,1,1,1,3,1,0,0
1016,3,20180203,13,21,A,0,2,0,4,0,4,0
1017,3,20180203,27,33,A,3,2,3,13,5,1,0
1018,3,20180204,23,10,A,1,1,1,11,8,1,0
1019,3,20180204,31,18,A,2,2,1,13,6,1,0
1020,3,20180205,8,32,A,1,4,0,7,3,2,1
1021,3,20180210,10,11,A,1,3,0,16,4,1,0
1022,3,20180210,17,20,A,1,5,0,2,2,3,0
1023,3,20180210,5,28,A,1,1,1,14,6,0,0
1024,3,20180210,6,30,A,0,1,0,13,1,1,0
1025,3,20180210,2,31,A,0,1,0,6,1,1,0
1026,3,20180210,32,34,A,0,2,0,11,4,1,0
1027,3,20180211,1,13,A,1,4,0,7,2,3,0
1028,3,20180211,21,23,A,0,1,0,13,6,2,0
1029,3,20180211,18,27,A,2,0,3,16,4,2,0
1030,3,20180212,33,8,A,0,3,0,8,1,2,0
1031,3,20180224,23,1,A,2,2,1,15,4,4,0
1032,3,20180224,30,5,A,1,4,0,11,1,0,0
1033,3,20180224,27,6,A,1,1,1,13,6,0,0
1034,3,20180224,28,17,A,1,1,1,6,2,3,0
1035,3,20180224,34,18,A,1,4,0,7,4,2,0
1036,3,20180224,11,32,A,0,1,0,7,2,1,0
1037,3,20180224,13,33,A,2,1,3,16,7,1,0
1038,3,20180225,31,10,A,1,0,3,14,4,1,0
1039,3,20180225,8,21,A,1,2,0,14,7,2,0
1040,3,20180301,20,2,A,3,0,3,9,5,1,0
1041,3,20180303,11,6,A,1,2,0,10,4,1,1
1042,3,20180303,1,17,A,1,1,1,8,3,1,0
1043,3,20180303,23,18,A,0,2,0,7,2,0,0
1044,3,20180303,28,27,A,0,0,1,12,3,1,0
1045,3,20180303,34,30,A,1,4,0,7,2,3,0
1046,3,20180303,13,31,A,0,2,0,3,3,1,0
1047,3,20180303,33,32,A,0,1,0,9,2,0,0
1048,3,20180304,2,5,A,1,2,0,15,7,3,0
1049,3,20180304,8,20,A,0,1,0,3,0,1,0
1050,3,20180305,21,10,A,3,2,3,17,8,3,0
1051,3,20180310,10,8,A,1,2,0,9,2,2,0
1052,3,20180310,5,11,A,0,2,0,10,4,1,1
1053,3,20180310,30,13,A,0,0,1,0,0,3,1
1054,3,20180310,18,21,A,1,2,0,14,2,1,0
1055,3,20180310,27,23,A,0,3,0,6,2,2,0
1056,3,20180310,17,33,A,4,1,3,14,6,3,0
1057,3,20180310,6,34,A,3,0,3,7,4,2,0
1058,3,20180311,31,1,A,4,1,3,12,8,1,0
1059,3,20180311,32,2,A,0,3,0,11,4,1,0
1060,3,20180312,20,28,A,2,0,3,17,6,0,0
1061,3,20180317,33,1,A,1,2,0,11,6,2,0
1062,3,20180317,10,13,A,2,0,3,17,6,2,0
1063,3,20180317,32,18,A,0,5,0,4,1,0,0
1064,3,20180317,11,28,A,2,1,3,17,9,1,0
1065,3,20180331,17,5,A,2,0,3,6,4,4,1
1066,3,20180331,18,10,A,2,1,3,16,6,2,0
1067,3,20180331,20,11,A,3,1,3,18,4,0,0
1068,3,20180331,30,21,A,0,2,0,3,2,0,0
1069,3,20180331,13,23,A,0,1,0,4,0,4,0
1070,3,20180331,1,32,A,2,2,1,13,6,0,0
1071,3,20180331,6,33,A,2,1,3,11,4,3,0
1072,3,20180331,27,34,A,0,3,0,9,0,3,0
1073,3,20180401,28,2,A,0,3,0,8,2,2,0
1074,3,20180401,31,8,A,3,1,3,12,7,1,0
1075,3,20180407,10,1,A,2,2,1,13,6,2,0
1076,3,20180407,13,5,A,1,1,1,14,5,0,0
1077,3,20180407,18,11,A,0,0,1,10,3,0,0
1078,3,20180407,23,17,A,2,1,3,8,4,3,0
1079,3,20180407,21,20,A,3,2,3,5,4,3,0
1080,3,20180407,31,28,A,2,1,3,15,4,3,0
1081,3,20180407,6,32,A,2,1,3,7,4,2,0
1082,3,20180407,30,33,A,1,1,1,7,1,2,0
1083,3,20180408,27,2,A,2,3,0,15,8,1,1
1084,3,20180408,34,8,A,1,1,1,5,2,1,0
1085,3,20180414,17,6,A,1,2,0,15,6,1,0
1086,3,20180414,5,10,A,2,3,0,12,3,2,0
1087,3,20180414,32,13,A,0,1,0,4,2,2,0
1088,3,20180414,1,18,A,0,3,0,6,1,1,0
1089,3,20180414,8,27,A,3,2,3,17,5,3,0
1090,3,20180414,11,30,A,1,1,1,12,3,1,0
1091,3,20180414,20,31,A,3,1,3,17,6,4,0
1092,3,20180415,33,21,A,1,0,3,10,4,1,0
1093,3,20180415,2,23,A,1,2,0,15,3,0,0
1094,3,20180416,28,34,A,1,1,1,11,7,3,0
1095,3,20180417,31,5,A,1,1,1,16,6,0,0
1096,3,20180418,21,1,A,2,0,3,13,4,1,0
1097,3,20180419,8,6,A,2,1,3,16,5,0,0
1098,3,20180419,27,17,A,0,0,1,6,2,0,0
1099,3,20180421,10,32,A,0,0,1,6,1,5,0
1100,3,20180421,18,33,A,2,2,1,9,3,1,0
1101,3,20180422,34,2,A,1,4,0,11,4,2,0
1102,3,20180422,30,20,A,0,5,0,4,1,1,0
1103,3,20180422,6,28,A,1,1,1,16,7,1,0
1104,3,20180423,23,11,A,0,1,0,9,2,1,0
1105,3,20180428,5,6,A,0,0,1,9,1,2,0
1106,3,20180428,17,10,A,0,5,0,6,1,1,1
1107,3,20180428,11,13,A,2,0,3,7,5,0,0
1108,3,20180428,28,18,A,0,0,1,5,1,2,0
1109,3,20180428,33,23,A,1,0,3,9,2,3,0
1110,3,20180428,1,27,A,1,2,0,14,7,1,0
1111,3,20180428,8,30,A,1,0,3,11,3,1,0
1112,3,20180429,2,21,A,1,2,0,8,3,1,0
1113,3,20180429,20,34,A,4,1,3,19,7,1,0
1114,3,20180430,32,31,A,0,2,0,13,5,0,0
1115,3,20180504,21,5,A,0,1,0,16,3,0,0
1116,3,20180505,30,1,A,0,1,0,12,3,4,0
1117,3,20180505,27,11,A,1,1,1,11,5,4,1
1118,3,20180505,34,17,A,2,0,3,13,3,2,0
1119,3,20180505,10,28,A,2,1,3,13,2,2,0
1120,3,20180505,23,32,A,1,2,0,9,1,1,0
1121,3,20180505,31,33,A,0,1,0,18,5,1,0
1122,3,20180506,6,2,A,0,5,0,6,2,1,0
1123,3,20180506,18,8,A,0,1,0,10,5,2,0
1124,3,20180506,13,20,A,0,0,1,5,3,3,0
1125,3,20180508,27,30,A,1,0,3,13,8,1,0
1126,3,20180509,13,8,A,1,1,1,3,2,1,0
1127,3,20180509,2,17,A,1,3,0,14,7,2,1
1128,3,20180509,5,20,A,1,3,0,6,3,1,0
1129,3,20180509,23,31,A,0,1,0,14,3,3,0
1130,3,20180510,21,34,A,0,0,1,16,6,1,0
1131,3,20180513,1,6,A,2,1,3,16,5,0,0
1132,3,20180513,33,10,A,0,2,0,7,1,3,0
1133,3,20180513,2,13,A,1,0,3,9,4,0,0
1134,3,20180513,5,18,A,0,4,0,2,1,0,0
1135,3,20180513,32,21,A,0,1,0,7,3,0,0
1136,3,20180513,8,23,A,0,3,0,6,2,1,0
1137,3,20180513,20,27,A,1,0,3,13,2,1,0
1138,3,20180513,28,30,A,2,1,3,8,5,2,0
1139,3,20180513,17,31,A,4,5,0,16,9,2,0
1140,3,20180513,11,34,A,1,3,0,14,7,1,0
1141,4,20180810,17,21,A,1,2,0,13,4,1,0
1142,4,20180811,7,1,A,0,2,0,10,1,1,0
1143,4,20180811,10,12,A,2,0,3,10,9,2,0
1144,4,20180811,8,13,A,3,0,3,13,4,1,0
1145,4,20180811,31,23,A,2,1,3,15,5,2,0
1146,4,20180811,5,32,A,0,2,0,6,0,2,0
1147,4,20180811,11,35,A,2,2,1,6,5,1,1
1148,4,20180812,20,2,A,2,0,3,17,8,2,0
1149,4,20180812,34,18,A,0,4,0,5,2,2,0
1150,4,20180812,6,27,A,0,0,1,16,6,1,0
1151,4,20180818,23,7,A,0,0,1,12,6,2,1
1152,4,20180818,2,8,A,2,3,0,15,6,2,0
1153,4,20180818,27,11,A,1,2,0,15,4,5,0
1154,4,20180818,35,17,A,0,2,0,11,3,1,0
1155,4,20180818,12,31,A,1,3,0,10,3,0,0
1156,4,20180818,1,34,A,2,1,3,12,5,2,0
1157,4,20180819,21,5,A,2,3,0,9,3,1,0
1158,4,20180819,32,6,A,3,1,3,9,6,2,0
1159,4,20180819,13,20,A,1,6,0,5,1,2,0
1160,4,20180820,18,10,A,2,0,3,16,6,1,0
1161,4,20180825,11,1,A,2,2,1,11,3,3,1
1162,4,20180825,34,2,A,1,3,0,13,5,3,0
1163,4,20180825,7,13,A,0,0,1,14,4,1,0
1164,4,20180825,5,18,A,0,1,0,6,2,1,0
1165,4,20180825,17,27,A,2,1,3,8,5,1,0
1166,4,20180825,20,35,A,1,1,1,18,6,2,0
1167,4,20180826,6,12,A,2,4,0,12,2,1,0
1168,4,20180826,8,23,A,2,1,3,15,3,1,0
1169,4,20180826,10,32,A,1,2,0,9,3,2,0
1170,4,20180827,31,21,A,3,0,3,9,5,4,0
1171,4,20180901,12,5,A,2,2,1,10,5,3,0
1172,4,20180901,1,8,A,0,2,0,8,1,2,0
1173,4,20180901,27,10,A,2,0,3,19,6,1,0
1174,4,20180901,13,11,A,1,1,1,9,6,3,0
1175,4,20180901,18,17,A,2,1,3,10,4,2,0
1176,4,20180901,23,20,A,1,2,0,3,2,0,0
1177,4,20180901,35,34,A,1,0,3,15,6,1,0
1178,4,20180902,21,6,A,2,0,3,21,9,3,1
1179,4,20180902,2,7,A,3,2,3,17,11,4,0
1180,4,20180902,31,32,A,1,2,0,11,2,1,0
1181,4,20180915,17,1,A,2,4,0,14,8,2,1
1182,4,20180915,7,8,A,1,4,0,6,2,0,0
1183,4,20180915,10,13,A,1,0,3,7,2,2,0
1184,4,20180915,12,20,A,0,3,0,9,3,0,0
1185,4,20180915,2,23,A,2,1,3,12,2,0,0
1186,4,20180915,18,31,A,2,1,3,17,10,0,0
1187,4,20180915,21,32,A,2,1,3,9,6,1,1
1188,4,20180916,34,11,A,3,1,3,9,4,5,0
1189,4,20180916,6,35,A,0,1,0,7,2,4,0
1190,4,20180917,5,27,A,2,2,1,12,4,3,0
1191,4,20180922,31,5,A,2,1,3,16,7,1,0
1192,4,20180922,1,6,A,0,4,0,19,5,0,0
1193,4,20180922,20,7,A,5,0,3,21,10,1,0
1194,4,20180922,23,10,A,0,0,1,6,3,1,0
1195,4,20180922,32,12,A,1,1,1,11,6,1,0
1196,4,20180922,13,17,A,1,3,0,9,2,1,0
1197,4,20180922,27,18,A,0,3,0,7,1,2,0
1198,4,20180922,35,21,A,1,1,1,11,8,1,0
1199,4,20180923,11,2,A,0,2,0,9,6,1,0
1200,4,20180923,8,34,A,0,0,1,17,6,1,0
1201,4,20180929,32,2,A,0,2,0,13,4,2,0
1202,4,20180929,18,8,A,1,1,1,13,6,2,0
1203,4,20180929,12,11,A,0,3,0,6,0,3,0
1204,4,20180929,31,13,A,2,0,3,10,6,2,0
1205,4,20180929,5,20,A,0,2,0,4,1,3,0
1206,4,20180929,17,23,A,2,0,3,12,5,0,0
1207,4,20180929,21,34,A,1,3,0,9,4,1,0
1208,4,20180929,27,35,A,0,2,0,17,6,1,0
1209,4,20180930,6,7,A,2,1,3,3,2,3,0
1210,4,20181001,10,1,A,1,2,0,10,2,4,0
1211,4,20181005,34,5,A,0,1,0,17,4,2,0
1212,4,20181006,13,6,A,1,1,1,19,2,2,0
1213,4,20181006,35,10,A,1,0,3,7,2,4,0
1214,4,20181006,11,17,A,2,1,3,17,8,1,0
1215,4,20181006,23,21,A,2,3,0,13,8,2,0
1216,4,20181006,7,31,A,0,1,0,8,6,1,1
1217,4,20181006,1,32,A,4,0,3,10,7,1,0
1218,4,20181007,2,12,A,5,1,3,9,7,0,0
1219,4,20181007,20,18,A,0,0,1,6,2,3,0
1220,4,20181007,8,27,A,3,0,3,21,6,0,0
1221,4,20181020,27,1,A,0,0,1,8,4,2,0
1222,4,20181020,12,7,A,2,4,0,9,4,3,0
1223,4,20181020,21,8,A,2,2,1,7,4,5,0
1224,4,20181020,18,13,A,1,0,3,11,2,2,0
1225,4,20181020,6,20,A,0,5,0,5,0,2,0
1226,4,20181020,5,23,A,1,0,3,8,2,2,0
1227,4,20181020,31,34,A,1,0,3,10,2,0,0
1228,4,20181020,32,35,A,2,0,3,9,3,1,0
1229,4,20181021,10,11,A,0,2,0,7,3,1,0
1230,4,20181022,17,2,A,1,3,0,8,2,2,0
1231,4,20181027,35,5,A,0,1,0,25,7,0,0
1232,4,20181027,1,12,A,3,0,3,12,5,1,0
1233,4,20181027,34,17,A,1,1,1,11,3,1,1
1234,4,20181027,7,18,A,1,4,0,2,1,0,0
1235,4,20181027,23,27,A,0,0,1,6,0,1,0
1236,4,20181027,13,32,A,0,3,0,13,7,2,0
1237,4,20181028,8,6,A,4,0,3,24,8,2,0
1238,4,20181028,2,10,A,2,2,1,7,2,2,0
1239,4,20181028,11,21,A,1,2,0,14,6,1,0
1240,4,20181029,20,31,A,1,0,3,13,6,2,0
1241,4,20181103,21,1,A,2,1,3,18,8,3,0
1242,4,20181103,18,2,A,1,1,1,13,4,1,0
1243,4,20181103,17,7,A,1,0,3,13,5,2,0
1244,4,20181103,5,11,A,1,3,0,5,3,1,0
1245,4,20181103,32,23,A,0,1,0,16,1,5,0
1246,4,20181103,6,34,A,2,4,0,6,3,4,0
1247,4,20181103,31,35,A,3,2,3,10,8,2,0
1248,4,20181104,10,8,A,1,3,0,7,2,1,0
1249,4,20181104,27,20,A,1,6,0,12,6,1,0
1250,4,20181105,12,13,A,0,1,0,7,1,2,0
1251,4,20181110,5,7,A,1,2,0,7,3,1,1
1252,4,20181110,31,10,A,1,0,3,11,2,1,0
1253,4,20181110,34,13,A,1,1,1,12,5,1,0
1254,4,20181110,6,17,A,0,0,1,6,1,0,0
1255,4,20181110,1,23,A,1,2,0,14,4,1,0
1256,4,20181110,32,27,A,1,1,1,12,6,2,0
1257,4,20181111,35,2,A,1,1,1,12,5,2,0
1258,4,20181111,11,8,A,0,0,1,6,1,3,0
1259,4,20181111,12,18,A,0,2,0,8,3,1,0
1260,4,20181111,21,20,A,1,3,0,6,1,1,0
1261,4,20181124,17,5,A,1,1,1,8,3,1,1
1262,4,20181124,7,11,A,0,1,0,7,1,3,0
1263,4,20181124,27,12,A,2,3,0,19,8,3,0
1264,4,20181124,10,21,A,0,0,1,13,2,2,0
1265,4,20181124,8,31,A,1,3,0,13,2,3,0
1266,4,20181124,18,32,A,3,0,3,10,7,0,1
1267,4,20181124,20,34,A,4,0,3,9,6,0,0
1268,4,20181125,2,1,A,2,1,3,20,4,1,0
1269,4,20181125,13,35,A,2,0,3,14,6,2,0
1270,4,20181126,23,6,A,2,1,3,17,3,1,0
1271,4,20181130,35,7,A,1,2,0,15,4,2,0
1272,4,20181201,6,10,A,0,2,0,4,0,1,0
1273,4,20181201,5,13,A,2,1,3,14,6,2,0
1274,4,20181201,32,17,A,0,2,0,8,0,1,1
1275,4,20181201,1,20,A,1,3,0,4,1,0,0
1276,4,20181201,34,23,A,3,0,3,7,4,3,0
1277,4,20181201,21,27,A,2,2,1,11,5,4,0
1278,4,20181202,31,2,A,2,4,0,11,6,3,1
1279,4,20181202,12,8,A,0,2,0,9,4,1,0
1280,4,20181202,11,18,A,0,1,0,9,3,2,0
1281,4,20181204,13,1,A,1,2,0,23,6,2,0
1282,4,20181204,10,5,A,1,3,0,18,5,3,0
1283,4,20181204,20,32,A,2,1,3,15,7,1,0
1284,4,20181204,7,34,A,1,3,0,9,5,2,0
1285,4,20181205,18,6,A,3,1,3,18,12,0,0
1286,4,20181205,23,11,A,1,1,1,8,5,5,0
1287,4,20181205,17,12,A,1,1,1,13,5,0,0
1288,4,20181205,2,21,A,2,2,1,9,4,3,0
1289,4,20181205,27,31,A,1,3,0,18,5,0,0
1290,4,20181205,8,35,A,1,2,0,17,3,4,0
1291,4,20181208,18,1,A,4,0,3,10,4,1,0
1292,4,20181208,13,2,A,0,1,0,6,0,4,0
1293,4,20181208,5,6,A,0,1,0,14,1,0,0
1294,4,20181208,27,7,A,0,1,0,12,1,2,0
1295,4,20181208,20,8,A,0,2,0,14,4,0,0
1296,4,20181208,31,17,A,2,0,3,7,2,1,0
1297,4,20181208,12,21,A,1,4,0,10,4,1,1
1298,4,20181208,10,34,A,2,3,0,8,4,2,0
1299,4,20181209,35,23,A,2,1,3,13,6,5,0
1300,4,20181210,32,11,A,2,2,1,15,3,1,0
1301,4,20181215,17,10,A,0,1,0,12,2,1,0
1302,4,20181215,34,12,A,2,0,3,6,3,1,0
1303,4,20181215,23,13,A,1,0,3,8,5,1,0
1304,4,20181215,11,20,A,1,3,0,9,2,2,0
1305,4,20181215,6,31,A,0,1,0,4,0,2,0
1306,4,20181215,7,32,A,2,3,0,10,3,0,0
1307,4,20181215,1,35,A,0,2,0,13,3,2,0
1308,4,20181216,8,5,A,2,1,3,10,3,2,0
1309,4,20181216,21,18,A,1,3,0,6,2,2,0
1310,4,20181216,2,27,A,2,3,0,13,4,1,0
1311,4,20181221,18,35,A,2,0,3,15,6,0,0
1312,4,20181222,5,1,A,0,2,0,10,5,0,1
1313,4,20181222,6,2,A,1,3,0,7,2,5,0
1314,4,20181222,21,7,A,5,1,3,17,9,1,0
1315,4,20181222,17,8,A,1,0,3,8,3,2,0
1316,4,20181222,27,13,A,3,1,3,13,6,3,0
1317,4,20181222,10,20,A,3,2,3,5,3,4,0
1318,4,20181222,12,23,A,0,0,1,4,2,2,0
1319,4,20181222,32,34,A,2,0,3,11,5,2,0
1320,4,20181223,31,11,A,6,2,3,17,8,2,0
1321,4,20181226,2,5,A,1,1,1,7,4,1,0
1322,4,20181226,11,6,A,5,1,3,13,6,4,0
1323,4,20181226,7,10,A,0,0,1,9,4,3,0
1324,4,20181226,35,12,A,1,1,1,14,5,1,0
1325,4,20181226,20,17,A,1,2,0,11,4,2,1
1326,4,20181226,23,18,A,0,4,0,6,2,0,0
1327,4,20181226,13,21,A,1,3,0,10,2,1,0
1328,4,20181226,1,31,A,0,5,0,14,4,1,0
1329,4,20181226,8,32,A,2,1,3,10,4,0,0
1330,4,20181227,34,27,A,2,1,3,16,5,0,0
1331,4,20181229,11,5,A,0,1,0,13,4,2,0
1332,4,20181229,13,12,A,0,1,0,9,5,1,0
1333,4,20181229,7,17,A,1,0,3,12,3,2,0
1334,4,20181229,2,18,A,1,5,0,8,2,2,0
1335,4,20181229,35,31,A,3,1,3,11,4,2,0
1336,4,20181229,23,32,A,1,1,1,8,2,2,0
1337,4,20181230,34,6,A,0,2,0,11,4,4,0
1338,4,20181230,8,10,A,1,0,3,12,4,1,0
1339,4,20181230,1,21,A,1,4,0,7,3,0,0
1340,4,20181230,20,27,A,3,1,3,14,6,3,0
1341,4,20190101,12,2,A,1,4,0,9,4,1,0
1342,4,20190101,31,7,A,3,0,3,13,4,0,0
1343,4,20190101,17,11,A,1,0,3,8,4,1,0
1344,4,20190102,32,1,A,3,3,1,11,3,4,0
1345,4,20190102,27,8,A,0,0,1,6,2,2,0
1346,4,20190102,6,13,A,2,1,3,16,8,4,1
1347,4,20190102,21,23,A,2,0,3,16,7,2,0
1348,4,20190102,5,34,A,2,2,1,13,6,1,0
1349,4,20190102,10,35,A,2,0,3,17,4,1,0
1350,4,20190103,18,20,A,1,2,0,7,5,2,0
1351,4,20190112,18,5,A,1,0,3,10,3,0,0
1352,4,20190112,12,6,A,1,2,0,12,4,2,0
1353,4,20190112,13,7,A,0,0,1,14,2,1,0
1354,4,20190112,23,8,A,1,2,0,9,2,1,0
1355,4,20190112,32,10,A,2,1,3,16,2,4,0
1356,4,20190112,27,17,A,2,1,3,8,3,1,1
1357,4,20190112,2,34,A,0,1,0,11,2,2,0
1358,4,20190113,1,11,A,0,2,0,16,7,0,0
1359,4,20190113,21,31,A,1,0,3,13,8,2,0
1360,4,20190114,35,20,A,0,3,0,3,0,0,1
1361,4,20190119,34,1,A,0,2,0,9,1,1,0
1362,4,20190119,8,2,A,0,2,0,13,1,2,0
1363,4,20190119,10,18,A,3,4,0,9,3,1,0
1364,4,20190119,5,21,A,1,2,0,7,3,0,0
1365,4,20190119,7,23,A,0,3,0,9,1,1,0
1366,4,20190119,11,27,A,1,2,0,7,2,1,0
1367,4,20190119,6,32,A,0,0,1,11,3,2,0
1368,4,20190119,17,35,A,3,4,0,16,6,3,0
1369,4,20190120,31,12,A,2,1,3,14,5,3,0
1370,4,20190120,20,13,A,3,0,3,12,4,2,0
1371,4,20190129,7,2,A,1,2,0,19,2,3,0
1372,4,20190129,5,12,A,2,4,0,15,6,3,0
1373,4,20190129,11,13,A,1,0,3,10,5,4,1
1374,4,20190129,6,21,A,2,2,1,6,4,3,0
1375,4,20190129,20,23,A,1,2,0,12,4,3,0
1376,4,20190129,34,35,A,0,3,0,4,0,1,0
1377,4,20190130,8,1,A,0,4,0,11,7,0,0
1378,4,20190130,17,18,A,1,1,1,5,2,3,0
1379,4,20190130,10,27,A,1,1,1,15,3,2,1
1380,4,20190130,32,31,A,1,2,0,9,1,4,0
1381,4,20190202,32,5,A,0,0,1,5,0,0,0
1382,4,20190202,27,6,A,1,1,1,10,4,1,0
1383,4,20190202,1,7,A,0,2,0,9,2,2,0
1384,4,20190202,13,8,A,0,5,0,5,2,0,0
1385,4,20190202,12,10,A,0,2,0,8,0,3,0
1386,4,20190202,35,11,A,3,1,3,8,4,1,0
1387,4,20190202,23,31,A,0,1,0,8,2,1,0
1388,4,20190203,21,17,A,1,0,3,10,6,4,0
1389,4,20190203,2,20,A,1,3,0,4,2,1,0
1390,4,20190204,18,34,A,1,1,1,11,6,1,0
1391,4,20190206,20,11,A,2,0,3,15,4,1,0
1392,4,20190209,6,5,A,3,1,3,9,5,1,0
1393,4,20190209,34,10,A,1,1,1,6,4,0,0
1394,4,20190209,21,12,A,3,0,3,15,7,2,0
1395,4,20190209,2,13,A,2,1,3,9,4,2,0
1396,4,20190209,1,18,A,0,3,0,12,2,2,0
1397,4,20190209,7,27,A,2,1,3,6,3,3,0
1398,4,20190209,11,32,A,0,1,0,9,4,0,1
1399,4,20190210,8,20,A,0,6,0,12,4,2,0
1400,4,20190210,17,31,A,1,3,0,20,9,1,0
1401,4,20190211,23,35,A,1,1,1,9,3,3,0
1402,4,20190222,32,7,A,5,1,3,12,7,2,0
1403,4,20190222,12,34,A,1,3,0,8,5,1,0
1404,4,20190223,35,1,A,1,1,1,10,2,5,0
1405,4,20190223,31,6,A,1,2,0,17,6,3,0
1406,4,20190223,10,17,A,4,1,3,7,5,1,0
1407,4,20190223,13,23,A,0,2,0,3,1,0,1
1408,4,20190224,27,2,A,0,2,0,10,4,0,0
1409,4,20190224,18,21,A,0,0,1,7,1,3,0
1410,4,20190226,11,7,A,3,0,3,12,4,1,0
1411,4,20190226,35,13,A,0,1,0,7,0,2,0
1412,4,20190226,5,17,A,1,2,0,15,3,1,0
1413,4,20190226,6,23,A,0,2,0,12,2,3,0
1414,4,20190227,1,2,A,1,5,0,13,5,2,0
1415,4,20190227,31,8,A,0,2,0,9,0,1,0
1416,4,20190227,21,10,A,3,1,3,13,4,3,0
1417,4,20190227,32,18,A,0,5,0,5,3,2,0
1418,4,20190227,34,20,A,0,1,0,2,1,2,0
1419,4,20190227,12,27,A,0,2,0,14,4,1,0
1420,4,20190302,20,1,A,1,0,3,23,7,2,0
1421,4,20190302,13,5,A,0,1,0,6,4,2,0
1422,4,20190302,10,6,A,3,1,3,10,4,2,0
1423,4,20190302,27,21,A,2,3,0,6,3,1,0
1424,4,20190302,2,31,A,1,1,1,9,4,2,1
1425,4,20190302,23,34,A,0,2,0,17,2,4,0
1426,4,20190302,7,35,A,0,2,0,12,4,2,0
1427,4,20190303,18,11,A,0,0,1,10,3,2,0
1428,4,20190303,8,12,A,2,1,3,20,7,1,0
1429,4,20190303,17,32,A,1,2,0,14,2,1,0
1430,4,20190309,34,7,A,0,2,0,9,2,1,0
1431,4,20190309,5,10,A,2,1,3,4,3,5,0
1432,4,20190309,1,13,A,2,0,3,8,5,1,0
1433,4,20190309,12,17,A,1,3,0,6,3,2,0
1434,4,20190309,32,20,A,1,3,0,2,1,1,0
1435,4,20190309,11,23,A,2,3,0,7,3,1,0
1436,4,20190309,31,27,A,1,2,0,16,5,2,0
1437,4,20190310,21,2,A,0,2,0,14,4,2,0
1438,4,20190310,35,8,A,1,1,1,2,1,4,0
1439,4,20190310,6,18,A,2,4,0,3,2,0,0
1440,4,20190316,23,1,A,2,2,1,12,4,2,0
1441,4,20190316,17,6,A,2,1,3,9,4,1,1
1442,4,20190316,13,34,A,3,4,0,15,5,2,0
1443,4,20190317,8,11,A,0,2,0,16,5,2,0
1444,4,20190317,18,12,A,2,1,3,16,6,1,0
1445,4,20190330,27,5,A,1,0,3,8,2,2,0
1446,4,20190330,35,6,A,0,2,0,8,1,1,0
1447,4,20190330,13,10,A,0,2,0,15,5,0,0
1448,4,20190330,20,12,A,2,0,3,24,7,0,0
1449,4,20190330,1,17,A,0,2,0,8,2,2,0
1450,4,20190330,32,21,A,1,2,0,20,8,2,0
1451,4,20190330,11,34,A,2,0,3,17,9,1,0
1452,4,20190331,8,7,A,2,1,3,21,3,3,0
1453,4,20190331,31,18,A,1,2,0,11,2,1,0
1454,4,20190401,23,2,A,0,2,0,3,1,0,0
1455,4,20190402,12,32,A,1,4,0,17,7,2,0
1456,4,20190402,21,35,A,1,2,0,18,4,2,1
1457,4,20190403,5,8,A,0,3,0,3,1,0,0
1458,4,20190403,7,20,A,0,2,0,4,1,3,0
1459,4,20190403,10,31,A,0,2,0,5,1,0,0
1460,4,20190405,18,27,A,3,1,3,17,5,4,0
1461,4,20190406,6,1,A,3,1,3,11,3,3,0
1462,4,20190406,17,13,A,4,1,3,18,9,0,0
1463,4,20190406,10,23,A,1,0,3,3,1,2,0
1464,4,20190407,2,11,A,0,1,0,7,2,4,0
1465,4,20190408,34,8,A,0,2,0,9,2,1,0
1466,4,20190412,23,17,A,1,0,3,11,5,3,0
1467,4,20190413,1,5,A,5,0,3,14,7,4,0
1468,4,20190413,7,6,A,0,2,0,14,2,3,0
1469,4,20190413,11,12,A,0,2,0,8,1,1,0
1470,4,20190413,34,21,A,1,2,0,18,4,1,0
1471,4,20190413,35,27,A,1,3,0,17,2,3,0
1472,4,20190413,13,31,A,0,4,0,7,1,2,0
1473,4,20190414,20,10,A,3,1,3,20,6,0,0
1474,4,20190414,8,18,A,0,2,0,6,3,1,0
1475,4,20190415,2,32,A,1,0,3,19,6,0,0
1476,4,20190416,7,5,A,2,0,3,10,3,1,0
1477,4,20190420,12,1,A,1,0,3,17,5,3,0
1478,4,20190420,32,13,A,2,1,3,11,6,2,0
1479,4,20190420,31,20,A,0,1,0,10,4,2,0
1480,4,20190420,27,23,A,1,3,0,15,3,2,0
1481,4,20190420,17,34,A,2,2,1,11,5,0,0
1482,4,20190420,5,35,A,0,0,1,5,0,1,0
1483,4,20190421,10,2,A,3,2,3,16,7,1,0
1484,4,20190421,18,7,A,2,0,3,17,6,1,0
1485,4,20190421,21,11,A,0,4,0,7,1,1,0
1486,4,20190422,6,8,A,2,2,1,6,3,1,0
1487,4,20190423,5,31,A,0,1,0,6,1,2,0
1488,4,20190423,27,32,A,1,1,1,8,4,2,0
1489,4,20190424,20,21,A,2,0,3,8,5,2,0
1490,4,20190424,2,35,A,1,3,0,11,1,3,0
1491,4,20190426,13,18,A,0,5,0,5,1,0,0
1492,4,20190427,23,5,A,1,1,1,9,1,3,0
1493,4,20190427,11,10,A,0,0,1,22,3,0,0
1494,4,20190427,7,12,A,0,1,0,13,8,0,0
1495,4,20190427,1,27,A,3,3,1,9,5,1,0
1496,4,20190427,34,31,A,1,0,3,16,7,2,0
1497,4,20190427,35,32,A,2,1,3,11,4,2,0
1498,4,20190428,20,6,A,1,0,3,25,7,1,0
1499,4,20190428,2,17,A,0,3,0,6,1,1,1
1500,4,20190428,8,21,A,1,1,1,16,3,2,0
1501,4,20190503,6,11,A,0,2,0,5,1,2,0
1502,4,20190504,31,1,A,0,1,0,11,5,5,2
1503,4,20190504,10,7,A,3,2,3,21,7,0,0
1504,4,20190504,18,23,A,3,2,3,11,4,1,0
1505,4,20190504,27,34,A,0,3,0,11,1,1,0
1506,4,20190504,12,35,A,0,1,0,6,2,3,0
1507,4,20190505,5,2,A,1,1,1,11,5,2,0
1508,4,20190505,32,8,A,0,3,0,15,3,1,0
1509,4,20190505,21,13,A,1,1,1,23,7,1,0
1510,4,20190506,17,20,A,0,1,0,7,2,2,0
1511,4,20190512,20,5,A,4,1,3,20,9,0,0
1512,4,20190512,2,6,A,3,1,3,17,6,1,0
1513,4,20190512,1,10,A,3,5,0,16,8,0,0
1514,4,20190512,23,12,A,4,0,3,13,6,0,0
1515,4,20190512,8,17,A,0,0,1,14,4,1,0
1516,4,20190512,35,18,A,0,2,0,7,2,2,0
1517,4,20190512,7,21,A,2,0,3,13,4,3,0
1518,4,20190512,13,27,A,1,1,1,10,3,1,0
1519,4,20190512,11,31,A,2,2,1,17,9,2,0
1520,4,20190512,34,32,A,4,1,3,16,9,0,0
1521,5,20190809,24,18,A,1,4,0,12,5,2,0
1522,5,20190810,26,1,A,1,1,1,8,3,1,0
1523,5,20190810,27,6,A,0,3,0,11,3,0,0
1524,5,20190810,11,10,A,0,0,1,10,3,1,1
1525,5,20190810,3,31,A,1,3,0,7,4,0,0
1526,5,20190810,5,32,A,3,0,3,5,3,1,0
1527,5,20190810,20,34,A,5,0,3,14,9,2,0
1528,5,20190811,35,17,A,0,0,1,8,2,2,0
1529,5,20190811,8,21,A,0,4,0,18,7,4,0
1530,5,20190811,2,23,A,1,0,3,8,2,3,0
1531,5,20190817,6,2,A,1,2,0,18,5,1,0
1532,5,20190817,1,3,A,2,1,3,12,4,2,0
1533,5,20190817,34,5,A,1,1,1,8,3,2,0
1534,5,20190817,32,11,A,0,1,0,8,2,3,0
1535,5,20190817,31,20,A,2,2,1,3,2,0,0
1536,5,20190817,23,24,A,1,3,0,10,3,3,0
1537,5,20190817,18,27,A,2,1,3,15,6,1,0
1538,5,20190818,17,8,A,1,1,1,12,3,0,0
1539,5,20190818,10,26,A,0,1,0,6,4,1,0
1540,5,20190819,21,35,A,1,1,1,9,2,2,0
1541,5,20190823,11,3,A,0,2,0,12,1,3,0
1542,5,20190824,27,5,A,2,0,3,12,4,3,0
1543,5,20190824,2,18,A,1,3,0,9,3,1,0
1544,5,20190824,10,21,A,2,1,3,5,3,4,0
1545,5,20190824,8,24,A,3,2,3,23,8,1,0
1546,5,20190824,17,26,A,2,1,3,10,2,0,0
1547,5,20190824,34,32,A,3,1,3,16,10,1,0
1548,5,20190825,20,1,A,3,1,3,19,5,3,0
1549,5,20190825,23,31,A,1,0,3,8,3,2,0
1550,5,20190825,6,35,A,1,1,1,13,4,2,0
1551,5,20190831,18,6,A,3,0,3,15,7,0,0
1552,5,20190831,26,8,A,2,2,1,8,2,1,0
1553,5,20190831,3,10,A,0,1,0,10,2,4,1
1554,5,20190831,1,17,A,1,3,0,8,2,3,0
1555,5,20190831,5,20,A,0,4,0,6,2,1,0
1556,5,20190831,32,23,A,1,1,1,13,3,3,0
1557,5,20190831,21,27,A,1,1,1,21,8,2,0
1558,5,20190831,24,34,A,0,2,0,8,3,1,0
1559,5,20190901,31,2,A,2,2,1,13,9,5,0
1560,5,20190901,35,11,A,2,3,0,8,5,4,1
1561,5,20190914,6,5,A,1,1,1,7,1,2,0
1562,5,20190914,23,18,A,1,3,0,8,1,0,0
1563,5,20190914,17,21,A,0,1,0,9,3,2,0
1564,5,20190914,20,24,A,2,3,0,25,8,1,0
1565,5,20190914,27,26,A,1,0,3,11,7,1,0
1566,5,20190914,10,31,A,0,4,0,11,6,2,0
1567,5,20190914,8,35,A,5,2,3,15,6,2,0
1568,5,20190915,11,1,A,1,3,0,14,5,4,0
1569,5,20190915,2,32,A,2,2,1,10,4,3,0
1570,5,20190916,34,3,A,0,0,1,13,1,1,1
1571,5,20190920,1,27,A,3,1,3,6,3,3,0
1572,5,20190921,24,6,A,0,2,0,11,2,1,0
1573,5,20190921,26,11,A,2,0,3,2,1,3,0
1574,5,20190921,31,17,A,1,2,0,11,4,2,0
1575,5,20190921,32,20,A,0,8,0,5,4,2,0
1576,5,20190921,5,23,A,0,0,1,16,3,1,0
1577,5,20190922,3,2,A,2,3,0,14,9,1,0
1578,5,20190922,18,8,A,2,1,3,6,3,3,0
1579,5,20190922,35,10,A,1,1,1,14,4,1,1
1580,5,20190922,21,34,A,0,2,0,9,3,2,0
1581,5,20190928,34,1,A,2,2,1,17,6,1,0
1582,5,20190928,6,3,A,2,2,1,10,3,4,0
1583,5,20190928,5,8,A,0,2,0,8,1,3,0
1584,5,20190928,24,10,A,0,2,0,10,3,1,0
1585,5,20190928,20,11,A,3,1,3,20,9,2,0
1586,5,20190928,18,26,A,1,0,3,16,4,1,0
1587,5,20190928,27,31,A,1,2,0,14,6,2,0
1588,5,20190928,32,35,A,0,2,0,14,5,1,0
1589,5,20190929,23,17,A,0,5,0,3,0,1,1
1590,5,20190930,2,21,A,1,1,1,10,5,2,0
1591,5,20191005,31,5,A,0,3,0,8,3,1,0
1592,5,20191005,11,6,A,0,1,0,11,2,1,1
1593,5,20191005,17,18,A,1,2,0,2,1,4,0
1594,5,20191005,3,24,A,5,1,3,22,12,3,0
1595,5,20191005,26,32,A,0,0,1,9,3,2,0
1596,5,20191005,10,34,A,2,1,3,7,4,2,0
1597,5,20191006,1,2,A,0,1,0,10,2,2,0
1598,5,20191006,35,20,A,2,0,3,7,2,2,0
1599,5,20191006,21,23,A,0,1,0,12,3,3,0
1600,5,20191006,8,27,A,4,1,3,13,7,1,0
1601,5,20191019,24,1,A,0,0,1,10,1,3,0
1602,5,20191019,5,3,A,1,2,0,20,5,2,1
1603,5,20191019,23,8,A,0,1,0,5,0,1,0
1604,5,20191019,20,10,A,2,0,3,21,10,1,0
1605,5,20191019,34,11,A,0,2,0,8,4,2,0
1606,5,20191019,6,17,A,1,2,0,13,4,3,0
1607,5,20191019,32,31,A,1,1,1,7,2,3,0
1608,5,20191019,27,35,A,1,1,1,14,5,2,0
1609,5,20191020,18,21,A,1,1,1,10,4,1,0
1610,5,20191021,2,26,A,0,1,0,9,3,4,0
1611,5,20191025,17,27,A,9,0,3,25,15,0,0
1612,5,20191026,11,5,A,2,3,0,10,6,1,0
1613,5,20191026,8,6,A,4,2,3,16,7,2,0
1614,5,20191026,3,20,A,0,3,0,11,5,1,0
1615,5,20191026,1,32,A,0,0,1,15,5,3,0
1616,5,20191026,26,34,A,1,1,1,10,4,2,0
1617,5,20191027,10,2,A,2,2,1,10,4,0,0
1618,5,20191027,31,18,A,1,2,0,11,4,3,0
1619,5,20191027,35,23,A,1,1,1,13,5,2,0
1620,5,20191027,21,24,A,3,1,3,21,11,2,0
1621,5,20191102,21,1,A,0,1,0,15,4,3,0
1622,5,20191102,35,2,A,1,1,1,25,8,2,0
1623,5,20191102,18,3,A,2,1,3,25,6,2,0
1624,5,20191102,24,5,A,0,2,0,7,0,1,0
1625,5,20191102,27,20,A,1,2,0,3,3,1,0
1626,5,20191102,6,26,A,0,3,0,6,0,2,0
1627,5,20191102,8,32,A,2,1,3,16,10,2,0
1628,5,20191102,23,34,A,3,2,3,12,9,1,0
1629,5,20191103,17,10,A,2,0,3,14,5,2,0
1630,5,20191103,31,11,A,1,1,1,4,2,2,1
1631,5,20191108,32,24,A,2,0,3,12,2,2,1
1632,5,20191109,34,6,A,0,3,0,7,4,1,0
1633,5,20191109,10,8,A,0,2,0,3,1,2,0
1634,5,20191109,2,17,A,0,2,0,8,1,1,0
1635,5,20191109,1,23,A,1,2,0,16,3,0,0
1636,5,20191109,11,27,A,2,1,3,24,5,1,0
1637,5,20191109,26,31,A,1,1,1,14,4,2,0
1638,5,20191110,20,18,A,1,3,0,18,3,2,0
1639,5,20191110,5,21,A,1,3,0,6,2,5,0
1640,5,20191110,3,35,A,1,2,0,13,4,3,0
1641,5,20191123,35,1,A,2,1,3,17,7,1,0
1642,5,20191123,27,2,A,2,2,1,21,6,2,0
1643,5,20191123,17,5,A,2,0,3,19,9,0,0
1644,5,20191123,18,10,A,2,1,3,12,4,1,0
1645,5,20191123,24,11,A,2,0,3,13,5,5,0
1646,5,20191123,8,20,A,1,2,0,11,2,1,0
1647,5,20191123,6,32,A,3,0,3,11,5,3,0
1648,5,20191123,31,34,A,3,2,3,15,6,2,0
1649,5,20191124,21,26,A,3,3,1,11,5,2,0
1650,5,20191125,23,3,A,0,2,0,11,5,1,0
1651,5,20191130,10,6,A,2,0,3,7,2,0,0
1652,5,20191130,34,8,A,1,0,3,5,4,3,0
1653,5,20191130,5,18,A,1,2,0,12,5,0,0
1654,5,20191130,20,23,A,2,2,1,24,9,2,0
1655,5,20191130,32,27,A,1,2,0,6,3,0,0
1656,5,20191130,1,31,A,2,3,0,20,6,2,0
1657,5,20191201,11,17,A,1,2,0,11,3,1,0
1658,5,20191201,3,21,A,2,2,1,9,3,1,0
1659,5,20191201,2,24,A,2,2,1,16,7,1,0
1660,5,20191201,26,35,A,1,1,1,9,4,4,0
1661,5,20191203,20,6,A,4,1,3,17,8,1,0
1662,5,20191203,1,10,A,0,1,0,6,3,3,0
1663,5,20191204,3,8,A,1,2,0,9,3,1,0
1664,5,20191204,32,17,A,0,2,0,4,1,2,0
1665,5,20191204,11,18,A,2,5,0,12,4,2,0
1666,5,20191204,31,21,A,1,2,0,8,5,1,0
1667,5,20191204,24,27,A,1,2,0,10,3,1,0
1668,5,20191204,34,35,A,0,2,0,6,3,2,0
1669,5,20191205,5,2,A,2,1,3,20,9,1,0
1670,5,20191205,23,26,A,2,0,3,6,4,0,0
1671,5,20191207,18,1,A,3,0,3,21,9,1,0
1672,5,20191207,8,11,A,1,3,0,15,4,0,0
1673,5,20191207,21,20,A,2,1,3,11,7,2,0
1674,5,20191207,6,31,A,0,5,0,7,1,1,0
1675,5,20191207,10,32,A,0,0,1,3,0,2,0
1676,5,20191208,17,3,A,4,1,3,23,8,2,0
1677,5,20191208,35,5,A,2,2,1,13,5,0,0
1678,5,20191208,27,23,A,1,2,0,19,4,3,0
1679,5,20191208,26,24,A,2,1,3,9,3,4,0
1680,5,20191209,2,34,A,3,1,3,10,3,0,0
1681,5,20191214,23,6,A,0,1,0,9,0,2,0
1682,5,20191214,1,8,A,1,0,3,11,2,2,0
1683,5,20191214,24,17,A,1,1,1,10,3,4,0
1684,5,20191214,32,18,A,0,2,0,8,2,1,0
1685,5,20191214,3,26,A,0,2,0,8,0,2,0
1686,5,20191214,34,27,A,1,0,3,11,4,3,0
1687,5,20191215,20,2,A,3,0,3,14,7,4,0
1688,5,20191215,11,21,A,1,1,1,8,3,2,0
1689,5,20191215,31,35,A,2,1,3,9,5,4,0
1690,5,20191216,5,10,A,1,1,1,15,10,1,0
1691,5,20191221,6,1,A,1,0,3,2,1,4,0
1692,5,20191221,27,3,A,3,1,3,17,8,1,0
1693,5,20191221,26,5,A,1,0,3,7,2,3,0
1694,5,20191221,2,11,A,0,0,1,6,2,3,0
1695,5,20191221,17,20,A,1,3,0,5,2,2,0
1696,5,20191221,10,23,A,0,1,0,16,4,0,0
1697,5,20191221,35,24,A,2,1,3,14,4,4,0
1698,5,20191222,8,31,A,2,0,3,13,3,3,0
1699,5,20191222,21,32,A,0,2,0,17,8,1,0
1700,5,20191226,2,1,A,1,1,1,17,2,4,0
1701,5,20191226,24,3,A,0,1,0,16,6,3,0
1702,5,20191226,27,8,A,2,0,3,5,3,2,0
1703,5,20191226,34,10,A,1,2,0,10,2,2,0
1704,5,20191226,6,11,A,0,1,0,6,0,0,0
1705,5,20191226,18,17,A,4,0,3,15,6,1,0
1706,5,20191226,23,21,A,1,4,0,7,2,2,0
1707,5,20191226,32,26,A,1,1,1,5,2,3,0
1708,5,20191226,5,31,A,1,2,0,11,5,2,0
1709,5,20191227,20,35,A,2,3,0,7,3,1,1
1710,5,20191228,1,5,A,0,2,0,10,2,2,0
1711,5,20191228,21,6,A,2,0,3,14,5,3,0
1712,5,20191228,11,23,A,2,1,3,22,9,2,0
1713,5,20191228,31,24,A,2,2,1,15,7,3,0
1714,5,20191228,10,27,A,1,1,1,5,2,2,0
1715,5,20191228,3,32,A,0,3,0,11,2,1,0
1716,5,20191228,17,34,A,2,1,3,13,8,1,0
1717,5,20191229,8,2,A,2,1,3,13,4,4,0
1718,5,20191229,35,18,A,0,1,0,10,2,0,0
1719,5,20191229,26,20,A,0,2,0,8,0,1,0
1720,5,20200101,21,2,A,0,2,0,10,4,0,0
1721,5,20200101,8,5,A,1,1,1,16,5,3,0
1722,5,20200101,3,6,A,2,1,3,11,6,1,0
1723,5,20200101,11,20,A,1,2,0,7,2,4,0
1724,5,20200101,17,23,A,3,0,3,17,10,1,0
1725,5,20200101,10,24,A,1,1,1,12,3,0,0
1726,5,20200101,31,27,A,0,1,0,11,5,4,0
1727,5,20200101,35,32,A,1,2,0,16,4,1,0
1728,5,20200101,1,34,A,0,4,0,3,2,2,0
1729,5,20200102,26,18,A,0,2,0,3,2,0,0
1730,5,20200110,34,26,A,0,1,0,7,2,0,0
1731,5,20200111,6,8,A,0,3,0,7,2,3,0
1732,5,20200111,2,10,A,1,1,1,7,4,3,1
1733,5,20200111,5,11,A,0,1,0,9,2,1,0
1734,5,20200111,27,17,A,2,1,3,16,10,3,0
1735,5,20200111,24,21,A,0,4,0,8,3,0,0
1736,5,20200111,18,31,A,1,0,3,13,7,2,0
1737,5,20200111,23,35,A,1,1,1,5,1,3,0
1738,5,20200112,32,1,A,3,0,3,18,6,1,0
1739,5,20200112,20,3,A,6,1,3,22,12,1,0
1740,5,20200118,26,2,A,1,1,1,12,4,2,0
1741,5,20200118,3,5,A,1,1,1,8,3,3,0
1742,5,20200118,10,20,A,2,2,1,5,3,2,0
1743,5,20200118,8,23,A,0,1,0,19,4,1,0
1744,5,20200118,1,24,A,0,1,0,6,3,2,1
1745,5,20200118,35,27,A,3,2,3,8,4,1,0
1746,5,20200118,31,32,A,0,0,1,17,5,3,0
1747,5,20200118,11,34,A,1,1,1,11,3,0,0
1748,5,20200119,17,6,A,1,2,0,18,8,0,0
1749,5,20200119,21,18,A,0,2,0,9,4,3,0
1750,5,20200121,5,1,A,1,3,0,21,8,1,0
1751,5,20200121,32,3,A,1,2,0,8,2,2,0
1752,5,20200121,2,8,A,2,2,1,2,2,1,1
1753,5,20200121,27,10,A,2,0,3,15,6,2,0
1754,5,20200121,23,11,A,2,2,1,8,2,1,0
1755,5,20200121,20,26,A,1,0,3,18,5,3,0
1756,5,20200122,34,17,A,1,4,0,6,2,1,0
1757,5,20200122,6,21,A,2,0,3,5,2,2,0
1758,5,20200122,24,31,A,1,2,0,12,2,1,0
1759,5,20200123,18,35,A,2,1,3,13,6,1,0
1760,5,20200129,18,34,A,2,0,3,13,5,0,0
1761,5,20200201,3,1,A,1,2,0,18,5,3,0
1762,5,20200201,26,10,A,1,0,3,10,3,2,0
1763,5,20200201,8,17,A,2,2,1,7,3,2,0
1764,5,20200201,27,18,A,0,4,0,17,4,2,0
1765,5,20200201,35,21,A,0,0,1,14,3,2,0
1766,5,20200201,24,23,A,0,0,1,19,4,1,0
1767,5,20200201,11,32,A,3,2,3,12,5,2,1
1768,5,20200201,5,34,A,3,3,1,19,6,1,0
1769,5,20200202,2,6,A,0,0,1,13,2,3,0
1770,5,20200202,20,31,A,0,2,0,18,5,3,1
1771,5,20200208,32,5,A,1,1,1,5,2,2,0
1772,5,20200208,10,11,A,1,3,0,10,2,1,0
1773,5,20200209,1,26,A,1,2,0,10,2,2,0
1774,5,20200214,17,35,A,0,0,1,9,3,2,1
1775,5,20200215,18,24,A,1,0,3,17,6,2,0
1776,5,20200215,6,27,A,2,1,3,9,6,2,0
1777,5,20200216,23,2,A,0,4,0,10,2,0,0
1778,5,20200216,31,3,A,3,2,3,23,10,0,0
1779,5,20200217,21,8,A,2,0,3,9,3,3,0
1780,5,20200219,34,20,A,0,2,0,3,0,1,0
1781,5,20200222,1,6,A,0,3,0,12,4,3,0
1782,5,20200222,31,8,A,1,2,0,5,3,2,0
1783,5,20200222,23,10,A,0,1,0,8,2,6,1
1784,5,20200222,20,17,A,1,0,3,18,7,0,0
1785,5,20200222,5,26,A,1,1,1,8,2,2,0
1786,5,20200222,3,27,A,0,2,0,4,1,4,0
1787,5,20200223,11,2,A,2,3,0,17,5,4,0
1788,5,20200223,32,21,A,0,3,0,7,2,1,0
1789,5,20200223,24,35,A,0,3,0,6,4,3,0
1790,5,20200224,34,18,A,2,3,0,7,4,3,0
1791,5,20200228,17,24,A,0,1,0,19,4,2,0
1792,5,20200229,8,1,A,2,2,1,23,6,2,0
1793,5,20200229,10,5,A,1,0,3,12,3,1,0
1794,5,20200229,6,23,A,0,0,1,8,1,3,0
1795,5,20200229,18,32,A,0,3,0,7,1,0,0
1796,5,20200229,27,34,A,1,3,0,10,2,1,0
1797,5,20200301,21,11,A,1,1,1,14,5,4,0
1798,5,20200301,35,31,A,3,2,3,14,4,2,0
1799,5,20200307,34,2,A,0,1,0,14,6,2,0
1800,5,20200307,31,6,A,1,1,1,13,2,4,0
1801,5,20200307,32,10,A,0,1,0,10,4,4,0
1802,5,20200307,1,18,A,1,2,0,6,4,1,0
1803,5,20200307,24,26,A,0,1,0,12,5,0,0
1804,5,20200307,23,27,A,1,0,3,14,7,3,0
1805,5,20200307,5,35,A,0,0,1,7,1,3,0
1806,5,20200308,11,8,A,0,4,0,3,1,2,0
1807,5,20200308,20,21,A,0,2,0,7,2,4,0
1808,5,20200309,3,17,A,0,4,0,4,1,1,0
1809,5,20200617,26,3,A,0,0,1,5,1,1,0
1810,5,20200617,2,20,A,0,3,0,3,0,1,1
1811,5,20200619,27,24,A,3,0,3,22,9,1,0
1812,5,20200619,21,31,A,1,1,1,12,6,1,0
1813,5,20200620,10,1,A,2,0,3,7,2,2,0
1814,5,20200620,2,5,A,1,2,0,13,6,1,0
1815,5,20200620,17,32,A,1,1,1,15,2,1,0
1816,5,20200620,35,34,A,2,0,3,10,6,1,0
1817,5,20200621,8,3,A,2,1,3,19,5,1,0
1818,5,20200621,18,11,A,0,0,1,10,3,2,0
1819,5,20200621,26,23,A,0,3,0,7,1,0,1
1820,5,20200622,6,20,A,0,5,0,1,0,1,0
1821,5,20200623,5,17,A,0,0,1,10,2,2,0
1822,5,20200623,34,31,A,0,2,0,10,2,2,0
1823,5,20200624,10,18,A,0,4,0,3,0,0,0
1824,5,20200624,26,21,A,0,3,0,4,1,0,0
1825,5,20200624,3,23,A,1,1,1,14,2,2,0
1826,5,20200624,11,24,A,1,0,3,12,5,1,0
1827,5,20200624,1,35,A,0,1,0,4,0,3,0
1828,5,20200625,32,6,A,0,1,0,10,4,0,0
1829,5,20200625,20,8,A,1,2,0,11,2,1,1
1830,5,20200625,2,27,A,2,0,3,10,5,2,0
1831,5,20200627,35,3,A,1,0,3,9,2,1,0
1832,5,20200628,27,32,A,3,1,3,11,7,0,0
1833,5,20200629,6,10,A,1,0,3,8,4,1,0
1834,5,20200630,21,5,A,3,0,3,12,6,1,0
1835,5,20200701,23,1,A,4,1,3,12,7,0,0
1836,5,20200701,24,2,A,0,4,0,8,2,4,0
1837,5,20200701,17,11,A,1,2,0,15,3,1,0
1838,5,20200701,8,34,A,2,3,0,17,6,1,0
1839,5,20200702,18,20,A,0,4,0,11,3,2,0
1840,5,20200702,31,26,A,1,3,0,9,2,0,0
1841,5,20200704,32,8,A,0,3,0,7,3,2,0
1842,5,20200704,10,17,A,0,3,0,7,1,1,0
1843,5,20200704,1,21,A,2,5,0,7,3,1,0
1844,5,20200704,5,24,A,1,0,3,8,2,2,0
1845,5,20200704,2,35,A,2,0,3,8,5,4,0
1846,5,20200705,26,6,A,1,1,1,10,3,0,0
1847,5,20200705,3,18,A,0,2,0,9,3,1,0
1848,5,20200705,34,23,A,2,2,1,17,7,0,0
1849,5,20200705,20,27,A,0,1,0,26,6,2,0
1850,5,20200706,11,31,A,0,1,0,11,3,2,0
1851,5,20200707,17,2,A,1,1,1,13,5,0,0
1852,5,20200707,8,10,A,3,2,3,14,6,0,0
1853,5,20200707,24,32,A,1,2,0,12,3,4,0
1854,5,20200708,18,5,A,3,1,3,19,8,4,0
1855,5,20200708,23,20,A,0,5,0,6,1,0,0
1856,5,20200708,35,26,A,0,1,0,6,1,0,0
1857,5,20200708,6,34,A,1,0,3,8,4,1,0
1858,5,20200709,31,1,A,0,0,1,9,0,2,0
1859,5,20200709,21,3,A,3,0,3,14,6,3,0
1860,5,20200709,27,11,A,1,1,1,17,4,3,0
1861,5,20200711,20,5,A,5,0,3,26,8,0,0
1862,5,20200711,6,18,A,1,1,1,6,2,2,0
1863,5,20200711,34,24,A,4,0,3,19,7,0,0
1864,5,20200711,8,26,A,0,3,0,15,4,0,0
1865,5,20200711,23,32,A,1,2,0,8,4,4,0
1866,5,20200712,17,1,A,1,4,0,13,5,1,1
1867,5,20200712,10,3,A,0,2,0,9,5,4,1
1868,5,20200712,2,31,A,1,2,0,13,4,3,0
1869,5,20200712,11,35,A,0,3,0,6,2,2,0
1870,5,20200713,27,21,A,2,2,1,9,5,3,0
1871,5,20200714,24,8,A,0,1,0,2,0,2,0
1872,5,20200715,18,2,A,1,2,0,24,8,1,0
1873,5,20200715,35,6,A,1,1,1,14,5,0,0
1874,5,20200715,1,20,A,1,2,0,15,3,1,0
1875,5,20200715,31,23,A,3,1,3,8,5,3,0
1876,5,20200716,21,10,A,2,0,3,17,5,2,0
1877,5,20200716,3,11,A,1,1,1,15,1,1,0
1878,5,20200716,26,17,A,0,2,0,5,1,2,0
1879,5,20200716,5,27,A,1,1,1,10,2,0,0
1880,5,20200717,32,34,A,1,3,0,14,3,2,0
1881,5,20200718,6,24,A,2,0,3,23,8,0,0
1882,5,20200719,27,1,A,2,0,3,16,8,2,0
1883,5,20200719,17,31,A,0,3,0,24,6,1,0
1884,5,20200720,23,5,A,0,0,1,12,1,2,0
1885,5,20200720,11,26,A,1,0,3,5,2,3,0
1886,5,20200720,10,35,A,0,2,0,7,3,1,0
1887,5,20200721,2,3,A,0,1,0,7,0,4,0
1888,5,20200721,20,32,A,4,0,3,26,10,0,0
1889,5,20200722,8,18,A,3,5,0,10,5,0,0
1890,5,20200722,34,21,A,1,1,1,12,3,1,0
1891,5,20200726,32,2,A,2,3,0,19,6,3,0
1892,5,20200726,5,6,A,2,1,3,14,4,0,0
1893,5,20200726,35,8,A,0,2,0,5,1,3,0
1894,5,20200726,31,10,A,1,1,1,7,2,2,0
1895,5,20200726,1,11,A,3,1,3,13,7,0,0
1896,5,20200726,21,17,A,2,0,3,7,3,4,0
1897,5,20200726,24,20,A,0,5,0,5,4,1,0
1898,5,20200726,18,23,A,3,1,3,14,6,0,0
1899,5,20200726,26,27,A,1,3,0,5,3,1,0
1900,5,20200726,3,34,A,1,1,1,13,4,1,0
1901,6,20200912,27,10,A,0,1,0,9,5,1,0
1902,6,20200912,2,12,A,3,0,3,13,6,2,0
1903,6,20200912,16,18,A,3,4,0,6,3,0,0
1904,6,20200912,23,34,A,2,0,3,15,2,2,0
1905,6,20200913,11,31,A,1,0,3,15,4,0,0
1906,6,20200913,17,33,A,3,0,3,13,7,1,0
1907,6,20200914,8,5,A,3,1,3,10,5,0,0
1908,6,20200914,35,26,A,2,0,3,11,4,1,0
1909,6,20200919,34,2,A,1,2,0,14,3,1,0
1910,6,20200919,33,11,A,2,5,0,6,4,0,1
1911,6,20200919,12,16,A,3,4,0,14,6,2,0
1912,6,20200919,10,21,A,3,1,3,14,5,1,0
1913,6,20200920,18,8,A,2,0,3,18,6,0,0
1914,6,20200920,6,17,A,2,4,0,16,5,2,0
1915,6,20200920,5,23,A,3,0,3,13,6,0,1
1916,6,20200920,31,27,A,5,2,3,9,6,3,0
1917,6,20200921,26,3,A,0,1,0,4,1,1,1
1918,6,20200921,20,35,A,3,1,3,14,9,3,0
1919,6,20200926,21,5,A,3,2,3,7,3,2,0
1920,6,20200926,27,6,A,1,0,3,5,1,0,0
1921,6,20200926,11,10,A,2,1,3,10,5,1,0
1922,6,20200926,8,33,A,3,3,1,22,10,3,0
1923,6,20200927,17,20,A,5,2,3,7,7,3,0
1924,6,20200927,16,26,A,1,0,3,17,9,1,0
1925,6,20200927,23,31,A,1,1,1,6,1,4,0
1926,6,20200927,35,34,A,0,4,0,11,2,1,0
1927,6,20200928,3,12,A,3,0,3,12,5,3,0
1928,6,20200928,2,18,A,1,3,0,4,3,2,0
1929,6,20201003,10,8,A,0,4,0,4,0,0,0
1930,6,20201003,5,11,A,2,4,0,11,3,1,0
1931,6,20201003,20,16,A,1,1,1,23,2,1,0
1932,6,20201003,6,23,A,1,3,0,7,3,3,0
1933,6,20201004,26,2,A,1,2,0,6,2,1,0
1934,6,20201004,18,3,A,2,7,0,14,8,1,0
1935,6,20201004,34,17,A,3,0,3,14,6,2,0
1936,6,20201004,31,21,A,6,1,3,22,8,1,0
1937,6,20201004,33,27,A,0,2,0,5,2,1,0
1938,6,20201004,12,35,A,0,1,0,10,2,1,0
1939,6,20201017,27,8,A,3,3,1,13,6,1,0
1940,6,20201017,18,11,A,2,2,1,22,8,2,0
1941,6,20201017,2,20,A,0,1,0,11,3,1,0
1942,6,20201017,21,23,A,4,1,3,28,14,1,0
1943,6,20201018,5,10,A,1,1,1,20,3,2,1
1944,6,20201018,3,17,A,1,0,3,10,4,3,0
1945,6,20201018,12,26,A,1,1,1,15,6,2,0
1946,6,20201018,34,31,A,3,3,1,13,4,5,0
1947,6,20201019,35,16,A,1,0,3,7,3,1,0
1948,6,20201019,6,33,A,0,0,1,9,4,2,0
1949,6,20201023,16,3,A,3,0,3,27,9,2,0
1950,6,20201024,10,12,A,2,1,3,14,10,1,0
1951,6,20201024,26,18,A,1,2,0,13,2,3,0
1952,6,20201024,8,21,A,0,0,1,6,1,1,0
1953,6,20201024,20,34,A,1,1,1,14,7,0,0
1954,6,20201025,17,2,A,1,0,3,6,2,5,0
1955,6,20201025,11,27,A,0,2,0,6,2,2,1
1956,6,20201025,23,35,A,1,1,1,5,2,1,0
1957,6,20201026,33,5,A,1,1,1,9,3,0,0
1958,6,20201026,31,6,A,1,0,3,9,3,0,0
1959,6,20201030,10,35,A,0,2,0,11,2,2,1
1960,6,20201031,8,6,A,3,0,3,14,9,0,0
1961,6,20201031,34,18,A,1,2,0,4,3,1,0
1962,6,20201031,20,26,A,1,0,3,16,8,0,0
1963,6,20201101,27,3,A,4,3,3,9,4,2,0
1964,6,20201101,2,21,A,1,0,3,7,2,3,0
1965,6,20201101,11,23,A,1,2,0,15,4,4,0
1966,6,20201101,5,31,A,1,2,0,6,2,1,0
1967,6,20201102,33,12,A,0,2,0,10,1,2,0
1968,6,20201102,17,16,A,4,1,3,10,8,1,0
1969,6,20201106,6,5,A,0,0,1,4,1,0,0
1970,6,20201106,23,27,A,0,2,0,4,2,2,0
1971,6,20201107,26,8,A,1,4,0,6,3,2,0
1972,6,20201107,16,10,A,1,4,0,9,3,2,0
1973,6,20201107,21,11,A,3,1,3,13,5,2,0
1974,6,20201107,12,34,A,0,1,0,13,3,2,0
1975,6,20201108,3,2,A,3,0,3,15,6,0,0
1976,6,20201108,35,17,A,0,1,0,7,2,3,0
1977,6,20201108,18,20,A,1,1,1,10,3,1,0
1978,6,20201108,31,33,A,1,0,3,19,5,0,0
1979,6,20201121,5,3,A,2,1,3,7,3,1,1
1980,6,20201121,33,21,A,0,1,0,7,2,1,0
1981,6,20201121,8,23,A,2,0,3,14,3,0,0
1982,6,20201121,20,31,A,0,2,0,22,5,2,0
1983,6,20201122,11,12,A,3,2,3,9,7,0,0
1984,6,20201122,2,16,A,0,0,1,9,2,0,1
1985,6,20201122,17,18,A,0,3,0,11,4,2,0
1986,6,20201122,34,26,A,1,0,3,15,3,0,0
1987,6,20201123,10,6,A,0,1,0,15,5,0,0
1988,6,20201123,27,35,A,1,1,1,7,2,0,0
1989,6,20201127,23,10,A,2,0,3,14,7,2,0
1990,6,20201128,18,5,A,1,1,1,6,2,1,0
1991,6,20201128,16,11,A,1,0,3,23,7,2,0
1992,6,20201128,6,20,A,0,5,0,9,1,0,0
1993,6,20201128,26,33,A,0,1,0,21,5,3,0
1994,6,20201129,35,2,A,2,1,3,11,5,4,0
1995,6,20201129,31,8,A,0,0,1,5,1,2,0
1996,6,20201129,21,27,A,3,2,3,15,6,0,0
1997,6,20201130,12,17,A,2,1,3,10,5,2,0
1998,6,20201130,3,34,A,1,2,0,16,6,1,0
1999,6,20201205,11,6,A,1,1,1,13,6,0,0
2000,6,20201205,16,8,A,1,3,0,8,3,2,0
2001,6,20201205,12,20,A,0,2,0,6,1,0,0
2002,6,20201205,21,34,A,3,1,3,15,6,0,0
2003,6,20201206,35,18,A,0,4,0,9,3,1,0
2004,6,20201206,17,26,A,2,1,3,13,4,3,0
2005,6,20201206,2,31,A,0,2,0,11,2,2,0
2006,6,20201206,10,33,A,5,1,3,18,6,2,0
2007,6,20201207,27,5,A,2,1,3,10,3,3,0
2008,6,20201211,34,16,A,2,1,3,19,8,2,0
2009,6,20201212,8,11,A,0,1,0,10,3,3,0
2010,6,20201212,20,21,A,0,0,1,9,2,1,0
2011,6,20201212,33,23,A,1,2,0,13,3,3,0
2012,6,20201212,3,35,A,1,0,3,13,2,5,0
2013,6,20201213,6,2,A,1,0,3,10,2,1,0
2014,6,20201213,31,10,A,1,1,1,14,6,1,0
2015,6,20201213,18,12,A,1,1,1,12,6,1,0
2016,6,20201213,5,17,A,0,3,0,12,4,1,0
2017,6,20201213,26,27,A,0,3,0,3,0,1,0
2018,6,20201215,33,20,A,1,1,1,5,1,3,0
2019,6,20201215,8,35,A,1,2,0,13,3,2,0
2020,6,20201216,27,2,A,1,1,1,13,3,3,0
2021,6,20201216,5,12,A,0,0,1,9,4,0,0
2022,6,20201216,23,16,A,2,5,0,10,4,1,0
2023,6,20201216,11,17,A,2,0,3,11,6,3,0
2024,6,20201216,31,18,A,1,2,0,8,2,2,0
2025,6,20201216,10,34,A,1,1,1,8,2,1,1
2026,6,20201217,6,3,A,0,0,1,6,4,1,0
2027,6,20201217,21,26,A,3,2,3,14,8,2,0
2028,6,20201219,18,10,A,7,0,3,14,8,0,0
2029,6,20201219,2,11,A,1,2,0,13,2,3,0
2030,6,20201219,12,23,A,1,1,1,11,4,2,1
2031,6,20201219,20,27,A,1,0,3,11,5,2,0
2032,6,20201220,26,5,A,1,1,1,5,3,5,1
2033,6,20201220,16,21,A,2,6,0,17,3,0,0
2034,6,20201220,17,31,A,2,0,3,17,4,2,0
2035,6,20201220,3,33,A,3,0,3,19,10,2,0
2036,6,20201221,35,6,A,1,2,0,15,3,1,0
2037,6,20201221,34,8,A,0,3,0,6,0,0,0
2038,6,20201226,8,2,A,1,3,0,19,3,1,0
2039,6,20201226,10,3,A,0,3,0,13,6,4,0
2040,6,20201226,27,12,A,0,0,1,3,2,0,0
2041,6,20201226,21,17,A,2,2,1,9,4,1,0
2042,6,20201226,23,20,A,0,2,0,7,2,2,0
2043,6,20201226,11,26,A,1,0,3,7,3,4,0
2044,6,20201227,6,16,A,0,1,0,14,6,3,0
2045,6,20201227,33,18,A,1,1,1,5,3,1,0
2046,6,20201227,5,34,A,2,2,1,13,4,0,0
2047,6,20201227,31,35,A,1,1,1,6,3,1,0
2048,6,20201228,3,8,A,1,1,1,10,2,1,0
2049,6,20201228,17,10,A,1,1,1,17,3,1,0
2050,6,20201229,2,5,A,1,0,3,11,3,0,0
2051,6,20201229,26,6,A,0,1,0,7,3,2,0
2052,6,20201229,35,21,A,0,1,0,9,5,1,0
2053,6,20201229,34,27,A,0,0,1,8,3,1,0
2054,6,20201229,16,33,A,5,0,3,14,6,1,0
2055,6,20201230,18,23,A,0,0,1,11,4,3,0
2056,6,20210101,34,11,A,1,0,3,11,5,0,0
2057,6,20210101,3,21,A,1,2,0,5,5,0,0
2058,6,20210102,35,5,A,3,3,1,11,4,1,0
2059,6,20210102,26,10,A,0,2,0,7,2,3,0
2060,6,20210102,16,31,A,0,3,0,18,5,1,0
2061,6,20210102,2,33,A,4,0,3,21,12,2,0
2062,6,20210103,20,8,A,3,1,3,18,6,1,0
2063,6,20210103,17,23,A,2,1,3,9,3,2,0
2064,6,20210104,18,27,A,0,1,0,17,1,3,0
2065,6,20210112,21,6,A,1,0,3,13,7,2,0
2066,6,20210112,23,26,A,0,1,0,7,3,3,1
2067,6,20210112,11,35,A,2,1,3,5,3,2,0
2068,6,20210113,5,20,A,0,1,0,5,1,2,0
2069,6,20210113,12,31,A,1,1,1,15,4,2,0
2070,6,20210114,10,2,A,0,0,1,12,2,1,0
2071,6,20210116,8,12,A,1,0,3,21,6,3,0
2072,6,20210116,5,16,A,1,0,3,7,2,1,0
2073,6,20210116,27,17,A,0,2,0,8,3,2,0
2074,6,20210116,6,34,A,0,1,0,10,2,1,0
2075,6,20210116,33,35,A,3,2,3,12,5,1,0
2076,6,20210117,21,18,A,0,0,1,8,4,1,0
2077,6,20210117,10,20,A,0,4,0,2,0,0,0
2078,6,20210117,31,26,A,3,1,3,14,5,0,0
2079,6,20210118,23,2,A,0,3,0,4,1,0,0
2080,6,20210119,8,17,A,0,2,0,9,5,3,0
2081,6,20210119,33,34,A,1,2,0,6,2,1,0
2082,6,20210120,21,12,A,2,1,3,15,5,1,0
2083,6,20210120,3,20,A,0,2,0,11,4,2,0
2084,6,20210121,6,18,A,1,0,3,6,4,1,0
2085,6,20210123,23,3,A,0,2,0,7,1,3,0
2086,6,20210126,34,10,A,3,2,3,17,7,0,0
2087,6,20210126,16,23,A,2,1,3,9,2,3,0
2088,6,20210126,2,27,A,3,1,3,9,5,2,0
2089,6,20210126,20,33,A,5,0,3,18,7,0,0
2090,6,20210127,12,5,A,0,0,1,10,3,1,0
2091,6,20210127,3,6,A,2,3,0,18,10,0,0
2092,6,20210127,35,8,A,0,0,1,4,0,1,0
2093,6,20210127,17,11,A,1,1,1,19,6,1,0
2094,6,20210127,26,21,A,2,1,3,5,3,1,0
2095,6,20210128,18,31,A,3,1,3,14,7,2,0
2096,6,20210130,21,2,A,0,0,1,14,3,3,0
2097,6,20210130,35,10,A,0,1,0,6,4,2,0
2098,6,20210130,23,11,A,2,0,3,13,3,4,0
2099,6,20210130,26,20,A,0,1,0,4,1,3,0
2100,6,20210130,3,27,A,1,0,3,8,4,0,0
2101,6,20210130,12,33,A,2,2,1,12,7,0,0
2102,6,20210131,31,5,A,0,1,0,8,4,1,0
2103,6,20210131,6,8,A,0,2,0,1,0,1,0
2104,6,20210131,16,17,A,3,1,3,8,7,3,0
2105,6,20210131,18,34,A,3,1,3,14,5,0,0
2106,6,20210202,27,21,A,0,9,0,3,1,3,2
2107,6,20210202,10,23,A,2,1,3,6,3,3,0
2108,6,20210202,33,26,A,1,2,0,8,4,1,0
2109,6,20210202,2,35,A,1,2,0,9,3,2,2
2110,6,20210203,34,3,A,3,1,3,20,10,1,0
2111,6,20210203,20,6,A,2,0,3,17,6,1,0
2112,6,20210203,17,12,A,2,0,3,9,5,1,0
2113,6,20210203,11,16,A,2,1,3,10,6,3,0
2114,6,20210203,5,18,A,1,0,3,13,4,0,0
2115,6,20210204,8,31,A,1,0,3,18,2,3,0
2116,6,20210206,2,3,A,0,1,0,14,3,2,0
2117,6,20210206,5,6,A,1,1,1,10,2,0,0
2118,6,20210206,34,12,A,0,0,1,8,1,2,1
2119,6,20210206,11,21,A,3,3,1,6,3,1,0
2120,6,20210206,27,23,A,2,3,0,14,5,1,0
2121,6,20210207,20,18,A,4,1,3,8,5,1,0
2122,6,20210207,8,26,A,2,1,3,9,3,0,0
2123,6,20210207,33,31,A,0,2,0,4,1,2,0
2124,6,20210207,17,35,A,0,0,1,13,3,3,0
2125,6,20210208,10,16,A,0,2,0,8,3,2,0
2126,6,20210213,3,5,A,0,0,1,4,1,3,0
2127,6,20210213,6,10,A,3,0,3,16,4,0,0
2128,6,20210213,18,17,A,1,3,0,15,4,2,0
2129,6,20210213,31,20,A,0,3,0,7,3,3,0
2130,6,20210214,16,2,A,2,4,0,9,5,2,0
2131,6,20210214,12,11,A,2,0,3,12,3,1,0
2132,6,20210214,35,27,A,2,1,3,10,4,2,0
2133,6,20210214,21,33,A,1,1,1,10,7,0,0
2134,6,20210215,23,8,A,0,2,0,10,4,0,0
2135,6,20210215,26,34,A,0,3,0,8,5,2,0
2136,6,20210217,12,6,A,1,1,1,8,3,1,0
2137,6,20210217,20,11,A,3,1,3,16,7,1,0
2138,6,20210219,16,35,A,0,1,0,18,7,0,0
2139,6,20210220,33,6,A,0,0,1,10,3,0,1
2140,6,20210220,26,12,A,0,1,0,4,2,2,0
2141,6,20210220,11,18,A,2,0,3,9,6,1,0
2142,6,20210220,8,27,A,1,1,1,9,3,1,0
2143,6,20210221,20,2,A,1,0,3,15,3,2,0
2144,6,20210221,17,3,A,2,1,3,16,7,1,0
2145,6,20210221,23,21,A,1,3,0,10,6,2,0
2146,6,20210221,31,34,A,1,2,0,20,4,3,0
2147,6,20210222,10,5,A,2,1,3,3,2,0,0
2148,6,20210223,27,16,A,0,3,0,13,5,2,0
2149,6,20210227,3,16,A,1,0,3,9,4,2,0
2150,6,20210227,34,20,A,1,2,0,9,3,1,0
2151,6,20210227,35,23,A,1,1,1,14,4,0,0
2152,6,20210227,5,33,A,0,1,0,15,6,0,0
2153,6,20210228,21,8,A,0,0,1,11,4,2,0
2154,6,20210228,12,10,A,0,0,1,16,4,1,0
2155,6,20210228,2,17,A,3,1,3,12,4,1,0
2156,6,20210228,18,26,A,2,0,3,16,8,0,0
2157,6,20210228,6,31,A,0,4,0,10,3,0,0
2158,6,20210301,27,11,A,0,1,0,9,1,2,0
2159,6,20210302,35,20,A,1,4,0,6,1,1,0
2160,6,20210303,17,6,A,1,1,1,15,4,2,0
2161,6,20210303,21,10,A,0,0,1,11,1,0,0
2162,6,20210303,3,26,A,0,1,0,16,4,0,0
2163,6,20210304,31,12,A,1,0,3,9,2,1,0
2164,6,20210304,8,18,A,1,0,3,11,5,0,0
2165,6,20210304,11,33,A,1,0,3,11,3,1,0
2166,6,20210306,35,3,A,0,0,1,10,2,0,0
2167,6,20210306,17,5,A,2,1,3,8,4,1,0
2168,6,20210306,2,6,A,1,1,1,15,3,1,0
2169,6,20210306,27,26,A,2,0,3,15,5,3,0
2170,6,20210307,12,18,A,1,0,3,10,3,3,0
2171,6,20210307,21,20,A,2,0,3,8,6,3,0
2172,6,20210307,10,31,A,1,4,0,5,1,3,0
2173,6,20210307,23,33,A,0,0,1,9,5,0,0
2174,6,20210308,11,8,A,0,2,0,7,1,3,0
2175,6,20210308,16,34,A,0,2,0,17,2,1,0
2176,6,20210310,27,20,A,2,5,0,11,6,0,0
2177,6,20210312,3,23,A,1,1,1,15,6,3,0
2178,6,20210313,33,10,A,0,1,0,12,1,1,0
2179,6,20210313,6,11,A,2,1,3,14,5,4,0
2180,6,20210313,20,12,A,3,0,3,8,7,0,0
2181,6,20210313,8,16,A,0,0,1,15,8,0,0
2182,6,20210314,31,2,A,1,2,0,6,3,2,1
2183,6,20210314,26,17,A,0,5,0,1,0,2,0
2184,6,20210314,34,21,A,0,1,0,7,0,0,0
2185,6,20210314,5,27,A,2,1,3,8,6,0,0
2186,6,20210315,18,35,A,1,0,3,12,4,1,0
2187,6,20210319,16,12,A,2,1,3,13,4,2,0
2188,6,20210320,23,5,A,0,3,0,3,1,1,0
2189,6,20210321,31,3,A,2,0,3,9,3,2,0
2190,6,20210321,2,34,A,3,3,1,16,7,1,0
2191,6,20210403,18,2,A,3,0,3,16,7,1,0
2192,6,20210403,33,8,A,5,2,3,14,7,1,0
2193,6,20210403,26,16,A,1,2,0,9,1,2,0
2194,6,20210403,20,17,A,2,0,3,11,4,3,0
2195,6,20210404,12,3,A,1,3,0,15,7,2,0
2196,6,20210404,5,21,A,1,2,0,5,3,2,0
2197,6,20210404,31,23,A,2,2,1,11,5,2,0
2198,6,20210404,6,27,A,2,3,0,7,5,0,0
2199,6,20210405,10,11,A,1,1,1,13,6,0,0
2200,6,20210405,34,35,A,3,2,3,9,6,4,0
2201,6,20210409,35,12,A,1,0,3,7,3,0,0
2202,6,20210410,8,10,A,4,1,3,23,10,0,0
2203,6,20210410,3,18,A,1,2,0,9,5,4,0
2204,6,20210410,16,20,A,2,1,3,2,2,1,1
2205,6,20210411,23,6,A,2,1,3,10,5,0,0
2206,6,20210411,2,26,A,3,0,3,14,5,1,0
2207,6,20210411,21,31,A,3,1,3,12,7,5,0
2208,6,20210411,17,34,A,2,3,0,15,5,3,0
2209,6,20210412,11,5,A,0,0,1,8,1,2,0
2210,6,20210412,27,33,A,0,3,0,14,4,1,0
2211,6,20210416,31,11,A,2,2,1,12,3,1,0
2212,6,20210417,34,23,A,2,3,0,16,6,0,1
2213,6,20210417,26,35,A,0,1,0,8,2,2,0
2214,6,20210418,12,2,A,1,1,1,3,1,3,0
2215,6,20210418,6,21,A,1,3,0,10,3,2,0
2216,6,20210419,18,16,A,1,1,1,17,7,1,0
2217,6,20210420,5,8,A,0,0,1,11,2,0,1
2218,6,20210421,20,3,A,2,1,3,13,3,1,1
2219,6,20210421,27,31,A,1,2,0,10,5,1,0
2220,6,20210422,33,17,A,0,3,0,4,1,2,0
2221,6,20210423,11,2,A,1,0,3,8,1,3,0
2222,6,20210424,23,18,A,1,1,1,7,4,1,0
2223,6,20210424,5,26,A,0,1,0,17,4,0,0
2224,6,20210424,8,34,A,1,0,3,17,6,4,0
2225,6,20210425,33,3,A,2,2,1,10,4,2,0
2226,6,20210425,21,16,A,0,0,1,16,4,1,0
2227,6,20210425,6,35,A,4,0,3,14,7,2,0
2228,6,20210426,10,17,A,1,2,0,4,2,1,0
2229,6,20210430,17,27,A,1,1,1,23,9,0,0
2230,6,20210501,16,5,A,0,2,0,11,2,1,0
2231,6,20210501,12,8,A,0,2,0,10,3,1,0
2232,6,20210501,20,10,A,2,0,3,20,3,0,0
2233,6,20210501,3,11,A,2,1,3,13,5,2,0
2234,6,20210502,2,23,A,2,0,3,19,5,1,0
2235,6,20210502,26,31,A,0,4,0,8,1,1,0
2236,6,20210503,34,6,A,2,1,3,22,4,1,0
2237,6,20210503,35,33,A,1,1,1,20,10,0,0
2238,6,20210507,23,17,A,4,2,3,14,6,1,0
2239,6,20210508,31,16,A,1,3,0,11,3,2,0
2240,6,20210508,27,18,A,0,2,0,12,6,1,0
2241,6,20210508,8,20,A,2,1,3,12,5,0,0
2242,6,20210508,10,26,A,2,0,3,21,8,1,0
2243,6,20210509,33,2,A,1,3,0,12,1,2,0
2244,6,20210509,21,3,A,3,1,3,18,7,1,0
2245,6,20210509,11,34,A,1,0,3,9,3,1,0
2246,6,20210509,5,35,A,1,2,0,5,3,2,2
2247,6,20210510,6,12,A,2,0,3,14,5,0,0
2248,6,20210511,17,21,A,2,1,3,12,3,0,0
2249,6,20210511,10,27,A,1,3,0,11,4,3,0
2250,6,20210512,2,8,A,1,0,3,5,2,1,0
2251,6,20210513,11,3,A,0,0,1,15,5,0,0
2252,6,20210513,18,21,A,4,2,3,17,8,0,0
2253,6,20210514,20,23,A,4,3,3,15,6,2,0
2254,6,20210515,34,5,A,1,1,1,15,3,1,0
2255,6,20210515,16,6,A,4,0,3,16,6,1,0
2256,6,20210515,12,27,A,1,3,0,10,3,1,0
2257,6,20210516,3,10,A,2,3,0,19,5,2,0
2258,6,20210516,26,11,A,1,0,3,10,3,3,0
2259,6,20210516,35,31,A,0,2,0,15,3,0,0
2260,6,20210516,18,33,A,2,1,3,26,6,0,0
2261,6,20210518,20,5,A,2,3,0,8,4,3,1
2262,6,20210518,17,8,A,1,2,0,7,3,4,0
2263,6,20210518,12,21,A,1,1,1,8,5,3,0
2264,6,20210518,16,27,A,2,0,3,15,7,3,0
2265,6,20210519,18,6,A,3,0,3,20,3,0,0
2266,6,20210519,2,10,A,3,1,3,6,3,1,0
2267,6,20210519,35,11,A,0,1,0,9,3,2,0
2268,6,20210519,26,23,A,0,1,0,11,1,2,0
2269,6,20210519,3,31,A,2,1,3,20,4,1,0
2270,6,20210519,34,33,A,3,1,3,21,9,2,0
2271,6,20210523,5,2,A,0,2,0,5,1,0,0
2272,6,20210523,8,3,A,1,2,0,23,7,3,1
2273,6,20210523,23,12,A,2,0,3,10,4,0,0
2274,6,20210523,33,16,A,1,3,0,14,5,1,0
2275,6,20210523,31,17,A,4,2,3,11,4,2,0
2276,6,20210523,10,18,A,0,2,0,5,4,2,0
2277,6,20210523,11,20,A,0,5,0,8,3,2,0
2278,6,20210523,6,26,A,0,1,0,10,3,1,0
2279,6,20210523,27,34,A,0,3,0,17,5,3,0
2280,6,20210523,21,35,A,2,1,3,9,4,1,0
2281,7,20210813,2,4,A,0,2,0,22,4,0,0
2282,7,20210814,5,6,A,2,1,3,14,8,1,0
2283,7,20210814,10,8,A,0,3,0,4,1,0,0
2284,7,20210814,27,11,A,1,3,0,6,3,0,0
2285,7,20210814,35,17,A,0,1,0,17,3,2,0
2286,7,20210814,16,21,A,1,5,0,10,3,2,0
2287,7,20210814,18,24,A,3,0,3,19,8,1,0
2288,7,20210814,3,32,A,2,3,0,11,2,1,0
2289,7,20210815,34,23,A,4,2,3,8,9,0,0
2290,7,20210815,20,31,A,0,1,0,18,4,1,0
2291,7,20210821,23,3,A,0,2,0,9,1,4,0
2292,7,20210821,32,5,A,0,2,0,10,1,0,0
2293,7,20210821,4,10,A,0,0,1,14,3,1,0
2294,7,20210821,11,16,A,2,2,1,17,8,4,0
2295,7,20210821,6,18,A,0,2,0,9,3,0,0
2296,7,20210821,24,20,A,0,5,0,1,0,0,0
2297,7,20210822,8,2,A,2,0,3,22,5,0,0
2298,7,20210822,21,27,A,1,1,1,15,4,3,0
2299,7,20210822,31,35,A,1,0,3,8,6,4,0
2300,7,20210823,17,34,A,1,4,0,5,1,1,1
2301,7,20210828,4,3,A,1,1,1,9,2,3,0
2302,7,20210828,11,5,A,2,0,3,14,5,2,0
2303,7,20210828,8,18,A,1,1,1,6,3,2,1
2304,7,20210828,2,20,A,0,5,0,1,0,2,1
2305,7,20210828,27,23,A,2,2,1,22,6,3,0
2306,7,20210828,17,24,A,2,1,3,9,3,1,0
2307,7,20210828,10,34,A,2,2,1,9,2,0,0
2308,7,20210829,16,6,A,1,1,1,12,2,3,0
2309,7,20210829,32,31,A,0,1,0,9,2,3,0
2310,7,20210829,21,35,A,1,0,3,10,3,4,0
2311,7,20210911,24,2,A,0,1,0,10,1,2,0
2312,7,20210911,5,4,A,1,0,3,4,2,2,0
2313,7,20210911,3,8,A,0,3,0,18,6,4,0
2314,7,20210911,31,10,A,0,3,0,2,1,1,1
2315,7,20210911,20,17,A,1,0,3,25,8,2,0
2316,7,20210911,23,21,A,1,4,0,12,3,0,0
2317,7,20210911,34,27,A,0,0,1,13,3,1,1
2318,7,20210911,35,32,A,2,0,3,14,5,3,0
2319,7,20210912,18,16,A,3,0,3,30,9,1,0
2320,7,20210913,6,11,A,1,3,0,11,6,1,0
2321,7,20210917,16,23,A,1,1,1,22,9,2,0
2322,7,20210918,11,3,A,0,3,0,11,1,1,0
2323,7,20210918,2,6,A,1,0,3,13,3,1,0
2324,7,20210918,10,18,A,0,3,0,13,2,1,0
2325,7,20210918,27,20,A,0,0,1,10,2,2,0
2326,7,20210918,32,24,A,3,1,3,12,8,1,0
2327,7,20210918,4,35,A,2,0,3,9,3,2,1
2328,7,20210919,17,5,A,1,2,0,14,3,1,0
2329,7,20210919,8,31,A,3,0,3,20,10,1,0
2330,7,20210919,21,34,A,2,1,3,17,10,0,0
2331,7,20210925,18,4,A,3,3,1,16,6,1,0
2332,7,20210925,20,8,A,1,0,3,15,4,2,0
2333,7,20210925,24,11,A,0,2,0,10,2,3,0
2334,7,20210925,34,16,A,2,1,3,20,7,2,0
2335,7,20210925,6,17,A,2,2,1,9,3,4,0
2336,7,20210925,3,21,A,1,0,3,7,3,2,0
2337,7,20210925,23,32,A,1,1,1,20,6,3,0
2338,7,20210926,31,2,A,1,3,0,10,4,1,0
2339,7,20210926,35,27,A,1,0,3,5,3,0,0
2340,7,20210927,5,10,A,1,1,1,8,4,3,0
2341,7,20211002,2,5,A,0,0,1,8,2,1,0
2342,7,20211002,24,6,A,0,0,1,10,2,2,0
2343,7,20211002,27,8,A,1,3,0,6,2,3,1
2344,7,20211002,32,16,A,0,1,0,5,1,3,0
2345,7,20211002,11,21,A,1,1,1,12,2,1,0
2346,7,20211002,23,35,A,1,2,0,8,2,2,0
2347,7,20211003,17,10,A,2,2,1,9,5,3,0
2348,7,20211003,20,18,A,2,2,1,12,3,3,0
2349,7,20211003,3,31,A,1,2,0,14,3,1,0
2350,7,20211003,4,34,A,2,1,3,13,6,3,0
2351,7,20211016,35,3,A,3,2,3,9,4,3,0
2352,7,20211016,8,4,A,1,0,3,5,1,1,0
2353,7,20211016,21,17,A,2,4,0,18,6,3,0
2354,7,20211016,6,20,A,0,2,0,7,2,0,0
2355,7,20211016,5,24,A,0,0,1,11,3,5,0
2356,7,20211016,16,27,A,0,1,0,3,0,3,0
2357,7,20211016,18,32,A,5,0,3,19,8,0,0
2358,7,20211017,34,11,A,1,0,3,16,4,2,0
2359,7,20211017,31,23,A,3,2,3,14,4,1,0
2360,7,20211018,10,2,A,2,2,1,9,6,1,0
2361,7,20211022,3,2,A,1,3,0,10,4,5,0
2362,7,20211023,20,5,A,4,1,3,23,14,3,0
2363,7,20211023,24,8,A,0,7,0,3,1,2,1
2364,7,20211023,23,10,A,1,1,1,6,2,4,0
2365,7,20211023,32,11,A,5,2,3,20,8,3,0
2366,7,20211023,35,16,A,1,1,1,8,4,3,0
2367,7,20211023,6,27,A,2,2,1,9,5,3,0
2368,7,20211024,17,4,A,2,1,3,10,6,1,0
2369,7,20211024,18,21,A,5,0,3,19,8,0,0
2370,7,20211024,31,34,A,0,1,0,7,4,1,0
2371,7,20211030,4,6,A,1,3,0,12,5,1,0
2372,7,20211030,2,17,A,2,0,3,9,5,0,0
2373,7,20211030,5,18,A,2,2,1,9,6,2,0
2374,7,20211030,10,20,A,2,0,3,8,3,3,0
2375,7,20211030,8,23,A,3,0,3,19,6,2,0
2376,7,20211030,21,31,A,3,0,3,10,4,3,0
2377,7,20211030,27,32,A,1,0,3,12,1,2,0
2378,7,20211031,34,3,A,4,1,3,21,9,2,0
2379,7,20211031,16,24,A,2,1,3,13,6,4,0
2380,7,20211101,11,35,A,1,2,0,14,5,1,0
2381,7,20211105,3,27,A,0,1,0,14,3,2,0
2382,7,20211106,24,4,A,2,1,3,9,5,3,0
2383,7,20211106,23,5,A,1,1,1,6,1,4,0
2384,7,20211106,6,8,A,1,1,1,5,2,4,0
2385,7,20211106,35,10,A,0,2,0,4,2,1,0
2386,7,20211106,20,21,A,2,0,3,16,5,2,0
2387,7,20211107,32,2,A,0,1,0,7,1,2,1
2388,7,20211107,31,11,A,0,0,1,8,0,4,0
2389,7,20211107,17,16,A,1,1,1,9,3,1,0
2390,7,20211107,18,34,A,2,3,0,16,5,1,0
2391,7,20211120,5,3,A,0,2,0,6,2,3,0
2392,7,20211120,10,6,A,3,3,1,18,8,3,0
2393,7,20211120,8,17,A,3,0,3,16,7,1,0
2394,7,20211120,2,18,A,0,4,0,5,3,0,0
2395,7,20211120,4,23,A,3,3,1,10,4,2,0
2396,7,20211120,27,24,A,1,2,0,17,5,2,0
2397,7,20211120,21,32,A,1,4,0,9,3,1,1
2398,7,20211120,34,35,A,0,1,0,8,3,1,0
2399,7,20211121,11,20,A,0,3,0,4,1,1,0
2400,7,20211121,16,31,A,1,2,0,18,7,4,0
2401,7,20211127,23,2,A,0,2,0,9,5,3,0
2402,7,20211127,16,5,A,0,0,1,11,4,3,0
2403,7,20211127,3,10,A,2,1,3,10,3,3,0
2404,7,20211127,27,18,A,0,4,0,7,3,1,0
2405,7,20211127,35,24,A,0,0,1,5,2,2,0
2406,7,20211128,11,4,A,0,1,0,14,5,3,0
2407,7,20211128,21,8,A,1,1,1,3,2,5,0
2408,7,20211128,32,17,A,2,4,0,16,5,0,0
2409,7,20211128,34,20,A,1,2,0,5,3,0,0
2410,7,20211130,10,16,A,0,1,0,9,1,3,0
2411,7,20211130,24,23,A,1,1,1,16,6,0,1
2412,7,20211201,20,3,A,2,1,3,17,7,0,0
2413,7,20211201,18,11,A,4,1,3,16,7,3,0
2414,7,20211201,17,27,A,2,2,1,15,6,3,0
2415,7,20211201,8,32,A,2,1,3,8,4,3,0
2416,7,20211201,5,34,A,1,1,1,9,3,1,0
2417,7,20211201,6,35,A,0,0,1,6,1,3,0
2418,7,20211202,2,21,A,2,3,0,17,8,0,0
2419,7,20211202,4,31,A,0,2,0,6,2,0,0
2420,7,20211204,6,23,A,0,1,0,10,1,1,0
2421,7,20211204,5,27,A,1,1,1,14,4,2,0
2422,7,20211204,20,32,A,3,1,3,26,13,0,0
2423,7,20211204,8,34,A,2,3,0,19,7,3,0
2424,7,20211204,18,35,A,1,0,3,17,5,2,0
2425,7,20211205,17,3,A,1,2,0,12,5,1,0
2426,7,20211205,4,16,A,2,2,1,9,3,3,0
2427,7,20211205,10,21,A,0,1,0,8,2,2,0
2428,7,20211205,24,31,A,0,3,0,10,1,2,0
2429,7,20211206,2,11,A,1,2,0,10,3,2,0
2430,7,20211210,32,4,A,1,2,0,6,2,0,0
2431,7,20211211,27,2,A,0,3,0,11,6,0,0
2432,7,20211211,16,8,A,2,3,0,12,5,5,0
2433,7,20211211,3,18,A,0,1,0,4,0,2,0
2434,7,20211211,35,20,A,0,1,0,2,1,2,1
2435,7,20211211,21,24,A,1,0,3,13,5,1,0
2436,7,20211212,34,6,A,0,0,1,16,3,1,0
2437,7,20211212,11,10,A,1,3,0,12,6,2,0
2438,7,20211212,23,17,A,0,4,0,12,3,3,0
2439,7,20211214,16,20,A,0,7,0,6,3,1,0
2440,7,20211214,3,24,A,2,0,3,17,6,1,0
2441,7,20211215,34,2,A,0,2,0,7,1,0,1
2442,7,20211215,35,5,A,1,0,3,8,5,0,0
2443,7,20211215,27,10,A,2,2,1,15,4,4,0
2444,7,20211216,11,8,A,1,1,1,5,3,3,0
2445,7,20211216,23,18,A,1,3,0,4,2,3,0
2446,7,20211218,2,16,A,4,1,3,21,12,1,0
2447,7,20211219,20,23,A,4,0,3,18,7,2,0
2448,7,20211219,18,31,A,2,2,1,18,6,4,1
2449,7,20211219,8,35,A,0,0,1,8,1,2,0
2450,7,20211226,8,3,A,3,1,3,10,4,1,0
2451,7,20211226,4,5,A,0,2,0,16,6,3,0
2452,7,20211226,17,20,A,3,6,0,14,8,2,0
2453,7,20211226,2,24,A,5,0,3,16,6,2,0
2454,7,20211226,10,31,A,0,3,0,4,0,1,1
2455,7,20211226,27,34,A,3,2,3,11,6,3,0
2456,7,20211227,21,23,A,1,1,1,13,4,3,0
2457,7,20211228,24,10,A,0,3,0,12,3,2,0
2458,7,20211228,18,17,A,0,1,0,21,4,1,0
2459,7,20211228,31,27,A,1,1,1,21,11,2,0
2460,7,20211228,34,32,A,4,1,3,13,6,1,0
2461,7,20211229,20,4,A,1,0,3,12,3,0,0
2462,7,20211229,5,8,A,1,1,1,18,6,1,0
2463,7,20211230,6,21,A,1,3,0,10,3,0,0
2464,7,20220101,20,2,A,2,1,3,15,2,2,0
2465,7,20220101,34,10,A,3,2,3,10,5,2,0
2466,7,20220101,31,32,A,1,0,3,21,9,1,0
2467,7,20220102,3,4,A,1,2,0,16,5,2,0
2468,7,20220102,18,8,A,2,2,1,10,6,2,0
2469,7,20220102,5,11,A,3,2,3,12,5,1,0
2470,7,20220102,6,16,A,1,3,0,8,2,1,0
2471,7,20220103,35,21,A,1,0,3,19,6,1,0
2472,7,20220111,4,27,A,1,4,0,5,4,1,0
2473,7,20220112,24,34,A,0,2,0,7,3,0,0
2474,7,20220114,10,5,A,1,1,1,3,1,2,0
2475,7,20220115,21,3,A,2,2,1,13,6,2,0
2476,7,20220115,8,20,A,0,1,0,4,1,2,0
2477,7,20220115,32,23,A,1,1,1,18,5,2,0
2478,7,20220115,11,24,A,1,2,0,12,5,1,0
2479,7,20220115,27,35,A,1,3,0,13,10,3,0
2480,7,20220116,4,18,A,0,3,0,6,1,1,0
2481,7,20220116,16,34,A,3,2,3,18,5,2,0
2482,7,20220118,8,5,A,1,1,1,15,3,2,0
2483,7,20220119,21,4,A,3,1,3,13,5,0,0
2484,7,20220119,31,17,A,3,2,3,27,10,2,0
2485,7,20220121,24,32,A,3,0,3,7,2,1,0
2486,7,20220122,35,4,A,2,1,3,7,2,3,0
2487,7,20220122,3,11,A,1,0,3,8,3,3,0
2488,7,20220122,23,16,A,1,0,3,15,3,2,0
2489,7,20220122,34,21,A,0,1,0,6,1,1,0
2490,7,20220122,20,27,A,1,1,1,20,5,0,0
2491,7,20220123,6,2,A,0,0,1,10,1,2,0
2492,7,20220123,31,8,A,0,2,0,6,3,1,0
2493,7,20220123,18,10,A,3,1,3,15,7,1,0
2494,7,20220123,5,17,A,1,1,1,14,5,1,0
2495,7,20220205,32,6,A,0,0,1,11,5,2,0
2496,7,20220208,21,6,A,1,1,1,22,5,1,0
2497,7,20220208,11,23,A,1,3,0,11,3,3,0
2498,7,20220208,32,34,A,0,1,0,6,1,0,0
2499,7,20220209,16,3,A,3,3,1,16,8,3,0
2500,7,20220209,4,20,A,0,2,0,6,2,0,0
2501,7,20220209,10,24,A,1,1,1,13,5,2,0
2502,7,20220209,27,31,A,3,2,3,23,10,3,0
2503,7,20220210,17,18,A,0,2,0,5,1,0,0
2504,7,20220210,2,35,A,1,0,3,12,2,3,1
2505,7,20220212,10,4,A,0,0,1,6,3,0,0
2506,7,20220212,16,11,A,0,3,0,7,0,1,0
2507,7,20220212,27,21,A,1,1,1,13,4,0,0
2508,7,20220212,20,24,A,4,0,3,22,9,2,0
2509,7,20220212,5,32,A,2,0,3,11,6,2,0
2510,7,20220213,18,6,A,1,0,3,12,4,1,0
2511,7,20220213,34,17,A,2,2,1,8,3,2,0
2512,7,20220213,3,23,A,0,1,0,11,1,4,0
2513,7,20220213,35,31,A,2,0,3,11,7,1,0
2514,7,20220215,5,21,A,0,2,0,10,3,1,1
2515,7,20220219,4,2,A,1,2,0,6,2,1,0
2516,7,20220219,32,3,A,1,0,3,8,4,2,0
2517,7,20220219,6,5,A,3,0,3,10,4,4,0
2518,7,20220219,8,10,A,1,0,3,9,3,3,0
2519,7,20220219,24,18,A,1,3,0,6,1,1,0
2520,7,20220219,31,20,A,3,2,3,6,5,3,0
2521,7,20220219,11,27,A,0,2,0,9,0,2,0
2522,7,20220219,23,34,A,1,1,1,14,3,3,0
2523,7,20220220,21,16,A,4,2,3,15,9,3,0
2524,7,20220220,17,35,A,1,2,0,17,7,4,0
2525,7,20220223,31,6,A,0,1,0,12,2,0,0
2526,7,20220223,16,18,A,0,6,0,3,2,3,0
2527,7,20220223,10,32,A,4,1,3,7,5,1,0
2528,7,20220224,35,2,A,1,2,0,6,2,1,0
2529,7,20220225,24,27,A,0,2,0,8,1,2,0
2530,7,20220226,23,4,A,2,0,3,26,11,1,0
2531,7,20220226,3,5,A,2,0,3,9,4,5,0
2532,7,20220226,6,10,A,1,1,1,5,1,2,0
2533,7,20220226,20,11,A,1,0,3,13,8,2,0
2534,7,20220226,31,16,A,4,0,3,15,11,2,0
2535,7,20220226,32,21,A,0,0,1,10,2,0,0
2536,7,20220227,35,34,A,0,1,0,14,1,0,0
2537,7,20220301,17,6,A,2,0,3,22,6,1,0
2538,7,20220305,27,3,A,0,4,0,11,1,1,0
2539,7,20220305,8,6,A,4,0,3,11,5,0,0
2540,7,20220305,16,17,A,0,1,0,19,4,2,0
2541,7,20220305,34,18,A,0,1,0,13,5,1,0
2542,7,20220305,5,23,A,1,2,0,15,4,1,0
2543,7,20220305,4,24,A,3,1,3,10,6,5,0
2544,7,20220305,10,35,A,2,0,3,12,8,3,0
2545,7,20220306,21,20,A,1,4,0,5,2,1,0
2546,7,20220306,2,32,A,3,2,3,16,4,2,0
2547,7,20220307,11,31,A,0,5,0,6,0,0,0
2548,7,20220310,3,16,A,3,0,3,15,9,3,0
2549,7,20220310,8,24,A,3,1,3,15,7,2,0
2550,7,20220310,23,27,A,2,1,3,8,4,1,0
2551,7,20220310,32,35,A,0,4,0,9,0,2,0
2552,7,20220312,6,4,A,0,2,0,7,1,1,1
2553,7,20220312,18,5,A,2,0,3,18,9,1,0
2554,7,20220312,31,21,A,2,3,0,10,3,1,0
2555,7,20220313,17,2,A,0,2,0,6,3,3,0
2556,7,20220313,23,8,A,0,1,0,7,2,3,0
2557,7,20220313,35,11,A,1,0,3,14,3,1,0
2558,7,20220313,24,16,A,1,2,0,12,4,1,0
2559,7,20220313,32,27,A,2,1,3,9,5,2,0
2560,7,20220313,3,34,A,1,2,0,13,7,0,0
2561,7,20220314,20,10,A,0,0,1,18,4,1,0
2562,7,20220316,18,2,A,2,0,3,9,3,1,0
2563,7,20220316,31,5,A,2,0,3,17,7,2,0
2564,7,20220317,23,11,A,0,1,0,17,6,1,0
2565,7,20220318,16,35,A,3,2,3,15,6,4,0
2566,7,20220319,2,3,A,1,0,3,10,3,3,0
2567,7,20220320,4,17,A,1,2,0,15,6,2,0
2568,7,20220320,34,31,A,1,3,0,6,1,1,0
2569,7,20220402,24,5,A,0,0,1,6,0,1,0
2570,7,20220402,20,6,A,2,0,3,18,6,0,0
2571,7,20220402,4,8,A,4,1,3,17,6,0,0
2572,7,20220402,27,16,A,1,1,1,14,6,1,0
2573,7,20220402,32,18,A,0,2,0,5,2,1,0
2574,7,20220402,17,21,A,1,1,1,11,3,2,0
2575,7,20220402,3,35,A,1,2,0,15,5,3,0
2576,7,20220403,23,31,A,1,5,0,8,1,3,0
2577,7,20220403,11,34,A,1,2,0,13,2,1,1
2578,7,20220404,2,10,A,0,3,0,12,3,2,0
2579,7,20220406,11,6,A,2,3,0,16,4,2,0
2580,7,20220408,35,23,A,0,1,0,5,2,1,0
2581,7,20220409,5,2,A,2,1,3,8,3,4,0
2582,7,20220409,31,3,A,4,0,3,11,5,3,0
2583,7,20220409,21,11,A,0,1,0,12,4,2,0
2584,7,20220409,8,27,A,6,0,3,24,14,0,0
2585,7,20220409,16,32,A,3,0,3,10,5,0,0
2586,7,20220410,34,4,A,0,2,0,5,1,1,0
2587,7,20220410,10,17,A,1,2,0,11,3,1,0
2588,7,20220410,18,20,A,2,2,1,6,4,4,0
2589,7,20220410,6,24,A,0,2,0,18,4,1,0
2590,7,20220416,24,21,A,2,3,0,15,4,0,0
2591,7,20220416,2,27,A,0,1,0,23,6,1,0
2592,7,20220416,5,31,A,1,0,3,12,5,3,0
2593,7,20220416,4,32,A,2,1,3,16,5,1,0
2594,7,20220417,17,23,A,1,2,0,8,2,2,0
2595,7,20220417,6,34,A,1,1,1,9,1,2,0
2596,7,20220419,21,18,A,0,4,0,2,1,2,0
2597,7,20220420,2,8,A,4,2,3,14,4,1,0
2598,7,20220420,17,11,A,1,1,1,11,3,1,0
2599,7,20220420,5,20,A,0,3,0,2,1,3,0
2600,7,20220420,10,23,A,0,1,0,10,2,1,0
2601,7,20220421,27,6,A,0,2,0,11,3,2,0
2602,7,20220423,21,2,A,1,3,0,14,5,4,0
2603,7,20220423,31,4,A,0,0,1,9,0,1,0
2604,7,20220423,3,17,A,0,0,1,11,3,2,0
2605,7,20220423,32,20,A,1,5,0,5,2,0,0
2606,7,20220423,23,24,A,3,0,3,13,7,2,0
2607,7,20220424,27,5,A,2,2,1,18,5,0,0
2608,7,20220424,35,6,A,0,1,0,10,4,1,0
2609,7,20220424,34,8,A,0,1,0,6,2,0,1
2610,7,20220424,11,18,A,0,2,0,9,1,5,0
2611,7,20220425,16,10,A,0,0,1,9,2,2,0
2612,7,20220428,8,21,A,1,1,1,21,6,1,0
2613,7,20220430,24,3,A,0,2,0,9,3,1,0
2614,7,20220430,20,16,A,4,0,3,19,6,2,0
2615,7,20220430,18,23,A,1,0,3,24,10,3,0
2616,7,20220430,10,27,A,2,1,3,14,5,3,0
2617,7,20220430,6,32,A,2,1,3,17,6,2,0
2618,7,20220430,5,35,A,3,0,3,17,9,1,0
2619,7,20220501,8,11,A,0,1,0,17,5,5,0
2620,7,20220501,17,31,A,1,3,0,6,2,3,0
2621,7,20220501,2,34,A,2,1,3,13,7,2,0
2622,7,20220502,4,21,A,0,3,0,12,4,0,0
2623,7,20220507,27,4,A,0,3,0,19,4,1,0
2624,7,20220507,21,5,A,0,4,0,15,5,2,0
2625,7,20220507,3,6,A,3,1,3,12,7,2,0
2626,7,20220507,35,8,A,2,2,1,14,4,3,0
2627,7,20220507,32,10,A,0,1,0,6,1,1,1
2628,7,20220507,31,18,A,1,1,1,8,3,2,0
2629,7,20220508,16,2,A,1,2,0,3,2,2,1
2630,7,20220508,11,17,A,2,1,3,10,4,0,0
2631,7,20220508,23,20,A,0,5,0,7,3,3,0
2632,7,20220508,34,24,A,4,0,3,13,5,1,0
2633,7,20220510,18,3,A,2,1,3,17,6,0,0
2634,7,20220511,8,16,A,3,0,3,17,4,0,0
2635,7,20220511,24,17,A,0,3,0,9,5,0,0
2636,7,20220511,11,32,A,0,0,1,16,5,2,0
2637,7,20220511,20,35,A,5,1,3,16,5,1,0
2638,7,20220512,2,31,A,0,3,0,8,4,3,1
2639,7,20220515,10,3,A,1,1,1,16,4,3,0
2640,7,20220515,4,11,A,3,2,3,18,7,3,0
2641,7,20220515,5,16,A,1,1,1,16,6,2,0
2642,7,20220515,6,31,A,0,1,0,8,1,2,0
2643,7,20220515,17,32,A,5,1,3,13,7,1,0
2644,7,20220515,20,34,A,2,2,1,31,8,1,0
2645,7,20220515,24,35,A,1,1,1,11,2,3,0
2646,7,20220516,2,23,A,0,2,0,11,2,3,0
2647,7,20220517,18,27,A,2,1,3,24,5,0,0
2648,7,20220519,6,3,A,1,1,1,10,5,1,1
2649,7,20220519,17,8,A,1,1,1,2,1,1,0
2650,7,20220519,10,11,A,2,3,0,7,5,3,0
2651,7,20220522,11,2,A,1,5,0,6,2,1,0
2652,7,20220522,16,4,A,2,1,3,14,6,1,0
2653,7,20220522,34,5,A,1,3,0,7,2,1,0
2654,7,20220522,23,6,A,2,1,3,8,6,0,0
2655,7,20220522,32,8,A,1,2,0,8,3,0,0
2656,7,20220522,21,10,A,0,1,0,10,4,4,0
2657,7,20220522,27,17,A,1,4,0,7,2,1,0
2658,7,20220522,35,18,A,1,3,0,7,5,0,0
2659,7,20220522,3,20,A,2,3,0,4,2,1,0
2660,7,20220522,31,24,A,5,0,3,19,13,1,0
2661,8,20220805,2,10,A,2,0,3,10,2,2,0
2662,8,20220806,3,1,A,0,2,0,15,2,3,0
2663,8,20220806,8,11,A,1,0,3,15,6,2,0
2664,8,20220806,18,12,A,2,2,1,11,4,0,0
2665,8,20220806,35,16,A,1,2,0,15,6,0,0
2666,8,20220806,25,23,A,0,2,0,5,0,3,0
2667,8,20220806,27,31,A,1,4,0,10,2,0,0
2668,8,20220807,4,17,A,2,2,1,8,3,0,0
2669,8,20220807,5,21,A,2,1,3,15,4,1,0
2670,8,20220807,20,34,A,2,0,3,14,2,1,0
2671,8,20220813,17,2,A,2,4,0,6,2,1,0
2672,8,20220813,11,3,A,1,2,0,15,4,1,0
2673,8,20220813,21,4,A,0,4,0,15,4,4,0
2674,8,20220813,23,5,A,0,0,1,4,1,3,0
2675,8,20220813,1,20,A,0,4,0,3,1,3,0
2676,8,20220813,16,27,A,2,2,1,13,5,3,0
2677,8,20220813,12,35,A,0,0,1,9,3,3,0
2678,8,20220814,31,8,A,2,2,1,10,5,0,0
2679,8,20220814,34,25,A,0,1,0,19,5,1,0
2680,8,20220815,10,18,A,1,1,1,7,3,4,0
2681,8,20220820,2,1,A,3,0,3,14,6,1,0
2682,8,20220820,3,10,A,1,3,0,13,5,1,0
2683,8,20220820,25,11,A,1,1,1,14,5,2,0
2684,8,20220820,4,12,A,2,3,0,13,5,2,0
2685,8,20220820,27,17,A,2,1,3,9,3,3,0
2686,8,20220820,35,31,A,0,1,0,20,3,2,0
2687,8,20220821,8,16,A,0,3,0,14,3,1,1
2688,8,20220821,20,23,A,3,3,1,21,10,2,0
2689,8,20220821,5,34,A,2,0,3,11,2,0,0
2690,8,20220822,18,21,A,1,2,0,17,5,1,0
2691,8,20220827,12,2,A,1,2,0,11,3,3,0
2692,8,20220827,11,4,A,1,1,1,14,7,2,0
2693,8,20220827,16,5,A,0,1,0,10,2,3,0
2694,8,20220827,17,8,A,1,2,0,17,5,2,0
2695,8,20220827,1,18,A,0,9,0,5,2,1,0
2696,8,20220827,10,20,A,2,4,0,2,2,2,0
2697,8,20220827,21,27,A,1,0,3,11,6,3,0
2698,8,20220828,34,3,A,1,0,3,7,2,0,0
2699,8,20220828,31,25,A,2,0,3,18,7,1,0
2700,8,20220828,23,35,A,1,1,1,21,6,1,0
2701,8,20220830,4,10,A,1,1,1,9,3,2,0
2702,8,20220830,5,12,A,1,2,0,7,4,1,0
2703,8,20220830,11,16,A,1,1,1,7,2,3,0
2704,8,20220830,8,27,A,1,2,0,10,4,1,0
2705,8,20220831,35,1,A,0,0,1,17,4,1,0
2706,8,20220831,3,2,A,1,2,0,4,3,3,0
2707,8,20220831,23,18,A,1,2,0,5,2,2,0
2708,8,20220831,25,20,A,0,6,0,8,1,1,0
2709,8,20220831,31,34,A,1,1,1,13,4,5,0
2710,8,20220901,21,17,A,1,0,3,9,2,3,0
2711,8,20220903,20,3,A,1,1,1,13,4,0,0
2712,8,20220903,16,4,A,2,5,0,17,6,2,0
2713,8,20220903,34,8,A,1,2,0,6,3,2,0
2714,8,20220903,18,11,A,0,0,1,23,8,2,0
2715,8,20220903,10,23,A,0,0,1,19,9,1,0
2716,8,20220903,1,25,A,3,2,3,8,3,1,0
2717,8,20220903,12,31,A,1,2,0,9,3,4,0
2718,8,20220903,27,35,A,0,1,0,12,1,2,0
2719,8,20220904,17,5,A,2,5,0,6,4,1,0
2720,8,20220904,2,21,A,1,3,0,16,3,3,0
2721,8,20220916,27,3,A,0,1,0,7,1,1,0
2722,8,20220916,12,25,A,3,2,3,15,7,4,0
2723,8,20220917,1,23,A,1,1,1,10,3,2,0
2724,8,20220917,17,31,A,2,6,0,19,7,2,0
2725,8,20220917,20,35,A,3,0,3,16,7,1,0
2726,8,20220918,2,4,A,3,0,3,13,7,2,0
2727,8,20220918,34,11,A,0,1,0,14,4,1,0
2728,8,20221001,4,1,A,0,0,1,13,4,2,0
2729,8,20221001,31,2,A,1,3,0,7,3,1,1
2730,8,20221001,8,10,A,2,1,3,13,3,3,0
2731,8,20221001,23,12,A,4,1,3,19,10,0,0
2732,8,20221001,5,18,A,3,3,1,6,6,1,0
2733,8,20221001,11,27,A,2,1,3,12,5,2,0
2734,8,20221001,35,34,A,0,2,0,15,4,2,0
2735,8,20221002,3,16,A,0,0,1,19,7,2,0
2736,8,20221002,21,20,A,3,6,0,12,8,3,0
2737,8,20221003,25,17,A,0,4,0,10,3,4,0
2738,8,20221008,17,1,A,1,2,0,9,5,2,0
2739,8,20221008,31,5,A,1,0,3,8,3,2,0
2740,8,20221008,35,8,A,0,3,0,8,2,0,0
2741,8,20221008,27,20,A,0,4,0,5,0,1,0
2742,8,20221008,4,23,A,1,5,0,6,3,1,0
2743,8,20221009,18,2,A,2,3,0,8,3,2,0
2744,8,20221009,16,10,A,1,2,0,10,4,3,0
2745,8,20221009,21,11,A,2,1,3,12,4,1,0
2746,8,20221009,12,34,A,1,3,0,8,2,3,0
2747,8,20221010,3,25,A,1,1,1,12,2,3,0
2748,8,20221014,5,4,A,0,2,0,21,7,1,0
2749,8,20221015,1,12,A,2,2,1,10,6,0,0
2750,8,20221015,10,17,A,0,0,1,8,1,2,0
2751,8,20221015,11,31,A,0,2,0,4,0,4,0
2752,8,20221015,25,35,A,0,1,0,10,2,2,0
2753,8,20221016,8,3,A,2,0,3,8,4,3,0
2754,8,20221016,2,16,A,1,0,3,9,4,2,0
2755,8,20221016,20,18,A,0,1,0,16,6,1,0
2756,8,20221016,23,21,A,0,0,1,9,2,1,0
2757,8,20221016,34,27,A,1,1,1,25,4,1,0
2758,8,20221018,25,5,A,0,0,1,3,0,1,0
2759,8,20221018,35,10,A,1,2,0,10,4,1,0
2760,8,20221019,27,1,A,1,0,3,9,3,3,0
2761,8,20221019,8,4,A,0,0,1,14,5,0,0
2762,8,20221019,34,18,A,0,1,0,8,3,0,0
2763,8,20221019,31,21,A,0,2,0,9,2,0,0
2764,8,20221019,11,23,A,0,1,0,1,0,4,0
2765,8,20221020,3,12,A,0,3,0,12,6,2,1
2766,8,20221020,16,17,A,0,2,0,14,2,1,0
2767,8,20221022,21,8,A,1,1,1,13,6,4,0
2768,8,20221022,10,11,A,0,3,0,9,2,4,0
2769,8,20221022,5,20,A,1,3,0,8,2,3,0
2770,8,20221022,18,25,A,0,1,0,15,7,1,0
2771,8,20221023,4,3,A,0,4,0,12,3,0,0
2772,8,20221023,12,16,A,3,2,3,11,5,1,0
2773,8,20221023,2,27,A,1,1,1,12,3,1,0
2774,8,20221023,23,31,A,2,1,3,13,5,2,0
2775,8,20221023,17,35,A,4,0,3,5,4,1,0
2776,8,20221024,1,34,A,0,2,0,5,3,2,0
2777,8,20221029,31,1,A,3,2,3,23,7,2,0
2778,8,20221029,35,4,A,1,1,1,14,4,3,1
2779,8,20221029,8,5,A,1,4,0,15,7,2,0
2780,8,20221029,27,10,A,0,1,0,14,4,3,0
2781,8,20221029,11,12,A,0,0,1,9,4,1,0
2782,8,20221029,20,17,A,1,0,3,15,5,0,0
2783,8,20221029,16,18,A,2,1,3,14,6,1,0
2784,8,20221029,3,23,A,0,4,0,3,0,1,0
2785,8,20221030,25,2,A,0,5,0,5,2,1,0
2786,8,20221030,34,21,A,0,1,0,13,5,3,0
2787,8,20221105,17,11,A,2,0,3,22,8,0,0
2788,8,20221105,1,16,A,3,4,0,9,6,2,0
2789,8,20221105,12,20,A,1,2,0,4,2,4,0
2790,8,20221105,4,25,A,2,2,1,6,2,2,0
2791,8,20221105,5,35,A,3,2,3,19,8,0,0
2792,8,20221106,21,3,A,1,3,0,8,3,3,0
2793,8,20221106,2,8,A,1,0,3,14,2,2,0
2794,8,20221106,23,27,A,4,1,3,7,4,0,0
2795,8,20221106,18,31,A,2,1,3,13,6,0,0
2796,8,20221106,10,34,A,2,1,3,15,6,1,0
2797,8,20221112,11,1,A,0,3,0,15,3,0,0
2798,8,20221112,27,18,A,1,3,0,9,5,2,0
2799,8,20221112,4,20,A,2,1,3,10,8,2,0
2800,8,20221112,8,23,A,0,1,0,5,2,2,0
2801,8,20221112,10,25,A,0,1,0,8,0,4,0
2802,8,20221112,16,31,A,3,4,0,12,5,1,1
2803,8,20221112,17,34,A,2,0,3,9,6,1,0
2804,8,20221112,2,35,A,2,0,3,14,4,2,0
2805,8,20221113,3,5,A,2,1,3,8,2,7,0
2806,8,20221113,21,12,A,2,1,3,14,9,1,0
2807,8,20221226,34,2,A,1,3,0,8,4,2,0
2808,8,20221226,18,3,A,3,1,3,16,9,0,0
2809,8,20221226,31,4,A,2,2,1,16,8,1,0
2810,8,20221226,12,10,A,3,0,3,23,11,0,0
2811,8,20221226,35,11,A,2,1,3,7,4,6,0
2812,8,20221226,23,17,A,3,0,3,12,5,0,0
2813,8,20221226,5,27,A,3,1,3,7,4,2,0
2814,8,20221227,1,8,A,0,2,0,9,4,0,0
2815,8,20221227,25,21,A,0,3,0,8,3,1,0
2816,8,20221228,20,16,A,3,1,3,26,9,3,0
2817,8,20221230,17,18,A,1,2,0,7,2,1,0
2818,8,20221230,4,34,A,2,0,3,9,6,0,0
2819,8,20221231,10,1,A,2,0,3,15,6,1,0
2820,8,20221231,2,5,A,4,2,3,14,7,3,0
2821,8,20221231,27,12,A,1,2,0,9,3,1,0
2822,8,20221231,11,20,A,1,1,1,2,1,4,0
2823,8,20221231,16,23,A,0,0,1,8,1,5,0
2824,8,20221231,21,35,A,1,0,3,16,6,3,0
2825,8,20230101,8,25,A,1,1,1,7,2,2,0
2826,8,20230101,3,31,A,2,0,3,13,4,3,0
2827,8,20230102,18,4,A,1,3,0,16,6,3,0
2828,8,20230103,23,2,A,0,0,1,8,1,4,0
2829,8,20230103,5,11,A,4,1,3,19,8,1,0
2830,8,20230103,12,17,A,1,0,3,11,2,6,0
2831,8,20230103,1,21,A,0,3,0,7,4,3,0
2832,8,20230104,35,3,A,1,1,1,10,3,3,0
2833,8,20230104,31,10,A,4,0,3,14,6,2,0
2834,8,20230104,34,16,A,2,2,1,15,2,1,0
2835,8,20230104,25,27,A,1,0,3,11,1,2,0
2836,8,20230105,20,8,A,1,0,3,12,3,0,0
2837,8,20230112,8,12,A,1,2,0,20,10,3,1
2838,8,20230113,16,3,A,1,2,0,16,4,2,0
2839,8,20230114,1,4,A,0,2,0,7,2,1,0
2840,8,20230114,18,5,A,0,3,0,6,2,3,0
2841,8,20230114,27,11,A,2,1,3,13,5,3,0
2842,8,20230114,20,21,A,1,2,0,5,1,0,0
2843,8,20230114,17,25,A,0,2,0,6,1,2,0
2844,8,20230114,34,35,A,0,1,0,16,4,2,0
2845,8,20230115,10,8,A,0,1,0,10,5,5,0
2846,8,20230115,12,23,A,0,1,0,5,0,3,0
2847,8,20230115,2,31,A,2,0,3,14,5,2,0
2848,8,20230118,21,10,A,1,1,1,15,4,2,0
2849,8,20230119,31,20,A,2,4,0,9,3,2,0
2850,8,20230121,25,1,A,1,1,1,20,5,2,0
2851,8,20230121,23,10,A,0,0,1,16,7,2,0
2852,8,20230121,5,17,A,2,2,1,13,4,1,0
2853,8,20230121,8,18,A,0,0,1,11,2,1,0
2854,8,20230121,3,27,A,1,0,3,16,5,2,0
2855,8,20230121,11,34,A,0,2,0,5,2,1,0
2856,8,20230122,21,2,A,2,3,0,6,4,2,0
2857,8,20230122,4,16,A,0,0,1,6,0,2,0
2858,8,20230122,35,20,A,0,3,0,10,1,2,0
2859,8,20230123,31,12,A,1,0,3,10,3,3,0
2860,8,20230203,12,8,A,0,0,1,10,4,4,0
2861,8,20230204,17,3,A,4,2,3,9,5,2,0
2862,8,20230204,27,4,A,0,3,0,14,6,2,0
2863,8,20230204,1,5,A,0,1,0,12,2,1,0
2864,8,20230204,2,11,A,0,1,0,15,3,1,0
2865,8,20230204,10,21,A,1,2,0,10,3,2,0
2866,8,20230204,34,23,A,1,1,1,10,1,1,0
2867,8,20230204,18,35,A,0,3,0,22,4,1,0
2868,8,20230205,16,25,A,0,1,0,10,4,2,0
2869,8,20230205,20,31,A,0,1,0,15,5,3,0
2870,8,20230208,16,21,A,2,2,1,8,2,3,0
2871,8,20230211,23,1,A,1,1,1,15,7,3,0
2872,8,20230211,4,2,A,1,1,1,9,2,2,0
2873,8,20230211,5,10,A,1,1,1,17,7,1,0
2874,8,20230211,25,12,A,0,2,0,10,1,1,0
2875,8,20230211,31,17,A,1,4,0,11,4,2,0
2876,8,20230211,35,27,A,2,1,3,11,2,2,1
2877,8,20230211,8,34,A,1,1,1,12,4,1,0
2878,8,20230212,21,16,A,2,0,3,11,5,1,0
2879,8,20230212,3,20,A,1,3,0,6,2,2,0
2880,8,20230213,11,18,A,0,2,0,6,1,3,0
2881,8,20230215,20,2,A,3,1,3,9,6,3,0
2882,8,20230218,2,3,A,4,2,3,20,5,1,0
2883,8,20230218,10,4,A,1,1,1,10,4,2,0
2884,8,20230218,12,5,A,1,0,3,5,2,5,0
2885,8,20230218,27,8,A,1,0,3,8,5,6,0
2886,8,20230218,16,11,A,0,1,0,8,0,3,0
2887,8,20230218,18,23,A,2,0,3,13,7,1,0
2888,8,20230218,20,25,A,1,1,1,26,6,0,0
2889,8,20230218,1,35,A,1,0,3,5,1,3,0
2890,8,20230219,17,21,A,0,3,0,19,3,2,0
2891,8,20230219,34,31,A,0,2,0,6,1,1,0
2892,8,20230224,35,12,A,1,1,1,8,2,0,0
2893,8,20230225,20,1,A,4,1,3,20,5,2,0
2894,8,20230225,18,10,A,0,0,1,12,4,5,0
2895,8,20230225,3,11,A,2,0,3,9,5,1,0
2896,8,20230225,27,16,A,0,1,0,8,2,4,0
2897,8,20230225,2,17,A,1,0,3,10,2,1,0
2898,8,20230225,25,34,A,0,4,0,8,3,0,0
2899,8,20230226,8,31,A,0,2,0,10,2,3,0
2900,8,20230301,11,2,A,0,4,0,8,5,2,0
2901,8,20230301,35,18,A,0,2,0,4,1,3,0
2902,8,20230304,1,2,A,2,3,0,4,4,2,0
2903,8,20230304,10,3,A,0,1,0,3,0,3,1
2904,8,20230304,34,5,A,0,4,0,3,2,3,0
2905,8,20230304,16,8,A,0,1,0,11,2,0,0
2906,8,20230304,23,20,A,0,2,0,5,2,4,0
2907,8,20230304,17,27,A,0,1,0,11,0,2,0
2908,8,20230304,31,35,A,0,1,0,21,6,1,0
2909,8,20230305,21,18,A,0,7,0,8,4,3,0
2910,8,20230305,11,25,A,2,2,1,10,3,5,0
2911,8,20230306,12,4,A,2,3,0,9,5,3,0
2912,8,20230311,18,1,A,0,1,0,15,6,1,0
2913,8,20230311,20,10,A,1,0,3,14,4,2,0
2914,8,20230311,4,11,A,0,1,0,12,4,1,0
2915,8,20230311,5,16,A,2,2,1,14,2,1,0
2916,8,20230311,8,17,A,3,1,3,12,6,2,0
2917,8,20230311,25,31,A,1,3,0,9,5,1,0
2918,8,20230312,2,12,A,3,0,3,15,7,1,0
2919,8,20230312,27,21,A,0,0,1,17,4,0,0
2920,8,20230312,35,23,A,1,2,0,7,4,2,0
2921,8,20230312,3,34,A,1,1,1,12,4,0,0
2922,8,20230315,10,5,A,0,1,0,11,3,2,0
2923,8,20230315,4,27,A,2,0,3,11,5,2,0
2924,8,20230317,23,25,A,2,1,3,15,4,1,0
2925,8,20230318,1,3,A,0,3,0,10,3,4,0
2926,8,20230318,17,4,A,1,1,1,14,1,2,0
2927,8,20230318,11,8,A,2,2,1,12,3,2,0
2928,8,20230318,31,27,A,3,3,1,17,3,1,0
2929,8,20230318,16,35,A,4,2,3,11,4,5,0
2930,8,20230319,10,2,A,1,4,0,8,4,1,0
2931,8,20230401,12,1,A,1,2,0,10,2,4,0
2932,8,20230401,16,2,A,1,4,0,7,5,2,0
2933,8,20230401,4,5,A,3,3,1,7,5,1,0
2934,8,20230401,3,8,A,2,0,3,5,2,3,0
2935,8,20230401,17,10,A,1,2,0,3,2,4,0
2936,8,20230401,18,20,A,1,4,0,4,1,1,0
2937,8,20230401,35,25,A,1,1,1,8,1,5,0
2938,8,20230402,21,23,A,0,2,0,6,1,0,0
2939,8,20230402,27,34,A,0,1,0,9,3,2,0
2940,8,20230403,31,11,A,1,1,1,8,2,3,1
2941,8,20230404,5,1,A,2,0,3,16,6,1,0
2942,8,20230404,18,8,A,0,0,1,7,4,4,0
2943,8,20230404,25,16,A,1,2,0,13,1,4,0
2944,8,20230404,3,17,A,2,1,3,15,5,0,0
2945,8,20230405,4,21,A,0,1,0,6,1,2,0
2946,8,20230405,23,34,A,5,1,3,15,8,1,0
2947,8,20230408,25,3,A,0,2,0,6,2,4,0
2948,8,20230408,23,4,A,2,1,3,10,4,0,0
2949,8,20230408,34,12,A,1,0,3,9,5,1,0
2950,8,20230408,1,17,A,1,0,3,19,7,3,0
2951,8,20230408,11,21,A,0,2,0,15,1,0,0
2952,8,20230408,20,27,A,4,1,3,13,8,2,0
2953,8,20230408,5,31,A,1,2,0,17,4,1,0
2954,8,20230408,8,35,A,0,1,0,13,1,5,0
2955,8,20230409,10,16,A,5,1,3,16,8,1,0
2956,8,20230409,2,18,A,2,2,1,9,5,4,0
2957,8,20230415,23,3,A,0,3,0,8,2,1,0
2958,8,20230415,5,8,A,2,1,3,26,10,2,0
2959,8,20230415,12,11,A,3,1,3,21,7,2,0
2960,8,20230415,17,20,A,1,3,0,10,4,1,0
2961,8,20230415,10,27,A,2,0,3,9,2,1,0
2962,8,20230415,1,31,A,3,2,3,6,6,2,0
2963,8,20230415,4,35,A,0,2,0,10,3,1,0
2964,8,20230416,21,25,A,2,0,3,22,8,2,0
2965,8,20230416,2,34,A,2,2,1,11,5,2,0
2966,8,20230417,18,16,A,6,1,3,13,7,1,0
2967,8,20230421,27,2,A,3,3,1,8,6,5,0
2968,8,20230422,3,4,A,1,1,1,14,2,2,0
2969,8,20230422,11,10,A,0,0,1,10,5,1,1
2970,8,20230422,16,12,A,1,2,0,10,2,4,0
2971,8,20230422,35,17,A,1,2,0,16,3,3,0
2972,8,20230422,25,18,A,2,3,0,11,5,1,0
2973,8,20230423,34,1,A,4,0,3,18,10,2,0
2974,8,20230423,31,23,A,1,6,0,11,3,3,0
2975,8,20230425,12,3,A,0,1,0,1,0,2,0
2976,8,20230425,17,16,A,1,1,1,15,3,2,0
2977,8,20230425,10,35,A,0,2,0,14,4,4,0
2978,8,20230426,4,8,A,2,0,3,7,1,2,0
2979,8,20230426,2,20,A,1,4,0,8,2,1,0
2980,8,20230426,5,25,A,1,3,0,17,7,0,0
2981,8,20230426,18,34,A,2,1,3,20,4,0,0
2982,8,20230427,23,11,A,4,1,3,15,8,1,0
2983,8,20230427,1,27,A,1,0,3,16,2,3,0
2984,8,20230427,21,31,A,2,2,1,17,8,2,0
2985,8,20230429,25,4,A,1,2,0,5,3,2,0
2986,8,20230429,35,5,A,0,6,0,10,2,1,0
2987,8,20230429,34,10,A,3,4,0,8,4,2,0
2988,8,20230430,16,1,A,1,4,0,15,6,0,0
2989,8,20230430,20,12,A,2,1,3,12,9,3,0
2990,8,20230430,31,18,A,3,4,0,10,7,2,0
2991,8,20230430,3,21,A,0,1,0,7,1,0,0
2992,8,20230430,27,23,A,1,3,0,4,3,4,0
2993,8,20230501,11,17,A,2,2,1,23,8,1,0
2994,8,20230502,8,2,A,1,3,0,7,4,2,0
2995,8,20230503,12,18,A,0,1,0,9,3,0,0
2996,8,20230503,34,20,A,0,3,0,6,2,1,0
2997,8,20230504,21,5,A,0,1,0,16,5,4,0
2998,8,20230506,8,1,A,3,1,3,11,5,3,0
2999,8,20230506,4,18,A,0,1,0,5,1,2,0
3000,8,20230506,16,20,A,1,2,0,4,2,3,0
3001,8,20230506,10,31,A,0,1,0,7,2,5,0
3002,8,20230506,3,35,A,0,1,0,16,3,3,0
3003,8,20230507,2,23,A,2,0,3,10,6,1,0
3004,8,20230507,21,34,A,0,1,0,19,4,2,0
3005,8,20230508,11,5,A,5,1,3,10,5,5,0
3006,8,20230508,17,12,A,3,5,0,18,9,3,0
3007,8,20230508,27,25,A,3,4,0,19,5,0,0
3008,8,20230513,31,3,A,1,2,0,5,2,3,0
3009,8,20230513,25,8,A,2,2,1,11,2,1,0
3010,8,20230513,1,10,A,0,2,0,5,0,2,0
3011,8,20230513,23,16,A,2,2,1,18,5,2,0
3012,8,20230513,35,21,A,0,2,0,5,0,2,0
3013,8,20230513,12,27,A,2,0,3,9,4,0,0
3014,8,20230514,5,2,A,3,0,3,12,6,2,0
3015,8,20230514,34,4,A,0,2,0,4,4,0,0
3016,8,20230514,20,11,A,3,0,3,9,4,0,0
3017,8,20230515,18,17,A,3,0,3,16,5,1,0
3018,8,20230518,5,23,A,1,4,0,8,2,4,0
3019,8,20230520,21,1,A,1,0,3,20,5,0,0
3020,8,20230520,10,12,A,2,2,1,11,5,0,0
3021,8,20230520,3,18,A,1,1,1,6,3,5,0
3022,8,20230520,2,25,A,0,1,0,11,3,2,0
3023,8,20230520,4,31,A,3,1,3,11,4,1,0
3024,8,20230520,11,35,A,1,1,1,19,4,1,0
3025,8,20230521,27,5,A,1,3,0,5,1,5,0
3026,8,20230521,8,20,A,0,1,0,13,6,2,0
3027,8,20230521,16,34,A,1,3,0,12,3,3,0
3028,8,20230522,17,23,A,0,0,1,1,1,0,0
3029,8,20230524,20,5,A,1,1,1,13,4,1,0
3030,8,20230525,8,21,A,1,4,0,14,5,1,0
3031,8,20230528,35,2,A,0,5,0,6,0,0,0
3032,8,20230528,5,3,A,1,2,0,8,4,4,0
3033,8,20230528,20,4,A,0,1,0,17,3,0,0
3034,8,20230528,23,8,A,1,1,1,13,4,0,0
3035,8,20230528,25,10,A,1,1,1,7,4,2,0
3036,8,20230528,1,11,A,0,1,0,7,2,3,0
3037,8,20230528,31,16,A,4,1,3,11,7,0,0
3038,8,20230528,34,17,A,1,2,0,16,3,1,0
3039,8,20230528,12,21,A,1,2,0,10,3,2,0
3040,8,20230528,18,27,A,4,4,1,30,8,2,0
3041,9,20230811,20,6,A,3,0,3,17,8,0,0
3042,9,20230812,34,1,A,1,1,1,16,3,4,0
3043,9,20230812,25,2,A,1,2,0,6,2,2,0
3044,9,20230812,19,5,A,1,4,0,9,3,2,0
3045,9,20230812,12,11,A,1,0,3,9,2,2,0
3046,9,20230812,3,23,A,1,5,0,16,6,4,0
3047,9,20230812,10,26,A,1,0,3,24,8,0,0
3048,9,20230813,31,4,A,2,2,1,18,6,4,0
3049,9,20230813,18,8,A,1,1,1,13,1,3,0
3050,9,20230814,35,21,A,0,1,0,23,6,3,0
3051,9,20230818,26,25,A,1,2,0,7,3,3,0
3052,9,20230819,4,12,A,3,0,3,17,8,2,0
3053,9,20230819,1,18,A,1,3,0,13,5,3,0
3054,9,20230819,23,20,A,0,1,0,7,1,5,0
3055,9,20230819,21,31,A,0,2,0,22,6,3,0
3056,9,20230819,5,35,A,4,1,3,16,8,6,0
3057,9,20230820,11,3,A,0,4,0,9,2,4,0
3058,9,20230820,8,34,A,1,3,0,17,4,3,0
3059,9,20230821,2,10,A,1,0,3,14,3,1,1
3060,9,20230825,19,8,A,0,3,0,11,1,3,0
3061,9,20230826,31,1,A,2,0,3,17,6,3,0
3062,9,20230826,12,2,A,2,2,1,8,3,3,1
3063,9,20230826,10,4,A,1,1,1,15,5,0,0
3064,9,20230826,34,5,A,3,1,3,12,3,3,0
3065,9,20230826,35,11,A,1,0,3,11,2,4,0
3066,9,20230826,25,21,A,2,3,0,9,4,4,1
3067,9,20230827,3,6,A,3,1,3,16,6,0,0
3068,9,20230827,18,23,A,2,1,3,9,4,2,1
3069,9,20230827,20,26,A,2,1,3,30,9,0,0
3070,9,20230901,34,19,A,2,1,3,9,3,1,0
3071,9,20230902,1,4,A,2,2,1,12,5,2,0
3072,9,20230902,23,5,A,1,3,0,9,2,4,0
3073,9,20230902,31,6,A,5,2,3,20,10,3,0
3074,9,20230902,25,8,A,1,0,3,7,3,4,0
3075,9,20230902,12,20,A,1,5,0,6,4,4,0
3076,9,20230902,11,26,A,2,2,1,16,6,2,0
3077,9,20230903,21,2,A,1,3,0,10,2,3,0
3078,9,20230903,35,10,A,2,3,0,12,4,3,0
3079,9,20230903,3,18,A,0,3,0,9,3,1,0
3080,9,20230916,10,3,A,1,3,0,6,3,3,0
3081,9,20230916,19,12,A,0,1,0,7,2,2,0
3082,9,20230916,5,21,A,3,1,3,10,8,2,0
3083,9,20230916,4,23,A,0,1,0,11,2,5,0
3084,9,20230916,26,31,A,1,2,0,7,5,5,1
3085,9,20230916,20,34,A,3,1,3,29,15,2,0
3086,9,20230916,18,35,A,3,1,3,16,6,3,0
3087,9,20230917,8,1,A,0,0,1,14,6,5,0
3088,9,20230917,2,11,A,1,0,3,13,4,1,0
3089,9,20230918,6,25,A,1,1,1,10,3,3,1
3090,9,20230923,11,4,A,3,1,3,18,6,2,0
3091,9,20230923,21,6,A,1,0,3,11,4,2,0
3092,9,20230923,12,10,A,0,0,1,10,5,2,0
3093,9,20230923,35,19,A,1,1,1,3,3,2,1
3094,9,20230923,25,20,A,0,2,0,10,3,7,0
3095,9,20230924,31,2,A,2,2,1,13,5,4,0
3096,9,20230924,1,5,A,1,3,0,12,4,3,0
3097,9,20230924,3,8,A,1,0,3,15,7,3,0
3098,9,20230924,34,18,A,1,3,0,11,4,2,0
3099,9,20230924,23,26,A,8,0,3,22,15,0,0
3100,9,20230930,2,1,A,4,0,3,15,8,1,0
3101,9,20230930,5,3,A,1,6,0,11,3,4,0
3102,9,20230930,19,11,A,2,1,3,9,2,1,0
3103,9,20230930,10,21,A,1,0,3,8,2,2,0
3104,9,20230930,6,23,A,0,2,0,8,2,3,0
3105,9,20230930,18,31,A,1,2,0,12,4,4,2
3106,9,20230930,26,34,A,0,2,0,16,2,1,0
3107,9,20230930,20,35,A,1,2,0,23,8,4,0
3108,9,20231001,4,25,A,1,1,1,18,5,2,0
3109,9,20231002,8,12,A,2,0,3,11,4,4,0
3110,9,20231003,6,19,A,2,1,3,14,4,2,0
3111,9,20231007,8,6,A,4,1,3,9,5,4,0
3112,9,20231007,25,10,A,0,0,1,16,5,1,0
3113,9,20231007,1,11,A,0,3,0,11,4,2,0
3114,9,20231007,26,12,A,1,3,0,5,2,2,0
3115,9,20231007,31,19,A,1,0,3,15,4,1,1
3116,9,20231007,4,21,A,1,2,0,11,3,5,0
3117,9,20231008,20,2,A,0,1,0,4,1,3,0
3118,9,20231008,18,5,A,2,2,1,14,4,2,0
3119,9,20231008,23,34,A,2,2,1,10,3,3,0
3120,9,20231008,3,35,A,1,1,1,18,4,2,0
3121,9,20231021,35,1,A,2,1,3,20,7,6,0
3122,9,20231021,6,4,A,0,3,0,6,1,2,1
3123,9,20231021,2,8,A,2,2,1,13,3,3,0
3124,9,20231021,11,18,A,0,2,0,6,1,1,1
3125,9,20231021,5,20,A,1,2,0,5,3,2,0
3126,9,20231021,10,23,A,0,4,0,17,3,3,0
3127,9,20231021,19,25,A,2,2,1,13,4,0,0
3128,9,20231021,21,26,A,2,1,3,14,5,1,0
3129,9,20231022,34,3,A,1,4,0,14,4,1,0
3130,9,20231023,12,31,A,0,2,0,10,3,0,0
3131,9,20231027,31,10,A,2,1,3,10,1,1,0
3132,9,20231028,6,1,A,1,2,0,6,3,3,0
3133,9,20231028,26,2,A,0,5,0,2,0,3,0
3134,9,20231028,4,8,A,2,0,3,7,5,4,0
3135,9,20231028,23,35,A,2,2,1,13,5,4,0
3136,9,20231029,19,3,A,1,3,0,7,1,2,0
3137,9,20231029,12,5,A,1,1,1,10,5,3,0
3138,9,20231029,25,18,A,0,3,0,9,1,3,0
3139,9,20231029,20,21,A,3,0,3,21,10,1,0
3140,9,20231029,11,34,A,1,0,3,10,4,1,0
3141,9,20231104,34,4,A,2,3,0,12,2,4,0
3142,9,20231104,10,6,A,2,0,3,4,3,5,0
3143,9,20231104,5,11,A,1,1,1,7,2,2,0
3144,9,20231104,21,12,A,1,0,3,12,5,2,0
3145,9,20231104,1,20,A,1,6,0,5,1,1,0
3146,9,20231104,2,23,A,0,1,0,14,1,1,0
3147,9,20231104,35,26,A,1,2,0,10,3,3,0
3148,9,20231105,18,19,A,1,1,1,24,6,1,0
3149,9,20231105,3,25,A,0,2,0,13,3,1,0
3150,9,20231106,8,31,A,4,1,3,17,8,5,0
3151,9,20231111,23,1,A,0,2,0,8,5,1,0
3152,9,20231111,6,2,A,1,3,0,8,5,1,0
3153,9,20231111,11,10,A,3,2,3,8,4,4,0
3154,9,20231111,19,21,A,0,1,0,10,4,2,0
3155,9,20231111,31,35,A,1,2,0,6,2,3,0
3156,9,20231112,12,3,A,1,3,0,9,5,5,0
3157,9,20231112,26,5,A,1,1,1,9,1,2,0
3158,9,20231112,20,8,A,4,4,1,15,10,3,0
3159,9,20231112,4,18,A,0,3,0,16,3,2,0
3160,9,20231112,25,34,A,2,3,0,10,5,2,0
3161,9,20231125,2,4,A,1,0,3,15,4,1,0
3162,9,20231125,34,6,A,2,1,3,11,3,3,0
3163,9,20231125,10,19,A,1,2,0,16,8,1,0
3164,9,20231125,18,20,A,1,1,1,8,3,3,0
3165,9,20231125,8,23,A,1,4,0,7,4,4,1
3166,9,20231125,5,25,A,3,2,3,11,5,4,1
3167,9,20231125,1,26,A,3,1,3,23,11,1,0
3168,9,20231126,21,11,A,3,0,3,9,4,0,0
3169,9,20231126,3,31,A,2,1,3,15,5,4,0
3170,9,20231127,35,12,A,2,3,0,10,6,2,0
3171,9,20231202,35,2,A,1,2,0,6,3,2,0
3172,9,20231202,19,4,A,1,3,0,7,1,2,0
3173,9,20231202,26,6,A,0,5,0,6,3,5,1
3174,9,20231202,21,23,A,0,1,0,8,1,2,0
3175,9,20231202,11,25,A,1,0,3,12,3,0,0
3176,9,20231203,3,1,A,2,2,1,11,3,3,0
3177,9,20231203,5,8,A,2,3,0,18,9,5,0
3178,9,20231203,12,18,A,3,4,0,9,5,0,0
3179,9,20231203,31,20,A,3,3,1,8,4,4,0
3180,9,20231203,10,34,A,1,1,1,9,2,0,0
3181,9,20231205,2,19,A,4,3,3,23,9,1,0
3182,9,20231205,6,35,A,0,1,0,12,3,4,0
3183,9,20231206,20,3,A,0,1,0,2,2,2,0
3184,9,20231206,4,5,A,1,2,0,8,2,1,0
3185,9,20231206,1,10,A,2,0,3,11,4,3,0
3186,9,20231206,25,12,A,0,5,0,4,1,1,0
3187,9,20231206,8,21,A,1,2,0,13,3,0,0
3188,9,20231206,18,26,A,2,0,3,15,8,3,0
3189,9,20231207,23,11,A,0,3,0,13,3,0,0
3190,9,20231207,34,31,A,2,1,3,11,5,3,0
3191,9,20231209,2,3,A,0,1,0,12,5,2,0
3192,9,20231209,6,5,A,1,1,1,6,3,4,0
3193,9,20231209,18,10,A,2,1,3,14,2,2,0
3194,9,20231209,1,21,A,3,0,3,10,4,1,0
3195,9,20231209,4,26,A,0,1,0,10,4,1,0
3196,9,20231209,25,35,A,1,1,1,8,2,1,0
3197,9,20231210,8,11,A,0,2,0,16,4,2,0
3198,9,20231210,34,12,A,0,5,0,9,5,1,0
3199,9,20231210,20,19,A,2,1,3,18,6,1,0
3200,9,20231210,23,31,A,1,4,0,9,3,3,0
3201,9,20231215,31,25,A,2,0,3,12,6,4,1
3202,9,20231216,11,6,A,2,0,3,9,6,1,0
3203,9,20231216,26,8,A,0,2,0,6,1,3,0
3204,9,20231216,10,20,A,2,2,1,5,2,1,0
3205,9,20231216,12,23,A,0,3,0,6,4,2,1
3206,9,20231217,5,2,A,0,2,0,6,1,3,0
3207,9,20231217,3,4,A,2,1,3,15,5,4,1
3208,9,20231217,21,18,A,0,0,1,6,1,4,1
3209,9,20231217,35,34,A,0,3,0,14,3,1,0
3210,9,20231221,5,10,A,1,1,1,18,6,2,0
3211,9,20231222,26,3,A,1,1,1,5,2,3,0
3212,9,20231223,6,12,A,2,0,3,7,2,1,0
3213,9,20231223,2,18,A,1,1,1,13,2,5,0
3214,9,20231223,23,19,A,0,1,0,15,2,1,0
3215,9,20231223,1,25,A,3,2,3,18,7,3,0
3216,9,20231223,11,31,A,1,2,0,18,8,4,0
3217,9,20231223,21,34,A,0,2,0,11,3,3,0
3218,9,20231224,8,35,A,1,2,0,16,5,5,0
3219,9,20231226,12,1,A,0,3,0,8,3,2,0
3220,9,20231226,18,6,A,2,0,3,19,10,1,0
3221,9,20231226,3,21,A,2,3,0,10,4,3,0
3222,9,20231226,25,23,A,3,1,3,15,6,3,0
3223,9,20231226,19,26,A,3,2,3,12,4,0,0
3224,9,20231227,35,4,A,4,1,3,11,5,1,0
3225,9,20231227,10,8,A,1,2,0,13,5,2,0
3226,9,20231227,20,11,A,3,1,3,23,9,2,0
3227,9,20231228,34,2,A,2,0,3,6,3,0,0
3228,9,20231228,31,5,A,2,4,0,19,3,2,0
3229,9,20231230,6,3,A,2,3,0,9,5,1,1
3230,9,20231230,4,10,A,1,3,0,9,4,1,0
3231,9,20231230,8,19,A,3,2,3,12,8,2,0
3232,9,20231230,26,20,A,0,2,0,4,2,1,0
3233,9,20231230,21,25,A,1,2,0,10,5,4,0
3234,9,20231230,11,35,A,0,3,0,10,0,3,0
3235,9,20231231,2,12,A,1,2,0,13,3,1,0
3236,9,20231231,1,31,A,1,3,0,24,4,3,0
3237,9,20240101,23,18,A,2,4,0,5,3,5,0
3238,9,20240102,5,34,A,0,0,1,22,8,0,0
3239,9,20240112,19,6,A,1,1,1,14,5,0,0
3240,9,20240113,12,8,A,0,1,0,14,4,1,0
3241,9,20240113,20,23,A,3,2,3,27,11,2,0
3242,9,20240114,3,11,A,0,0,1,16,5,4,0
3243,9,20240114,31,21,A,2,2,1,16,6,1,0
3244,9,20240120,10,2,A,0,5,0,12,5,0,0
3245,9,20240120,25,4,A,2,3,0,12,3,3,0
3246,9,20240121,18,1,A,4,0,3,14,7,2,0
3247,9,20240121,34,26,A,2,2,1,16,5,1,1
3248,9,20240122,35,5,A,0,0,1,8,3,4,0
3249,9,20240130,23,3,A,3,1,3,14,5,1,0
3250,9,20240130,26,10,A,2,3,0,9,5,4,0
3251,9,20240130,11,12,A,0,0,1,21,4,2,0
3252,9,20240130,5,19,A,0,4,0,9,2,2,0
3253,9,20240130,2,25,A,2,1,3,19,3,1,0
3254,9,20240131,8,18,A,1,4,0,4,3,4,0
3255,9,20240131,6,20,A,1,3,0,8,3,2,0
3256,9,20240131,4,31,A,2,3,0,9,5,3,0
3257,9,20240201,1,34,A,1,1,1,9,4,3,0
3258,9,20240201,21,35,A,4,3,3,21,8,5,0
3259,9,20240203,10,5,A,1,4,0,7,5,3,0
3260,9,20240203,12,6,A,2,2,1,15,7,2,0
3261,9,20240203,31,11,A,2,2,1,9,6,0,0
3262,9,20240203,19,23,A,4,4,1,11,8,2,0
3263,9,20240203,3,26,A,5,0,3,14,10,0,0
3264,9,20240204,25,1,A,1,1,1,8,6,2,0
3265,9,20240204,18,2,A,1,3,0,10,1,2,1
3266,9,20240204,35,8,A,4,2,3,14,7,2,0
3267,9,20240204,34,21,A,0,3,0,22,3,1,0
3268,9,20240205,20,4,A,3,1,3,25,15,0,0
3269,9,20240210,1,12,A,1,3,0,25,4,2,0
3270,9,20240210,6,18,A,1,3,0,9,4,2,0
3271,9,20240210,26,19,A,3,1,3,7,3,2,0
3272,9,20240210,11,20,A,0,2,0,5,1,2,0
3273,9,20240210,23,25,A,3,2,3,7,5,2,0
3274,9,20240210,5,31,A,1,2,0,6,3,3,0
3275,9,20240210,4,35,A,2,0,3,9,6,3,0
3276,9,20240211,21,3,A,2,1,3,17,5,2,0
3277,9,20240211,2,34,A,6,0,3,25,12,0,0
3278,9,20240212,8,10,A,3,1,3,14,5,2,0
3279,9,20240217,18,4,A,4,1,3,15,8,1,0
3280,9,20240217,2,6,A,5,0,3,16,7,1,0
3281,9,20240217,3,12,A,2,1,3,12,3,2,0
3282,9,20240217,8,20,A,1,1,1,9,6,3,0
3283,9,20240217,1,23,A,2,2,1,12,7,3,0
3284,9,20240217,34,25,A,0,2,0,10,3,4,1
3285,9,20240217,35,31,A,2,1,3,12,7,1,0
3286,9,20240218,21,19,A,2,1,3,21,9,5,0
3287,9,20240218,5,26,A,5,0,3,24,10,4,0
3288,9,20240219,10,11,A,1,1,1,10,4,2,0
3289,9,20240220,4,20,A,0,1,0,6,2,4,0
3290,9,20240221,19,18,A,1,4,0,12,3,4,0
3291,9,20240224,20,1,A,1,0,3,15,6,2,0
3292,9,20240224,23,2,A,1,4,0,3,2,0,0
3293,9,20240224,25,3,A,2,4,0,10,3,2,0
3294,9,20240224,11,5,A,1,1,1,6,3,3,0
3295,9,20240224,6,10,A,0,3,0,2,0,1,1
3296,9,20240224,12,21,A,2,1,3,17,5,5,0
3297,9,20240225,26,35,A,0,1,0,12,4,1,0
3298,9,20240226,4,34,A,2,4,0,14,8,2,0
3299,9,20240302,8,4,A,2,2,1,17,6,1,0
3300,9,20240302,34,11,A,3,1,3,12,5,2,0
3301,9,20240302,5,12,A,0,3,0,15,5,2,0
3302,9,20240302,3,19,A,3,2,3,12,8,4,0
3303,9,20240302,35,23,A,0,3,0,12,3,1,0
3304,9,20240302,18,25,A,1,0,3,22,2,2,0
3305,9,20240302,10,31,A,1,3,0,4,1,2,0
3306,9,20240303,1,6,A,2,0,3,10,3,4,0
3307,9,20240303,21,20,A,1,3,0,3,1,1,0
3308,9,20240304,2,26,A,6,0,3,22,10,0,0
3309,9,20240309,26,1,A,2,2,1,13,9,5,0
3310,9,20240309,4,2,A,1,2,0,9,4,4,0
3311,9,20240309,19,10,A,1,1,1,8,2,3,0
3312,9,20240309,11,21,A,0,2,0,23,6,2,0
3313,9,20240309,12,35,A,1,2,0,23,6,2,0
3314,9,20240310,31,3,A,4,0,3,9,5,2,0
3315,9,20240310,25,5,A,0,1,0,9,4,4,0
3316,9,20240310,20,18,A,1,1,1,10,6,3,0
3317,9,20240310,6,34,A,2,2,1,11,4,4,0
3318,9,20240311,23,8,A,2,3,0,11,3,1,0
3319,9,20240313,19,1,A,3,4,0,8,4,2,0
3320,9,20240316,4,6,A,1,2,0,9,5,4,1
3321,9,20240316,31,12,A,0,3,0,14,5,3,0
3322,9,20240316,25,19,A,1,1,1,16,6,2,0
3323,9,20240317,3,34,A,1,1,1,13,5,3,0
3324,9,20240330,11,1,A,1,2,0,7,3,2,0
3325,9,20240330,35,3,A,0,2,0,13,3,4,0
3326,9,20240330,21,4,A,1,1,1,11,5,2,0
3327,9,20240330,6,8,A,2,2,1,18,7,2,1
3328,9,20240330,34,23,A,3,4,0,10,4,1,0
3329,9,20240330,10,25,A,1,1,1,10,3,1,0
3330,9,20240330,12,26,A,3,3,1,24,9,1,0
3331,9,20240330,19,31,A,1,2,0,7,3,4,0
3332,9,20240331,5,18,A,1,2,0,9,3,3,0
3333,9,20240331,2,20,A,0,0,1,6,2,2,0
3334,9,20240402,10,1,A,0,1,0,3,2,2,0
3335,9,20240402,35,6,A,1,1,1,8,2,2,0
3336,9,20240402,11,23,A,1,1,1,10,3,3,0
3337,9,20240402,12,25,A,1,3,0,18,3,0,0
3338,9,20240402,31,34,A,1,1,1,13,4,4,0
3339,9,20240403,19,2,A,0,2,0,5,1,1,0
3340,9,20240403,5,4,A,0,0,1,24,6,1,0
3341,9,20240403,3,20,A,1,4,0,8,3,2,0
3342,9,20240404,21,8,A,3,4,0,19,5,0,0
3343,9,20240404,26,18,A,1,3,0,8,3,1,0
3344,9,20240406,4,3,A,3,3,1,8,3,2,0
3345,9,20240406,2,5,A,3,0,3,20,7,2,0
3346,9,20240406,20,10,A,4,2,3,18,8,1,0
3347,9,20240406,6,11,A,0,1,0,6,1,1,1
3348,9,20240406,23,12,A,1,0,3,12,5,2,0
3349,9,20240406,1,19,A,1,2,0,8,1,0,0
3350,9,20240406,34,35,A,2,1,3,11,4,2,0
3351,9,20240407,18,21,A,2,2,1,28,7,2,0
3352,9,20240407,8,26,A,2,2,1,6,3,2,0
3353,9,20240407,25,31,A,1,3,0,13,6,3,0
3354,9,20240413,21,1,A,2,2,1,8,2,0,0
3355,9,20240413,26,4,A,0,2,0,8,2,1,0
3356,9,20240413,5,6,A,1,1,1,20,8,2,0
3357,9,20240413,19,20,A,1,5,0,4,2,0,0
3358,9,20240413,31,23,A,0,4,0,11,2,4,0
3359,9,20240413,35,25,A,2,2,1,11,4,3,0
3360,9,20240414,3,2,A,2,0,3,11,2,1,0
3361,9,20240414,10,18,A,1,0,3,8,5,1,0
3362,9,20240414,12,34,A,2,0,3,18,10,2,0
3363,9,20240415,11,8,A,0,6,0,10,2,4,0
3364,9,20240420,4,19,A,5,1,3,21,9,2,0
3365,9,20240420,6,26,A,4,1,3,16,9,0,0
3366,9,20240420,2,35,A,2,0,3,24,9,2,0
3367,9,20240421,1,3,A,1,3,0,14,6,3,0
3368,9,20240421,34,10,A,2,5,0,4,1,2,0
3369,9,20240421,25,11,A,0,2,0,8,3,2,0
3370,9,20240421,18,12,A,3,1,3,14,7,0,0
3371,9,20240423,8,2,A,0,5,0,7,1,2,0
3372,9,20240424,23,10,A,0,2,0,7,2,3,0
3373,9,20240424,18,11,A,0,2,0,23,7,3,0
3374,9,20240424,26,21,A,2,4,0,10,4,1,0
3375,9,20240424,1,35,A,1,0,3,21,6,1,1
3376,9,20240425,20,5,A,4,0,3,14,6,0,0
3377,9,20240427,8,3,A,2,2,1,21,5,5,0
3378,9,20240427,4,11,A,0,1,0,10,4,2,0
3379,9,20240427,10,12,A,1,1,1,14,4,2,0
3380,9,20240427,6,21,A,1,1,1,16,7,3,0
3381,9,20240427,26,23,A,1,5,0,15,5,0,0
3382,9,20240427,18,34,A,2,2,1,28,8,2,0
3383,9,20240427,19,35,A,1,2,0,9,6,1,0
3384,9,20240428,5,1,A,0,3,0,13,1,2,0
3385,9,20240428,20,25,A,2,0,3,11,5,0,0
3386,9,20240428,2,31,A,3,2,3,9,3,1,0
3387,9,20240502,31,8,A,0,2,0,19,3,1,0
3388,9,20240503,11,19,A,1,1,1,10,3,3,0
3389,9,20240504,1,2,A,0,3,0,7,2,3,0
3390,9,20240504,12,4,A,0,0,1,15,3,1,0
3391,9,20240504,23,6,A,4,1,3,23,11,2,0
3392,9,20240504,35,20,A,1,5,0,2,1,4,0
3393,9,20240504,25,26,A,3,1,3,15,4,1,0
3394,9,20240505,3,5,A,0,1,0,2,1,1,0
3395,9,20240505,34,8,A,0,5,0,13,2,3,0
3396,9,20240505,31,18,A,2,4,0,11,6,4,0
3397,9,20240506,21,10,A,0,4,0,7,2,1,0
3398,9,20240511,4,1,A,2,1,3,11,5,2,0
3399,9,20240511,26,11,A,0,1,0,13,1,2,0
3400,9,20240511,20,12,A,4,0,3,16,9,0,0
3401,9,20240511,5,23,A,1,1,1,15,4,4,0
3402,9,20240511,8,25,A,3,2,3,12,5,3,0
3403,9,20240511,6,31,A,1,2,0,7,3,5,0
3404,9,20240511,19,34,A,1,3,0,4,1,3,0
3405,9,20240511,10,35,A,3,1,3,13,3,2,1
3406,9,20240512,2,21,A,1,0,3,11,5,2,0
3407,9,20240513,18,3,A,3,3,1,14,7,1,0
3408,9,20240514,20,31,A,2,0,3,8,5,3,0
3409,9,20240515,8,5,A,2,1,3,13,6,2,1
3410,9,20240515,23,21,A,2,3,0,21,8,3,0
3411,9,20240519,11,2,A,1,2,0,5,2,3,0
3412,9,20240519,23,4,A,4,2,3,12,7,4,0
3413,9,20240519,21,5,A,2,0,3,11,4,3,0
3414,9,20240519,25,6,A,2,1,3,12,6,0,0
3415,9,20240519,1,8,A,1,2,0,22,5,3,0
3416,9,20240519,3,10,A,0,5,0,8,2,4,0
3417,9,20240519,35,18,A,0,2,0,4,3,1,1
3418,9,20240519,12,19,A,4,2,3,15,7,4,0
3419,9,20240519,34,20,A,1,3,0,3,2,1,0
3420,9,20240519,31,26,A,3,0,3,18,9,0,0
3421,10,20240816,12,21,A,0,1,0,10,2,3,0
3422,10,20240817,35,2,A,0,2,0,9,3,2,0
3423,10,20240817,5,11,A,3,0,3,10,5,1,0
3424,10,20240817,18,15,A,2,0,3,18,5,1,0
3425,10,20240817,27,23,A,0,1,0,19,4,4,0
3426,10,20240817,1,25,A,1,1,1,13,4,3,0
3427,10,20240817,3,34,A,2,1,3,15,3,2,0
3428,10,20240818,10,4,A,1,2,0,14,6,5,0
3429,10,20240818,20,8,A,2,0,3,11,5,1,0
3430,10,20240819,31,17,A,1,1,1,15,7,1,0
3431,10,20240824,2,3,A,2,0,3,9,4,3,0
3432,10,20240824,21,5,A,1,2,0,11,4,2,0
3433,10,20240824,34,10,A,2,0,3,18,3,1,0
3434,10,20240824,17,12,A,1,2,0,10,4,2,0
3435,10,20240824,15,20,A,1,4,0,1,1,3,0
3436,10,20240824,25,27,A,1,0,3,23,8,3,0
3437,10,20240824,11,31,A,0,4,0,10,1,0,0
3438,10,20240825,23,1,A,1,1,1,14,5,2,0
3439,10,20240825,4,18,A,0,2,0,8,2,3,0
3440,10,20240825,8,35,A,6,2,3,14,8,3,0
3441,10,20240831,5,2,A,1,1,1,22,4,2,0
3442,10,20240831,27,4,A,1,3,0,18,6,1,0
3443,10,20240831,1,11,A,3,2,3,17,7,1,0
3444,10,20240831,12,15,A,1,1,1,9,4,3,0
3445,10,20240831,3,17,A,2,1,3,10,5,5,0
3446,10,20240831,35,25,A,1,1,1,11,3,4,0
3447,10,20240831,20,34,A,3,1,3,23,8,2,0
3448,10,20240901,10,8,A,1,1,1,9,3,2,0
3449,10,20240901,18,21,A,3,0,3,11,3,1,0
3450,10,20240901,31,23,A,1,2,0,20,6,4,0
3451,10,20240914,8,1,A,1,0,3,10,3,8,0
3452,10,20240914,11,3,A,2,3,0,6,2,4,0
3453,10,20240914,15,5,A,0,0,1,6,1,3,0
3454,10,20240914,17,10,A,2,2,1,9,4,3,0
3455,10,20240914,34,12,A,1,1,1,11,3,3,0
3456,10,20240914,25,18,A,1,0,3,5,3,4,0
3457,10,20240914,4,20,A,1,2,0,8,5,1,0
3458,10,20240914,21,27,A,3,0,3,20,10,4,0
3459,10,20240915,2,31,A,1,0,3,7,4,3,0
3460,10,20240915,23,35,A,2,1,3,14,6,3,0
3461,10,20240921,35,3,A,1,3,0,10,4,6,0
3462,10,20240921,21,10,A,0,0,1,15,6,1,0
3463,10,20240921,23,12,A,1,3,0,15,4,0,0
3464,10,20240921,11,17,A,1,1,1,16,5,2,0
3465,10,20240921,1,18,A,0,3,0,19,6,4,0
3466,10,20240921,15,27,A,1,1,1,13,6,4,0
3467,10,20240921,4,31,A,1,3,0,6,6,1,0
3468,10,20240921,8,34,A,3,0,3,12,5,2,0
3469,10,20240922,25,5,A,2,2,1,4,3,4,1
3470,10,20240922,2,20,A,2,2,1,5,3,4,1
3471,10,20240928,17,2,A,2,4,0,5,3,4,0
3472,10,20240928,34,4,A,1,1,1,19,3,3,0
3473,10,20240928,5,8,A,2,4,0,15,5,2,0
3474,10,20240928,10,11,A,1,2,0,17,5,1,0
3475,10,20240928,20,23,A,1,1,1,16,6,4,0
3476,10,20240928,12,25,A,1,0,3,14,2,4,0
3477,10,20240928,18,35,A,2,1,3,10,6,3,0
3478,10,20240929,3,15,A,2,2,1,7,3,1,0
3479,10,20240929,31,21,A,3,0,3,24,10,3,0
3480,10,20240930,27,1,A,1,3,0,9,3,5,0
3481,10,20241005,27,2,A,1,3,0,8,2,3,0
3482,10,20241005,35,4,A,3,5,0,17,6,3,0
3483,10,20241005,18,10,A,1,0,3,16,4,2,0
3484,10,20241005,23,11,A,0,0,1,14,3,2,0
3485,10,20241005,1,17,A,0,1,0,17,2,1,0
3486,10,20241005,12,20,A,2,3,0,11,4,1,0
3487,10,20241005,15,34,A,1,4,0,9,2,1,0
3488,10,20241006,21,3,A,0,0,1,10,4,5,0
3489,10,20241006,31,5,A,2,3,0,13,3,2,0
3490,10,20241006,25,8,A,1,1,1,16,9,2,1
3491,10,20241019,2,1,A,0,2,0,6,1,1,1
3492,10,20241019,3,12,A,3,1,3,14,5,3,1
3493,10,20241019,11,15,A,2,0,3,11,8,1,0
3494,10,20241019,4,21,A,1,2,0,8,2,2,0
3495,10,20241019,5,23,A,1,0,3,10,5,2,0
3496,10,20241019,17,27,A,3,2,3,18,4,3,0
3497,10,20241019,34,31,A,1,4,0,11,4,3,1
3498,10,20241020,8,18,A,1,2,0,12,2,3,0
3499,10,20241020,20,35,A,2,1,3,22,7,1,0
3500,10,20241021,10,25,A,0,1,0,20,7,3,0
3501,10,20241025,25,17,A,3,1,3,20,5,2,0
3502,10,20241026,1,3,A,1,1,1,11,3,6,0
3503,10,20241026,15,4,A,3,4,0,11,5,1,1
3504,10,20241026,35,5,A,2,2,1,14,7,3,0
3505,10,20241026,12,11,A,1,1,1,14,3,0,0
3506,10,20241026,27,20,A,0,1,0,5,2,3,0
3507,10,20241027,18,2,A,2,2,1,9,4,2,0
3508,10,20241027,23,8,A,1,2,0,11,3,3,0
3509,10,20241027,31,10,A,0,1,0,11,3,4,0
3510,10,20241027,21,34,A,1,2,0,18,5,1,0
3511,10,20241102,20,1,A,1,2,0,18,4,1,0
3512,10,20241102,17,15,A,1,1,1,20,6,2,0
3513,10,20241102,5,18,A,1,2,0,13,5,1,0
3514,10,20241102,2,23,A,0,1,0,10,1,4,0
3515,10,20241102,34,25,A,0,3,0,4,2,2,1
3516,10,20241102,11,27,A,0,1,0,16,5,2,0
3517,10,20241102,10,35,A,2,2,1,19,7,2,0
3518,10,20241103,8,21,A,1,1,1,12,3,2,0
3519,10,20241103,3,31,A,1,4,0,12,1,0,0
3520,10,20241104,4,12,A,1,2,0,5,2,1,0
3521,10,20241109,1,4,A,2,3,0,15,3,4,0
3522,10,20241109,20,5,A,1,2,0,15,6,3,0
3523,10,20241109,12,10,A,2,0,3,17,7,1,0
3524,10,20241109,3,18,A,0,2,0,12,2,3,0
3525,10,20241109,11,34,A,0,0,1,18,4,2,0
3526,10,20241109,27,35,A,0,2,0,9,0,4,0
3527,10,20241110,2,8,A,1,1,1,13,3,2,0
3528,10,20241110,17,21,A,0,3,0,6,5,1,0
3529,10,20241110,23,25,A,3,1,3,17,6,1,0
3530,10,20241110,15,31,A,2,1,3,8,3,5,0
3531,10,20241123,5,1,A,2,1,3,6,4,2,1
3532,10,20241123,25,2,A,0,3,0,7,0,2,0
3533,10,20241123,10,3,A,2,2,1,13,6,2,0
3534,10,20241123,4,11,A,0,0,1,9,2,0,1
3535,10,20241123,35,12,A,4,1,3,10,5,0,0
3536,10,20241123,8,17,A,2,1,3,16,7,3,0
3537,10,20241123,31,20,A,4,0,3,9,7,2,0
3538,10,20241124,21,15,A,1,1,1,11,4,0,0
3539,10,20241124,18,27,A,3,2,3,27,11,4,0
3540,10,20241125,34,23,A,2,0,3,15,6,0,0
3541,10,20241129,27,5,A,1,1,1,10,2,4,0
3542,10,20241130,17,4,A,1,4,0,7,3,1,0
3543,10,20241130,23,10,A,1,1,1,1,0,3,0
3544,10,20241130,15,25,A,0,1,0,7,3,3,0
3545,10,20241130,2,34,A,5,2,3,16,7,1,0
3546,10,20241130,1,35,A,4,2,3,12,8,1,0
3547,10,20241201,3,8,A,0,3,0,10,4,2,0
3548,10,20241201,20,18,A,0,2,0,8,2,3,0
3549,10,20241201,11,21,A,0,4,0,8,2,3,0
3550,10,20241201,12,31,A,1,1,1,14,6,1,1
3551,10,20241203,10,15,A,1,0,3,13,3,4,0
3552,10,20241203,34,17,A,1,3,0,31,10,2,0
3553,10,20241204,21,2,A,0,2,0,5,2,3,0
3554,10,20241204,4,3,A,1,3,0,9,1,2,0
3555,10,20241204,35,11,A,0,4,0,6,2,0,0
3556,10,20241204,25,20,A,0,3,0,12,3,4,0
3557,10,20241204,18,23,A,3,3,1,16,5,5,0
3558,10,20241204,8,27,A,5,1,3,26,13,0,0
3559,10,20241205,31,1,A,0,1,0,12,4,2,0
3560,10,20241205,5,12,A,1,3,0,13,3,2,0
3561,10,20241207,27,3,A,0,1,0,4,0,3,0
3562,10,20241207,23,4,A,2,4,0,16,3,0,0
3563,10,20241207,20,10,A,2,2,1,12,4,0,1
3564,10,20241207,25,21,A,3,2,3,11,3,2,0
3565,10,20241208,2,12,A,1,1,1,12,4,2,0
3566,10,20241208,1,15,A,2,1,3,22,6,1,0
3567,10,20241208,5,17,A,2,2,1,16,7,2,0
3568,10,20241208,8,31,A,4,3,3,17,8,2,0
3569,10,20241209,35,34,A,1,2,0,19,5,4,0
3570,10,20241214,11,2,A,0,0,1,2,0,3,0
3571,10,20241214,12,18,A,2,2,1,12,3,4,0
3572,10,20241214,17,23,A,0,4,0,4,1,3,0
3573,10,20241214,3,25,A,1,2,0,8,2,1,0
3574,10,20241214,15,35,A,2,1,3,10,5,2,0
3575,10,20241215,10,5,A,3,1,3,13,5,4,0
3576,10,20241215,4,8,A,1,2,0,9,4,2,0
3577,10,20241215,21,20,A,2,1,3,10,3,1,0
3578,10,20241215,31,27,A,5,0,3,18,9,3,0
3579,10,20241216,34,1,A,1,1,1,16,3,2,0
3580,10,20241221,20,3,A,1,2,0,12,6,3,0
3581,10,20241221,25,4,A,2,0,3,10,6,4,0
3582,10,20241221,2,10,A,5,1,3,14,6,2,0
3583,10,20241221,23,15,A,4,0,3,15,7,0,0
3584,10,20241221,5,34,A,1,1,1,12,6,2,0
3585,10,20241222,8,11,A,0,0,1,12,5,1,0
3586,10,20241222,27,12,A,0,0,1,5,1,3,0
3587,10,20241222,35,17,A,3,0,3,8,4,0,0
3588,10,20241222,1,21,A,3,0,3,10,5,3,0
3589,10,20241222,18,31,A,6,3,3,24,12,2,0
3590,10,20241226,10,1,A,0,0,1,10,4,2,0
3591,10,20241226,12,8,A,2,1,3,14,7,3,0
3592,10,20241226,17,18,A,1,3,0,4,1,2,0
3593,10,20241226,11,20,A,1,1,1,8,3,4,0
3594,10,20241226,3,23,A,0,3,0,4,1,1,1
3595,10,20241226,31,25,A,0,1,0,13,4,2,1
3596,10,20241226,34,27,A,1,0,3,16,2,2,0
3597,10,20241226,21,35,A,0,2,0,11,4,2,1
3598,10,20241227,15,2,A,0,1,0,3,0,1,0
3599,10,20241227,4,5,A,0,0,1,8,3,2,0
3600,10,20241229,27,10,A,1,2,0,7,3,3,0
3601,10,20241229,25,11,A,2,0,3,11,7,1,0
3602,10,20241229,1,12,A,2,2,1,16,9,3,0
3603,10,20241229,20,17,A,2,0,3,14,5,1,0
3604,10,20241229,35,31,A,2,2,1,11,3,2,0
3605,10,20241229,18,34,A,5,0,3,22,13,0,0
3606,10,20241230,5,3,A,2,2,1,13,4,3,0
3607,10,20241230,8,15,A,0,2,0,20,5,4,0
3608,10,20241230,23,21,A,2,0,3,12,4,1,0
3609,10,20250101,2,4,A,3,1,3,14,5,2,0
3610,10,20250104,11,1,A,0,1,0,9,0,2,0
3611,10,20250104,17,3,A,1,2,0,4,2,1,0
3612,10,20250104,2,5,A,1,1,1,9,3,3,0
3613,10,20250104,8,10,A,1,1,1,15,1,2,0
3614,10,20250104,34,20,A,1,4,0,17,4,1,0
3615,10,20250104,4,27,A,5,0,3,20,11,0,0
3616,10,20250104,23,31,A,2,1,3,14,4,4,0
3617,10,20250105,15,12,A,2,2,1,7,3,5,0
3618,10,20250105,21,18,A,2,2,1,13,4,4,0
3619,10,20250106,25,35,A,3,0,3,11,3,2,0
3620,10,20250114,20,4,A,2,2,1,21,8,0,0
3621,10,20250114,1,8,A,2,2,1,7,3,3,0
3622,10,20250114,18,25,A,1,1,1,23,7,1,0
3623,10,20250114,12,34,A,2,3,0,21,5,3,0
3624,10,20250115,31,2,A,1,2,0,10,2,1,0
3625,10,20250115,3,11,A,1,0,3,11,3,1,0
3626,10,20250115,10,17,A,2,0,3,9,4,0,0
3627,10,20250115,35,23,A,0,3,0,13,7,2,0
3628,10,20250116,5,15,A,2,0,3,11,5,2,0
3629,10,20250116,27,21,A,1,3,0,13,5,3,0
3630,10,20250118,3,2,A,2,2,1,8,4,3,0
3631,10,20250118,18,4,A,2,0,3,37,8,3,0
3632,10,20250118,12,17,A,2,0,3,17,2,1,0
3633,10,20250118,1,23,A,4,1,3,19,10,6,0
3634,10,20250118,10,34,A,2,0,3,12,7,0,0
3635,10,20250119,31,11,A,2,3,0,11,6,1,0
3636,10,20250119,20,15,A,6,0,3,17,9,1,0
3637,10,20250119,5,21,A,3,1,3,6,3,3,0
3638,10,20250119,27,25,A,2,3,0,10,4,4,0
3639,10,20250120,35,8,A,1,3,0,9,4,2,0
3640,10,20250125,25,1,A,0,5,0,18,4,3,0
3641,10,20250125,11,5,A,1,0,3,3,1,4,0
3642,10,20250125,15,18,A,1,4,0,3,3,2,0
3643,10,20250125,8,20,A,1,3,0,10,4,2,0
3644,10,20250125,23,27,A,3,1,3,17,9,0,0
3645,10,20250125,2,35,A,1,0,3,9,3,1,1
3646,10,20250126,34,3,A,1,1,1,14,4,3,0
3647,10,20250126,4,10,A,2,1,3,13,6,2,0
3648,10,20250126,21,12,A,1,0,3,4,1,1,0
3649,10,20250126,17,31,A,2,1,3,12,3,5,0
3650,10,20250201,18,1,A,2,0,3,19,7,3,0
3651,10,20250201,17,11,A,0,4,0,9,1,0,0
3652,10,20250201,27,15,A,2,1,3,9,4,3,0
3653,10,20250201,12,23,A,2,1,3,15,4,4,0
3654,10,20250201,5,25,A,0,7,0,10,5,3,0
3655,10,20250201,3,35,A,0,2,0,10,3,3,0
3656,10,20250202,20,2,A,1,5,0,7,4,0,0
3657,10,20250202,31,4,A,2,0,3,13,2,1,0
3658,10,20250202,10,21,A,2,0,3,11,3,1,0
3659,10,20250203,34,8,A,1,2,0,14,5,1,0
3660,10,20250212,18,11,A,2,2,1,6,4,2,1
3661,10,20250214,8,5,A,0,3,0,8,0,2,0
3662,10,20250215,15,3,A,1,1,1,4,3,3,1
3663,10,20250215,11,10,A,2,1,3,11,6,1,0
3664,10,20250215,25,12,A,1,2,0,8,2,0,0
3665,10,20250215,2,17,A,2,0,3,11,5,1,0
3666,10,20250215,23,20,A,0,4,0,3,1,1,0
3667,10,20250215,1,27,A,3,1,3,14,7,3,0
3668,10,20250215,4,34,A,1,0,3,14,5,1,0
3669,10,20250216,35,18,A,1,2,0,16,4,2,0
3670,10,20250216,21,31,A,0,1,0,16,6,2,0
3671,10,20250219,18,3,A,2,2,1,17,3,0,0
3672,10,20250221,4,17,A,4,0,3,14,6,0,0
3673,10,20250222,35,1,A,1,0,3,13,5,3,0
3674,10,20250222,34,2,A,1,0,3,5,2,3,0
3675,10,20250222,8,3,A,1,2,0,15,7,3,0
3676,10,20250222,21,11,A,2,2,1,9,3,1,0
3677,10,20250222,10,12,A,2,0,3,10,5,3,0
3678,10,20250222,31,15,A,4,1,3,10,6,1,0
3679,10,20250222,5,27,A,4,0,3,18,12,0,0
3680,10,20250223,18,20,A,2,0,3,8,4,0,0
3681,10,20250223,25,23,A,3,4,0,17,5,4,0
3682,10,20250225,1,5,A,1,2,0,19,5,1,0
3683,10,20250225,27,8,A,0,4,0,7,2,2,0
3684,10,20250225,3,10,A,1,4,0,6,2,1,0
3685,10,20250225,12,35,A,2,1,3,11,5,3,0
3686,10,20250226,11,4,A,1,1,1,14,4,1,0
3687,10,20250226,23,18,A,0,2,0,3,0,1,0
3688,10,20250226,15,21,A,2,3,0,12,3,4,0
3689,10,20250226,2,25,A,0,0,1,13,1,1,0
3690,10,20250226,20,31,A,1,0,3,12,5,0,0
3691,10,20250227,17,34,A,0,2,0,10,2,0,0
3692,10,20250308,3,4,A,1,0,3,12,4,2,0
3693,10,20250308,12,5,A,1,2,0,6,1,2,0
3694,10,20250308,15,10,A,0,1,0,15,8,3,0
3695,10,20250308,27,18,A,1,3,0,6,4,1,0
3696,10,20250308,20,25,A,0,1,0,14,3,2,0
3697,10,20250308,11,35,A,1,1,1,12,4,2,0
3698,10,20250309,17,8,A,0,1,0,3,3,0,0
3699,10,20250309,2,21,A,1,1,1,17,6,1,0
3700,10,20250309,1,31,A,2,2,1,17,8,3,0
3701,10,20250310,23,34,A,1,0,3,9,3,1,0
3702,10,20250315,4,1,A,2,1,3,10,4,0,0
3703,10,20250315,34,11,A,1,1,1,10,5,2,0
3704,10,20250315,25,15,A,4,2,3,11,6,1,0
3705,10,20250315,5,20,A,2,2,1,15,3,5,0
3706,10,20250315,35,27,A,2,1,3,5,3,0,0
3707,10,20250316,8,2,A,0,1,0,8,2,3,0
3708,10,20250316,31,12,A,0,2,0,12,4,0,0
3709,10,20250316,21,17,A,3,0,3,18,5,0,0
3710,10,20250401,12,2,A,1,2,0,9,3,2,0
3711,10,20250401,21,25,A,0,1,0,23,6,3,0
3712,10,20250401,34,35,A,0,1,0,10,1,2,0
3713,10,20250402,15,1,A,2,1,3,10,2,2,0
3714,10,20250402,3,5,A,3,0,3,8,5,3,0
3715,10,20250402,11,18,A,0,1,0,5,0,2,0
3716,10,20250402,17,20,A,0,2,0,2,0,4,0
3717,10,20250402,4,23,A,1,2,0,12,3,1,0
3718,10,20250402,10,27,A,1,1,1,9,3,1,0
3719,10,20250403,31,8,A,0,1,0,8,2,5,0
3720,10,20250405,25,3,A,1,2,0,19,3,2,0
3721,10,20250405,5,10,A,1,2,0,11,5,1,1
3722,10,20250405,2,11,A,1,1,1,14,5,1,0
3723,10,20250405,35,15,A,2,1,3,22,7,2,0
3724,10,20250405,1,34,A,2,2,1,11,4,2,0
3725,10,20250406,8,4,A,0,0,1,21,5,3,0
3726,10,20250406,18,12,A,2,3,0,14,6,0,0
3727,10,20250406,20,21,A,0,0,1,9,5,2,0
3728,10,20250406,27,31,A,1,3,0,12,4,1,0
3729,10,20250407,23,17,A,3,0,3,16,5,0,0
3730,10,20250412,4,2,A,1,1,1,3,2,3,0
3731,10,20250412,17,5,A,2,2,1,15,6,5,0
3732,10,20250412,10,20,A,2,5,0,8,3,3,0
3733,10,20250412,11,25,A,1,0,3,13,5,3,0
3734,10,20250412,3,27,A,3,0,3,25,10,1,0
3735,10,20250413,15,8,A,2,2,1,13,4,2,0
3736,10,20250413,34,18,A,1,2,0,11,4,2,0
3737,10,20250413,21,23,A,1,4,0,9,5,2,0
3738,10,20250413,31,35,A,2,4,0,11,4,2,0
3739,10,20250414,12,1,A,0,1,0,12,7,2,0
3740,10,20250416,10,23,A,0,5,0,11,4,3,0
3741,10,20250419,23,3,A,1,4,0,10,3,3,0
3742,10,20250419,5,4,A,2,4,0,12,3,3,1
3743,10,20250419,1,10,A,0,0,1,15,4,4,0
3744,10,20250419,20,11,A,2,0,3,12,7,0,0
3745,10,20250419,27,34,A,1,1,1,15,4,1,0
3746,10,20250420,8,12,A,2,1,3,13,8,3,0
3747,10,20250420,2,15,A,4,0,3,24,7,0,0
3748,10,20250420,18,17,A,1,0,3,28,10,2,0
3749,10,20250420,35,21,A,1,0,3,4,2,3,0
3750,10,20250421,25,31,A,2,1,3,4,3,4,0
3751,10,20250422,3,20,A,1,2,0,7,3,3,0
3752,10,20250423,10,2,A,2,2,1,15,4,1,0
3753,10,20250426,34,5,A,2,3,0,12,4,1,0
3754,10,20250426,11,8,A,0,1,0,6,3,0,0
3755,10,20250426,15,23,A,0,3,0,4,0,2,1
3756,10,20250426,12,27,A,2,1,3,26,5,1,0
3757,10,20250426,17,35,A,0,3,0,8,2,4,0
3758,10,20250427,21,1,A,1,1,1,25,6,2,0
3759,10,20250427,31,18,A,1,5,0,8,3,1,0
3760,10,20250501,4,25,A,2,0,3,11,3,5,0
3761,10,20250502,35,20,A,0,1,0,6,1,0,0
3762,10,20250503,1,2,A,2,1,3,9,2,2,0
3763,10,20250503,12,3,A,0,1,0,11,3,5,0
3764,10,20250503,15,11,A,2,2,1,12,5,4,0
3765,10,20250503,27,17,A,0,2,0,8,2,3,0
3766,10,20250504,21,4,A,3,4,0,14,5,2,0
3767,10,20250504,23,5,A,1,1,1,13,5,1,0
3768,10,20250504,18,8,A,1,3,0,11,2,2,0
3769,10,20250504,31,34,A,1,1,1,7,2,2,0
3770,10,20250505,25,10,A,1,1,1,12,4,8,0
3771,10,20250510,3,1,A,1,0,3,6,3,3,1
3772,10,20250510,11,12,A,3,1,3,11,7,0,0
3773,10,20250510,4,15,A,1,0,3,15,5,4,0
3774,10,20250510,20,27,A,0,0,1,26,5,0,0
3775,10,20250510,5,35,A,2,0,3,7,2,1,0
3776,10,20250511,2,18,A,2,2,1,15,7,1,1
3777,10,20250511,34,21,A,2,0,3,9,4,1,0
3778,10,20250511,8,23,A,0,2,0,10,3,2,1
3779,10,20250511,17,25,A,2,2,1,10,6,3,0
3780,10,20250511,10,31,A,2,0,3,23,10,1,0
3781,10,20250516,31,3,A,0,2,0,3,1,2,0
3782,10,20250516,21,8,A,0,1,0,4,1,6,0
3783,10,20250518,23,2,A,0,1,0,14,5,3,0
3784,10,20250518,12,4,A,3,2,3,16,7,4,0
3785,10,20250518,27,11,A,0,2,0,6,2,1,0
3786,10,20250518,15,17,A,0,2,0,20,2,0,0
3787,10,20250518,25,34,A,2,1,3,10,5,3,0
3788,10,20250519,18,5,A,2,3,0,18,5,0,0
3789,10,20250520,35,10,A,2,4,0,12,3,2,0
3790,10,20250520,1,20,A,1,3,0,8,2,3,1
3791,10,20250525,17,1,A,0,2,0,3,0,2,0
3792,10,20250525,20,12,A,2,0,3,20,5,0,0
3793,10,20250525,34,15,A,3,1,3,10,6,1,0
3794,10,20250525,10,18,A,1,1,1,8,5,0,0
3795,10,20250525,3,21,A,0,2,0,6,1,2,1
3796,10,20250525,11,23,A,1,0,3,14,6,4,0
3797,10,20250525,8,25,A,1,0,3,6,2,2,0
3798,10,20250525,2,27,A,2,1,3,23,8,0,0
3799,10,20250525,5,31,A,4,1,3,23,8,1,0
3800,10,20250525,4,35,A,1,1,1,13,7,1,0
3801,11,20250815,1,18,A,2,4,0,10,3,2,0
3802,11,20250816,23,3,A,0,0,1,16,3,1,0
3803,11,20250816,12,5,A,1,1,1,7,2,3,0
3804,11,20250816,34,29,A,0,3,0,12,4,1,0
3805,11,20250816,6,31,A,0,3,0,14,4,0,0
3806,11,20250816,20,35,A,4,0,3,15,4,2,0
3807,11,20250817,10,8,A,0,0,1,12,4,3,0
3808,11,20250817,2,21,A,1,0,3,9,3,4,0
3809,11,20250817,4,25,A,1,3,0,10,3,2,0
3810,11,20250818,11,16,A,0,1,0,7,1,2,0
3811,11,20250822,8,34,A,5,1,3,12,7,1,0
3812,11,20250823,35,1,A,0,1,0,6,1,4,1
3813,11,20250823,16,2,A,0,5,0,3,1,2,0
3814,11,20250823,3,4,A,0,1,0,17,2,2,0
3815,11,20250823,29,6,A,0,2,0,9,1,1,0
3816,11,20250823,31,20,A,2,0,3,12,5,4,0
3817,11,20250824,25,10,A,1,1,1,9,1,3,0
3818,11,20250824,5,11,A,0,2,0,13,4,3,0
3819,11,20250824,21,12,A,1,1,1,10,3,1,0
3820,11,20250825,18,23,A,3,2,3,5,4,3,0
3821,11,20250830,12,8,A,0,2,0,11,3,2,0
3822,11,20250830,23,16,A,0,0,1,8,2,1,0
3823,11,20250830,6,21,A,2,3,0,6,3,5,0
3824,11,20250830,4,29,A,1,2,0,7,4,2,0
3825,11,20250830,1,31,A,1,0,3,20,6,4,0
3826,11,20250830,11,35,A,3,2,3,10,4,1,0
3827,11,20250831,10,3,A,3,0,3,6,4,3,0
3828,11,20250831,20,5,A,1,2,0,12,3,2,0
3829,11,20250831,2,18,A,0,1,0,11,1,2,0
3830,11,20250831,34,25,A,3,0,3,12,8,0,0
3831,11,20250913,5,1,A,1,2,0,6,2,4,0
3832,11,20250913,25,2,A,0,3,0,5,1,1,0
3833,11,20250913,8,4,A,2,2,1,16,6,2,0
3834,11,20250913,29,10,A,0,0,1,6,0,1,0
3835,11,20250913,3,11,A,0,0,1,7,1,3,0
3836,11,20250913,16,12,A,0,1,0,10,3,2,0
3837,11,20250913,35,23,A,0,1,0,8,3,4,0
3838,11,20250913,31,34,A,3,0,3,14,5,1,0
3839,11,20250914,18,6,A,1,0,3,27,4,2,0
3840,11,20250914,21,20,A,0,3,0,12,2,0,0
3841,11,20250920,31,5,A,2,2,1,11,3,2,0
3842,11,20250920,25,6,A,1,1,1,17,8,1,0
3843,11,20250920,4,12,A,1,3,0,8,3,1,0
3844,11,20250920,11,18,A,1,2,0,9,2,3,0
3845,11,20250920,8,21,A,1,2,0,5,1,5,1
3846,11,20250920,10,34,A,2,1,3,18,3,3,0
3847,11,20250920,16,35,A,3,1,3,6,4,1,0
3848,11,20250921,23,1,A,0,0,1,4,1,1,0
3849,11,20250921,20,2,A,1,1,1,5,3,2,0
3850,11,20250921,3,29,A,1,1,1,12,2,1,0
3851,11,20250927,21,4,A,1,3,0,14,6,2,0
3852,11,20250927,5,8,A,3,1,3,12,3,5,0
3853,11,20250927,18,10,A,1,2,0,20,4,3,0
3854,11,20250927,1,16,A,2,2,1,12,5,2,0
3855,11,20250927,6,20,A,1,5,0,9,2,3,0
3856,11,20250927,29,25,A,1,0,3,11,3,2,0
3857,11,20250927,35,31,A,1,1,1,9,3,2,0
3858,11,20250928,12,3,A,1,3,0,11,4,4,0
3859,11,20250928,2,23,A,2,1,3,20,7,1,0
3860,11,20250929,34,11,A,1,1,1,14,3,4,0
3861,11,20251003,12,1,A,1,3,0,12,4,1,0
3862,11,20251004,34,2,A,0,2,0,4,0,2,0
3863,11,20251004,18,8,A,1,2,0,12,2,2,0
3864,11,20251004,31,16,A,2,1,3,9,3,3,0
3865,11,20251004,29,21,A,0,2,0,8,3,4,0
3866,11,20251005,6,3,A,1,2,0,5,2,1,0
3867,11,20251005,20,4,A,1,0,3,10,4,2,0
3868,11,20251005,10,11,A,1,2,0,15,8,3,0
3869,11,20251005,25,23,A,0,2,0,5,4,4,0
3870,11,20251005,5,35,A,1,1,1,17,6,4,0
3871,11,20251018,23,5,A,1,2,0,16,3,1,0
3872,11,20251018,16,6,A,0,2,0,19,4,1,0
3873,11,20251018,1,10,A,3,3,1,8,5,4,0
3874,11,20251018,2,12,A,1,0,3,16,5,0,0
3875,11,20251018,11,20,A,0,2,0,5,1,2,0
3876,11,20251018,8,25,A,3,0,3,17,6,2,1
3877,11,20251018,35,29,A,0,2,0,16,3,0,0
3878,11,20251019,21,18,A,2,1,3,12,4,2,0
3879,11,20251019,3,31,A,2,1,3,8,2,0,0
3880,11,20251020,4,34,A,2,0,3,22,7,1,0
3881,11,20251024,34,16,A,1,2,0,9,3,3,0
3882,11,20251025,18,4,A,2,3,0,18,5,2,0
3883,11,20251025,29,8,A,2,1,3,10,4,1,0
3884,11,20251025,5,21,A,2,4,0,17,5,2,0
3885,11,20251025,12,23,A,1,2,0,12,5,2,0
3886,11,20251026,25,1,A,0,2,0,8,4,1,0
3887,11,20251026,10,2,A,0,1,0,7,1,0,0
3888,11,20251026,20,3,A,0,1,0,18,4,4,0
3889,11,20251026,31,11,A,3,0,3,7,4,0,0
3890,11,20251026,6,35,A,3,2,3,11,7,0,0
3891,11,20251101,16,5,A,0,3,0,5,2,1,0
3892,11,20251101,2,6,A,2,0,3,12,8,1,0
3893,11,20251101,4,10,A,0,2,0,6,2,3,0
3894,11,20251101,35,12,A,0,3,0,5,2,3,1
3895,11,20251101,3,18,A,0,2,0,10,3,3,0
3896,11,20251101,21,25,A,2,2,1,18,7,1,0
3897,11,20251101,8,31,A,1,0,3,15,9,2,0
3898,11,20251102,1,20,A,1,3,0,8,5,2,0
3899,11,20251102,23,34,A,1,3,0,12,4,2,0
3900,11,20251103,11,29,A,1,1,1,8,2,2,0
3901,11,20251108,35,8,A,0,3,0,3,0,2,0
3902,11,20251108,12,11,A,0,2,0,8,4,2,0
3903,11,20251108,2,29,A,2,2,1,17,7,1,0
3904,11,20251108,21,31,A,2,2,1,5,2,1,0
3905,11,20251108,6,34,A,2,3,0,16,7,2,0
3906,11,20251109,1,3,A,0,4,0,13,4,2,0
3907,11,20251109,23,4,A,1,3,0,5,1,1,0
3908,11,20251109,5,10,A,0,0,1,7,3,4,0
3909,11,20251109,18,20,A,0,3,0,7,1,4,0
3910,11,20251109,16,25,A,1,3,0,10,3,1,0
3911,11,20251122,34,1,A,2,2,1,5,2,2,0
3912,11,20251122,4,5,A,1,2,0,10,4,2,0
3913,11,20251122,8,6,A,2,0,3,15,5,3,0
3914,11,20251122,29,12,A,0,1,0,4,2,3,0
3915,11,20251122,25,18,A,3,0,3,15,7,0,0
3916,11,20251122,20,23,A,1,2,0,17,4,3,0
3917,11,20251122,10,35,A,2,0,3,10,4,3,0
3918,11,20251123,31,2,A,1,4,0,3,2,3,0
3919,11,20251123,3,16,A,2,1,3,14,3,1,0
3920,11,20251124,11,21,A,1,0,3,3,1,0,1
3921,11,20251129,6,4,A,1,3,0,6,2,2,0
3922,11,20251129,23,11,A,4,1,3,13,8,0,0
3923,11,20251129,16,20,A,2,3,0,9,4,1,0
3924,11,20251129,1,29,A,2,3,0,18,6,5,1
3925,11,20251129,12,31,A,2,1,3,7,3,2,0
3926,11,20251130,35,3,A,0,1,0,9,4,4,0
3927,11,20251130,2,8,A,1,1,1,8,4,6,0
3928,11,20251130,21,10,A,2,1,3,14,6,2,0
3929,11,20251130,5,25,A,2,0,3,17,6,1,0
3930,11,20251130,18,34,A,2,0,3,9,5,0,0
3931,11,20251202,11,1,A,1,0,3,13,3,3,0
3932,11,20251202,20,12,A,5,4,3,11,4,1,0
3933,11,20251202,31,23,A,2,2,1,8,2,3,0
3934,11,20251203,4,2,A,0,2,0,6,1,1,0
3935,11,20251203,3,5,A,4,3,3,14,10,2,0
3936,11,20251203,10,6,A,1,0,3,3,3,0,0
3937,11,20251203,8,16,A,1,3,0,14,2,1,0
3938,11,20251203,29,18,A,1,1,1,9,6,1,0
3939,11,20251203,25,35,A,1,0,3,10,3,2,0
3940,11,20251204,34,21,A,1,1,1,11,3,2,0
3941,11,20251206,8,1,A,0,0,1,11,4,2,0
3942,11,20251206,2,3,A,1,2,0,15,9,2,0
3943,11,20251206,25,11,A,0,3,0,7,3,3,0
3944,11,20251206,18,16,A,3,3,1,16,7,3,0
3945,11,20251206,29,20,A,0,3,0,8,1,0,1
3946,11,20251206,6,23,A,1,2,0,9,3,2,1
3947,11,20251206,4,31,A,0,2,0,4,1,4,0
3948,11,20251207,34,5,A,1,1,1,14,5,2,0
3949,11,20251207,10,12,A,2,1,3,11,5,0,0
3950,11,20251208,21,35,A,4,1,3,27,10,2,0
3951,11,20251213,35,2,A,1,2,0,3,2,4,0
3952,11,20251213,12,6,A,3,2,3,6,4,2,0
3953,11,20251213,11,8,A,0,2,0,11,2,0,0
3954,11,20251213,5,18,A,0,2,0,14,1,2,0
3955,11,20251214,16,4,A,1,1,1,18,4,0,0
3956,11,20251214,20,10,A,3,0,3,7,6,0,0
3957,11,20251214,31,25,A,0,3,0,6,1,3,0
3958,11,20251214,23,29,A,0,1,0,6,2,4,0
3959,11,20251214,3,34,A,3,2,3,7,4,2,0
3960,11,20251215,1,21,A,4,4,1,14,9,3,0
3961,11,20251220,6,1,A,1,1,1,4,1,1,0
3962,11,20251220,29,5,A,0,0,1,14,6,2,0
3963,11,20251220,2,11,A,1,0,3,13,2,2,0
3964,11,20251220,10,16,A,1,4,0,9,3,3,0
3965,11,20251220,34,20,A,0,3,0,7,3,1,0
3966,11,20251220,8,23,A,2,2,1,13,4,6,0
3967,11,20251220,18,31,A,2,1,3,8,4,3,0
3968,11,20251220,4,35,A,2,0,3,7,6,4,0
3969,11,20251221,21,3,A,1,2,0,15,6,2,0
3970,11,20251222,25,12,A,0,1,0,12,2,4,0
3971,11,20251226,23,21,A,0,1,0,16,3,1,0
3972,11,20251227,5,2,A,1,2,0,8,3,3,0
3973,11,20251227,1,4,A,1,4,0,20,10,2,0
3974,11,20251227,11,6,A,0,0,1,15,6,2,0
3975,11,20251227,3,8,A,2,1,3,11,8,3,0
3976,11,20251227,35,18,A,1,2,0,9,4,1,0
3977,11,20251227,20,25,A,2,1,3,16,5,2,0
3978,11,20251227,12,34,A,1,0,3,15,4,3,0
3979,11,20251228,31,10,A,1,0,3,8,4,2,0
3980,11,20251228,16,29,A,1,1,1,17,6,0,0
3981,11,20251230,3,2,A,1,4,0,11,3,3,0
3982,11,20251230,23,6,A,3,1,3,20,9,1,0
3983,11,20251230,1,8,A,2,2,1,17,6,1,0
3984,11,20251230,35,21,A,1,1,1,11,4,2,0
3985,11,20251230,11,25,A,2,0,3,11,3,0,0
3986,11,20251230,5,34,A,2,2,1,16,6,5,0
3987,11,20260101,31,4,A,0,0,1,9,3,2,0
3988,11,20260101,12,10,A,1,1,1,17,5,5,0
3989,11,20260101,16,18,A,0,0,1,4,2,2,0
3990,11,20260101,20,29,A,0,0,1,14,4,1,0
3991,11,20260103,2,1,A,3,2,3,12,5,1,0
3992,11,20260103,25,3,A,1,3,0,10,5,2,0
3993,11,20260103,6,5,A,0,2,0,5,3,4,0
3994,11,20260103,34,35,A,0,3,0,6,0,0,0
3995,11,20260104,4,11,A,4,2,3,11,7,2,0
3996,11,20260104,18,12,A,2,2,1,10,2,1,0
3997,11,20260104,21,16,A,1,1,1,15,2,1,0
3998,11,20260104,8,20,A,1,1,1,8,3,3,0
3999,11,20260104,10,23,A,0,2,0,11,1,3,0
4000,11,20260104,29,31,A,1,1,1,10,3,3,0
4001,11,20260106,25,34,A,2,1,3,13,5,0,0
4002,11,20260107,31,1,A,2,3,0,16,4,3,0
4003,11,20260107,29,4,A,0,3,0,11,3,1,0
4004,11,20260107,21,6,A,2,2,1,30,10,0,0
4005,11,20260107,3,10,A,0,0,1,15,3,0,0
4006,11,20260107,35,11,A,1,1,1,13,4,3,0
4007,11,20260107,8,12,A,1,2,0,14,6,3,1
4008,11,20260107,5,20,A,1,1,1,6,3,6,0
4009,11,20260107,16,23,A,3,4,0,14,6,2,0
4010,11,20260108,18,2,A,0,0,1,8,0,2,0
4011,11,20260117,4,8,A,0,2,0,15,5,2,0
4012,11,20260117,12,16,A,0,1,0,8,1,5,0
4013,11,20260117,6,18,A,1,1,1,7,1,2,0
4014,11,20260117,20,21,A,0,2,0,7,1,3,0
4015,11,20260117,2,25,A,0,0,1,15,3,1,0
4016,11,20260117,10,29,A,1,2,0,6,2,3,0
4017,11,20260117,34,31,A,2,1,3,17,4,3,0
4018,11,20260118,11,3,A,1,0,3,9,3,2,0
4019,11,20260118,23,35,A,0,0,1,12,2,2,0
4020,11,20260119,1,5,A,1,1,1,11,2,3,0
4021,11,20260124,18,1,A,2,3,0,14,4,1,0
4022,11,20260124,31,6,A,2,2,1,18,11,0,0
4023,11,20260124,5,12,A,1,2,0,13,5,1,0
4024,11,20260124,35,20,A,0,2,0,11,1,3,0
4025,11,20260124,29,34,A,1,3,0,7,2,4,0
4026,11,20260125,21,2,A,3,2,3,10,3,0,0
4027,11,20260125,25,4,A,2,0,3,7,2,0,0
4028,11,20260125,8,10,A,3,1,3,10,6,2,0
4029,11,20260125,3,23,A,2,0,3,14,8,2,0
4030,11,20260126,16,11,A,1,1,1,14,4,3,0
4031,11,20260131,11,5,A,1,1,1,7,4,2,0
4032,11,20260131,34,8,A,2,3,0,11,6,2,1
4033,11,20260131,2,16,A,4,0,3,14,8,1,0
4034,11,20260131,23,18,A,1,4,0,8,2,3,0
4035,11,20260131,1,35,A,2,0,3,9,4,3,0
4036,11,20260201,4,3,A,1,0,3,6,2,3,0
4037,11,20260201,12,21,A,2,3,0,14,6,1,0
4038,11,20260201,10,25,A,1,1,1,14,3,3,0
4039,11,20260201,20,31,A,2,2,1,15,3,3,0
4040,11,20260202,6,29,A,0,3,0,5,0,4,0
4041,11,20260206,25,16,A,1,3,0,16,6,1,0
4042,11,20260207,3,1,A,1,1,1,7,4,1,0
4043,11,20260207,29,2,A,0,3,0,5,3,2,0
4044,11,20260207,34,6,A,2,0,3,6,4,1,0
4045,11,20260207,11,12,A,2,1,3,16,3,5,0
4046,11,20260207,31,21,A,0,2,0,7,1,2,1
4047,11,20260207,4,23,A,3,2,3,11,5,2,0
4048,11,20260207,8,35,A,3,1,3,15,6,1,0
4049,11,20260208,10,5,A,1,0,3,7,4,3,0
4050,11,20260208,20,18,A,2,1,3,17,7,4,0
4051,11,20260210,16,8,A,2,2,1,4,2,4,0
4052,11,20260210,1,11,A,2,1,3,11,4,3,0
4053,11,20260210,23,31,A,2,1,3,21,5,2,0
4054,11,20260210,21,34,A,1,1,1,9,3,1,0
4055,11,20260211,5,3,A,0,1,0,9,3,3,0
4056,11,20260211,6,10,A,3,2,3,8,3,1,0
4057,11,20260211,12,20,A,0,3,0,14,3,1,0
4058,11,20260211,35,25,A,0,0,1,7,3,2,0
4059,11,20260211,18,29,A,1,0,3,23,3,0,0
4060,11,20260212,2,4,A,1,1,1,7,2,2,0
4061,11,20260218,2,35,A,2,2,1,10,4,1,0
4062,11,20260221,16,3,A,1,1,1,14,4,4,0
4063,11,20260221,5,4,A,2,0,3,11,7,2,0
4064,11,20260221,6,8,A,1,1,1,12,4,2,0
4065,11,20260221,23,20,A,1,2,0,13,7,5,0
4066,11,20260221,1,34,A,0,0,1,10,5,1,0
4067,11,20260222,35,10,A,0,1,0,12,7,1,1
4068,11,20260222,18,25,A,1,0,3,10,4,0,0
4069,11,20260222,12,29,A,3,1,3,12,4,1,0
4070,11,20260222,2,31,A,4,1,3,20,7,1,0
4071,11,20260223,21,11,A,1,0,3,11,3,3,0
4072,11,20260227,3,35,A,0,2,0,14,5,3,0
4073,11,20260228,29,1,A,1,1,1,8,4,2,0
4074,11,20260228,4,6,A,4,3,3,16,7,2,0
4075,11,20260228,20,16,A,1,0,3,14,5,3,0
4076,11,20260228,34,18,A,2,5,0,11,4,2,0
4077,11,20260228,11,23,A,3,2,3,9,5,3,0
4078,11,20260301,8,2,A,1,2,0,9,3,3,1
4079,11,20260301,25,5,A,1,2,0,13,4,1,0
4080,11,20260301,31,12,A,1,2,0,13,1,3,0
4081,11,20260301,10,21,A,1,2,0,8,3,2,1
4082,11,20260303,4,1,A,0,0,1,5,2,1,0
4083,11,20260303,6,11,A,0,2,0,5,2,1,0
4084,11,20260303,29,16,A,1,0,3,3,1,3,0
4085,11,20260303,18,35,A,1,2,0,19,7,1,0
4086,11,20260304,8,3,A,4,1,3,15,8,2,0
4087,11,20260304,2,5,A,1,0,3,7,2,1,0
4088,11,20260304,34,12,A,1,0,3,9,3,4,0
4089,11,20260304,25,20,A,2,2,1,9,4,4,0
4090,11,20260304,21,23,A,1,2,0,14,5,3,0
4091,11,20260305,10,31,A,3,1,3,9,4,2,0
4092,11,20260314,11,2,A,0,2,0,9,3,0,0
4093,11,20260314,1,6,A,0,0,1,22,3,0,0
4094,11,20260314,23,8,A,1,0,3,7,5,2,0
4095,11,20260314,5,29,A,1,0,3,12,4,2,0
4096,11,20260314,20,34,A,1,1,1,24,6,2,0
4097,11,20260315,16,10,A,0,0,1,10,3,1,1
4098,11,20260315,31,18,A,1,1,1,13,7,0,0
4099,11,20260315,3,21,A,1,3,0,9,2,2,0
4100,11,20260315,12,25,A,0,0,1,5,0,3,0
4101,11,20260316,35,4,A,2,2,1,13,4,4,0
4102,11,20260320,21,1,A,2,2,1,14,5,2,1
4103,11,20260321,18,5,A,1,2,0,12,5,5,0
4104,11,20260321,8,11,A,0,3,0,12,4,2,0
4105,11,20260321,6,12,A,1,3,0,9,5,2,1
4106,11,20260321,4,16,A,0,0,1,6,2,0,0
4107,11,20260322,34,3,A,0,2,0,9,1,1,0
4108,11,20260322,29,23,A,2,1,3,17,7,6,0
4109,11,20260322,25,31,A,3,0,3,8,7,2,0
4110,11,20260410,35,34,A,0,4,0,14,3,2,0
4111,11,20260411,1,2,A,2,1,3,8,3,3,0
4112,11,20260411,11,4,A,2,2,1,14,7,2,0
4113,11,20260411,5,6,A,2,0,3,13,6,1,0
4114,11,20260411,12,18,A,0,2,0,19,4,0,0
4115,11,20260412,20,8,A,3,0,3,18,8,1,0
4116,11,20260412,23,10,A,1,2,0,7,3,3,0
4117,11,20260412,3,25,A,1,1,1,12,5,2,0
4118,11,20260412,31,29,A,0,1,0,11,7,3,0
4119,11,20260413,16,21,A,2,1,3,15,6,2,0
4120,11,20260418,12,4,A,0,0,1,11,0,1,0
4121,11,20260418,21,8,A,1,0,3,4,1,3,0
4122,11,20260418,35,16,A,0,3,0,7,2,1,0
4123,11,20260418,1,23,A,2,1,3,12,3,4,0
4124,11,20260418,5,31,A,2,2,1,10,3,1,0
4125,11,20260419,29,3,A,3,4,0,10,7,3,0
4126,11,20260419,18,11,A,2,1,3,14,6,0,0
4127,11,20260419,2,20,A,1,2,0,9,3,2,0
4128,11,20260419,6,25,A,1,4,0,4,3,2,0
4129,11,20260420,34,10,A,0,0,1,9,4,1,0
4130,11,20260421,8,5,A,0,3,0,6,0,1,0
4131,11,20260422,16,1,A,2,2,1,10,3,0,0
4132,11,20260422,20,6,A,1,0,3,28,9,0,0
4133,11,20260424,25,29,A,5,0,3,10,6,5,0
4134,11,20260425,23,2,A,0,1,0,13,3,2,0
4135,11,20260425,3,12,A,0,1,0,10,1,2,0
4136,11,20260425,10,18,A,1,3,0,14,7,3,0
4137,11,20260425,11,34,A,1,2,0,11,3,4,0
4138,11,20260425,31,35,A,1,0,3,11,2,4,0
4139,11,20260427,4,21,A,1,2,0,12,4,4,0
4140,11,20260501,6,16,A,1,3,0,9,3,3,0
4141,11,20260502,12,2,A,0,3,0,10,1,1,0
4142,11,20260502,34,4,A,0,3,0,13,4,3,0
4143,11,20260502,5,23,A,1,3,0,13,4,3,0
4144,11,20260502,29,35,A,1,1,1,10,2,4,1
4145,11,20260503,10,1,A,0,3,0,7,1,2,0
4146,11,20260503,31,3,A,2,1,3,10,5,5,0
4147,11,20260503,18,21,A,2,3,0,13,5,2,0
4148,11,20260504,25,8,A,3,1,3,6,4,1,0
4149,11,20260504,20,11,A,3,3,1,21,4,1,0
4150,11,20260509,35,5,A,0,3,0,5,1,2,0
4151,11,20260509,1,12,A,1,0,3,10,5,2,1
4152,11,20260509,8,18,A,1,1,1,6,3,4,0
4153,11,20260509,4,20,A,0,3,0,4,2,2,0
4154,11,20260509,21,29,A,0,0,1,11,1,3,0
4155,11,20260510,3,6,A,2,2,1,18,7,1,0
4156,11,20260510,11,10,A,2,2,1,13,6,2,0
4157,11,20260510,23,25,A,1,1,1,16,6,0,0
4158,11,20260510,2,34,A,1,0,3,15,4,4,0
4159,11,20260511,16,31,A,1,1,1,11,4,1,0
4160,11,20260513,10,20,A,0,3,0,6,2,2,0
4161,11,20260515,18,3,A,2,4,0,16,5,1,0
4162,11,20260517,10,4,A,2,2,1,16,5,3,0
4163,11,20260517,29,11,A,3,1,3,7,3,0,0
4164,11,20260517,5,16,A,0,1,0,19,8,0,0
4165,11,20260517,25,21,A,2,3,0,11,4,1,0
4166,11,20260517,34,23,A,1,3,0,15,8,3,0
4167,11,20260517,12,35,A,1,1,1,13,5,0,0
4168,11,20260518,6,2,A,0,1,0,5,0,3,0
4169,11,20260519,20,1,A,1,1,1,14,5,2,0
4170,11,20260519,31,8,A,1,2,0,9,3,3,0
4171,11,20260524,21,5,A,3,0,3,11,7,1,0
4172,11,20260524,35,6,A,1,1,1,16,4,2,0
4173,11,20260524,2,10,A,2,1,3,17,7,1,0
4174,11,20260524,23,12,A,0,2,0,7,2,2,0
4175,11,20260524,4,18,A,1,1,1,11,2,3,0
4176,11,20260524,3,20,A,2,1,3,12,5,0,0
4177,11,20260524,1,25,A,1,1,1,17,4,1,0
4178,11,20260524,8,29,A,1,2,0,10,1,2,0
4179,11,20260524,11,31,A,0,1,0,8,3,3,1
4180,11,20260524,16,34,A,0,3,0,13,3,3,0
4181,12,20260821,9,2,A,0,3,0,4,1,1,0
4182,12,20260822,31,4,A,0,3,0,9,4,1,0
4183,12,20260822,10,11,A,0,2,0,11,4,1,0
4184,12,20260822,21,14,A,0,2,0,21,5,1,0
4185,12,20260822,29,15,A,1,2,0,11,4,3,0
4186,12,20260822,16,25,A,1,0,3,11,3,1,0
4187,12,20260823,3,5,A,0,4,0,6,0,3,1
4188,12,20260823,1,20,A,1,2,0,5,4,2,0
4189,12,20260823,18,23,A,2,2,1,27,7,3,0
4190,12,20260824,8,12,A,3,2,3,18,6,3,0
4191,12,20260828,20,10,A,4,1,3,18,9,2,0
4192,12,20260829,11,1,A,1,1,1,13,7,2,0
4193,12,20260829,14,9,A,1,0,3,6,2,4,0
4194,12,20260829,25,18,A,2,2,1,12,3,2,0
4195,12,20260829,23,31,A,2,0,3,11,2,2,0
4196,12,20260830,5,8,A,3,4,0,15,6,3,0
4197,12,20260830,4,16,A,1,1,1,22,5,4,0
4198,12,20260830,15,21,A,2,5,0,9,5,3,0
4199,12,20260830,12,29,A,0,1,0,11,0,2,0
4200,12,20260831,2,3,A,1,0,3,7,2,1,0
4201,12,20260904,18,15,A,2,0,3,10,7,3,0
4202,12,20260905,29,4,A,1,1,1,14,5,2,0
4203,12,20260905,16,5,A,1,1,1,10,5,3,0
4204,12,20260905,10,12,A,3,2,3,10,5,0,0
4205,12,20260905,3,14,A,0,0,1,13,1,0,0
4206,12,20260905,9,20,A,0,1,0,12,3,2,0
4207,12,20260905,1,23,A,2,2,1,17,5,3,0
4208,12,20260905,31,25,A,0,0,1,11,0,2,0
4209,12,20260906,8,2,A,1,2,0,13,5,4,0
4210,12,20260906,21,11,A,2,2,1,14,3,3,0
4211,12,20260912,4,1,A,2,2,1,8,2,1,0
4212,12,20260912,25,3,A,2,1,3,22,7,5,0
4213,12,20260912,14,8,A,2,2,1,14,5,5,0
4214,12,20260912,15,10,A,3,2,3,12,6,3,0
4215,12,20260912,12,18,A,0,0,1,10,4,1,0
4216,12,20260912,2,29,A,2,0,3,11,5,2,0
4217,12,20260912,11,31,A,0,0,1,12,3,2,0
4218,12,20260913,5,9,A,5,0,3,22,7,0,0
4219,12,20260913,20,21,A,1,0,3,6,2,2,1
4220,12,20260914,23,16,A,1,4,0,7,5,2,0
